"TekiyoKaishi_DT","TekiyoShuryo_DT","Del_FLG","Sakuseisha_ID","Sakusei_DT","Koshinsha_ID","Koshin_DT","KoshinProgram_ID","Layout_KBN","KangoShubetsu_CD","Shusei_KBN","Maintenance_DT","Tenso_DT","Meisho_KJ"
"12/01/2012 00:00:00","02/17/2013 00:00:00","False","Batch","12/27/2012 13:22:05","BATCH","04/14/2026 00:00:00","PVS_XP_2091","023","3991","A","20121127","20121203","診療所療養型種別不明"
"12/01/2012 00:00:00","02/17/2013 00:00:00","False","Batch","12/27/2012 13:22:05","BATCH","04/14/2026 00:00:00","PVS_XP_2091","023","4101","A","20121127","20121203","療養型介護療養施設サービス費（Ⅰ）"
"12/01/2012 00:00:00","02/17/2013 00:00:00","False","Batch","12/27/2012 13:22:05","BATCH","04/14/2026 00:00:00","PVS_XP_2091","023","4102","A","20121127","20121203","療養型介護療養施設サービス費（Ⅱ）"
"12/01/2012 00:00:00","02/17/2013 00:00:00","False","Batch","12/27/2012 13:22:05","BATCH","04/14/2026 00:00:00","PVS_XP_2091","023","4103","A","20121127","20121203","療養型介護療養施設サービス費（Ⅲ）"
"12/01/2012 00:00:00","02/17/2013 00:00:00","False","Batch","12/27/2012 13:22:05","BATCH","04/14/2026 00:00:00","PVS_XP_2091","023","4104","A","20121127","20121203","療養型介護療養施設サービス費（Ⅳ）"
"12/01/2012 00:00:00","02/17/2013 00:00:00","False","Batch","12/27/2012 13:22:05","BATCH","04/14/2026 00:00:00","PVS_XP_2091","023","4999","A","20121127","20121203","療養型介護療養施設サービス費種別不明"
"12/01/2012 00:00:00","02/17/2013 00:00:00","False","Batch","12/27/2012 13:22:05","BATCH","04/14/2026 00:00:00","PVS_XP_2091","023","5009","A","20121127","20121203","経過型介護療養型医療施設"
"12/01/2012 00:00:00","02/17/2013 00:00:00","False","Batch","12/27/2012 13:22:05","BATCH","04/14/2026 00:00:00","PVS_XP_2091","023","6101","A","20121127","20121203","認知症疾患型介護療養施設サービス費（Ⅰ）"
"12/01/2012 00:00:00","02/17/2013 00:00:00","False","Batch","12/27/2012 13:22:05","BATCH","04/14/2026 00:00:00","PVS_XP_2091","023","6102","A","20121127","20121203","認知症疾患型介護療養施設サービス費（Ⅱ）"
"12/01/2012 00:00:00","02/17/2013 00:00:00","False","Batch","12/27/2012 13:22:05","BATCH","04/14/2026 00:00:00","PVS_XP_2091","023","6103","A","20121127","20121203","認知症疾患型介護療養施設サービス費（Ⅲ）"
"12/01/2012 00:00:00","02/17/2013 00:00:00","False","Batch","12/27/2012 13:22:05","BATCH","04/14/2026 00:00:00","PVS_XP_2091","023","6104","A","20121127","20121203","認知症疾患型介護療養施設サービス費（Ⅳ）"
"12/01/2012 00:00:00","02/17/2013 00:00:00","False","Batch","12/27/2012 13:22:05","BATCH","04/14/2026 00:00:00","PVS_XP_2091","023","6105","A","20121127","20121203","認知症疾患型介護療養施設サービス費（Ⅴ）"
"12/01/2012 00:00:00","02/17/2013 00:00:00","False","Batch","12/27/2012 13:22:05","BATCH","04/14/2026 00:00:00","PVS_XP_2091","023","6999","A","20121127","20121203","認知症疾患型介護療養施設サービス費種別不明"
"12/01/2012 00:00:00","02/17/2013 00:00:00","False","Batch","12/27/2012 13:22:05","BATCH","04/14/2026 00:00:00","PVS_XP_2091","023","7101","A","20121127","20121203","介護力強化型介護療養施設サービス費（Ⅰ）"
"12/01/2012 00:00:00","02/17/2013 00:00:00","False","Batch","12/27/2012 13:22:05","BATCH","04/14/2026 00:00:00","PVS_XP_2091","023","7102","A","20121127","20121203","介護力強化型介護療養施設サービス費（Ⅱ）"
"12/01/2012 00:00:00","02/17/2013 00:00:00","False","Batch","12/27/2012 13:22:05","BATCH","04/14/2026 00:00:00","PVS_XP_2091","023","7103","A","20121127","20121203","介護力強化型介護療養施設サービス費（Ⅲ）"
"12/01/2012 00:00:00","02/17/2013 00:00:00","False","Batch","12/27/2012 13:22:05","BATCH","04/14/2026 00:00:00","PVS_XP_2091","023","7104","A","20121127","20121203","介護力強化型介護療養施設サービス費（Ⅳ）"
"12/01/2012 00:00:00","02/17/2013 00:00:00","False","Batch","12/27/2012 13:22:05","BATCH","04/14/2026 00:00:00","PVS_XP_2091","023","7999","A","20121127","20121203","介護力強化型介護療養施設サービス費種別不明"
"12/01/2012 00:00:00","02/17/2013 00:00:00","False","Batch","12/27/2012 13:22:05","BATCH","04/14/2026 00:00:00","PVS_XP_2091","023","A1 1","A","20121127","20121203","２：１看護Ａ加算看護補助不明"
"12/01/2012 00:00:00","02/17/2013 00:00:00","False","Batch","12/27/2012 13:22:05","BATCH","04/14/2026 00:00:00","PVS_XP_2091","023","A1 2","A","20121127","20121203","２：１看護Ｂ加算看護補助不明"
"12/01/2012 00:00:00","02/17/2013 00:00:00","False","Batch","12/27/2012 13:22:05","BATCH","04/14/2026 00:00:00","PVS_XP_2091","023","A1 3","A","20121127","20121203","２：１看護加算無し看護補助不明"
"12/01/2012 00:00:00","02/17/2013 00:00:00","False","Batch","12/27/2012 13:22:05","BATCH","04/14/2026 00:00:00","PVS_XP_2091","023","A1 9","A","20121127","20121203","２：１看護加算不明看護補助不明"
"12/01/2012 00:00:00","02/17/2013 00:00:00","False","Batch","12/27/2012 13:22:05","BATCH","04/14/2026 00:00:00","PVS_XP_2091","023","A111","A","20121127","20121203","２：１看護Ａ加算３：１看護補助"
"12/01/2012 00:00:00","02/17/2013 00:00:00","False","Batch","12/27/2012 13:22:05","BATCH","04/14/2026 00:00:00","PVS_XP_2091","023","A112","A","20121127","20121203","２：１看護Ｂ加算３：１看護補助"
"12/01/2012 00:00:00","02/17/2013 00:00:00","False","Batch","12/27/2012 13:22:05","BATCH","04/14/2026 00:00:00","PVS_XP_2091","023","A113","A","20121127","20121203","２：１看護加算無し３：１看護補助"
"12/01/2012 00:00:00","02/17/2013 00:00:00","False","Batch","12/27/2012 13:22:05","BATCH","04/14/2026 00:00:00","PVS_XP_2091","023","A119","A","20121127","20121203","２：１看護加算不明３：１看護補助"
"12/01/2012 00:00:00","02/17/2013 00:00:00","False","Batch","12/27/2012 13:22:05","BATCH","04/14/2026 00:00:00","PVS_XP_2091","023","A121","A","20121127","20121203","２：１看護Ａ加算４：１看護補助"
"12/01/2012 00:00:00","02/17/2013 00:00:00","False","Batch","12/27/2012 13:22:05","BATCH","04/14/2026 00:00:00","PVS_XP_2091","023","A122","A","20121127","20121203","２：１看護Ｂ加算４：１看護補助"
"12/01/2012 00:00:00","02/17/2013 00:00:00","False","Batch","12/27/2012 13:22:05","BATCH","04/14/2026 00:00:00","PVS_XP_2091","023","A123","A","20121127","20121203","２：１看護加算無し４：１看護補助"
"12/01/2012 00:00:00","02/17/2013 00:00:00","False","Batch","12/27/2012 13:22:05","BATCH","04/14/2026 00:00:00","PVS_XP_2091","023","A129","A","20121127","20121203","２：１看護加算不明４：１看護補助"
"12/01/2012 00:00:00","02/17/2013 00:00:00","False","Batch","12/27/2012 13:22:05","BATCH","04/14/2026 00:00:00","PVS_XP_2091","023","A131","A","20121127","20121203","２：１看護Ａ加算５：１看護補助"
"12/01/2012 00:00:00","02/17/2013 00:00:00","False","Batch","12/27/2012 13:22:05","BATCH","04/14/2026 00:00:00","PVS_XP_2091","023","A132","A","20121127","20121203","２：１看護Ｂ加算５：１看護補助"
"12/01/2012 00:00:00","02/17/2013 00:00:00","False","Batch","12/27/2012 13:22:05","BATCH","04/14/2026 00:00:00","PVS_XP_2091","023","A133","A","20121127","20121203","２：１看護加算無し５：１看護補助"
"12/01/2012 00:00:00","02/17/2013 00:00:00","False","Batch","12/27/2012 13:22:05","BATCH","04/14/2026 00:00:00","PVS_XP_2091","023","A139","A","20121127","20121203","２：１看護加算不明５：１看護補助"
"12/01/2012 00:00:00","02/17/2013 00:00:00","False","Batch","12/27/2012 13:22:05","BATCH","04/14/2026 00:00:00","PVS_XP_2091","023","A141","A","20121127","20121203","２：１看護Ａ加算６：１看護補助"
"12/01/2012 00:00:00","02/17/2013 00:00:00","False","Batch","12/27/2012 13:22:05","BATCH","04/14/2026 00:00:00","PVS_XP_2091","023","A142","A","20121127","20121203","２：１看護Ｂ加算６：１看護補助"
"12/01/2012 00:00:00","02/17/2013 00:00:00","False","Batch","12/27/2012 13:22:05","BATCH","04/14/2026 00:00:00","PVS_XP_2091","023","A143","A","20121127","20121203","２：１看護加算無し６：１看護補助"
"12/01/2012 00:00:00","02/17/2013 00:00:00","False","Batch","12/27/2012 13:22:05","BATCH","04/14/2026 00:00:00","PVS_XP_2091","023","A149","A","20121127","20121203","２：１看護加算不明６：１看護補助"
"12/01/2012 00:00:00","02/17/2013 00:00:00","False","Batch","12/27/2012 13:22:05","BATCH","04/14/2026 00:00:00","PVS_XP_2091","023","A151","A","20121127","20121203","２：１看護Ａ加算８：１看護補助"
"12/01/2012 00:00:00","02/17/2013 00:00:00","False","Batch","12/27/2012 13:22:05","BATCH","04/14/2026 00:00:00","PVS_XP_2091","023","A152","A","20121127","20121203","２：１看護Ｂ加算８：１看護補助"
"12/01/2012 00:00:00","02/17/2013 00:00:00","False","Batch","12/27/2012 13:22:05","BATCH","04/14/2026 00:00:00","PVS_XP_2091","023","A153","A","20121127","20121203","２：１看護加算無し８：１看護補助"
"12/01/2012 00:00:00","02/17/2013 00:00:00","False","Batch","12/27/2012 13:22:05","BATCH","04/14/2026 00:00:00","PVS_XP_2091","023","A159","A","20121127","20121203","２：１看護加算不明８：１看護補助"
"12/01/2012 00:00:00","02/17/2013 00:00:00","False","Batch","12/27/2012 13:22:05","BATCH","04/14/2026 00:00:00","PVS_XP_2091","023","A161","A","20121127","20121203","２：１看護Ａ加算１０：１看護補助"
"12/01/2012 00:00:00","02/17/2013 00:00:00","False","Batch","12/27/2012 13:22:05","BATCH","04/14/2026 00:00:00","PVS_XP_2091","023","A162","A","20121127","20121203","２：１看護Ｂ加算１０：１看護補助"
"12/01/2012 00:00:00","02/17/2013 00:00:00","False","Batch","12/27/2012 13:22:05","BATCH","04/14/2026 00:00:00","PVS_XP_2091","023","A163","A","20121127","20121203","２：１看護加算無し１０：１看護補助"
"12/01/2012 00:00:00","02/17/2013 00:00:00","False","Batch","12/27/2012 13:22:05","BATCH","04/14/2026 00:00:00","PVS_XP_2091","023","A169","A","20121127","20121203","２：１看護加算不明１０：１看護補助"
"12/01/2012 00:00:00","02/17/2013 00:00:00","False","Batch","12/27/2012 13:22:05","BATCH","04/14/2026 00:00:00","PVS_XP_2091","023","A171","A","20121127","20121203","２：１看護Ａ加算１３：１看護補助"
"12/01/2012 00:00:00","02/17/2013 00:00:00","False","Batch","12/27/2012 13:22:05","BATCH","04/14/2026 00:00:00","PVS_XP_2091","023","A172","A","20121127","20121203","２：１看護Ｂ加算１３：１看護補助"
"12/01/2012 00:00:00","02/17/2013 00:00:00","False","Batch","12/27/2012 13:22:05","BATCH","04/14/2026 00:00:00","PVS_XP_2091","023","A173","A","20121127","20121203","２：１看護加算無し１３：１看護補助"
"12/01/2012 00:00:00","02/17/2013 00:00:00","False","Batch","12/27/2012 13:22:05","BATCH","04/14/2026 00:00:00","PVS_XP_2091","023","A179","A","20121127","20121203","２：１看護加算不明１３：１看護補助"
"12/01/2012 00:00:00","02/17/2013 00:00:00","False","Batch","12/27/2012 13:22:05","BATCH","04/14/2026 00:00:00","PVS_XP_2091","023","A181","A","20121127","20121203","２：１看護Ａ加算１５：１看護補助"
"12/01/2012 00:00:00","02/17/2013 00:00:00","False","Batch","12/27/2012 13:22:05","BATCH","04/14/2026 00:00:00","PVS_XP_2091","023","A182","A","20121127","20121203","２：１看護Ｂ加算１５：１看護補助"
"12/01/2012 00:00:00","02/17/2013 00:00:00","False","Batch","12/27/2012 13:22:05","BATCH","04/14/2026 00:00:00","PVS_XP_2091","023","A183","A","20121127","20121203","２：１看護加算無し１５：１看護補助"
"12/01/2012 00:00:00","02/17/2013 00:00:00","False","Batch","12/27/2012 13:22:05","BATCH","04/14/2026 00:00:00","PVS_XP_2091","023","A189","A","20121127","20121203","２：１看護加算不明１５：１看護補助"
"12/01/2012 00:00:00","02/17/2013 00:00:00","False","Batch","12/27/2012 13:22:05","BATCH","04/14/2026 00:00:00","PVS_XP_2091","023","A191","A","20121127","20121203","２：１看護Ａ加算１５：１未満看護補助"
"12/01/2012 00:00:00","02/17/2013 00:00:00","False","Batch","12/27/2012 13:22:05","BATCH","04/14/2026 00:00:00","PVS_XP_2091","023","A192","A","20121127","20121203","２：１看護Ｂ加算１５：１未満看護補助"
"12/01/2012 00:00:00","02/17/2013 00:00:00","False","Batch","12/27/2012 13:22:05","BATCH","04/14/2026 00:00:00","PVS_XP_2091","023","A193","A","20121127","20121203","２：１看護加算無し１５：１未満看護補助"
"12/01/2012 00:00:00","02/17/2013 00:00:00","False","Batch","12/27/2012 13:22:05","BATCH","04/14/2026 00:00:00","PVS_XP_2091","023","A199","A","20121127","20121203","２：１看護加算不明１５：１未満看護補助"
"12/01/2012 00:00:00","02/17/2013 00:00:00","False","Batch","12/27/2012 13:22:05","BATCH","04/14/2026 00:00:00","PVS_XP_2091","023","A2 1","A","20121127","20121203","２．５：１看護Ａ加算看護補助不明"
"12/01/2012 00:00:00","02/17/2013 00:00:00","False","Batch","12/27/2012 13:22:05","BATCH","04/14/2026 00:00:00","PVS_XP_2091","023","A2 2","A","20121127","20121203","２．５：１看護Ｂ加算看護補助不明"
"12/01/2012 00:00:00","02/17/2013 00:00:00","False","Batch","12/27/2012 13:22:05","BATCH","04/14/2026 00:00:00","PVS_XP_2091","023","A2 3","A","20121127","20121203","２．５：１看護加算無し看護補助不明"
"12/01/2012 00:00:00","02/17/2013 00:00:00","False","Batch","12/27/2012 13:22:05","BATCH","04/14/2026 00:00:00","PVS_XP_2091","023","A2 9","A","20121127","20121203","２．５：１看護加算不明看護補助不明"
"12/01/2012 00:00:00","02/17/2013 00:00:00","False","Batch","12/27/2012 13:22:05","BATCH","04/14/2026 00:00:00","PVS_XP_2091","023","A211","A","20121127","20121203","２．５：１看護Ａ加算３：１看護補助"
"12/01/2012 00:00:00","02/17/2013 00:00:00","False","Batch","12/27/2012 13:22:05","BATCH","04/14/2026 00:00:00","PVS_XP_2091","023","A212","A","20121127","20121203","２．５：１看護Ｂ加算３：１看護補助"
"12/01/2012 00:00:00","02/17/2013 00:00:00","False","Batch","12/27/2012 13:22:05","BATCH","04/14/2026 00:00:00","PVS_XP_2091","023","A213","A","20121127","20121203","２．５：１看護加算無し３：１看護補助"
"12/01/2012 00:00:00","02/17/2013 00:00:00","False","Batch","12/27/2012 13:22:05","BATCH","04/14/2026 00:00:00","PVS_XP_2091","023","A219","A","20121127","20121203","２．５：１看護加算不明３：１看護補助"
"12/01/2012 00:00:00","02/17/2013 00:00:00","False","Batch","12/27/2012 13:22:05","BATCH","04/14/2026 00:00:00","PVS_XP_2091","023","A221","A","20121127","20121203","２．５：１看護Ａ加算４：１看護補助"
"12/01/2012 00:00:00","02/17/2013 00:00:00","False","Batch","12/27/2012 13:22:05","BATCH","04/14/2026 00:00:00","PVS_XP_2091","023","A222","A","20121127","20121203","２．５：１看護Ｂ加算４：１看護補助"
"12/01/2012 00:00:00","02/17/2013 00:00:00","False","Batch","12/27/2012 13:22:05","BATCH","04/14/2026 00:00:00","PVS_XP_2091","023","A223","A","20121127","20121203","２．５：１看護加算無し４：１看護補助"
"12/01/2012 00:00:00","02/17/2013 00:00:00","False","Batch","12/27/2012 13:22:05","BATCH","04/14/2026 00:00:00","PVS_XP_2091","023","A229","A","20121127","20121203","２．５：１看護加算不明４：１看護補助"
"12/01/2012 00:00:00","02/17/2013 00:00:00","False","Batch","12/27/2012 13:22:05","BATCH","04/14/2026 00:00:00","PVS_XP_2091","023","A231","A","20121127","20121203","２．５：１看護Ａ加算５：１看護補助"
"12/01/2012 00:00:00","02/17/2013 00:00:00","False","Batch","12/27/2012 13:22:05","BATCH","04/14/2026 00:00:00","PVS_XP_2091","023","A232","A","20121127","20121203","２．５：１看護Ｂ加算５：１看護補助"
"12/01/2012 00:00:00","02/17/2013 00:00:00","False","Batch","12/27/2012 13:22:05","BATCH","04/14/2026 00:00:00","PVS_XP_2091","023","A233","A","20121127","20121203","２．５：１看護加算無し５：１看護補助"
"12/01/2012 00:00:00","02/17/2013 00:00:00","False","Batch","12/27/2012 13:22:05","BATCH","04/14/2026 00:00:00","PVS_XP_2091","023","A239","A","20121127","20121203","２．５：１看護加算不明５：１看護補助"
"12/01/2012 00:00:00","02/17/2013 00:00:00","False","Batch","12/27/2012 13:22:05","BATCH","04/14/2026 00:00:00","PVS_XP_2091","023","A241","A","20121127","20121203","２．５：１看護Ａ加算６：１看護補助"
"12/01/2012 00:00:00","02/17/2013 00:00:00","False","Batch","12/27/2012 13:22:05","BATCH","04/14/2026 00:00:00","PVS_XP_2091","023","A242","A","20121127","20121203","２．５：１看護Ｂ加算補６：１看護補助"
"12/01/2012 00:00:00","02/17/2013 00:00:00","False","Batch","12/27/2012 13:22:05","BATCH","04/14/2026 00:00:00","PVS_XP_2091","023","A243","A","20121127","20121203","２．５：１看護加算無し６：１看護補助"
"12/01/2012 00:00:00","02/17/2013 00:00:00","False","Batch","12/27/2012 13:22:05","BATCH","04/14/2026 00:00:00","PVS_XP_2091","023","A249","A","20121127","20121203","２．５：１看護加算不明６：１看護補助"
"12/01/2012 00:00:00","02/17/2013 00:00:00","False","Batch","12/27/2012 13:22:05","BATCH","04/14/2026 00:00:00","PVS_XP_2091","023","A251","A","20121127","20121203","２．５：１看護Ａ加算８：１看護補助"
"12/01/2012 00:00:00","02/17/2013 00:00:00","False","Batch","12/27/2012 13:22:05","BATCH","04/14/2026 00:00:00","PVS_XP_2091","023","A252","A","20121127","20121203","２．５：１看護Ｂ加算８：１看護補助"
"12/01/2012 00:00:00","02/17/2013 00:00:00","False","Batch","12/27/2012 13:22:05","BATCH","04/14/2026 00:00:00","PVS_XP_2091","023","A253","A","20121127","20121203","２．５：１看護加算無し８：１看護補助"
"12/01/2012 00:00:00","02/17/2013 00:00:00","False","Batch","12/27/2012 13:22:05","BATCH","04/14/2026 00:00:00","PVS_XP_2091","023","A259","A","20121127","20121203","２．５：１看護加算不明８：１看護補助"
"12/01/2012 00:00:00","02/17/2013 00:00:00","False","Batch","12/27/2012 13:22:05","BATCH","04/14/2026 00:00:00","PVS_XP_2091","023","A261","A","20121127","20121203","２．５：１看護Ａ加算１０：１看護補助"
"12/01/2012 00:00:00","02/17/2013 00:00:00","False","Batch","12/27/2012 13:22:05","BATCH","04/14/2026 00:00:00","PVS_XP_2091","023","A262","A","20121127","20121203","２．５：１看護Ｂ加算１０：１看護補助"
"12/01/2012 00:00:00","02/17/2013 00:00:00","False","Batch","12/27/2012 13:22:05","BATCH","04/14/2026 00:00:00","PVS_XP_2091","023","A263","A","20121127","20121203","２．５：１看護加算無し１０：１看護補助"
"12/01/2012 00:00:00","02/17/2013 00:00:00","False","Batch","12/27/2012 13:22:05","BATCH","04/14/2026 00:00:00","PVS_XP_2091","023","A269","A","20121127","20121203","２．５：１看護加算不明１０：１看護補助"
"12/01/2012 00:00:00","02/17/2013 00:00:00","False","Batch","12/27/2012 13:22:05","BATCH","04/14/2026 00:00:00","PVS_XP_2091","023","A271","A","20121127","20121203","２．５：１看護Ａ加算１３：１看護補助"
"12/01/2012 00:00:00","02/17/2013 00:00:00","False","Batch","12/27/2012 13:22:05","BATCH","04/14/2026 00:00:00","PVS_XP_2091","023","A272","A","20121127","20121203","２．５：１看護Ｂ加算１３：１看護補助"
"12/01/2012 00:00:00","02/17/2013 00:00:00","False","Batch","12/27/2012 13:22:05","BATCH","04/14/2026 00:00:00","PVS_XP_2091","023","A273","A","20121127","20121203","２．５：１看護加算無し１３：１看護補助"
"12/01/2012 00:00:00","02/17/2013 00:00:00","False","Batch","12/27/2012 13:22:05","BATCH","04/14/2026 00:00:00","PVS_XP_2091","023","A279","A","20121127","20121203","２．５：１看護加算不明１３：１看護補助"
"12/01/2012 00:00:00","02/17/2013 00:00:00","False","Batch","12/27/2012 13:22:05","BATCH","04/14/2026 00:00:00","PVS_XP_2091","023","A281","A","20121127","20121203","２．５：１看護Ａ加算１５：１看護補助"
"12/01/2012 00:00:00","02/17/2013 00:00:00","False","Batch","12/27/2012 13:22:05","BATCH","04/14/2026 00:00:00","PVS_XP_2091","023","A282","A","20121127","20121203","２．５：１看護Ｂ加算１５：１看護補助"
"12/01/2012 00:00:00","02/17/2013 00:00:00","False","Batch","12/27/2012 13:22:05","BATCH","04/14/2026 00:00:00","PVS_XP_2091","023","A283","A","20121127","20121203","２．５：１看護加算無し１５：１看護補助"
"12/01/2012 00:00:00","02/17/2013 00:00:00","False","Batch","12/27/2012 13:22:05","BATCH","04/14/2026 00:00:00","PVS_XP_2091","023","A289","A","20121127","20121203","２．５：１看護加算不明１５：１看護補助"
"12/01/2012 00:00:00","02/17/2013 00:00:00","False","Batch","12/27/2012 13:22:05","BATCH","04/14/2026 00:00:00","PVS_XP_2091","023","A291","A","20121127","20121203","２．５：１看護Ａ加算１５：１未満看護補助"
"12/01/2012 00:00:00","02/17/2013 00:00:00","False","Batch","12/27/2012 13:22:05","BATCH","04/14/2026 00:00:00","PVS_XP_2091","023","A292","A","20121127","20121203","２．５：１看護Ｂ加算１５：１未満看護補助"
"12/01/2012 00:00:00","02/17/2013 00:00:00","False","Batch","12/27/2012 13:22:05","BATCH","04/14/2026 00:00:00","PVS_XP_2091","023","A293","A","20121127","20121203","２．５：１看護加算無し１５：１未満看護補助"
"12/01/2012 00:00:00","02/17/2013 00:00:00","False","Batch","12/27/2012 13:22:05","BATCH","04/14/2026 00:00:00","PVS_XP_2091","023","A299","A","20121127","20121203","２．５：１看護加算不明１５：１未満看護補助"
"12/01/2012 00:00:00","02/17/2013 00:00:00","False","Batch","12/27/2012 13:22:05","BATCH","04/14/2026 00:00:00","PVS_XP_2091","023","A3 1","A","20121127","20121203","３：１看護Ａ加算看護補助不明"
"12/01/2012 00:00:00","02/17/2013 00:00:00","False","Batch","12/27/2012 13:22:05","BATCH","04/14/2026 00:00:00","PVS_XP_2091","023","A3 2","A","20121127","20121203","３：１看護Ｂ加算看護補助不明"
"12/01/2012 00:00:00","02/17/2013 00:00:00","False","Batch","12/27/2012 13:22:05","BATCH","04/14/2026 00:00:00","PVS_XP_2091","023","A3 3","A","20121127","20121203","３：１看護加算無し看護種別不明"
"12/01/2012 00:00:00","02/17/2013 00:00:00","False","Batch","12/27/2012 13:22:05","BATCH","04/14/2026 00:00:00","PVS_XP_2091","023","A3 9","A","20121127","20121203","３：１看護加算不明看護補助不明"
"12/01/2012 00:00:00","02/17/2013 00:00:00","False","Batch","12/27/2012 13:22:05","BATCH","04/14/2026 00:00:00","PVS_XP_2091","023","A311","A","20121127","20121203","３：１看護Ａ加算３：１看護補助"
"12/01/2012 00:00:00","02/17/2013 00:00:00","False","Batch","12/27/2012 13:22:05","BATCH","04/14/2026 00:00:00","PVS_XP_2091","023","A312","A","20121127","20121203","３：１看護Ｂ加算３：１看護補助"
"12/01/2012 00:00:00","02/17/2013 00:00:00","False","Batch","12/27/2012 13:22:05","BATCH","04/14/2026 00:00:00","PVS_XP_2091","023","A313","A","20121127","20121203","３：１看護加算無し３：１看護補助"
"12/01/2012 00:00:00","02/17/2013 00:00:00","False","Batch","12/27/2012 13:22:05","BATCH","04/14/2026 00:00:00","PVS_XP_2091","023","A319","A","20121127","20121203","３：１看護加算不明３：１看護補助"
"12/01/2012 00:00:00","02/17/2013 00:00:00","False","Batch","12/27/2012 13:22:05","BATCH","04/14/2026 00:00:00","PVS_XP_2091","023","A321","A","20121127","20121203","３：１看護Ａ加算４：１看護補助"
"12/01/2012 00:00:00","02/17/2013 00:00:00","False","Batch","12/27/2012 13:22:05","BATCH","04/14/2026 00:00:00","PVS_XP_2091","023","A322","A","20121127","20121203","３：１看護Ｂ加算４：１看護補助"
"12/01/2012 00:00:00","02/17/2013 00:00:00","False","Batch","12/27/2012 13:22:05","BATCH","04/14/2026 00:00:00","PVS_XP_2091","023","A323","A","20121127","20121203","３：１看護加算無し４：１看護補助"
"12/01/2012 00:00:00","02/17/2013 00:00:00","False","Batch","12/27/2012 13:22:05","BATCH","04/14/2026 00:00:00","PVS_XP_2091","023","A329","A","20121127","20121203","３：１看護加算不明４：１看護補助"
"12/01/2012 00:00:00","02/17/2013 00:00:00","False","Batch","12/27/2012 13:22:05","BATCH","04/14/2026 00:00:00","PVS_XP_2091","023","A331","A","20121127","20121203","３：１看護Ａ加算５：１看護補助"
"12/01/2012 00:00:00","02/17/2013 00:00:00","False","Batch","12/27/2012 13:22:05","BATCH","04/14/2026 00:00:00","PVS_XP_2091","023","A332","A","20121127","20121203","３：１看護Ｂ加算５：１看護補助"
"12/01/2012 00:00:00","02/17/2013 00:00:00","False","Batch","12/27/2012 13:22:05","BATCH","04/14/2026 00:00:00","PVS_XP_2091","023","A333","A","20121127","20121203","３：１看護加算無し５：１看護補助"
"12/01/2012 00:00:00","02/17/2013 00:00:00","False","Batch","12/27/2012 13:22:05","BATCH","04/14/2026 00:00:00","PVS_XP_2091","023","A339","A","20121127","20121203","３：１看護加算不明５：１看護補助"
"12/01/2012 00:00:00","02/17/2013 00:00:00","False","Batch","12/27/2012 13:22:05","BATCH","04/14/2026 00:00:00","PVS_XP_2091","023","A341","A","20121127","20121203","３：１看護Ａ加算６：１看護補助"
"12/01/2012 00:00:00","02/17/2013 00:00:00","False","Batch","12/27/2012 13:22:05","BATCH","04/14/2026 00:00:00","PVS_XP_2091","023","A342","A","20121127","20121203","３：１看護Ｂ加算６：１看護補助"
"12/01/2012 00:00:00","02/17/2013 00:00:00","False","Batch","12/27/2012 13:22:05","BATCH","04/14/2026 00:00:00","PVS_XP_2091","023","A343","A","20121127","20121203","３：１看護加算無し６：１看護補助"
"12/01/2012 00:00:00","02/17/2013 00:00:00","False","Batch","12/27/2012 13:22:05","BATCH","04/14/2026 00:00:00","PVS_XP_2091","023","A349","A","20121127","20121203","３：１看護加算不明６：１看護補助"
"12/01/2012 00:00:00","02/17/2013 00:00:00","False","Batch","12/27/2012 13:22:05","BATCH","04/14/2026 00:00:00","PVS_XP_2091","023","A351","A","20121127","20121203","３：１看護Ａ加算８：１看護補助"
"12/01/2012 00:00:00","02/17/2013 00:00:00","False","Batch","12/27/2012 13:22:05","BATCH","04/14/2026 00:00:00","PVS_XP_2091","023","A352","A","20121127","20121203","３：１看護Ｂ加算８：１看護補助"
"12/01/2012 00:00:00","02/17/2013 00:00:00","False","Batch","12/27/2012 13:22:05","BATCH","04/14/2026 00:00:00","PVS_XP_2091","023","A353","A","20121127","20121203","３：１看護加算無し８：１看護補助"
"12/01/2012 00:00:00","02/17/2013 00:00:00","False","Batch","12/27/2012 13:22:05","BATCH","04/14/2026 00:00:00","PVS_XP_2091","023","A359","A","20121127","20121203","３：１看護加算不明８：１看護補助"
"12/01/2012 00:00:00","02/17/2013 00:00:00","False","Batch","12/27/2012 13:22:05","BATCH","04/14/2026 00:00:00","PVS_XP_2091","023","A361","A","20121127","20121203","３：１看護Ａ加算１０：１看護補助"
"12/01/2012 00:00:00","02/17/2013 00:00:00","False","Batch","12/27/2012 13:22:05","BATCH","04/14/2026 00:00:00","PVS_XP_2091","023","A362","A","20121127","20121203","３：１看護Ｂ加算１０：１看護補助"
"12/01/2012 00:00:00","02/17/2013 00:00:00","False","Batch","12/27/2012 13:22:05","BATCH","04/14/2026 00:00:00","PVS_XP_2091","023","A363","A","20121127","20121203","３：１看護加算無し１０：１看護補助"
"12/01/2012 00:00:00","02/17/2013 00:00:00","False","Batch","12/27/2012 13:22:05","BATCH","04/14/2026 00:00:00","PVS_XP_2091","023","A369","A","20121127","20121203","３：１看護加算不明１０：１看護補助"
"12/01/2012 00:00:00","02/17/2013 00:00:00","False","Batch","12/27/2012 13:22:05","BATCH","04/14/2026 00:00:00","PVS_XP_2091","023","A371","A","20121127","20121203","３：１看護Ａ加算１３：１看護補助"
"12/01/2012 00:00:00","02/17/2013 00:00:00","False","Batch","12/27/2012 13:22:05","BATCH","04/14/2026 00:00:00","PVS_XP_2091","023","A372","A","20121127","20121203","３：１看護Ｂ加算１３：１看護補助"
"12/01/2012 00:00:00","02/17/2013 00:00:00","False","Batch","12/27/2012 13:22:05","BATCH","04/14/2026 00:00:00","PVS_XP_2091","023","A373","A","20121127","20121203","３：１看護加算無し１３：１看護補助"
"12/01/2012 00:00:00","02/17/2013 00:00:00","False","Batch","12/27/2012 13:22:05","BATCH","04/14/2026 00:00:00","PVS_XP_2091","023","A379","A","20121127","20121203","３：１看護加算不明１３：１看護補助"
"12/01/2012 00:00:00","02/17/2013 00:00:00","False","Batch","12/27/2012 13:22:05","BATCH","04/14/2026 00:00:00","PVS_XP_2091","023","A381","A","20121127","20121203","３：１看護Ａ加算１５：１看護補助"
"12/01/2012 00:00:00","02/17/2013 00:00:00","False","Batch","12/27/2012 13:22:05","BATCH","04/14/2026 00:00:00","PVS_XP_2091","023","A382","A","20121127","20121203","３：１看護Ｂ加算１５：１看護補助"
"12/01/2012 00:00:00","02/17/2013 00:00:00","False","Batch","12/27/2012 13:22:05","BATCH","04/14/2026 00:00:00","PVS_XP_2091","023","A383","A","20121127","20121203","３：１看護加算無し１５：１看護補助"
"12/01/2012 00:00:00","02/17/2013 00:00:00","False","Batch","12/27/2012 13:22:05","BATCH","04/14/2026 00:00:00","PVS_XP_2091","023","A389","A","20121127","20121203","３：１看護加算不明１５：１看護補助"
"12/01/2012 00:00:00","02/17/2013 00:00:00","False","Batch","12/27/2012 13:22:05","BATCH","04/14/2026 00:00:00","PVS_XP_2091","023","A391","A","20121127","20121203","３：１看護Ａ加算１５：１未満看護補助"
"12/01/2012 00:00:00","02/17/2013 00:00:00","False","Batch","12/27/2012 13:22:05","BATCH","04/14/2026 00:00:00","PVS_XP_2091","023","A392","A","20121127","20121203","３：１看護Ｂ加算１５：１未満看護補助"
"12/01/2012 00:00:00","02/17/2013 00:00:00","False","Batch","12/27/2012 13:22:05","BATCH","04/14/2026 00:00:00","PVS_XP_2091","023","A393","A","20121127","20121203","３：１看護加算無し１５：１未満看護補助"
"12/01/2012 00:00:00","02/17/2013 00:00:00","False","Batch","12/27/2012 13:22:05","BATCH","04/14/2026 00:00:00","PVS_XP_2091","023","A399","A","20121127","20121203","３：１看護加算不明１５：１未満看護補助"
"12/01/2012 00:00:00","02/17/2013 00:00:00","False","Batch","12/27/2012 13:22:05","BATCH","04/14/2026 00:00:00","PVS_XP_2091","023","A4 1","A","20121127","20121203","３．５：１看護Ａ加算看護補助不明"
"12/01/2012 00:00:00","02/17/2013 00:00:00","False","Batch","12/27/2012 13:22:05","BATCH","04/14/2026 00:00:00","PVS_XP_2091","023","A4 2","A","20121127","20121203","３．５：１看護Ｂ加算看護補助不明"
"12/01/2012 00:00:00","02/17/2013 00:00:00","False","Batch","12/27/2012 13:22:05","BATCH","04/14/2026 00:00:00","PVS_XP_2091","023","A4 3","A","20121127","20121203","３．５：１看護加算無し看護補助不明"
"12/01/2012 00:00:00","02/17/2013 00:00:00","False","Batch","12/27/2012 13:22:05","BATCH","04/14/2026 00:00:00","PVS_XP_2091","023","A4 9","A","20121127","20121203","３．５：１看護加算不明看護補助不明"
"12/01/2012 00:00:00","02/17/2013 00:00:00","False","Batch","12/27/2012 13:22:05","BATCH","04/14/2026 00:00:00","PVS_XP_2091","023","A411","A","20121127","20121203","３．５：１看護Ａ加算３：１看護補助"
"12/01/2012 00:00:00","02/17/2013 00:00:00","False","Batch","12/27/2012 13:22:05","BATCH","04/14/2026 00:00:00","PVS_XP_2091","023","A412","A","20121127","20121203","３．５：１看護Ｂ加算３：１看護補助"
"12/01/2012 00:00:00","02/17/2013 00:00:00","False","Batch","12/27/2012 13:22:05","BATCH","04/14/2026 00:00:00","PVS_XP_2091","023","A413","A","20121127","20121203","３．５：１看護加算無し３：１看護補助"
"12/01/2012 00:00:00","02/17/2013 00:00:00","False","Batch","12/27/2012 13:22:05","BATCH","04/14/2026 00:00:00","PVS_XP_2091","023","A419","A","20121127","20121203","３．５：１看護加算不明３：１看護補助"
"12/01/2012 00:00:00","02/17/2013 00:00:00","False","Batch","12/27/2012 13:22:05","BATCH","04/14/2026 00:00:00","PVS_XP_2091","023","A421","A","20121127","20121203","３．５：１看護Ａ加算４：１看護補助"
"12/01/2012 00:00:00","02/17/2013 00:00:00","False","Batch","12/27/2012 13:22:05","BATCH","04/14/2026 00:00:00","PVS_XP_2091","023","A422","A","20121127","20121203","３．５：１看護Ｂ加算４：１看護補助"
"12/01/2012 00:00:00","02/17/2013 00:00:00","False","Batch","12/27/2012 13:22:05","BATCH","04/14/2026 00:00:00","PVS_XP_2091","023","A423","A","20121127","20121203","３．５：１看護加算無し４：１看護補助"
"12/01/2012 00:00:00","02/17/2013 00:00:00","False","Batch","12/27/2012 13:22:05","BATCH","04/14/2026 00:00:00","PVS_XP_2091","023","A429","A","20121127","20121203","３．５：１看護加算不明４：１看護補助"
"12/01/2012 00:00:00","02/17/2013 00:00:00","False","Batch","12/27/2012 13:22:05","BATCH","04/14/2026 00:00:00","PVS_XP_2091","023","A431","A","20121127","20121203","３．５：１看護Ａ加算５：１看護補助"
"12/01/2012 00:00:00","02/17/2013 00:00:00","False","Batch","12/27/2012 13:22:05","BATCH","04/14/2026 00:00:00","PVS_XP_2091","023","A432","A","20121127","20121203","３．５：１看護Ｂ加算５：１看護補助"
"12/01/2012 00:00:00","02/17/2013 00:00:00","False","Batch","12/27/2012 13:22:05","BATCH","04/14/2026 00:00:00","PVS_XP_2091","023","A433","A","20121127","20121203","３．５：１看護加算無し５：１看護補助"
"12/01/2012 00:00:00","02/17/2013 00:00:00","False","Batch","12/27/2012 13:22:05","BATCH","04/14/2026 00:00:00","PVS_XP_2091","023","A439","A","20121127","20121203","３．５：１看護加算不明５：１看護補助"
"12/01/2012 00:00:00","02/17/2013 00:00:00","False","Batch","12/27/2012 13:22:05","BATCH","04/14/2026 00:00:00","PVS_XP_2091","023","A441","A","20121127","20121203","３．５：１看護Ａ加算６：１看護補助"
"12/01/2012 00:00:00","02/17/2013 00:00:00","False","Batch","12/27/2012 13:22:05","BATCH","04/14/2026 00:00:00","PVS_XP_2091","023","A442","A","20121127","20121203","３．５：１看護Ｂ加算６：１看護補助"
"12/01/2012 00:00:00","02/17/2013 00:00:00","False","Batch","12/27/2012 13:22:05","BATCH","04/14/2026 00:00:00","PVS_XP_2091","023","A443","A","20121127","20121203","３．５：１看護加算無し６：１看護補助"
"12/01/2012 00:00:00","02/17/2013 00:00:00","False","Batch","12/27/2012 13:22:05","BATCH","04/14/2026 00:00:00","PVS_XP_2091","023","A449","A","20121127","20121203","３．５：１看護加算不明６：１看護補助"
"12/01/2012 00:00:00","02/17/2013 00:00:00","False","Batch","12/27/2012 13:22:05","BATCH","04/14/2026 00:00:00","PVS_XP_2091","023","A451","A","20121127","20121203","３．５：１看護Ａ加算８：１看護補助"
"12/01/2012 00:00:00","02/17/2013 00:00:00","False","Batch","12/27/2012 13:22:05","BATCH","04/14/2026 00:00:00","PVS_XP_2091","023","A452","A","20121127","20121203","３．５：１看護Ｂ加算８：１看護補助"
"12/01/2012 00:00:00","02/17/2013 00:00:00","False","Batch","12/27/2012 13:22:05","BATCH","04/14/2026 00:00:00","PVS_XP_2091","023","A453","A","20121127","20121203","３．５：１看護加算無し８：１看護補助"
"12/01/2012 00:00:00","02/17/2013 00:00:00","False","Batch","12/27/2012 13:22:05","BATCH","04/14/2026 00:00:00","PVS_XP_2091","023","A459","A","20121127","20121203","３．５：１看護加算不明８：１看護補助"
"12/01/2012 00:00:00","02/17/2013 00:00:00","False","Batch","12/27/2012 13:22:05","BATCH","04/14/2026 00:00:00","PVS_XP_2091","023","A461","A","20121127","20121203","３．５：１看護Ａ加算１０：１看護補助"
"12/01/2012 00:00:00","02/17/2013 00:00:00","False","Batch","12/27/2012 13:22:05","BATCH","04/14/2026 00:00:00","PVS_XP_2091","023","A462","A","20121127","20121203","３．５：１看護Ｂ加算１０：１看護補助"
"12/01/2012 00:00:00","02/17/2013 00:00:00","False","Batch","12/27/2012 13:22:05","BATCH","04/14/2026 00:00:00","PVS_XP_2091","023","A463","A","20121127","20121203","３．５：１看護加算無し１０：１看護補助"
"12/01/2012 00:00:00","02/17/2013 00:00:00","False","Batch","12/27/2012 13:22:05","BATCH","04/14/2026 00:00:00","PVS_XP_2091","023","A469","A","20121127","20121203","３．５：１看護加算不明１０：１看護補助"
"12/01/2012 00:00:00","02/17/2013 00:00:00","False","Batch","12/27/2012 13:22:05","BATCH","04/14/2026 00:00:00","PVS_XP_2091","023","A471","A","20121127","20121203","３．５：１看護Ａ加算１３：１看護補助"
"12/01/2012 00:00:00","02/17/2013 00:00:00","False","Batch","12/27/2012 13:22:05","BATCH","04/14/2026 00:00:00","PVS_XP_2091","023","A472","A","20121127","20121203","３．５：１看護Ｂ加算１３：１看護補助"
"12/01/2012 00:00:00","02/17/2013 00:00:00","False","Batch","12/27/2012 13:22:05","BATCH","04/14/2026 00:00:00","PVS_XP_2091","023","A473","A","20121127","20121203","３．５：１看護加算無し１３：１看護補助"
"12/01/2012 00:00:00","02/17/2013 00:00:00","False","Batch","12/27/2012 13:22:05","BATCH","04/14/2026 00:00:00","PVS_XP_2091","023","A479","A","20121127","20121203","３．５：１看護加算不明１３：１看護補助"
"12/01/2012 00:00:00","02/17/2013 00:00:00","False","Batch","12/27/2012 13:22:05","BATCH","04/14/2026 00:00:00","PVS_XP_2091","023","A481","A","20121127","20121203","３．５：１看護Ａ加算１５：１看護補助"
"12/01/2012 00:00:00","02/17/2013 00:00:00","False","Batch","12/27/2012 13:22:05","BATCH","04/14/2026 00:00:00","PVS_XP_2091","023","A482","A","20121127","20121203","３．５：１看護Ｂ加算１５：１看護補助"
"12/01/2012 00:00:00","02/17/2013 00:00:00","False","Batch","12/27/2012 13:22:05","BATCH","04/14/2026 00:00:00","PVS_XP_2091","023","A483","A","20121127","20121203","３．５：１看護加算無し１５：１看護補助"
"12/01/2012 00:00:00","02/17/2013 00:00:00","False","Batch","12/27/2012 13:22:05","BATCH","04/14/2026 00:00:00","PVS_XP_2091","023","A489","A","20121127","20121203","３．５：１看護加算不明１５：１看護補助"
"12/01/2012 00:00:00","02/17/2013 00:00:00","False","Batch","12/27/2012 13:22:05","BATCH","04/14/2026 00:00:00","PVS_XP_2091","023","A491","A","20121127","20121203","３．５：１看護Ａ加算１５：１未満看護補助"
"12/01/2012 00:00:00","02/17/2013 00:00:00","False","Batch","12/27/2012 13:22:05","BATCH","04/14/2026 00:00:00","PVS_XP_2091","023","A492","A","20121127","20121203","３．５：１看護Ｂ加算１５：１未満看護補助"
"12/01/2012 00:00:00","02/17/2013 00:00:00","False","Batch","12/27/2012 13:22:05","BATCH","04/14/2026 00:00:00","PVS_XP_2091","023","A493","A","20121127","20121203","３．５：１看護補助加算無し１５：１未満看護補助"
"12/01/2012 00:00:00","02/17/2013 00:00:00","False","Batch","12/27/2012 13:22:05","BATCH","04/14/2026 00:00:00","PVS_XP_2091","023","A499","A","20121127","20121203","３．５：１看護加算不明１５：１未満看護補助"
"12/01/2012 00:00:00","02/17/2013 00:00:00","False","Batch","12/27/2012 13:22:05","BATCH","04/14/2026 00:00:00","PVS_XP_2091","023","A5 1","A","20121127","20121203","４：１看護Ａ加算看護補助不明"
"12/01/2012 00:00:00","02/17/2013 00:00:00","False","Batch","12/27/2012 13:22:05","BATCH","04/14/2026 00:00:00","PVS_XP_2091","023","A5 2","A","20121127","20121203","４：１看護Ｂ加算看護補助不明"
"12/01/2012 00:00:00","02/17/2013 00:00:00","False","Batch","12/27/2012 13:22:05","BATCH","04/14/2026 00:00:00","PVS_XP_2091","023","A5 3","A","20121127","20121203","４：１看護加算無し看護補助不明"
"12/01/2012 00:00:00","02/17/2013 00:00:00","False","Batch","12/27/2012 13:22:05","BATCH","04/14/2026 00:00:00","PVS_XP_2091","023","A5 9","A","20121127","20121203","４：１看護加算不明看護補助不明"
"12/01/2012 00:00:00","02/17/2013 00:00:00","False","Batch","12/27/2012 13:22:05","BATCH","04/14/2026 00:00:00","PVS_XP_2091","023","A511","A","20121127","20121203","４：１看護Ａ加算３：１看護補助"
"12/01/2012 00:00:00","02/17/2013 00:00:00","False","Batch","12/27/2012 13:22:05","BATCH","04/14/2026 00:00:00","PVS_XP_2091","023","A512","A","20121127","20121203","４：１看護Ｂ加算３：１看護補助"
"12/01/2012 00:00:00","02/17/2013 00:00:00","False","Batch","12/27/2012 13:22:05","BATCH","04/14/2026 00:00:00","PVS_XP_2091","023","A513","A","20121127","20121203","４：１看護加算無し３：１看護補助"
"12/01/2012 00:00:00","02/17/2013 00:00:00","False","Batch","12/27/2012 13:22:05","BATCH","04/14/2026 00:00:00","PVS_XP_2091","023","A519","A","20121127","20121203","４：１看護加算不明３：１看護補助"
"12/01/2012 00:00:00","02/17/2013 00:00:00","False","Batch","12/27/2012 13:22:05","BATCH","04/14/2026 00:00:00","PVS_XP_2091","023","A521","A","20121127","20121203","４：１看護Ａ加算４：１看護補助"
"12/01/2012 00:00:00","02/17/2013 00:00:00","False","Batch","12/27/2012 13:22:05","BATCH","04/14/2026 00:00:00","PVS_XP_2091","023","A522","A","20121127","20121203","４：１看護Ｂ加算４：１看護補助"
"12/01/2012 00:00:00","02/17/2013 00:00:00","False","Batch","12/27/2012 13:22:05","BATCH","04/14/2026 00:00:00","PVS_XP_2091","023","A523","A","20121127","20121203","４：１看護加算無し４：１看護補助"
"12/01/2012 00:00:00","02/17/2013 00:00:00","False","Batch","12/27/2012 13:22:05","BATCH","04/14/2026 00:00:00","PVS_XP_2091","023","A529","A","20121127","20121203","４：１看護加算不明４：１看護補助"
"12/01/2012 00:00:00","02/17/2013 00:00:00","False","Batch","12/27/2012 13:22:05","BATCH","04/14/2026 00:00:00","PVS_XP_2091","023","A531","A","20121127","20121203","４：１看護Ａ加算５：１看護補助"
"12/01/2012 00:00:00","02/17/2013 00:00:00","False","Batch","12/27/2012 13:22:05","BATCH","04/14/2026 00:00:00","PVS_XP_2091","023","A532","A","20121127","20121203","４：１看護Ｂ加算５：１看護補助"
"12/01/2012 00:00:00","02/17/2013 00:00:00","False","Batch","12/27/2012 13:22:05","BATCH","04/14/2026 00:00:00","PVS_XP_2091","023","A533","A","20121127","20121203","４：１看護加算無し５：１看護補助"
"12/01/2012 00:00:00","02/17/2013 00:00:00","False","Batch","12/27/2012 13:22:05","BATCH","04/14/2026 00:00:00","PVS_XP_2091","023","A539","A","20121127","20121203","４：１看護加算不明５：１看護補助"
"12/01/2012 00:00:00","02/17/2013 00:00:00","False","Batch","12/27/2012 13:22:05","BATCH","04/14/2026 00:00:00","PVS_XP_2091","023","A541","A","20121127","20121203","４：１看護Ａ加算６：１看護補助"
"12/01/2012 00:00:00","02/17/2013 00:00:00","False","Batch","12/27/2012 13:22:05","BATCH","04/14/2026 00:00:00","PVS_XP_2091","023","A542","A","20121127","20121203","４：１看護Ｂ加算６：１看護補助"
"12/01/2012 00:00:00","02/17/2013 00:00:00","False","Batch","12/27/2012 13:22:05","BATCH","04/14/2026 00:00:00","PVS_XP_2091","023","A543","A","20121127","20121203","４：１看護加算無し６：１看護補助"
"12/01/2012 00:00:00","02/17/2013 00:00:00","False","Batch","12/27/2012 13:22:05","BATCH","04/14/2026 00:00:00","PVS_XP_2091","023","A549","A","20121127","20121203","４：１看護加算不明６：１看護補助"
"12/01/2012 00:00:00","02/17/2013 00:00:00","False","Batch","12/27/2012 13:22:05","BATCH","04/14/2026 00:00:00","PVS_XP_2091","023","A551","A","20121127","20121203","４：１看護Ａ加算８：１看護補助"
"12/01/2012 00:00:00","02/17/2013 00:00:00","False","Batch","12/27/2012 13:22:05","BATCH","04/14/2026 00:00:00","PVS_XP_2091","023","A552","A","20121127","20121203","４：１看護Ｂ加算８：１看護補助"
"12/01/2012 00:00:00","02/17/2013 00:00:00","False","Batch","12/27/2012 13:22:05","BATCH","04/14/2026 00:00:00","PVS_XP_2091","023","A553","A","20121127","20121203","４：１看護加算無し８：１看護補助"
"12/01/2012 00:00:00","02/17/2013 00:00:00","False","Batch","12/27/2012 13:22:05","BATCH","04/14/2026 00:00:00","PVS_XP_2091","023","A559","A","20121127","20121203","４：１看護加算不明８：１看護補助"
"12/01/2012 00:00:00","02/17/2013 00:00:00","False","Batch","12/27/2012 13:22:05","BATCH","04/14/2026 00:00:00","PVS_XP_2091","023","A561","A","20121127","20121203","４：１看護Ａ加算１０：１看護補助"
"12/01/2012 00:00:00","02/17/2013 00:00:00","False","Batch","12/27/2012 13:22:05","BATCH","04/14/2026 00:00:00","PVS_XP_2091","023","A562","A","20121127","20121203","４：１看護Ｂ加算１０：１看護補助"
"12/01/2012 00:00:00","02/17/2013 00:00:00","False","Batch","12/27/2012 13:22:05","BATCH","04/14/2026 00:00:00","PVS_XP_2091","023","A563","A","20121127","20121203","４：１看護加算無し１０：１看護補助"
"12/01/2012 00:00:00","02/17/2013 00:00:00","False","Batch","12/27/2012 13:22:05","BATCH","04/14/2026 00:00:00","PVS_XP_2091","023","A569","A","20121127","20121203","４：１看護加算不明１０：１看護補助"
"12/01/2012 00:00:00","02/17/2013 00:00:00","False","Batch","12/27/2012 13:22:05","BATCH","04/14/2026 00:00:00","PVS_XP_2091","023","A571","A","20121127","20121203","４：１看護Ａ加算１３：１看護補助"
"12/01/2012 00:00:00","02/17/2013 00:00:00","False","Batch","12/27/2012 13:22:05","BATCH","04/14/2026 00:00:00","PVS_XP_2091","023","A572","A","20121127","20121203","４：１看護Ｂ加算１３：１看護補助"
"12/01/2012 00:00:00","02/17/2013 00:00:00","False","Batch","12/27/2012 13:22:05","BATCH","04/14/2026 00:00:00","PVS_XP_2091","023","A573","A","20121127","20121203","４：１看護加算無し１３：１看護補助"
"12/01/2012 00:00:00","02/17/2013 00:00:00","False","Batch","12/27/2012 13:22:05","BATCH","04/14/2026 00:00:00","PVS_XP_2091","023","A579","A","20121127","20121203","４：１看護加算不明１３：１看護補助"
"12/01/2012 00:00:00","02/17/2013 00:00:00","False","Batch","12/27/2012 13:22:05","BATCH","04/14/2026 00:00:00","PVS_XP_2091","023","A581","A","20121127","20121203","４：１看護Ａ加算１５：１看護補助"
"12/01/2012 00:00:00","02/17/2013 00:00:00","False","Batch","12/27/2012 13:22:05","BATCH","04/14/2026 00:00:00","PVS_XP_2091","023","A582","A","20121127","20121203","４：１看護Ｂ加算１５：１看護補助"
"12/01/2012 00:00:00","02/17/2013 00:00:00","False","Batch","12/27/2012 13:22:05","BATCH","04/14/2026 00:00:00","PVS_XP_2091","023","A583","A","20121127","20121203","４：１看護加算無し１５：１看護補助"
"12/01/2012 00:00:00","02/17/2013 00:00:00","False","Batch","12/27/2012 13:22:05","BATCH","04/14/2026 00:00:00","PVS_XP_2091","023","A589","A","20121127","20121203","４：１看護加算不明１５：１看護補助"
"12/01/2012 00:00:00","02/17/2013 00:00:00","False","Batch","12/27/2012 13:22:05","BATCH","04/14/2026 00:00:00","PVS_XP_2091","023","A591","A","20121127","20121203","４：１看護Ａ加算１５：１未満看護補助"
"12/01/2012 00:00:00","02/17/2013 00:00:00","False","Batch","12/27/2012 13:22:05","BATCH","04/14/2026 00:00:00","PVS_XP_2091","023","A592","A","20121127","20121203","４：１看護Ｂ加算１５：１未満看護補助"
"12/01/2012 00:00:00","02/17/2013 00:00:00","False","Batch","12/27/2012 13:22:05","BATCH","04/14/2026 00:00:00","PVS_XP_2091","023","A593","A","20121127","20121203","４：１看護加算無し１５：１未満看護補助"
"12/01/2012 00:00:00","02/17/2013 00:00:00","False","Batch","12/27/2012 13:22:05","BATCH","04/14/2026 00:00:00","PVS_XP_2091","023","A599","A","20121127","20121203","４：１看護加算不明１５：１未満看護補助"
"12/01/2012 00:00:00","02/17/2013 00:00:00","False","Batch","12/27/2012 13:22:05","BATCH","04/14/2026 00:00:00","PVS_XP_2091","023","A6 1","A","20121127","20121203","５：１看護Ａ加算看護補助不明"
"12/01/2012 00:00:00","02/17/2013 00:00:00","False","Batch","12/27/2012 13:22:05","BATCH","04/14/2026 00:00:00","PVS_XP_2091","023","A6 2","A","20121127","20121203","５：１看護Ｂ加算看護補助不明"
"12/01/2012 00:00:00","02/17/2013 00:00:00","False","Batch","12/27/2012 13:22:05","BATCH","04/14/2026 00:00:00","PVS_XP_2091","023","A6 3","A","20121127","20121203","５：１看護加算無し看護補助不明"
"12/01/2012 00:00:00","02/17/2013 00:00:00","False","Batch","12/27/2012 13:22:05","BATCH","04/14/2026 00:00:00","PVS_XP_2091","023","A6 9","A","20121127","20121203","５：１看護加算不明看護補助不明"
"12/01/2012 00:00:00","02/17/2013 00:00:00","False","Batch","12/27/2012 13:22:05","BATCH","04/14/2026 00:00:00","PVS_XP_2091","023","A611","A","20121127","20121203","５：１看護Ａ加算３：１看護補助"
"12/01/2012 00:00:00","02/17/2013 00:00:00","False","Batch","12/27/2012 13:22:05","BATCH","04/14/2026 00:00:00","PVS_XP_2091","023","A612","A","20121127","20121203","５：１看護Ｂ加算３：１看護補助"
"12/01/2012 00:00:00","02/17/2013 00:00:00","False","Batch","12/27/2012 13:22:05","BATCH","04/14/2026 00:00:00","PVS_XP_2091","023","A613","A","20121127","20121203","５：１看護加算無し３：１看護補助"
"12/01/2012 00:00:00","02/17/2013 00:00:00","False","Batch","12/27/2012 13:22:05","BATCH","04/14/2026 00:00:00","PVS_XP_2091","023","A619","A","20121127","20121203","５：１看護加算不明３：１看護補助"
"12/01/2012 00:00:00","02/17/2013 00:00:00","False","Batch","12/27/2012 13:22:05","BATCH","04/14/2026 00:00:00","PVS_XP_2091","023","A621","A","20121127","20121203","５：１看護Ａ加算４：１看護補助"
"12/01/2012 00:00:00","02/17/2013 00:00:00","False","Batch","12/27/2012 13:22:05","BATCH","04/14/2026 00:00:00","PVS_XP_2091","023","A622","A","20121127","20121203","５：１看護Ｂ加算４：１看護補助"
"12/01/2012 00:00:00","02/17/2013 00:00:00","False","Batch","12/27/2012 13:22:05","BATCH","04/14/2026 00:00:00","PVS_XP_2091","023","A623","A","20121127","20121203","５：１看護加算無し４：１看護補助"
"12/01/2012 00:00:00","02/17/2013 00:00:00","False","Batch","12/27/2012 13:22:05","BATCH","04/14/2026 00:00:00","PVS_XP_2091","023","A629","A","20121127","20121203","５：１看護加算不明４：１看護補助"
"12/01/2012 00:00:00","02/17/2013 00:00:00","False","Batch","12/27/2012 13:22:05","BATCH","04/14/2026 00:00:00","PVS_XP_2091","023","A631","A","20121127","20121203","５：１看護Ａ加算５：１看護補助"
"12/01/2012 00:00:00","02/17/2013 00:00:00","False","Batch","12/27/2012 13:22:05","BATCH","04/14/2026 00:00:00","PVS_XP_2091","023","A632","A","20121127","20121203","５：１看護Ｂ加算５：１看護補助"
"12/01/2012 00:00:00","02/17/2013 00:00:00","False","Batch","12/27/2012 13:22:05","BATCH","04/14/2026 00:00:00","PVS_XP_2091","023","A633","A","20121127","20121203","５：１看護加算無し５：１看護補助"
"12/01/2012 00:00:00","02/17/2013 00:00:00","False","Batch","12/27/2012 13:22:05","BATCH","04/14/2026 00:00:00","PVS_XP_2091","023","A639","A","20121127","20121203","５：１看護加算不明５：１看護補助"
"12/01/2012 00:00:00","02/17/2013 00:00:00","False","Batch","12/27/2012 13:22:05","BATCH","04/14/2026 00:00:00","PVS_XP_2091","023","A641","A","20121127","20121203","５：１看護Ａ加算６：１看護補助"
"12/01/2012 00:00:00","02/17/2013 00:00:00","False","Batch","12/27/2012 13:22:05","BATCH","04/14/2026 00:00:00","PVS_XP_2091","023","A642","A","20121127","20121203","５：１看護Ｂ加算６：１看護補助"
"12/01/2012 00:00:00","02/17/2013 00:00:00","False","Batch","12/27/2012 13:22:05","BATCH","04/14/2026 00:00:00","PVS_XP_2091","023","A643","A","20121127","20121203","５：１看護加算無し６：１看護補助"
"12/01/2012 00:00:00","02/17/2013 00:00:00","False","Batch","12/27/2012 13:22:05","BATCH","04/14/2026 00:00:00","PVS_XP_2091","023","A649","A","20121127","20121203","５：１看護加算不明６：１看護補助"
"12/01/2012 00:00:00","02/17/2013 00:00:00","False","Batch","12/27/2012 13:22:05","BATCH","04/14/2026 00:00:00","PVS_XP_2091","023","A651","A","20121127","20121203","５：１看護Ａ加算８：１看護補助"
"12/01/2012 00:00:00","02/17/2013 00:00:00","False","Batch","12/27/2012 13:22:05","BATCH","04/14/2026 00:00:00","PVS_XP_2091","023","A652","A","20121127","20121203","５：１看護Ｂ加算８：１看護補助"
"12/01/2012 00:00:00","02/17/2013 00:00:00","False","Batch","12/27/2012 13:22:05","BATCH","04/14/2026 00:00:00","PVS_XP_2091","023","A653","A","20121127","20121203","５：１看護加算無し８：１看護補助"
"12/01/2012 00:00:00","02/17/2013 00:00:00","False","Batch","12/27/2012 13:22:05","BATCH","04/14/2026 00:00:00","PVS_XP_2091","023","A659","A","20121127","20121203","５：１看護加算不明８：１看護補助"
"12/01/2012 00:00:00","02/17/2013 00:00:00","False","Batch","12/27/2012 13:22:05","BATCH","04/14/2026 00:00:00","PVS_XP_2091","023","A661","A","20121127","20121203","５：１看護Ａ加算１０：１看護補助"
"12/01/2012 00:00:00","02/17/2013 00:00:00","False","Batch","12/27/2012 13:22:05","BATCH","04/14/2026 00:00:00","PVS_XP_2091","023","A662","A","20121127","20121203","５：１看護Ｂ加算１０：１看護補助"
"12/01/2012 00:00:00","02/17/2013 00:00:00","False","Batch","12/27/2012 13:22:05","BATCH","04/14/2026 00:00:00","PVS_XP_2091","023","A663","A","20121127","20121203","５：１看護加算無し１０：１看護補助"
"12/01/2012 00:00:00","02/17/2013 00:00:00","False","Batch","12/27/2012 13:22:05","BATCH","04/14/2026 00:00:00","PVS_XP_2091","023","A669","A","20121127","20121203","５：１看護加算不明１０：１看護補助"
"12/01/2012 00:00:00","02/17/2013 00:00:00","False","Batch","12/27/2012 13:22:05","BATCH","04/14/2026 00:00:00","PVS_XP_2091","023","A671","A","20121127","20121203","５：１看護Ａ加算１３：１看護補助"
"12/01/2012 00:00:00","02/17/2013 00:00:00","False","Batch","12/27/2012 13:22:05","BATCH","04/14/2026 00:00:00","PVS_XP_2091","023","A672","A","20121127","20121203","５：１看護Ｂ加算１３：１看護補助"
"12/01/2012 00:00:00","02/17/2013 00:00:00","False","Batch","12/27/2012 13:22:05","BATCH","04/14/2026 00:00:00","PVS_XP_2091","023","A673","A","20121127","20121203","５：１看護加算無し１３：１看護補助"
"12/01/2012 00:00:00","02/17/2013 00:00:00","False","Batch","12/27/2012 13:22:05","BATCH","04/14/2026 00:00:00","PVS_XP_2091","023","A679","A","20121127","20121203","５：１看護加算不明１３：１看護補助"
"12/01/2012 00:00:00","02/17/2013 00:00:00","False","Batch","12/27/2012 13:22:05","BATCH","04/14/2026 00:00:00","PVS_XP_2091","023","A681","A","20121127","20121203","５：１看護Ａ加算１５：１看護補助"
"12/01/2012 00:00:00","02/17/2013 00:00:00","False","Batch","12/27/2012 13:22:05","BATCH","04/14/2026 00:00:00","PVS_XP_2091","023","A682","A","20121127","20121203","５：１看護Ｂ加算１５：１看護補助"
"12/01/2012 00:00:00","02/17/2013 00:00:00","False","Batch","12/27/2012 13:22:05","BATCH","04/14/2026 00:00:00","PVS_XP_2091","023","A683","A","20121127","20121203","５：１看護加算無し１５：１看護補助"
"12/01/2012 00:00:00","02/17/2013 00:00:00","False","Batch","12/27/2012 13:22:05","BATCH","04/14/2026 00:00:00","PVS_XP_2091","023","A689","A","20121127","20121203","５：１看護加算不明１５：１看護補助"
"12/01/2012 00:00:00","02/17/2013 00:00:00","False","Batch","12/27/2012 13:22:05","BATCH","04/14/2026 00:00:00","PVS_XP_2091","023","A691","A","20121127","20121203","５：１看護Ａ加算１５：１未満看護補助"
"12/01/2012 00:00:00","02/17/2013 00:00:00","False","Batch","12/27/2012 13:22:05","BATCH","04/14/2026 00:00:00","PVS_XP_2091","023","A692","A","20121127","20121203","５：１看護Ｂ加算１５：１未満看護補助"
"12/01/2012 00:00:00","02/17/2013 00:00:00","False","Batch","12/27/2012 13:22:05","BATCH","04/14/2026 00:00:00","PVS_XP_2091","023","A693","A","20121127","20121203","５：１看護加算無し１５：１未満看護補助"
"12/01/2012 00:00:00","02/17/2013 00:00:00","False","Batch","12/27/2012 13:22:05","BATCH","04/14/2026 00:00:00","PVS_XP_2091","023","A699","A","20121127","20121203","５：１看護加算不明１５：１未満看護補助"
"12/01/2012 00:00:00","02/17/2013 00:00:00","False","Batch","12/27/2012 13:22:05","BATCH","04/14/2026 00:00:00","PVS_XP_2091","023","A7 1","A","20121127","20121203","６：１看護Ａ加算看護補助不明"
"12/01/2012 00:00:00","02/17/2013 00:00:00","False","Batch","12/27/2012 13:22:05","BATCH","04/14/2026 00:00:00","PVS_XP_2091","023","A7 2","A","20121127","20121203","６：１看護Ｂ加算看護補助不明"
"12/01/2012 00:00:00","02/17/2013 00:00:00","False","Batch","12/27/2012 13:22:05","BATCH","04/14/2026 00:00:00","PVS_XP_2091","023","A7 3","A","20121127","20121203","６：１看護加算無し看護補助不明"
"12/01/2012 00:00:00","02/17/2013 00:00:00","False","Batch","12/27/2012 13:22:05","BATCH","04/14/2026 00:00:00","PVS_XP_2091","023","A7 9","A","20121127","20121203","６：１看護加算不明看護補助不明"
"12/01/2012 00:00:00","02/17/2013 00:00:00","False","Batch","12/27/2012 13:22:05","BATCH","04/14/2026 00:00:00","PVS_XP_2091","023","A711","A","20121127","20121203","６：１看護Ａ加算３：１看護補助"
"12/01/2012 00:00:00","02/17/2013 00:00:00","False","Batch","12/27/2012 13:22:05","BATCH","04/14/2026 00:00:00","PVS_XP_2091","023","A712","A","20121127","20121203","６：１看護Ｂ加算３：１看護補助"
"12/01/2012 00:00:00","02/17/2013 00:00:00","False","Batch","12/27/2012 13:22:05","BATCH","04/14/2026 00:00:00","PVS_XP_2091","023","A713","A","20121127","20121203","６：１看護加算無し３：１看護補助"
"12/01/2012 00:00:00","02/17/2013 00:00:00","False","Batch","12/27/2012 13:22:05","BATCH","04/14/2026 00:00:00","PVS_XP_2091","023","A719","A","20121127","20121203","６：１看護加算不明３：１看護補助"
"12/01/2012 00:00:00","02/17/2013 00:00:00","False","Batch","12/27/2012 13:22:05","BATCH","04/14/2026 00:00:00","PVS_XP_2091","023","A721","A","20121127","20121203","６：１看護Ａ加算４：１看護補助"
"12/01/2012 00:00:00","02/17/2013 00:00:00","False","Batch","12/27/2012 13:22:05","BATCH","04/14/2026 00:00:00","PVS_XP_2091","023","A722","A","20121127","20121203","６：１看護Ｂ加算４：１看護補助"
"12/01/2012 00:00:00","02/17/2013 00:00:00","False","Batch","12/27/2012 13:22:05","BATCH","04/14/2026 00:00:00","PVS_XP_2091","023","A723","A","20121127","20121203","６：１看護加算無し４：１看護補助"
"12/01/2012 00:00:00","02/17/2013 00:00:00","False","Batch","12/27/2012 13:22:05","BATCH","04/14/2026 00:00:00","PVS_XP_2091","023","A729","A","20121127","20121203","６：１看護加算不明４：１看護補助"
"12/01/2012 00:00:00","02/17/2013 00:00:00","False","Batch","12/27/2012 13:22:05","BATCH","04/14/2026 00:00:00","PVS_XP_2091","023","A731","A","20121127","20121203","６：１看護Ａ加算５：１看護補助"
"12/01/2012 00:00:00","02/17/2013 00:00:00","False","Batch","12/27/2012 13:22:05","BATCH","04/14/2026 00:00:00","PVS_XP_2091","023","A732","A","20121127","20121203","６：１看護Ｂ加算５：１看護補助"
"12/01/2012 00:00:00","02/17/2013 00:00:00","False","Batch","12/27/2012 13:22:05","BATCH","04/14/2026 00:00:00","PVS_XP_2091","023","A733","A","20121127","20121203","６：１看護加算無し５：１看護補助"
"12/01/2012 00:00:00","02/17/2013 00:00:00","False","Batch","12/27/2012 13:22:05","BATCH","04/14/2026 00:00:00","PVS_XP_2091","023","A739","A","20121127","20121203","６：１看護加算不明５：１看護補助"
"12/01/2012 00:00:00","02/17/2013 00:00:00","False","Batch","12/27/2012 13:22:05","BATCH","04/14/2026 00:00:00","PVS_XP_2091","023","A741","A","20121127","20121203","６：１看護Ａ加算６：１看護補助"
"12/01/2012 00:00:00","02/17/2013 00:00:00","False","Batch","12/27/2012 13:22:05","BATCH","04/14/2026 00:00:00","PVS_XP_2091","023","A742","A","20121127","20121203","６：１看護Ｂ加算６：１看護補助"
"12/01/2012 00:00:00","02/17/2013 00:00:00","False","Batch","12/27/2012 13:22:05","BATCH","04/14/2026 00:00:00","PVS_XP_2091","023","A743","A","20121127","20121203","６：１看護加算無し６：１看護補助"
"12/01/2012 00:00:00","02/17/2013 00:00:00","False","Batch","12/27/2012 13:22:05","BATCH","04/14/2026 00:00:00","PVS_XP_2091","023","A749","A","20121127","20121203","６：１看護加算不明６：１看護補助"
"12/01/2012 00:00:00","02/17/2013 00:00:00","False","Batch","12/27/2012 13:22:05","BATCH","04/14/2026 00:00:00","PVS_XP_2091","023","A751","A","20121127","20121203","６：１看護Ａ加算８：１看護補助"
"12/01/2012 00:00:00","02/17/2013 00:00:00","False","Batch","12/27/2012 13:22:05","BATCH","04/14/2026 00:00:00","PVS_XP_2091","023","A752","A","20121127","20121203","６：１看護Ｂ加算８：１看護補助"
"12/01/2012 00:00:00","02/17/2013 00:00:00","False","Batch","12/27/2012 13:22:05","BATCH","04/14/2026 00:00:00","PVS_XP_2091","023","A753","A","20121127","20121203","６：１看護加算無し８：１看護補助"
"12/01/2012 00:00:00","02/17/2013 00:00:00","False","Batch","12/27/2012 13:22:05","BATCH","04/14/2026 00:00:00","PVS_XP_2091","023","A759","A","20121127","20121203","６：１看護加算不明８：１看護補助"
"12/01/2012 00:00:00","02/17/2013 00:00:00","False","Batch","12/27/2012 13:22:05","BATCH","04/14/2026 00:00:00","PVS_XP_2091","023","A761","A","20121127","20121203","６：１看護Ａ加算１０：１看護補助"
"12/01/2012 00:00:00","02/17/2013 00:00:00","False","Batch","12/27/2012 13:22:05","BATCH","04/14/2026 00:00:00","PVS_XP_2091","023","A762","A","20121127","20121203","６：１看護Ｂ加算１０：１看護補助"
"12/01/2012 00:00:00","02/17/2013 00:00:00","False","Batch","12/27/2012 13:22:05","BATCH","04/14/2026 00:00:00","PVS_XP_2091","023","A763","A","20121127","20121203","６：１看護加算無し１０：１看護補助"
"12/01/2012 00:00:00","02/17/2013 00:00:00","False","Batch","12/27/2012 13:22:05","BATCH","04/14/2026 00:00:00","PVS_XP_2091","023","A769","A","20121127","20121203","６：１看護加算不明１０：１看護補助"
"12/01/2012 00:00:00","02/17/2013 00:00:00","False","Batch","12/27/2012 13:22:05","BATCH","04/14/2026 00:00:00","PVS_XP_2091","023","A771","A","20121127","20121203","６：１看護Ａ加算１３：１看護補助"
"12/01/2012 00:00:00","02/17/2013 00:00:00","False","Batch","12/27/2012 13:22:05","BATCH","04/14/2026 00:00:00","PVS_XP_2091","023","A772","A","20121127","20121203","６：１看護Ｂ加算１３：１看護補助"
"12/01/2012 00:00:00","02/17/2013 00:00:00","False","Batch","12/27/2012 13:22:05","BATCH","04/14/2026 00:00:00","PVS_XP_2091","023","A773","A","20121127","20121203","６：１看護加算無し１３：１看護補助"
"12/01/2012 00:00:00","02/17/2013 00:00:00","False","Batch","12/27/2012 13:22:05","BATCH","04/14/2026 00:00:00","PVS_XP_2091","023","A779","A","20121127","20121203","６：１看護加算不明１３：１看護補助"
"12/01/2012 00:00:00","02/17/2013 00:00:00","False","Batch","12/27/2012 13:22:05","BATCH","04/14/2026 00:00:00","PVS_XP_2091","023","A781","A","20121127","20121203","６：１看護Ａ加算１５：１看護"
"12/01/2012 00:00:00","02/17/2013 00:00:00","False","Batch","12/27/2012 13:22:05","BATCH","04/14/2026 00:00:00","PVS_XP_2091","023","A782","A","20121127","20121203","６：１看護Ｂ加算１５：１看護補助"
"12/01/2012 00:00:00","02/17/2013 00:00:00","False","Batch","12/27/2012 13:22:05","BATCH","04/14/2026 00:00:00","PVS_XP_2091","023","A783","A","20121127","20121203","６：１看護加算無し１５：１看護補助"
"12/01/2012 00:00:00","02/17/2013 00:00:00","False","Batch","12/27/2012 13:22:05","BATCH","04/14/2026 00:00:00","PVS_XP_2091","023","A789","A","20121127","20121203","６：１看護加算不明１５：１看護補助"
"12/01/2012 00:00:00","02/17/2013 00:00:00","False","Batch","12/27/2012 13:22:05","BATCH","04/14/2026 00:00:00","PVS_XP_2091","023","A791","A","20121127","20121203","６：１看護Ａ加算１５：１未満看護補助"
"12/01/2012 00:00:00","02/17/2013 00:00:00","False","Batch","12/27/2012 13:22:05","BATCH","04/14/2026 00:00:00","PVS_XP_2091","023","A792","A","20121127","20121203","６：１看護Ｂ加算１５：１未満看護補助"
"12/01/2012 00:00:00","02/17/2013 00:00:00","False","Batch","12/27/2012 13:22:05","BATCH","04/14/2026 00:00:00","PVS_XP_2091","023","A793","A","20121127","20121203","６：１看護加算無し１５：１未満看護補助"
"12/01/2012 00:00:00","02/17/2013 00:00:00","False","Batch","12/27/2012 13:22:05","BATCH","04/14/2026 00:00:00","PVS_XP_2091","023","A799","A","20121127","20121203","６：１看護加算不明１５：１未満看護補助"
"12/01/2012 00:00:00","02/17/2013 00:00:00","False","Batch","12/27/2012 13:22:05","BATCH","04/14/2026 00:00:00","PVS_XP_2091","023","A999","A","20121127","20121203","新看護種別不明"
"12/01/2012 00:00:00","02/17/2013 00:00:00","False","Batch","12/27/2012 13:22:05","BATCH","04/14/2026 00:00:00","PVS_XP_2091","023","B110","A","20121127","20121203","特３類看護"
"12/01/2012 00:00:00","02/17/2013 00:00:00","False","Batch","12/27/2012 13:22:05","BATCH","04/14/2026 00:00:00","PVS_XP_2091","023","B120","A","20121127","20121203","特２類看護"
"12/01/2012 00:00:00","02/17/2013 00:00:00","False","Batch","12/27/2012 13:22:05","BATCH","04/14/2026 00:00:00","PVS_XP_2091","023","B131","A","20121127","20121203","特１類看護（Ⅰ）"
"12/01/2012 00:00:00","02/17/2013 00:00:00","False","Batch","12/27/2012 13:22:05","BATCH","04/14/2026 00:00:00","PVS_XP_2091","023","B132","A","20121127","20121203","特１類看護（Ⅱ）"
"12/01/2012 00:00:00","02/17/2013 00:00:00","False","Batch","12/27/2012 13:22:05","BATCH","04/14/2026 00:00:00","PVS_XP_2091","023","B139","A","20121127","20121203","特１類看護種別不明"
"12/01/2012 00:00:00","02/17/2013 00:00:00","False","Batch","12/27/2012 13:22:05","BATCH","04/14/2026 00:00:00","PVS_XP_2091","023","B199","A","20121127","20121203","特類看護種別不明"
"12/01/2012 00:00:00","02/17/2013 00:00:00","False","Batch","12/27/2012 13:22:05","BATCH","04/14/2026 00:00:00","PVS_XP_2091","023","B201","A","20121127","20121203","基本看護（Ⅰ）"
"12/01/2012 00:00:00","02/17/2013 00:00:00","False","Batch","12/27/2012 13:22:05","BATCH","04/14/2026 00:00:00","PVS_XP_2091","023","B202","A","20121127","20121203","基本看護（Ⅱ）"
"12/01/2012 00:00:00","02/17/2013 00:00:00","False","Batch","12/27/2012 13:22:05","BATCH","04/14/2026 00:00:00","PVS_XP_2091","023","B299","A","20121127","20121203","基本看護種別不明"
"12/01/2012 00:00:00","02/17/2013 00:00:00","False","Batch","12/27/2012 13:22:05","BATCH","04/14/2026 00:00:00","PVS_XP_2091","023","B411","A","20121127","20121203","特殊疾患病棟入院料（１）"
"12/01/2012 00:00:00","02/17/2013 00:00:00","False","Batch","12/27/2012 13:22:05","BATCH","04/14/2026 00:00:00","PVS_XP_2091","023","B412","A","20121127","20121203","特殊疾患病棟入院料（２）"
"12/01/2012 00:00:00","02/17/2013 00:00:00","False","Batch","12/27/2012 13:22:05","BATCH","04/14/2026 00:00:00","PVS_XP_2091","023","B413","A","20121127","20121203","特殊疾患入院医療管理料"
"12/01/2012 00:00:00","02/17/2013 00:00:00","False","Batch","12/27/2012 13:22:05","BATCH","04/14/2026 00:00:00","PVS_XP_2091","023","B419","A","20121127","20121203","特殊疾患病棟入院料種別不明"
"12/01/2012 00:00:00","02/17/2013 00:00:00","False","Batch","12/27/2012 13:22:05","BATCH","04/14/2026 00:00:00","PVS_XP_2091","023","B421","A","20121127","20121203","老人長期入院医療管理料"
"12/01/2012 00:00:00","02/17/2013 00:00:00","False","Batch","12/27/2012 13:22:05","BATCH","04/14/2026 00:00:00","PVS_XP_2091","023","B431","A","20121127","20121203","老人一般病棟入院医療管理料"
"12/01/2012 00:00:00","02/17/2013 00:00:00","False","Batch","12/27/2012 13:22:05","BATCH","04/14/2026 00:00:00","PVS_XP_2091","023","B432","A","20121127","20121203","老人一般病棟入院医療管理料２"
"12/01/2012 00:00:00","02/17/2013 00:00:00","False","Batch","12/27/2012 13:22:05","BATCH","04/14/2026 00:00:00","PVS_XP_2091","023","B439","A","20121127","20121203","老人一般病棟入院医療管理料種別不明"
"12/01/2012 00:00:00","02/17/2013 00:00:00","False","Batch","12/27/2012 13:22:05","BATCH","04/14/2026 00:00:00","PVS_XP_2091","023","B441","A","20121127","20121203","回復期リハビリテーション病棟入院料３"
"12/01/2012 00:00:00","02/17/2013 00:00:00","False","Batch","12/27/2012 13:22:05","BATCH","04/14/2026 00:00:00","PVS_XP_2091","023","B442","A","20121127","20121203","亜急性期入院医療管理料１"
"12/01/2012 00:00:00","02/17/2013 00:00:00","False","Batch","12/27/2012 13:22:05","BATCH","04/14/2026 00:00:00","PVS_XP_2091","023","B443","A","20121127","20121203","回復期リハビリテーション病棟入院料２"
"12/01/2012 00:00:00","02/17/2013 00:00:00","False","Batch","12/27/2012 13:22:05","BATCH","04/14/2026 00:00:00","PVS_XP_2091","023","B444","A","20121127","20121203","亜急性期入院医療管理料２"
"12/01/2012 00:00:00","02/17/2013 00:00:00","False","Batch","12/27/2012 13:22:05","BATCH","04/14/2026 00:00:00","PVS_XP_2091","023","B445","A","20121127","20121203","回復期リハビリテーション病棟入院料１"
"12/01/2012 00:00:00","02/17/2013 00:00:00","False","Batch","12/27/2012 13:22:05","BATCH","04/14/2026 00:00:00","PVS_XP_2091","023","B446","A","20121127","20121203","亜急性期入院医療管理料"
"12/01/2012 00:00:00","02/17/2013 00:00:00","False","Batch","12/27/2012 13:22:05","BATCH","04/14/2026 00:00:00","PVS_XP_2091","023","B451","A","20121127","20121203","小児入院医療管理料"
"12/01/2012 00:00:00","02/17/2013 00:00:00","False","Batch","12/27/2012 13:22:05","BATCH","04/14/2026 00:00:00","PVS_XP_2091","023","B461","A","20121127","20121203","一類感染症患者入院医療管理料"
"12/01/2012 00:00:00","02/17/2013 00:00:00","False","Batch","12/27/2012 13:22:05","BATCH","04/14/2026 00:00:00","PVS_XP_2091","023","B471","A","20121127","20121203","救命救急入院料"
"12/01/2012 00:00:00","02/17/2013 00:00:00","False","Batch","12/27/2012 13:22:05","BATCH","04/14/2026 00:00:00","PVS_XP_2091","023","B472","A","20121127","20121203","特定集中治療室管理料"
"12/01/2012 00:00:00","02/17/2013 00:00:00","False","Batch","12/27/2012 13:22:05","BATCH","04/14/2026 00:00:00","PVS_XP_2091","023","B473","A","20121127","20121203","新生児特定集中治療室管理料"
"12/01/2012 00:00:00","02/17/2013 00:00:00","False","Batch","12/27/2012 13:22:05","BATCH","04/14/2026 00:00:00","PVS_XP_2091","023","B474","A","20121127","20121203","総合周産期特定集中治療室管理料"
"12/01/2012 00:00:00","02/17/2013 00:00:00","False","Batch","12/27/2012 13:22:05","BATCH","04/14/2026 00:00:00","PVS_XP_2091","023","B475","A","20121127","20121203","広範囲熱傷特定集中治療室管理料"
"12/01/2012 00:00:00","02/17/2013 00:00:00","False","Batch","12/27/2012 13:22:05","BATCH","04/14/2026 00:00:00","PVS_XP_2091","023","B476","A","20121127","20121203","緩和ケア病棟入院料"
"12/01/2012 00:00:00","02/17/2013 00:00:00","False","Batch","12/27/2012 13:22:05","BATCH","04/14/2026 00:00:00","PVS_XP_2091","023","B477","A","20121127","20121203","人間ドック"
"12/01/2012 00:00:00","02/17/2013 00:00:00","False","Batch","12/27/2012 13:22:05","BATCH","04/14/2026 00:00:00","PVS_XP_2091","023","B478","A","20121127","20121203","ハイケアユニット入院医療管理料"
"12/01/2012 00:00:00","02/17/2013 00:00:00","False","Batch","12/27/2012 13:22:05","BATCH","04/14/2026 00:00:00","PVS_XP_2091","023","B479","A","20121127","20121203","脳卒中ケアユニット入院医療管理料"
"12/01/2012 00:00:00","02/17/2013 00:00:00","False","Batch","12/27/2012 13:22:05","BATCH","04/14/2026 00:00:00","PVS_XP_2091","023","B480","A","20121127","20121203","小児特定集中治療室管理料"
"12/01/2012 00:00:00","02/17/2013 00:00:00","False","Batch","12/27/2012 13:22:05","BATCH","04/14/2026 00:00:00","PVS_XP_2091","023","B610","A","20121127","20121203","その他１種看護"
"12/01/2012 00:00:00","02/17/2013 00:00:00","False","Batch","12/27/2012 13:22:05","BATCH","04/14/2026 00:00:00","PVS_XP_2091","023","B620","A","20121127","20121203","その他２種看護"
"12/01/2012 00:00:00","02/17/2013 00:00:00","False","Batch","12/27/2012 13:22:05","BATCH","04/14/2026 00:00:00","PVS_XP_2091","023","B630","A","20121127","20121203","その他３種看護"
"12/01/2012 00:00:00","02/17/2013 00:00:00","False","Batch","12/27/2012 13:22:05","BATCH","04/14/2026 00:00:00","PVS_XP_2091","023","B699","A","20121127","20121203","その他看護種別不明"
"12/01/2012 00:00:00","02/17/2013 00:00:00","False","Batch","12/27/2012 13:22:05","BATCH","04/14/2026 00:00:00","PVS_XP_2091","023","B999","A","20121127","20121203","一般病棟種別不明"
"12/01/2012 00:00:00","02/17/2013 00:00:00","False","Batch","12/27/2012 13:22:05","BATCH","04/14/2026 00:00:00","PVS_XP_2091","023","C001","A","20121127","20121203","一般病棟７対１入院基本料"
"12/01/2012 00:00:00","02/17/2013 00:00:00","False","Batch","12/27/2012 13:22:05","BATCH","04/14/2026 00:00:00","PVS_XP_2091","023","C002","A","20121127","20121203","一般病棟１０対１入院基本料"
"12/01/2012 00:00:00","02/17/2013 00:00:00","False","Batch","12/27/2012 13:22:05","BATCH","04/14/2026 00:00:00","PVS_XP_2091","023","C003","A","20121127","20121203","一般病棟１３対１入院基本料"
"12/01/2012 00:00:00","02/17/2013 00:00:00","False","Batch","12/27/2012 13:22:05","BATCH","04/14/2026 00:00:00","PVS_XP_2091","023","C004","A","20121127","20121203","一般病棟１３対１入院基本料　５０：１看護補助"
"12/01/2012 00:00:00","02/17/2013 00:00:00","False","Batch","12/27/2012 13:22:05","BATCH","04/14/2026 00:00:00","PVS_XP_2091","023","C005","A","20121127","20121203","一般病棟１３対１入院基本料　７５：１看護補助"
"12/01/2012 00:00:00","02/17/2013 00:00:00","False","Batch","12/27/2012 13:22:05","BATCH","04/14/2026 00:00:00","PVS_XP_2091","023","C006","A","20121127","20121203","一般病棟１５対１入院基本料　加算"
"12/01/2012 00:00:00","02/17/2013 00:00:00","False","Batch","12/27/2012 13:22:05","BATCH","04/14/2026 00:00:00","PVS_XP_2091","023","C007","A","20121127","20121203","一般病棟１５対１入院基本料"
"12/01/2012 00:00:00","02/17/2013 00:00:00","False","Batch","12/27/2012 13:22:05","BATCH","04/14/2026 00:00:00","PVS_XP_2091","023","C008","A","20121127","20121203","一般病棟１５対１入院基本料　３０：１看護補助　加算"
"12/01/2012 00:00:00","02/17/2013 00:00:00","False","Batch","12/27/2012 13:22:05","BATCH","04/14/2026 00:00:00","PVS_XP_2091","023","C009","A","20121127","20121203","一般病棟１５対１入院基本料　３０：１看護補助"
"12/01/2012 00:00:00","02/17/2013 00:00:00","False","Batch","12/27/2012 13:22:05","BATCH","04/14/2026 00:00:00","PVS_XP_2091","023","C010","A","20121127","20121203","一般病棟１５対１入院基本料　５０：１看護補助　加算"
"12/01/2012 00:00:00","02/17/2013 00:00:00","False","Batch","12/27/2012 13:22:05","BATCH","04/14/2026 00:00:00","PVS_XP_2091","023","C011","A","20121127","20121203","一般病棟１５対１入院基本料　５０：１看護補助"
"12/01/2012 00:00:00","02/17/2013 00:00:00","False","Batch","12/27/2012 13:22:05","BATCH","04/14/2026 00:00:00","PVS_XP_2091","023","C012","A","20121127","20121203","一般病棟１５対１入院基本料　７５：１看護補助　加算"
"12/01/2012 00:00:00","02/17/2013 00:00:00","False","Batch","12/27/2012 13:22:05","BATCH","04/14/2026 00:00:00","PVS_XP_2091","023","C013","A","20121127","20121203","一般病棟１５対１入院基本料　７５：１看護補助"
"12/01/2012 00:00:00","02/17/2013 00:00:00","False","Batch","12/27/2012 13:22:05","BATCH","04/14/2026 00:00:00","PVS_XP_2091","023","C014","A","20121127","20121203","一般病棟準７対１入院基本料"
"12/01/2012 00:00:00","02/17/2013 00:00:00","False","Batch","12/27/2012 13:22:05","BATCH","04/14/2026 00:00:00","PVS_XP_2091","023","C015","A","20121127","20121203","一般病棟１０対１入院基本料　５０：１看護補助"
"12/01/2012 00:00:00","02/17/2013 00:00:00","False","Batch","12/27/2012 13:22:05","BATCH","04/14/2026 00:00:00","PVS_XP_2091","023","C016","A","20121127","20121203","一般病棟１０対１入院基本料　７５：１看護補助"
"12/01/2012 00:00:00","02/17/2013 00:00:00","False","Batch","12/27/2012 13:22:05","BATCH","04/14/2026 00:00:00","PVS_XP_2091","023","C017","A","20121127","20121203","特定一般病棟入院料１３対１"
"12/01/2012 00:00:00","02/17/2013 00:00:00","False","Batch","12/27/2012 13:22:05","BATCH","04/14/2026 00:00:00","PVS_XP_2091","023","C018","A","20121127","20121203","特定一般病棟入院料１５対１"
"12/01/2012 00:00:00","02/17/2013 00:00:00","False","Batch","12/27/2012 13:22:05","BATCH","04/14/2026 00:00:00","PVS_XP_2091","023","C101","A","20121127","20121203","一般病棟Ⅰ群入院基本料１"
"12/01/2012 00:00:00","02/17/2013 00:00:00","False","Batch","12/27/2012 13:22:05","BATCH","04/14/2026 00:00:00","PVS_XP_2091","023","C102","A","20121127","20121203","一般病棟Ⅰ群入院基本料１　減算"
"12/01/2012 00:00:00","02/17/2013 00:00:00","False","Batch","12/27/2012 13:22:05","BATCH","04/14/2026 00:00:00","PVS_XP_2091","023","C201","A","20121127","20121203","一般病棟Ⅰ群入院基本料２"
"12/01/2012 00:00:00","02/17/2013 00:00:00","False","Batch","12/27/2012 13:22:05","BATCH","04/14/2026 00:00:00","PVS_XP_2091","023","C202","A","20121127","20121203","一般病棟Ⅰ群入院基本料２　減算"
"12/01/2012 00:00:00","02/17/2013 00:00:00","False","Batch","12/27/2012 13:22:05","BATCH","04/14/2026 00:00:00","PVS_XP_2091","023","C261","A","20121127","20121203","一般病棟Ⅰ群入院基本料２　１０：１看護補助"
"12/01/2012 00:00:00","02/17/2013 00:00:00","False","Batch","12/27/2012 13:22:05","BATCH","04/14/2026 00:00:00","PVS_XP_2091","023","C262","A","20121127","20121203","一般病棟Ⅰ群入院基本料２　１０：１看護補助　減算"
"12/01/2012 00:00:00","02/17/2013 00:00:00","False","Batch","12/27/2012 13:22:05","BATCH","04/14/2026 00:00:00","PVS_XP_2091","023","C281","A","20121127","20121203","一般病棟Ⅰ群入院基本料２　１５：１看護補助"
"12/01/2012 00:00:00","02/17/2013 00:00:00","False","Batch","12/27/2012 13:22:05","BATCH","04/14/2026 00:00:00","PVS_XP_2091","023","C282","A","20121127","20121203","一般病棟Ⅰ群入院基本料２　１５：１看護補助　減算"
"12/01/2012 00:00:00","02/17/2013 00:00:00","False","Batch","12/27/2012 13:22:05","BATCH","04/14/2026 00:00:00","PVS_XP_2091","023","C301","A","20121127","20121203","一般病棟Ⅰ群入院基本料３　看配"
"12/01/2012 00:00:00","02/17/2013 00:00:00","False","Batch","12/27/2012 13:22:05","BATCH","04/14/2026 00:00:00","PVS_XP_2091","023","C302","A","20121127","20121203","一般病棟Ⅰ群入院基本料３"
"12/01/2012 00:00:00","02/17/2013 00:00:00","False","Batch","12/27/2012 13:22:05","BATCH","04/14/2026 00:00:00","PVS_XP_2091","023","C303","A","20121127","20121203","一般病棟Ⅰ群入院基本料３　減算"
"12/01/2012 00:00:00","02/17/2013 00:00:00","False","Batch","12/27/2012 13:22:05","BATCH","04/14/2026 00:00:00","PVS_XP_2091","023","C341","A","20121127","20121203","一般病棟Ⅰ群入院基本料３　６：１看護補助　看配"
"12/01/2012 00:00:00","02/17/2013 00:00:00","False","Batch","12/27/2012 13:22:05","BATCH","04/14/2026 00:00:00","PVS_XP_2091","023","C342","A","20121127","20121203","一般病棟Ⅰ群入院基本料３　６：１看護補助"
"12/01/2012 00:00:00","02/17/2013 00:00:00","False","Batch","12/27/2012 13:22:05","BATCH","04/14/2026 00:00:00","PVS_XP_2091","023","C343","A","20121127","20121203","一般病棟Ⅰ群入院基本料３　６：１看護補助　減算"
"12/01/2012 00:00:00","02/17/2013 00:00:00","False","Batch","12/27/2012 13:22:05","BATCH","04/14/2026 00:00:00","PVS_XP_2091","023","C361","A","20121127","20121203","一般病棟Ⅰ群入院基本料３　１０：１看護補助　看配"
"12/01/2012 00:00:00","02/17/2013 00:00:00","False","Batch","12/27/2012 13:22:05","BATCH","04/14/2026 00:00:00","PVS_XP_2091","023","C362","A","20121127","20121203","一般病棟Ⅰ群入院基本料３　１０：１看護補助"
"12/01/2012 00:00:00","02/17/2013 00:00:00","False","Batch","12/27/2012 13:22:05","BATCH","04/14/2026 00:00:00","PVS_XP_2091","023","C363","A","20121127","20121203","一般病棟Ⅰ群入院基本料３　１０：１看護補助　減算"
"12/01/2012 00:00:00","02/17/2013 00:00:00","False","Batch","12/27/2012 13:22:05","BATCH","04/14/2026 00:00:00","PVS_XP_2091","023","C381","A","20121127","20121203","一般病棟Ⅰ群入院基本料３　１５：１看護補助　看配"
"12/01/2012 00:00:00","02/17/2013 00:00:00","False","Batch","12/27/2012 13:22:05","BATCH","04/14/2026 00:00:00","PVS_XP_2091","023","C382","A","20121127","20121203","一般病棟Ⅰ群入院基本料３　１５：１看護補助"
"12/01/2012 00:00:00","02/17/2013 00:00:00","False","Batch","12/27/2012 13:22:05","BATCH","04/14/2026 00:00:00","PVS_XP_2091","023","C383","A","20121127","20121203","一般病棟Ⅰ群入院基本料３　１５：１看護補助　減算"
"12/01/2012 00:00:00","02/17/2013 00:00:00","False","Batch","12/27/2012 13:22:05","BATCH","04/14/2026 00:00:00","PVS_XP_2091","023","C401","A","20121127","20121203","一般病棟Ⅰ群入院基本料４　看配"
"12/01/2012 00:00:00","02/17/2013 00:00:00","False","Batch","12/27/2012 13:22:05","BATCH","04/14/2026 00:00:00","PVS_XP_2091","023","C402","A","20121127","20121203","一般病棟Ⅰ群入院基本料４"
"12/01/2012 00:00:00","02/17/2013 00:00:00","False","Batch","12/27/2012 13:22:05","BATCH","04/14/2026 00:00:00","PVS_XP_2091","023","C403","A","20121127","20121203","一般病棟Ⅰ群入院基本料４　減算"
"12/01/2012 00:00:00","02/17/2013 00:00:00","False","Batch","12/27/2012 13:22:05","BATCH","04/14/2026 00:00:00","PVS_XP_2091","023","C431","A","20121127","20121203","一般病棟Ⅰ群入院基本料４　５：１看護補助　看配"
"12/01/2012 00:00:00","02/17/2013 00:00:00","False","Batch","12/27/2012 13:22:05","BATCH","04/14/2026 00:00:00","PVS_XP_2091","023","C432","A","20121127","20121203","一般病棟Ⅰ群入院基本料４　５：１看護補助"
"12/01/2012 00:00:00","02/17/2013 00:00:00","False","Batch","12/27/2012 13:22:05","BATCH","04/14/2026 00:00:00","PVS_XP_2091","023","C433","A","20121127","20121203","一般病棟Ⅰ群入院基本料４　５：１看護補助　減算"
"12/01/2012 00:00:00","02/17/2013 00:00:00","False","Batch","12/27/2012 13:22:05","BATCH","04/14/2026 00:00:00","PVS_XP_2091","023","C441","A","20121127","20121203","一般病棟Ⅰ群入院基本料４　６：１看護補助　看配"
"12/01/2012 00:00:00","02/17/2013 00:00:00","False","Batch","12/27/2012 13:22:05","BATCH","04/14/2026 00:00:00","PVS_XP_2091","023","C442","A","20121127","20121203","一般病棟Ⅰ群入院基本料４　６：１看護補助"
"12/01/2012 00:00:00","02/17/2013 00:00:00","False","Batch","12/27/2012 13:22:05","BATCH","04/14/2026 00:00:00","PVS_XP_2091","023","C443","A","20121127","20121203","一般病棟Ⅰ群入院基本料４　６：１看護補助　減算"
"12/01/2012 00:00:00","02/17/2013 00:00:00","False","Batch","12/27/2012 13:22:05","BATCH","04/14/2026 00:00:00","PVS_XP_2091","023","C461","A","20121127","20121203","一般病棟Ⅰ群入院基本料４　１０：１看護補助　看配"
"12/01/2012 00:00:00","02/17/2013 00:00:00","False","Batch","12/27/2012 13:22:05","BATCH","04/14/2026 00:00:00","PVS_XP_2091","023","C462","A","20121127","20121203","一般病棟Ⅰ群入院基本料４　１０：１看護補助"
"12/01/2012 00:00:00","02/17/2013 00:00:00","False","Batch","12/27/2012 13:22:05","BATCH","04/14/2026 00:00:00","PVS_XP_2091","023","C463","A","20121127","20121203","一般病棟Ⅰ群入院基本料４　１０：１看護補助　減算"
"12/01/2012 00:00:00","02/17/2013 00:00:00","False","Batch","12/27/2012 13:22:05","BATCH","04/14/2026 00:00:00","PVS_XP_2091","023","C481","A","20121127","20121203","一般病棟Ⅰ群入院基本料４　１５：１看護補助　看配"
"12/01/2012 00:00:00","02/17/2013 00:00:00","False","Batch","12/27/2012 13:22:05","BATCH","04/14/2026 00:00:00","PVS_XP_2091","023","C482","A","20121127","20121203","一般病棟Ⅰ群入院基本料４　１５：１看護補助"
"12/01/2012 00:00:00","02/17/2013 00:00:00","False","Batch","12/27/2012 13:22:05","BATCH","04/14/2026 00:00:00","PVS_XP_2091","023","C483","A","20121127","20121203","一般病棟Ⅰ群入院基本料４　１５：１看護補助　減算"
"12/01/2012 00:00:00","02/17/2013 00:00:00","False","Batch","12/27/2012 13:22:05","BATCH","04/14/2026 00:00:00","PVS_XP_2091","023","C501","A","20121127","20121203","一般病棟Ⅰ群入院基本料５　看配"
"12/01/2012 00:00:00","02/17/2013 00:00:00","False","Batch","12/27/2012 13:22:05","BATCH","04/14/2026 00:00:00","PVS_XP_2091","023","C502","A","20121127","20121203","一般病棟Ⅰ群入院基本料５"
"12/01/2012 00:00:00","02/17/2013 00:00:00","False","Batch","12/27/2012 13:22:05","BATCH","04/14/2026 00:00:00","PVS_XP_2091","023","C503","A","20121127","20121203","一般病棟Ⅰ群入院基本料５　減算"
"12/01/2012 00:00:00","02/17/2013 00:00:00","False","Batch","12/27/2012 13:22:05","BATCH","04/14/2026 00:00:00","PVS_XP_2091","023","C521","A","20121127","20121203","一般病棟Ⅰ群入院基本料５　４：１看護補助　看配"
"12/01/2012 00:00:00","02/17/2013 00:00:00","False","Batch","12/27/2012 13:22:05","BATCH","04/14/2026 00:00:00","PVS_XP_2091","023","C522","A","20121127","20121203","一般病棟Ⅰ群入院基本料５　４：１看護補助"
"12/01/2012 00:00:00","02/17/2013 00:00:00","False","Batch","12/27/2012 13:22:05","BATCH","04/14/2026 00:00:00","PVS_XP_2091","023","C523","A","20121127","20121203","一般病棟Ⅰ群入院基本料５　４：１看護補助　減算"
"12/01/2012 00:00:00","02/17/2013 00:00:00","False","Batch","12/27/2012 13:22:05","BATCH","04/14/2026 00:00:00","PVS_XP_2091","023","C531","A","20121127","20121203","一般病棟Ⅰ群入院基本料５　５：１看護補助　看配"
"12/01/2012 00:00:00","02/17/2013 00:00:00","False","Batch","12/27/2012 13:22:05","BATCH","04/14/2026 00:00:00","PVS_XP_2091","023","C532","A","20121127","20121203","一般病棟Ⅰ群入院基本料５　５：１看護補助"
"12/01/2012 00:00:00","02/17/2013 00:00:00","False","Batch","12/27/2012 13:22:05","BATCH","04/14/2026 00:00:00","PVS_XP_2091","023","C533","A","20121127","20121203","一般病棟Ⅰ群入院基本料５　５：１看護補助　減算"
"12/01/2012 00:00:00","02/17/2013 00:00:00","False","Batch","12/27/2012 13:22:05","BATCH","04/14/2026 00:00:00","PVS_XP_2091","023","C541","A","20121127","20121203","一般病棟Ⅰ群入院基本料５　６：１看護補助　看配"
"12/01/2012 00:00:00","02/17/2013 00:00:00","False","Batch","12/27/2012 13:22:05","BATCH","04/14/2026 00:00:00","PVS_XP_2091","023","C542","A","20121127","20121203","一般病棟Ⅰ群入院基本料５　６：１看護補助"
"12/01/2012 00:00:00","02/17/2013 00:00:00","False","Batch","12/27/2012 13:22:05","BATCH","04/14/2026 00:00:00","PVS_XP_2091","023","C543","A","20121127","20121203","一般病棟Ⅰ群入院基本料５　６：１看護補助　減算"
"12/01/2012 00:00:00","02/17/2013 00:00:00","False","Batch","12/27/2012 13:22:05","BATCH","04/14/2026 00:00:00","PVS_XP_2091","023","C561","A","20121127","20121203","一般病棟Ⅰ群入院基本料５　１０：１看護補助　看配"
"12/01/2012 00:00:00","02/17/2013 00:00:00","False","Batch","12/27/2012 13:22:05","BATCH","04/14/2026 00:00:00","PVS_XP_2091","023","C562","A","20121127","20121203","一般病棟Ⅰ群入院基本料５　１０：１看護補助"
"12/01/2012 00:00:00","02/17/2013 00:00:00","False","Batch","12/27/2012 13:22:05","BATCH","04/14/2026 00:00:00","PVS_XP_2091","023","C563","A","20121127","20121203","一般病棟Ⅰ群入院基本料５　１０：１看護補助　減算"
"12/01/2012 00:00:00","02/17/2013 00:00:00","False","Batch","12/27/2012 13:22:05","BATCH","04/14/2026 00:00:00","PVS_XP_2091","023","C581","A","20121127","20121203","一般病棟Ⅰ群入院基本料５　１５：１看護補助　看配"
"12/01/2012 00:00:00","02/17/2013 00:00:00","False","Batch","12/27/2012 13:22:05","BATCH","04/14/2026 00:00:00","PVS_XP_2091","023","C582","A","20121127","20121203","一般病棟Ⅰ群入院基本料５　１５：１看護補助"
"12/01/2012 00:00:00","02/17/2013 00:00:00","False","Batch","12/27/2012 13:22:05","BATCH","04/14/2026 00:00:00","PVS_XP_2091","023","C583","A","20121127","20121203","一般病棟Ⅰ群入院基本料５　１５：１看護補助　減算"
"12/01/2012 00:00:00","02/17/2013 00:00:00","False","Batch","12/27/2012 13:22:05","BATCH","04/14/2026 00:00:00","PVS_XP_2091","023","C810","A","20121127","20121203","一般病棟Ⅰ群特別入院基本料１"
"12/01/2012 00:00:00","02/17/2013 00:00:00","False","Batch","12/27/2012 13:22:05","BATCH","04/14/2026 00:00:00","PVS_XP_2091","023","C820","A","20121127","20121203","一般病棟Ⅰ群特別入院基本料２"
"12/01/2012 00:00:00","02/17/2013 00:00:00","False","Batch","12/27/2012 13:22:05","BATCH","04/14/2026 00:00:00","PVS_XP_2091","023","C830","A","20121127","20121203","一般病棟特別入院基本料"
"12/01/2012 00:00:00","02/17/2013 00:00:00","False","Batch","12/27/2012 13:22:05","BATCH","04/14/2026 00:00:00","PVS_XP_2091","023","C999","A","20121127","20121203","一般病棟Ⅰ群種別不明"
"12/01/2012 00:00:00","02/17/2013 00:00:00","False","Batch","12/27/2012 13:22:05","BATCH","04/14/2026 00:00:00","PVS_XP_2091","023","D110","A","20121127","20121203","精神特２類看護"
"12/01/2012 00:00:00","02/17/2013 00:00:00","False","Batch","12/27/2012 13:22:05","BATCH","04/14/2026 00:00:00","PVS_XP_2091","023","D121","A","20121127","20121203","精神特１類看護（Ⅰ）"
"12/01/2012 00:00:00","02/17/2013 00:00:00","False","Batch","12/27/2012 13:22:05","BATCH","04/14/2026 00:00:00","PVS_XP_2091","023","D122","A","20121127","20121203","精神特１類看護（Ⅱ）"
"12/01/2012 00:00:00","02/17/2013 00:00:00","False","Batch","12/27/2012 13:22:05","BATCH","04/14/2026 00:00:00","PVS_XP_2091","023","D129","A","20121127","20121203","精神特１類看護種別不明"
"12/01/2012 00:00:00","02/17/2013 00:00:00","False","Batch","12/27/2012 13:22:05","BATCH","04/14/2026 00:00:00","PVS_XP_2091","023","D199","A","20121127","20121203","精神特類看護種別不明"
"12/01/2012 00:00:00","02/17/2013 00:00:00","False","Batch","12/27/2012 13:22:05","BATCH","04/14/2026 00:00:00","PVS_XP_2091","023","D210","A","20121127","20121203","精神基本１類看護"
"12/01/2012 00:00:00","02/17/2013 00:00:00","False","Batch","12/27/2012 13:22:05","BATCH","04/14/2026 00:00:00","PVS_XP_2091","023","D220","A","20121127","20121203","精神基本２類看護"
"12/01/2012 00:00:00","02/17/2013 00:00:00","False","Batch","12/27/2012 13:22:05","BATCH","04/14/2026 00:00:00","PVS_XP_2091","023","D230","A","20121127","20121203","精神基本看護"
"12/01/2012 00:00:00","02/17/2013 00:00:00","False","Batch","12/27/2012 13:22:05","BATCH","04/14/2026 00:00:00","PVS_XP_2091","023","D299","A","20121127","20121203","精神基本看護種別不明"
"12/01/2012 00:00:00","02/17/2013 00:00:00","False","Batch","12/27/2012 13:22:05","BATCH","04/14/2026 00:00:00","PVS_XP_2091","023","D411","A","20121127","20121203","精神科急性期治療病棟入院料（１）"
"12/01/2012 00:00:00","02/17/2013 00:00:00","False","Batch","12/27/2012 13:22:05","BATCH","04/14/2026 00:00:00","PVS_XP_2091","023","D412","A","20121127","20121203","精神科急性期治療病棟入院料（２）"
"12/01/2012 00:00:00","02/17/2013 00:00:00","False","Batch","12/27/2012 13:22:05","BATCH","04/14/2026 00:00:00","PVS_XP_2091","023","D419","A","20121127","20121203","精神科急性期治療病棟入院料種別不明"
"12/01/2012 00:00:00","02/17/2013 00:00:00","False","Batch","12/27/2012 13:22:05","BATCH","04/14/2026 00:00:00","PVS_XP_2091","023","D421","A","20121127","20121203","精神療養病棟入院料"
"12/01/2012 00:00:00","02/17/2013 00:00:00","False","Batch","12/27/2012 13:22:05","BATCH","04/14/2026 00:00:00","PVS_XP_2091","023","D422","A","20121127","20121203","精神療養病棟入院料（２）"
"12/01/2012 00:00:00","02/17/2013 00:00:00","False","Batch","12/27/2012 13:22:05","BATCH","04/14/2026 00:00:00","PVS_XP_2091","023","D429","A","20121127","20121203","精神療養病棟入院料種別不明"
"12/01/2012 00:00:00","02/17/2013 00:00:00","False","Batch","12/27/2012 13:22:05","BATCH","04/14/2026 00:00:00","PVS_XP_2091","023","D431","A","20121127","20121203","認知症病棟入院料１"
"12/01/2012 00:00:00","02/17/2013 00:00:00","False","Batch","12/27/2012 13:22:05","BATCH","04/14/2026 00:00:00","PVS_XP_2091","023","D432","A","20121127","20121203","認知症病棟入院料２"
"12/01/2012 00:00:00","02/17/2013 00:00:00","False","Batch","12/27/2012 13:22:05","BATCH","04/14/2026 00:00:00","PVS_XP_2091","023","D441","A","20121127","20121203","老人性認知症疾患療養病棟入院料"
"12/01/2012 00:00:00","02/17/2013 00:00:00","False","Batch","12/27/2012 13:22:05","BATCH","04/14/2026 00:00:00","PVS_XP_2091","023","D442","A","20121127","20121203","老人性痴呆疾患療養病棟入院料（２）"
"12/01/2012 00:00:00","02/17/2013 00:00:00","False","Batch","12/27/2012 13:22:05","BATCH","04/14/2026 00:00:00","PVS_XP_2091","023","D449","A","20121127","20121203","老人性痴呆疾患療養病棟入院料種別不明"
"12/01/2012 00:00:00","02/17/2013 00:00:00","False","Batch","12/27/2012 13:22:05","BATCH","04/14/2026 00:00:00","PVS_XP_2091","023","D451","A","20121127","20121203","精神科救急入院料"
"12/01/2012 00:00:00","02/17/2013 00:00:00","False","Batch","12/27/2012 13:22:05","BATCH","04/14/2026 00:00:00","PVS_XP_2091","023","D452","A","20121127","20121203","精神科救急・合併症入院料"
"12/01/2012 00:00:00","02/17/2013 00:00:00","False","Batch","12/27/2012 13:22:05","BATCH","04/14/2026 00:00:00","PVS_XP_2091","023","D610","A","20121127","20121203","精神その他１種看護"
"12/01/2012 00:00:00","02/17/2013 00:00:00","False","Batch","12/27/2012 13:22:05","BATCH","04/14/2026 00:00:00","PVS_XP_2091","023","D620","A","20121127","20121203","精神その他２種看護"
"12/01/2012 00:00:00","02/17/2013 00:00:00","False","Batch","12/27/2012 13:22:05","BATCH","04/14/2026 00:00:00","PVS_XP_2091","023","D630","A","20121127","20121203","精神その他３種看護"
"12/01/2012 00:00:00","02/17/2013 00:00:00","False","Batch","12/27/2012 13:22:05","BATCH","04/14/2026 00:00:00","PVS_XP_2091","023","D699","A","20121127","20121203","精神その他看護種別不明"
"12/01/2012 00:00:00","02/17/2013 00:00:00","False","Batch","12/27/2012 13:22:05","BATCH","04/14/2026 00:00:00","PVS_XP_2091","023","D999","A","20121127","20121203","精神病棟種別不明"
"12/01/2012 00:00:00","02/17/2013 00:00:00","False","Batch","12/27/2012 13:22:05","BATCH","04/14/2026 00:00:00","PVS_XP_2091","023","E301","A","20121127","20121203","一般病棟Ⅱ群入院基本料３　看配"
"12/01/2012 00:00:00","02/17/2013 00:00:00","False","Batch","12/27/2012 13:22:05","BATCH","04/14/2026 00:00:00","PVS_XP_2091","023","E302","A","20121127","20121203","一般病棟Ⅱ群入院基本料３"
"12/01/2012 00:00:00","02/17/2013 00:00:00","False","Batch","12/27/2012 13:22:05","BATCH","04/14/2026 00:00:00","PVS_XP_2091","023","E303","A","20121127","20121203","一般病棟Ⅱ群入院基本料３　減算"
"12/01/2012 00:00:00","02/17/2013 00:00:00","False","Batch","12/27/2012 13:22:05","BATCH","04/14/2026 00:00:00","PVS_XP_2091","023","E341","A","20121127","20121203","一般病棟Ⅱ群入院基本料３　６：１看護補助　看配"
"12/01/2012 00:00:00","02/17/2013 00:00:00","False","Batch","12/27/2012 13:22:05","BATCH","04/14/2026 00:00:00","PVS_XP_2091","023","E342","A","20121127","20121203","一般病棟Ⅱ群入院基本料３　６：１看護補助"
"12/01/2012 00:00:00","02/17/2013 00:00:00","False","Batch","12/27/2012 13:22:05","BATCH","04/14/2026 00:00:00","PVS_XP_2091","023","E343","A","20121127","20121203","一般病棟Ⅱ群入院基本料３　６：１看護補助　減算"
"12/01/2012 00:00:00","02/17/2013 00:00:00","False","Batch","12/27/2012 13:22:05","BATCH","04/14/2026 00:00:00","PVS_XP_2091","023","E361","A","20121127","20121203","一般病棟Ⅱ群入院基本料３　１０：１看護補助　看配"
"12/01/2012 00:00:00","02/17/2013 00:00:00","False","Batch","12/27/2012 13:22:05","BATCH","04/14/2026 00:00:00","PVS_XP_2091","023","E362","A","20121127","20121203","一般病棟Ⅱ群入院基本料３　１０：１看護補助"
"12/01/2012 00:00:00","02/17/2013 00:00:00","False","Batch","12/27/2012 13:22:05","BATCH","04/14/2026 00:00:00","PVS_XP_2091","023","E363","A","20121127","20121203","一般病棟Ⅱ群入院基本料３　１０：１看護補助　減算"
"12/01/2012 00:00:00","02/17/2013 00:00:00","False","Batch","12/27/2012 13:22:05","BATCH","04/14/2026 00:00:00","PVS_XP_2091","023","E381","A","20121127","20121203","一般病棟Ⅱ群入院基本料３　１５：１看護補助　看配"
"12/01/2012 00:00:00","02/17/2013 00:00:00","False","Batch","12/27/2012 13:22:05","BATCH","04/14/2026 00:00:00","PVS_XP_2091","023","E382","A","20121127","20121203","一般病棟Ⅱ群入院基本料３　１５：１看護補助"
"12/01/2012 00:00:00","02/17/2013 00:00:00","False","Batch","12/27/2012 13:22:05","BATCH","04/14/2026 00:00:00","PVS_XP_2091","023","E383","A","20121127","20121203","一般病棟Ⅱ群入院基本料３　１５：１看護補助　減算"
"12/01/2012 00:00:00","02/17/2013 00:00:00","False","Batch","12/27/2012 13:22:05","BATCH","04/14/2026 00:00:00","PVS_XP_2091","023","E401","A","20121127","20121203","一般病棟Ⅱ群入院基本料４　看配"
"12/01/2012 00:00:00","02/17/2013 00:00:00","False","Batch","12/27/2012 13:22:05","BATCH","04/14/2026 00:00:00","PVS_XP_2091","023","E402","A","20121127","20121203","一般病棟Ⅱ群入院基本料４"
"12/01/2012 00:00:00","02/17/2013 00:00:00","False","Batch","12/27/2012 13:22:05","BATCH","04/14/2026 00:00:00","PVS_XP_2091","023","E403","A","20121127","20121203","一般病棟Ⅱ群入院基本料４　減算"
"12/01/2012 00:00:00","02/17/2013 00:00:00","False","Batch","12/27/2012 13:22:05","BATCH","04/14/2026 00:00:00","PVS_XP_2091","023","E431","A","20121127","20121203","一般病棟Ⅱ群入院基本料４　５：１看護補助　看配"
"12/01/2012 00:00:00","02/17/2013 00:00:00","False","Batch","12/27/2012 13:22:05","BATCH","04/14/2026 00:00:00","PVS_XP_2091","023","E432","A","20121127","20121203","一般病棟Ⅱ群入院基本料４　５：１看護補助"
"12/01/2012 00:00:00","02/17/2013 00:00:00","False","Batch","12/27/2012 13:22:05","BATCH","04/14/2026 00:00:00","PVS_XP_2091","023","E433","A","20121127","20121203","一般病棟Ⅱ群入院基本料４　５：１看護補助　減算"
"12/01/2012 00:00:00","02/17/2013 00:00:00","False","Batch","12/27/2012 13:22:05","BATCH","04/14/2026 00:00:00","PVS_XP_2091","023","E441","A","20121127","20121203","一般病棟Ⅱ群入院基本料４　６：１看護補助　看配"
"12/01/2012 00:00:00","02/17/2013 00:00:00","False","Batch","12/27/2012 13:22:05","BATCH","04/14/2026 00:00:00","PVS_XP_2091","023","E442","A","20121127","20121203","一般病棟Ⅱ群入院基本料４　６：１看護補助"
"12/01/2012 00:00:00","02/17/2013 00:00:00","False","Batch","12/27/2012 13:22:05","BATCH","04/14/2026 00:00:00","PVS_XP_2091","023","E443","A","20121127","20121203","一般病棟Ⅱ群入院基本料４　６：１看護補助　減算"
"12/01/2012 00:00:00","02/17/2013 00:00:00","False","Batch","12/27/2012 13:22:05","BATCH","04/14/2026 00:00:00","PVS_XP_2091","023","E461","A","20121127","20121203","一般病棟Ⅱ群入院基本料４　１０：１看護補助　看配"
"12/01/2012 00:00:00","02/17/2013 00:00:00","False","Batch","12/27/2012 13:22:05","BATCH","04/14/2026 00:00:00","PVS_XP_2091","023","E462","A","20121127","20121203","一般病棟Ⅱ群入院基本料４　１０：１看護補助"
"12/01/2012 00:00:00","02/17/2013 00:00:00","False","Batch","12/27/2012 13:22:05","BATCH","04/14/2026 00:00:00","PVS_XP_2091","023","E463","A","20121127","20121203","一般病棟Ⅱ群入院基本料４　１０：１看護補助　減算"
"12/01/2012 00:00:00","02/17/2013 00:00:00","False","Batch","12/27/2012 13:22:05","BATCH","04/14/2026 00:00:00","PVS_XP_2091","023","E481","A","20121127","20121203","一般病棟Ⅱ群入院基本料４　１５：１看護補助　看配"
"12/01/2012 00:00:00","02/17/2013 00:00:00","False","Batch","12/27/2012 13:22:05","BATCH","04/14/2026 00:00:00","PVS_XP_2091","023","E482","A","20121127","20121203","一般病棟Ⅱ群入院基本料４　１５：１看護補助"
"12/01/2012 00:00:00","02/17/2013 00:00:00","False","Batch","12/27/2012 13:22:05","BATCH","04/14/2026 00:00:00","PVS_XP_2091","023","E483","A","20121127","20121203","一般病棟Ⅱ群入院基本料４　１５：１看護補助　減算"
"12/01/2012 00:00:00","02/17/2013 00:00:00","False","Batch","12/27/2012 13:22:05","BATCH","04/14/2026 00:00:00","PVS_XP_2091","023","E501","A","20121127","20121203","一般病棟Ⅱ群入院基本料５　看配"
"12/01/2012 00:00:00","02/17/2013 00:00:00","False","Batch","12/27/2012 13:22:05","BATCH","04/14/2026 00:00:00","PVS_XP_2091","023","E502","A","20121127","20121203","一般病棟Ⅱ群入院基本料５"
"12/01/2012 00:00:00","02/17/2013 00:00:00","False","Batch","12/27/2012 13:22:05","BATCH","04/14/2026 00:00:00","PVS_XP_2091","023","E503","A","20121127","20121203","一般病棟Ⅱ群入院基本料５　減算"
"12/01/2012 00:00:00","02/17/2013 00:00:00","False","Batch","12/27/2012 13:22:05","BATCH","04/14/2026 00:00:00","PVS_XP_2091","023","E521","A","20121127","20121203","一般病棟Ⅱ群入院基本料５　４：１看護補助　看配"
"12/01/2012 00:00:00","02/17/2013 00:00:00","False","Batch","12/27/2012 13:22:05","BATCH","04/14/2026 00:00:00","PVS_XP_2091","023","E522","A","20121127","20121203","一般病棟Ⅱ群入院基本料５　４：１看護補助"
"12/01/2012 00:00:00","02/17/2013 00:00:00","False","Batch","12/27/2012 13:22:05","BATCH","04/14/2026 00:00:00","PVS_XP_2091","023","E523","A","20121127","20121203","一般病棟Ⅱ群入院基本料５　４：１看護補助　減算"
"12/01/2012 00:00:00","02/17/2013 00:00:00","False","Batch","12/27/2012 13:22:05","BATCH","04/14/2026 00:00:00","PVS_XP_2091","023","E531","A","20121127","20121203","一般病棟Ⅱ群入院基本料５　５：１看護補助　看配"
"12/01/2012 00:00:00","02/17/2013 00:00:00","False","Batch","12/27/2012 13:22:05","BATCH","04/14/2026 00:00:00","PVS_XP_2091","023","E532","A","20121127","20121203","一般病棟Ⅱ群入院基本料５　５：１看護補助"
"12/01/2012 00:00:00","02/17/2013 00:00:00","False","Batch","12/27/2012 13:22:05","BATCH","04/14/2026 00:00:00","PVS_XP_2091","023","E533","A","20121127","20121203","一般病棟Ⅱ群入院基本料５　５：１看護補助　減算"
"12/01/2012 00:00:00","02/17/2013 00:00:00","False","Batch","12/27/2012 13:22:05","BATCH","04/14/2026 00:00:00","PVS_XP_2091","023","E541","A","20121127","20121203","一般病棟Ⅱ群入院基本料５　６：１看護補助　看配"
"12/01/2012 00:00:00","02/17/2013 00:00:00","False","Batch","12/27/2012 13:22:05","BATCH","04/14/2026 00:00:00","PVS_XP_2091","023","E542","A","20121127","20121203","一般病棟Ⅱ群入院基本料５　６：１看護補助"
"12/01/2012 00:00:00","02/17/2013 00:00:00","False","Batch","12/27/2012 13:22:05","BATCH","04/14/2026 00:00:00","PVS_XP_2091","023","E543","A","20121127","20121203","一般病棟Ⅱ群入院基本料５　６：１看護補助　減算"
"12/01/2012 00:00:00","02/17/2013 00:00:00","False","Batch","12/27/2012 13:22:05","BATCH","04/14/2026 00:00:00","PVS_XP_2091","023","E561","A","20121127","20121203","一般病棟Ⅱ群入院基本料５　１０：１看護補助　看配"
"12/01/2012 00:00:00","02/17/2013 00:00:00","False","Batch","12/27/2012 13:22:05","BATCH","04/14/2026 00:00:00","PVS_XP_2091","023","E562","A","20121127","20121203","一般病棟Ⅱ群入院基本料５　１０：１看護補助"
"12/01/2012 00:00:00","02/17/2013 00:00:00","False","Batch","12/27/2012 13:22:05","BATCH","04/14/2026 00:00:00","PVS_XP_2091","023","E563","A","20121127","20121203","一般病棟Ⅱ群入院基本料５　１０：１看護補助　減算"
"12/01/2012 00:00:00","02/17/2013 00:00:00","False","Batch","12/27/2012 13:22:05","BATCH","04/14/2026 00:00:00","PVS_XP_2091","023","E581","A","20121127","20121203","一般病棟Ⅱ群入院基本料５　１５：１看護補助　看配"
"12/01/2012 00:00:00","02/17/2013 00:00:00","False","Batch","12/27/2012 13:22:05","BATCH","04/14/2026 00:00:00","PVS_XP_2091","023","E582","A","20121127","20121203","一般病棟Ⅱ群入院基本料５　１５：１看護補助"
"12/01/2012 00:00:00","02/17/2013 00:00:00","False","Batch","12/27/2012 13:22:05","BATCH","04/14/2026 00:00:00","PVS_XP_2091","023","E583","A","20121127","20121203","一般病棟Ⅱ群入院基本料５　１５：１看護補助　減算"
"12/01/2012 00:00:00","02/17/2013 00:00:00","False","Batch","12/27/2012 13:22:05","BATCH","04/14/2026 00:00:00","PVS_XP_2091","023","E810","A","20121127","20121203","一般病棟Ⅱ群特別入院基本料１"
"12/01/2012 00:00:00","02/17/2013 00:00:00","False","Batch","12/27/2012 13:22:05","BATCH","04/14/2026 00:00:00","PVS_XP_2091","023","E820","A","20121127","20121203","一般病棟Ⅱ群特別入院基本料２"
"12/01/2012 00:00:00","02/17/2013 00:00:00","False","Batch","12/27/2012 13:22:05","BATCH","04/14/2026 00:00:00","PVS_XP_2091","023","E999","A","20121127","20121203","一般病棟Ⅱ群種別不明"
"12/01/2012 00:00:00","02/17/2013 00:00:00","False","Batch","12/27/2012 13:22:05","BATCH","04/14/2026 00:00:00","PVS_XP_2091","023","F110","A","20121127","20121203","結核特２類看護"
"12/01/2012 00:00:00","02/17/2013 00:00:00","False","Batch","12/27/2012 13:22:05","BATCH","04/14/2026 00:00:00","PVS_XP_2091","023","F121","A","20121127","20121203","結核特１類看護（Ⅰ）"
"12/01/2012 00:00:00","02/17/2013 00:00:00","False","Batch","12/27/2012 13:22:05","BATCH","04/14/2026 00:00:00","PVS_XP_2091","023","F122","A","20121127","20121203","結核特１類看護（Ⅱ）"
"12/01/2012 00:00:00","02/17/2013 00:00:00","False","Batch","12/27/2012 13:22:05","BATCH","04/14/2026 00:00:00","PVS_XP_2091","023","F129","A","20121127","20121203","結核特１類看護種別不明"
"12/01/2012 00:00:00","02/17/2013 00:00:00","False","Batch","12/27/2012 13:22:05","BATCH","04/14/2026 00:00:00","PVS_XP_2091","023","F199","A","20121127","20121203","結核特類看護種別不明"
"12/01/2012 00:00:00","02/17/2013 00:00:00","False","Batch","12/27/2012 13:22:05","BATCH","04/14/2026 00:00:00","PVS_XP_2091","023","F210","A","20121127","20121203","結核基本１類看護"
"12/01/2012 00:00:00","02/17/2013 00:00:00","False","Batch","12/27/2012 13:22:05","BATCH","04/14/2026 00:00:00","PVS_XP_2091","023","F220","A","20121127","20121203","結核基本２類看護"
"12/01/2012 00:00:00","02/17/2013 00:00:00","False","Batch","12/27/2012 13:22:05","BATCH","04/14/2026 00:00:00","PVS_XP_2091","023","F230","A","20121127","20121203","結核基本看護"
"12/01/2012 00:00:00","02/17/2013 00:00:00","False","Batch","12/27/2012 13:22:05","BATCH","04/14/2026 00:00:00","PVS_XP_2091","023","F299","A","20121127","20121203","結核基本看護種別不明"
"12/01/2012 00:00:00","02/17/2013 00:00:00","False","Batch","12/27/2012 13:22:05","BATCH","04/14/2026 00:00:00","PVS_XP_2091","023","F610","A","20121127","20121203","結核その他１種看護"
"12/01/2012 00:00:00","02/17/2013 00:00:00","False","Batch","12/27/2012 13:22:05","BATCH","04/14/2026 00:00:00","PVS_XP_2091","023","F620","A","20121127","20121203","結核その他２種看護"
"12/01/2012 00:00:00","02/17/2013 00:00:00","False","Batch","12/27/2012 13:22:05","BATCH","04/14/2026 00:00:00","PVS_XP_2091","023","F630","A","20121127","20121203","結核その他３種看護"
"12/01/2012 00:00:00","02/17/2013 00:00:00","False","Batch","12/27/2012 13:22:05","BATCH","04/14/2026 00:00:00","PVS_XP_2091","023","F699","A","20121127","20121203","結核その他看護種別不明"
"12/01/2012 00:00:00","02/17/2013 00:00:00","False","Batch","12/27/2012 13:22:05","BATCH","04/14/2026 00:00:00","PVS_XP_2091","023","F999","A","20121127","20121203","結核病棟種別不明"
"12/01/2012 00:00:00","02/17/2013 00:00:00","False","Batch","12/27/2012 13:22:05","BATCH","04/14/2026 00:00:00","PVS_XP_2091","023","I001","A","20121127","20121203","療養病棟入院基本料１（８割以上）"
"12/01/2012 00:00:00","02/17/2013 00:00:00","False","Batch","12/27/2012 13:22:05","BATCH","04/14/2026 00:00:00","PVS_XP_2091","023","I002","A","20121127","20121203","療養病棟入院基本料２（８割未満）"
"12/01/2012 00:00:00","02/17/2013 00:00:00","False","Batch","12/27/2012 13:22:05","BATCH","04/14/2026 00:00:00","PVS_XP_2091","023","I003","A","20121127","20121203","療養病棟入院基本料２（入院Ｅ）"
"12/01/2012 00:00:00","02/17/2013 00:00:00","False","Batch","12/27/2012 13:22:05","BATCH","04/14/2026 00:00:00","PVS_XP_2091","023","I009","A","20121127","20121203","介護保険移行準備病棟"
"12/01/2012 00:00:00","02/17/2013 00:00:00","False","Batch","12/27/2012 13:22:05","BATCH","04/14/2026 00:00:00","PVS_XP_2091","023","I401","A","20121127","20121203","療養病棟入院基本料１"
"12/01/2012 00:00:00","02/17/2013 00:00:00","False","Batch","12/27/2012 13:22:05","BATCH","04/14/2026 00:00:00","PVS_XP_2091","023","I402","A","20121127","20121203","療養病棟入院基本料２"
"12/01/2012 00:00:00","02/17/2013 00:00:00","False","Batch","12/27/2012 13:22:05","BATCH","04/14/2026 00:00:00","PVS_XP_2091","023","I403","A","20121127","20121203","療養病棟入院基本料３"
"12/01/2012 00:00:00","02/17/2013 00:00:00","False","Batch","12/27/2012 13:22:05","BATCH","04/14/2026 00:00:00","PVS_XP_2091","023","I404","A","20121127","20121203","療養病棟入院基本料４"
"12/01/2012 00:00:00","02/17/2013 00:00:00","False","Batch","12/27/2012 13:22:05","BATCH","04/14/2026 00:00:00","PVS_XP_2091","023","I405","A","20121127","20121203","療養病棟入院基本料５"
"12/01/2012 00:00:00","02/17/2013 00:00:00","False","Batch","12/27/2012 13:22:05","BATCH","04/14/2026 00:00:00","PVS_XP_2091","023","I406","A","20121127","20121203","療養病棟入院基本料６"
"12/01/2012 00:00:00","02/17/2013 00:00:00","False","Batch","12/27/2012 13:22:05","BATCH","04/14/2026 00:00:00","PVS_XP_2091","023","I407","A","20121127","20121203","療養病棟入院基本料７"
"12/01/2012 00:00:00","02/17/2013 00:00:00","False","Batch","12/27/2012 13:22:05","BATCH","04/14/2026 00:00:00","PVS_XP_2091","023","I810","A","20121127","20121203","療養病棟特別入院基本料１"
"12/01/2012 00:00:00","02/17/2013 00:00:00","False","Batch","12/27/2012 13:22:05","BATCH","04/14/2026 00:00:00","PVS_XP_2091","023","I820","A","20121127","20121203","療養病棟特別入院基本料２"
"12/01/2012 00:00:00","02/17/2013 00:00:00","False","Batch","12/27/2012 13:22:05","BATCH","04/14/2026 00:00:00","PVS_XP_2091","023","I830","A","20121127","20121203","療養病棟特別入院基本料"
"12/01/2012 00:00:00","02/17/2013 00:00:00","False","Batch","12/27/2012 13:22:05","BATCH","04/14/2026 00:00:00","PVS_XP_2091","023","I999","A","20121127","20121203","療養病棟種別不明"
"12/01/2012 00:00:00","02/17/2013 00:00:00","False","Batch","12/27/2012 13:22:05","BATCH","04/14/2026 00:00:00","PVS_XP_2091","023","K001","A","20121127","20121203","結核病棟７対１入院基本料"
"12/01/2012 00:00:00","02/17/2013 00:00:00","False","Batch","12/27/2012 13:22:05","BATCH","04/14/2026 00:00:00","PVS_XP_2091","023","K002","A","20121127","20121203","結核病棟１０対１入院基本料"
"12/01/2012 00:00:00","02/17/2013 00:00:00","False","Batch","12/27/2012 13:22:05","BATCH","04/14/2026 00:00:00","PVS_XP_2091","023","K003","A","20121127","20121203","結核病棟１３対１入院基本料"
"12/01/2012 00:00:00","02/17/2013 00:00:00","False","Batch","12/27/2012 13:22:05","BATCH","04/14/2026 00:00:00","PVS_XP_2091","023","K004","A","20121127","20121203","結核病棟１３対１入院基本料　５０：１看護補助"
"12/01/2012 00:00:00","02/17/2013 00:00:00","False","Batch","12/27/2012 13:22:05","BATCH","04/14/2026 00:00:00","PVS_XP_2091","023","K005","A","20121127","20121203","結核病棟１３対１入院基本料　７５：１看護補助"
"12/01/2012 00:00:00","02/17/2013 00:00:00","False","Batch","12/27/2012 13:22:05","BATCH","04/14/2026 00:00:00","PVS_XP_2091","023","K006","A","20121127","20121203","結核病棟１５対１入院基本料　加算"
"12/01/2012 00:00:00","02/17/2013 00:00:00","False","Batch","12/27/2012 13:22:05","BATCH","04/14/2026 00:00:00","PVS_XP_2091","023","K007","A","20121127","20121203","結核病棟１５対１入院基本料"
"12/01/2012 00:00:00","02/17/2013 00:00:00","False","Batch","12/27/2012 13:22:05","BATCH","04/14/2026 00:00:00","PVS_XP_2091","023","K008","A","20121127","20121203","結核病棟１５対１入院基本料　３０：１看護補助　加算"
"12/01/2012 00:00:00","02/17/2013 00:00:00","False","Batch","12/27/2012 13:22:05","BATCH","04/14/2026 00:00:00","PVS_XP_2091","023","K009","A","20121127","20121203","結核病棟１５対１入院基本料　３０：１看護補助"
"12/01/2012 00:00:00","02/17/2013 00:00:00","False","Batch","12/27/2012 13:22:05","BATCH","04/14/2026 00:00:00","PVS_XP_2091","023","K010","A","20121127","20121203","結核病棟１５対１入院基本料　５０：１看護補助　加算"
"12/01/2012 00:00:00","02/17/2013 00:00:00","False","Batch","12/27/2012 13:22:05","BATCH","04/14/2026 00:00:00","PVS_XP_2091","023","K011","A","20121127","20121203","結核病棟１５対１入院基本料　５０：１看護補助"
"12/01/2012 00:00:00","02/17/2013 00:00:00","False","Batch","12/27/2012 13:22:05","BATCH","04/14/2026 00:00:00","PVS_XP_2091","023","K012","A","20121127","20121203","結核病棟１５対１入院基本料　７５：１看護補助　加算"
"12/01/2012 00:00:00","02/17/2013 00:00:00","False","Batch","12/27/2012 13:22:05","BATCH","04/14/2026 00:00:00","PVS_XP_2091","023","K013","A","20121127","20121203","結核病棟１５対１入院基本料　７５：１看護補助"
"12/01/2012 00:00:00","02/17/2013 00:00:00","False","Batch","12/27/2012 13:22:05","BATCH","04/14/2026 00:00:00","PVS_XP_2091","023","K014","A","20121127","20121203","結核病棟１８対１入院基本料　加算"
"12/01/2012 00:00:00","02/17/2013 00:00:00","False","Batch","12/27/2012 13:22:05","BATCH","04/14/2026 00:00:00","PVS_XP_2091","023","K015","A","20121127","20121203","結核病棟１８対１入院基本料"
"12/01/2012 00:00:00","02/17/2013 00:00:00","False","Batch","12/27/2012 13:22:05","BATCH","04/14/2026 00:00:00","PVS_XP_2091","023","K016","A","20121127","20121203","結核病棟１８対１入院基本料　３０：１看護補助　加算"
"12/01/2012 00:00:00","02/17/2013 00:00:00","False","Batch","12/27/2012 13:22:05","BATCH","04/14/2026 00:00:00","PVS_XP_2091","023","K017","A","20121127","20121203","結核病棟１８対１入院基本料　３０：１看護補助"
"12/01/2012 00:00:00","02/17/2013 00:00:00","False","Batch","12/27/2012 13:22:05","BATCH","04/14/2026 00:00:00","PVS_XP_2091","023","K018","A","20121127","20121203","結核病棟１８対１入院基本料　５０：１看護補助　加算"
"12/01/2012 00:00:00","02/17/2013 00:00:00","False","Batch","12/27/2012 13:22:05","BATCH","04/14/2026 00:00:00","PVS_XP_2091","023","K019","A","20121127","20121203","結核病棟１８対１入院基本料　５０：１看護補助"
"12/01/2012 00:00:00","02/17/2013 00:00:00","False","Batch","12/27/2012 13:22:05","BATCH","04/14/2026 00:00:00","PVS_XP_2091","023","K020","A","20121127","20121203","結核病棟１８対１入院基本料　７５：１看護補助　加算"
"12/01/2012 00:00:00","02/17/2013 00:00:00","False","Batch","12/27/2012 13:22:05","BATCH","04/14/2026 00:00:00","PVS_XP_2091","023","K021","A","20121127","20121203","結核病棟１８対１入院基本料　７５：１看護補助"
"12/01/2012 00:00:00","02/17/2013 00:00:00","False","Batch","12/27/2012 13:22:05","BATCH","04/14/2026 00:00:00","PVS_XP_2091","023","K022","A","20121127","20121203","結核病棟２０対１入院基本料　加算"
"12/01/2012 00:00:00","02/17/2013 00:00:00","False","Batch","12/27/2012 13:22:05","BATCH","04/14/2026 00:00:00","PVS_XP_2091","023","K023","A","20121127","20121203","結核病棟２０対１入院基本料"
"12/01/2012 00:00:00","02/17/2013 00:00:00","False","Batch","12/27/2012 13:22:05","BATCH","04/14/2026 00:00:00","PVS_XP_2091","023","K024","A","20121127","20121203","結核病棟２０対１入院基本料　３０：１看護補助　加算"
"12/01/2012 00:00:00","02/17/2013 00:00:00","False","Batch","12/27/2012 13:22:05","BATCH","04/14/2026 00:00:00","PVS_XP_2091","023","K025","A","20121127","20121203","結核病棟２０対１入院基本料　３０：１看護補助"
"12/01/2012 00:00:00","02/17/2013 00:00:00","False","Batch","12/27/2012 13:22:05","BATCH","04/14/2026 00:00:00","PVS_XP_2091","023","K026","A","20121127","20121203","結核病棟２０対１入院基本料　５０：１看護補助　加算"
"12/01/2012 00:00:00","02/17/2013 00:00:00","False","Batch","12/27/2012 13:22:05","BATCH","04/14/2026 00:00:00","PVS_XP_2091","023","K027","A","20121127","20121203","結核病棟２０対１入院基本料　５０：１看護補助"
"12/01/2012 00:00:00","02/17/2013 00:00:00","False","Batch","12/27/2012 13:22:05","BATCH","04/14/2026 00:00:00","PVS_XP_2091","023","K028","A","20121127","20121203","結核病棟２０対１入院基本料　７５：１看護補助　加算"
"12/01/2012 00:00:00","02/17/2013 00:00:00","False","Batch","12/27/2012 13:22:05","BATCH","04/14/2026 00:00:00","PVS_XP_2091","023","K029","A","20121127","20121203","結核病棟２０対１入院基本料　７５：１看護補助"
"12/01/2012 00:00:00","02/17/2013 00:00:00","False","Batch","12/27/2012 13:22:05","BATCH","04/14/2026 00:00:00","PVS_XP_2091","023","K030","A","20121127","20121203","結核病棟準７対１入院基本料"
"12/01/2012 00:00:00","02/17/2013 00:00:00","False","Batch","12/27/2012 13:22:05","BATCH","04/14/2026 00:00:00","PVS_XP_2091","023","K031","A","20121127","20121203","結核病棟１０対１入院基本料　５０：１看護補助"
"12/01/2012 00:00:00","02/17/2013 00:00:00","False","Batch","12/27/2012 13:22:05","BATCH","04/14/2026 00:00:00","PVS_XP_2091","023","K032","A","20121127","20121203","結核病棟１０対１入院基本料　７５：１看護補助"
"12/01/2012 00:00:00","02/17/2013 00:00:00","False","Batch","12/27/2012 13:22:05","BATCH","04/14/2026 00:00:00","PVS_XP_2091","023","K101","A","20121127","20121203","結核病棟入院基本料１"
"12/01/2012 00:00:00","02/17/2013 00:00:00","False","Batch","12/27/2012 13:22:05","BATCH","04/14/2026 00:00:00","PVS_XP_2091","023","K102","A","20121127","20121203","結核病棟入院基本料１　減算"
"12/01/2012 00:00:00","02/17/2013 00:00:00","False","Batch","12/27/2012 13:22:05","BATCH","04/14/2026 00:00:00","PVS_XP_2091","023","K201","A","20121127","20121203","結核病棟入院基本料２"
"12/01/2012 00:00:00","02/17/2013 00:00:00","False","Batch","12/27/2012 13:22:05","BATCH","04/14/2026 00:00:00","PVS_XP_2091","023","K202","A","20121127","20121203","結核病棟入院基本料２　減算"
"12/01/2012 00:00:00","02/17/2013 00:00:00","False","Batch","12/27/2012 13:22:05","BATCH","04/14/2026 00:00:00","PVS_XP_2091","023","K261","A","20121127","20121203","結核病棟入院基本料２　１０：１看護補助"
"12/01/2012 00:00:00","02/17/2013 00:00:00","False","Batch","12/27/2012 13:22:05","BATCH","04/14/2026 00:00:00","PVS_XP_2091","023","K262","A","20121127","20121203","結核病棟入院基本料２　１０：１看護補助　減算"
"12/01/2012 00:00:00","02/17/2013 00:00:00","False","Batch","12/27/2012 13:22:05","BATCH","04/14/2026 00:00:00","PVS_XP_2091","023","K281","A","20121127","20121203","結核病棟入院基本料２　１５：１看護補助"
"12/01/2012 00:00:00","02/17/2013 00:00:00","False","Batch","12/27/2012 13:22:05","BATCH","04/14/2026 00:00:00","PVS_XP_2091","023","K282","A","20121127","20121203","結核病棟入院基本料２　１５：１看護補助　減算"
"12/01/2012 00:00:00","02/17/2013 00:00:00","False","Batch","12/27/2012 13:22:05","BATCH","04/14/2026 00:00:00","PVS_XP_2091","023","K301","A","20121127","20121203","結核病棟入院基本料３　看配"
"12/01/2012 00:00:00","02/17/2013 00:00:00","False","Batch","12/27/2012 13:22:05","BATCH","04/14/2026 00:00:00","PVS_XP_2091","023","K302","A","20121127","20121203","結核病棟入院基本料３"
"12/01/2012 00:00:00","02/17/2013 00:00:00","False","Batch","12/27/2012 13:22:05","BATCH","04/14/2026 00:00:00","PVS_XP_2091","023","K303","A","20121127","20121203","結核病棟入院基本料３　減算"
"12/01/2012 00:00:00","02/17/2013 00:00:00","False","Batch","12/27/2012 13:22:05","BATCH","04/14/2026 00:00:00","PVS_XP_2091","023","K341","A","20121127","20121203","結核病棟入院基本料３　６：１看護補助　看配"
"12/01/2012 00:00:00","02/17/2013 00:00:00","False","Batch","12/27/2012 13:22:05","BATCH","04/14/2026 00:00:00","PVS_XP_2091","023","K342","A","20121127","20121203","結核病棟入院基本料３　６：１看護補助"
"12/01/2012 00:00:00","02/17/2013 00:00:00","False","Batch","12/27/2012 13:22:05","BATCH","04/14/2026 00:00:00","PVS_XP_2091","023","K343","A","20121127","20121203","結核病棟入院基本料３　６：１看護補助　減算"
"12/01/2012 00:00:00","02/17/2013 00:00:00","False","Batch","12/27/2012 13:22:05","BATCH","04/14/2026 00:00:00","PVS_XP_2091","023","K361","A","20121127","20121203","結核病棟入院基本料３　１０：１看護補助　看配"
"12/01/2012 00:00:00","02/17/2013 00:00:00","False","Batch","12/27/2012 13:22:05","BATCH","04/14/2026 00:00:00","PVS_XP_2091","023","K362","A","20121127","20121203","結核病棟入院基本料３　１０：１看護補助"
"12/01/2012 00:00:00","02/17/2013 00:00:00","False","Batch","12/27/2012 13:22:05","BATCH","04/14/2026 00:00:00","PVS_XP_2091","023","K363","A","20121127","20121203","結核病棟入院基本料３　１０：１看護補助　減算"
"12/01/2012 00:00:00","02/17/2013 00:00:00","False","Batch","12/27/2012 13:22:05","BATCH","04/14/2026 00:00:00","PVS_XP_2091","023","K381","A","20121127","20121203","結核病棟入院基本料３　１５：１看護補助　看配"
"12/01/2012 00:00:00","02/17/2013 00:00:00","False","Batch","12/27/2012 13:22:05","BATCH","04/14/2026 00:00:00","PVS_XP_2091","023","K382","A","20121127","20121203","結核病棟入院基本料３　１５：１看護補助"
"12/01/2012 00:00:00","02/17/2013 00:00:00","False","Batch","12/27/2012 13:22:05","BATCH","04/14/2026 00:00:00","PVS_XP_2091","023","K383","A","20121127","20121203","結核病棟入院基本料３　１５：１看護補助　減算"
"12/01/2012 00:00:00","02/17/2013 00:00:00","False","Batch","12/27/2012 13:22:05","BATCH","04/14/2026 00:00:00","PVS_XP_2091","023","K401","A","20121127","20121203","結核病棟入院基本料４　看配"
"12/01/2012 00:00:00","02/17/2013 00:00:00","False","Batch","12/27/2012 13:22:05","BATCH","04/14/2026 00:00:00","PVS_XP_2091","023","K402","A","20121127","20121203","結核病棟入院基本料４"
"12/01/2012 00:00:00","02/17/2013 00:00:00","False","Batch","12/27/2012 13:22:05","BATCH","04/14/2026 00:00:00","PVS_XP_2091","023","K403","A","20121127","20121203","結核病棟入院基本料４　減算"
"12/01/2012 00:00:00","02/17/2013 00:00:00","False","Batch","12/27/2012 13:22:05","BATCH","04/14/2026 00:00:00","PVS_XP_2091","023","K431","A","20121127","20121203","結核病棟入院基本料４　５：１看護補助　看配"
"12/01/2012 00:00:00","02/17/2013 00:00:00","False","Batch","12/27/2012 13:22:05","BATCH","04/14/2026 00:00:00","PVS_XP_2091","023","K432","A","20121127","20121203","結核病棟入院基本料４　５：１看護補助"
"12/01/2012 00:00:00","02/17/2013 00:00:00","False","Batch","12/27/2012 13:22:05","BATCH","04/14/2026 00:00:00","PVS_XP_2091","023","K433","A","20121127","20121203","結核病棟入院基本料４　５：１看護補助　減算"
"12/01/2012 00:00:00","02/17/2013 00:00:00","False","Batch","12/27/2012 13:22:05","BATCH","04/14/2026 00:00:00","PVS_XP_2091","023","K441","A","20121127","20121203","結核病棟入院基本料４　６：１看護補助　看配"
"12/01/2012 00:00:00","02/17/2013 00:00:00","False","Batch","12/27/2012 13:22:05","BATCH","04/14/2026 00:00:00","PVS_XP_2091","023","K442","A","20121127","20121203","結核病棟入院基本料４　６：１看護補助"
"12/01/2012 00:00:00","02/17/2013 00:00:00","False","Batch","12/27/2012 13:22:05","BATCH","04/14/2026 00:00:00","PVS_XP_2091","023","K443","A","20121127","20121203","結核病棟入院基本料４　６：１看護補助　減算"
"12/01/2012 00:00:00","02/17/2013 00:00:00","False","Batch","12/27/2012 13:22:05","BATCH","04/14/2026 00:00:00","PVS_XP_2091","023","K461","A","20121127","20121203","結核病棟入院基本料４　１０：１看護補助　看配"
"12/01/2012 00:00:00","02/17/2013 00:00:00","False","Batch","12/27/2012 13:22:05","BATCH","04/14/2026 00:00:00","PVS_XP_2091","023","K462","A","20121127","20121203","結核病棟入院基本料４　１０：１看護補助"
"12/01/2012 00:00:00","02/17/2013 00:00:00","False","Batch","12/27/2012 13:22:05","BATCH","04/14/2026 00:00:00","PVS_XP_2091","023","K463","A","20121127","20121203","結核病棟入院基本料４　１０：１看護補助　減算"
"12/01/2012 00:00:00","02/17/2013 00:00:00","False","Batch","12/27/2012 13:22:05","BATCH","04/14/2026 00:00:00","PVS_XP_2091","023","K481","A","20121127","20121203","結核病棟入院基本料４　１５：１看護補助　看配"
"12/01/2012 00:00:00","02/17/2013 00:00:00","False","Batch","12/27/2012 13:22:05","BATCH","04/14/2026 00:00:00","PVS_XP_2091","023","K482","A","20121127","20121203","結核病棟入院基本料４　１５：１看護補助"
"12/01/2012 00:00:00","02/17/2013 00:00:00","False","Batch","12/27/2012 13:22:05","BATCH","04/14/2026 00:00:00","PVS_XP_2091","023","K483","A","20121127","20121203","結核病棟入院基本料４　１５：１看護補助　減算"
"12/01/2012 00:00:00","02/17/2013 00:00:00","False","Batch","12/27/2012 13:22:05","BATCH","04/14/2026 00:00:00","PVS_XP_2091","023","K501","A","20121127","20121203","結核病棟入院基本料５　看配"
"12/01/2012 00:00:00","02/17/2013 00:00:00","False","Batch","12/27/2012 13:22:05","BATCH","04/14/2026 00:00:00","PVS_XP_2091","023","K502","A","20121127","20121203","結核病棟入院基本料５"
"12/01/2012 00:00:00","02/17/2013 00:00:00","False","Batch","12/27/2012 13:22:05","BATCH","04/14/2026 00:00:00","PVS_XP_2091","023","K503","A","20121127","20121203","結核病棟入院基本料５　減算"
"12/01/2012 00:00:00","02/17/2013 00:00:00","False","Batch","12/27/2012 13:22:05","BATCH","04/14/2026 00:00:00","PVS_XP_2091","023","K521","A","20121127","20121203","結核病棟入院基本料５　４：１看護補助　看配"
"12/01/2012 00:00:00","02/17/2013 00:00:00","False","Batch","12/27/2012 13:22:05","BATCH","04/14/2026 00:00:00","PVS_XP_2091","023","K522","A","20121127","20121203","結核病棟入院基本料５　４：１看護補助"
"12/01/2012 00:00:00","02/17/2013 00:00:00","False","Batch","12/27/2012 13:22:05","BATCH","04/14/2026 00:00:00","PVS_XP_2091","023","K523","A","20121127","20121203","結核病棟入院基本料５　４：１看護補助　減算"
"12/01/2012 00:00:00","02/17/2013 00:00:00","False","Batch","12/27/2012 13:22:05","BATCH","04/14/2026 00:00:00","PVS_XP_2091","023","K531","A","20121127","20121203","結核病棟入院基本料５　５：１看護補助　看配"
"12/01/2012 00:00:00","02/17/2013 00:00:00","False","Batch","12/27/2012 13:22:05","BATCH","04/14/2026 00:00:00","PVS_XP_2091","023","K532","A","20121127","20121203","結核病棟入院基本料５　５：１看護補助"
"12/01/2012 00:00:00","02/17/2013 00:00:00","False","Batch","12/27/2012 13:22:05","BATCH","04/14/2026 00:00:00","PVS_XP_2091","023","K533","A","20121127","20121203","結核病棟入院基本料５　５：１看護補助　減算"
"12/01/2012 00:00:00","02/17/2013 00:00:00","False","Batch","12/27/2012 13:22:05","BATCH","04/14/2026 00:00:00","PVS_XP_2091","023","K541","A","20121127","20121203","結核病棟入院基本料５　６：１看護補助　看配"
"12/01/2012 00:00:00","02/17/2013 00:00:00","False","Batch","12/27/2012 13:22:05","BATCH","04/14/2026 00:00:00","PVS_XP_2091","023","K542","A","20121127","20121203","結核病棟入院基本料５　６：１看護補助"
"12/01/2012 00:00:00","02/17/2013 00:00:00","False","Batch","12/27/2012 13:22:05","BATCH","04/14/2026 00:00:00","PVS_XP_2091","023","K543","A","20121127","20121203","結核病棟入院基本料５　６：１看護補助　減算"
"12/01/2012 00:00:00","02/17/2013 00:00:00","False","Batch","12/27/2012 13:22:05","BATCH","04/14/2026 00:00:00","PVS_XP_2091","023","K561","A","20121127","20121203","結核病棟入院基本料５　１０：１看護補助　看配"
"12/01/2012 00:00:00","02/17/2013 00:00:00","False","Batch","12/27/2012 13:22:05","BATCH","04/14/2026 00:00:00","PVS_XP_2091","023","K562","A","20121127","20121203","結核病棟入院基本料５　１０：１看護補助"
"12/01/2012 00:00:00","02/17/2013 00:00:00","False","Batch","12/27/2012 13:22:05","BATCH","04/14/2026 00:00:00","PVS_XP_2091","023","K563","A","20121127","20121203","結核病棟入院基本料５　１０：１看護補助　減算"
"12/01/2012 00:00:00","02/17/2013 00:00:00","False","Batch","12/27/2012 13:22:05","BATCH","04/14/2026 00:00:00","PVS_XP_2091","023","K581","A","20121127","20121203","結核病棟入院基本料５　１５：１看護補助　看配"
"12/01/2012 00:00:00","02/17/2013 00:00:00","False","Batch","12/27/2012 13:22:05","BATCH","04/14/2026 00:00:00","PVS_XP_2091","023","K582","A","20121127","20121203","結核病棟入院基本料５　１５：１看護補助"
"12/01/2012 00:00:00","02/17/2013 00:00:00","False","Batch","12/27/2012 13:22:05","BATCH","04/14/2026 00:00:00","PVS_XP_2091","023","K583","A","20121127","20121203","結核病棟入院基本料５　１５：１看護補助　減算"
"12/01/2012 00:00:00","02/17/2013 00:00:00","False","Batch","12/27/2012 13:22:05","BATCH","04/14/2026 00:00:00","PVS_XP_2091","023","K601","A","20121127","20121203","結核病棟入院基本料６　看配"
"12/01/2012 00:00:00","02/17/2013 00:00:00","False","Batch","12/27/2012 13:22:05","BATCH","04/14/2026 00:00:00","PVS_XP_2091","023","K602","A","20121127","20121203","結核病棟入院基本料６"
"12/01/2012 00:00:00","02/17/2013 00:00:00","False","Batch","12/27/2012 13:22:05","BATCH","04/14/2026 00:00:00","PVS_XP_2091","023","K603","A","20121127","20121203","結核病棟入院基本料６　減算"
"12/01/2012 00:00:00","02/17/2013 00:00:00","False","Batch","12/27/2012 13:22:05","BATCH","04/14/2026 00:00:00","PVS_XP_2091","023","K611","A","20121127","20121203","結核病棟入院基本料６　３：１看護補助　看配"
"12/01/2012 00:00:00","02/17/2013 00:00:00","False","Batch","12/27/2012 13:22:05","BATCH","04/14/2026 00:00:00","PVS_XP_2091","023","K612","A","20121127","20121203","結核病棟入院基本料６　３：１看護補助"
"12/01/2012 00:00:00","02/17/2013 00:00:00","False","Batch","12/27/2012 13:22:05","BATCH","04/14/2026 00:00:00","PVS_XP_2091","023","K613","A","20121127","20121203","結核病棟入院基本料６　３：１看護補助　減算"
"12/01/2012 00:00:00","02/17/2013 00:00:00","False","Batch","12/27/2012 13:22:05","BATCH","04/14/2026 00:00:00","PVS_XP_2091","023","K621","A","20121127","20121203","結核病棟入院基本料６　４：１看護補助　看配"
"12/01/2012 00:00:00","02/17/2013 00:00:00","False","Batch","12/27/2012 13:22:05","BATCH","04/14/2026 00:00:00","PVS_XP_2091","023","K622","A","20121127","20121203","結核病棟入院基本料６　４：１看護補助"
"12/01/2012 00:00:00","02/17/2013 00:00:00","False","Batch","12/27/2012 13:22:05","BATCH","04/14/2026 00:00:00","PVS_XP_2091","023","K623","A","20121127","20121203","結核病棟入院基本料６　４：１看護補助　減算"
"12/01/2012 00:00:00","02/17/2013 00:00:00","False","Batch","12/27/2012 13:22:05","BATCH","04/14/2026 00:00:00","PVS_XP_2091","023","K631","A","20121127","20121203","結核病棟入院基本料６　５：１看護補助　看護"
"12/01/2012 00:00:00","02/17/2013 00:00:00","False","Batch","12/27/2012 13:22:05","BATCH","04/14/2026 00:00:00","PVS_XP_2091","023","K632","A","20121127","20121203","結核病棟入院基本料６　５：１看護補助"
"12/01/2012 00:00:00","02/17/2013 00:00:00","False","Batch","12/27/2012 13:22:05","BATCH","04/14/2026 00:00:00","PVS_XP_2091","023","K633","A","20121127","20121203","結核病棟入院基本料６　５：１看護補助　減算"
"12/01/2012 00:00:00","02/17/2013 00:00:00","False","Batch","12/27/2012 13:22:05","BATCH","04/14/2026 00:00:00","PVS_XP_2091","023","K641","A","20121127","20121203","結核病棟入院基本料６　６：１看護補助　看配"
"12/01/2012 00:00:00","02/17/2013 00:00:00","False","Batch","12/27/2012 13:22:05","BATCH","04/14/2026 00:00:00","PVS_XP_2091","023","K642","A","20121127","20121203","結核病棟入院基本料６　６：１看護補助"
"12/01/2012 00:00:00","02/17/2013 00:00:00","False","Batch","12/27/2012 13:22:05","BATCH","04/14/2026 00:00:00","PVS_XP_2091","023","K643","A","20121127","20121203","結核病棟入院基本料６　６：１看護補助　減算"
"12/01/2012 00:00:00","02/17/2013 00:00:00","False","Batch","12/27/2012 13:22:05","BATCH","04/14/2026 00:00:00","PVS_XP_2091","023","K661","A","20121127","20121203","結核病棟入院基本料６　１０：１看護補助　看配"
"12/01/2012 00:00:00","02/17/2013 00:00:00","False","Batch","12/27/2012 13:22:05","BATCH","04/14/2026 00:00:00","PVS_XP_2091","023","K662","A","20121127","20121203","結核病棟入院基本料６　１０：１看護補助"
"12/01/2012 00:00:00","02/17/2013 00:00:00","False","Batch","12/27/2012 13:22:05","BATCH","04/14/2026 00:00:00","PVS_XP_2091","023","K663","A","20121127","20121203","結核病棟入院基本料６　１０：１看護補助　減算"
"12/01/2012 00:00:00","02/17/2013 00:00:00","False","Batch","12/27/2012 13:22:05","BATCH","04/14/2026 00:00:00","PVS_XP_2091","023","K681","A","20121127","20121203","結核病棟入院基本料６　１５：１看護補助　看配"
"12/01/2012 00:00:00","02/17/2013 00:00:00","False","Batch","12/27/2012 13:22:05","BATCH","04/14/2026 00:00:00","PVS_XP_2091","023","K682","A","20121127","20121203","結核病棟入院基本料６　１５：１看護補助"
"12/01/2012 00:00:00","02/17/2013 00:00:00","False","Batch","12/27/2012 13:22:05","BATCH","04/14/2026 00:00:00","PVS_XP_2091","023","K683","A","20121127","20121203","結核病棟入院基本料６　１５：１看護補助　減算"
"12/01/2012 00:00:00","02/17/2013 00:00:00","False","Batch","12/27/2012 13:22:05","BATCH","04/14/2026 00:00:00","PVS_XP_2091","023","K701","A","20121127","20121203","結核病棟入院基本料７　看配"
"12/01/2012 00:00:00","02/17/2013 00:00:00","False","Batch","12/27/2012 13:22:05","BATCH","04/14/2026 00:00:00","PVS_XP_2091","023","K702","A","20121127","20121203","結核病棟入院基本料７"
"12/01/2012 00:00:00","02/17/2013 00:00:00","False","Batch","12/27/2012 13:22:05","BATCH","04/14/2026 00:00:00","PVS_XP_2091","023","K703","A","20121127","20121203","結核病棟入院基本料７　減算"
"12/01/2012 00:00:00","02/17/2013 00:00:00","False","Batch","12/27/2012 13:22:05","BATCH","04/14/2026 00:00:00","PVS_XP_2091","023","K711","A","20121127","20121203","結核病棟入院基本料７　３：１看護補助　看配"
"12/01/2012 00:00:00","02/17/2013 00:00:00","False","Batch","12/27/2012 13:22:05","BATCH","04/14/2026 00:00:00","PVS_XP_2091","023","K712","A","20121127","20121203","結核病棟入院基本料７　３：１看護補助"
"12/01/2012 00:00:00","02/17/2013 00:00:00","False","Batch","12/27/2012 13:22:05","BATCH","04/14/2026 00:00:00","PVS_XP_2091","023","K713","A","20121127","20121203","結核病棟入院基本料７　３：１看護補助　減算"
"12/01/2012 00:00:00","02/17/2013 00:00:00","False","Batch","12/27/2012 13:22:05","BATCH","04/14/2026 00:00:00","PVS_XP_2091","023","K721","A","20121127","20121203","結核病棟入院基本料７　４：１看護補助　看配"
"12/01/2012 00:00:00","02/17/2013 00:00:00","False","Batch","12/27/2012 13:22:05","BATCH","04/14/2026 00:00:00","PVS_XP_2091","023","K722","A","20121127","20121203","結核病棟入院基本料７　４：１看護補助"
"12/01/2012 00:00:00","02/17/2013 00:00:00","False","Batch","12/27/2012 13:22:05","BATCH","04/14/2026 00:00:00","PVS_XP_2091","023","K723","A","20121127","20121203","結核病棟入院基本料７　４：１看護補助　減算"
"12/01/2012 00:00:00","02/17/2013 00:00:00","False","Batch","12/27/2012 13:22:05","BATCH","04/14/2026 00:00:00","PVS_XP_2091","023","K731","A","20121127","20121203","結核病棟入院基本料７　５：１看護補助　看配"
"12/01/2012 00:00:00","02/17/2013 00:00:00","False","Batch","12/27/2012 13:22:05","BATCH","04/14/2026 00:00:00","PVS_XP_2091","023","K732","A","20121127","20121203","結核病棟入院基本料７　５：１看護補助"
"12/01/2012 00:00:00","02/17/2013 00:00:00","False","Batch","12/27/2012 13:22:05","BATCH","04/14/2026 00:00:00","PVS_XP_2091","023","K733","A","20121127","20121203","結核病棟入院基本料７　５：１看護補助　減算"
"12/01/2012 00:00:00","02/17/2013 00:00:00","False","Batch","12/27/2012 13:22:05","BATCH","04/14/2026 00:00:00","PVS_XP_2091","023","K741","A","20121127","20121203","結核病棟入院基本料７　６：１看護補助　看配"
"12/01/2012 00:00:00","02/17/2013 00:00:00","False","Batch","12/27/2012 13:22:05","BATCH","04/14/2026 00:00:00","PVS_XP_2091","023","K742","A","20121127","20121203","結核病棟入院基本料７　６：１看護補助"
"12/01/2012 00:00:00","02/17/2013 00:00:00","False","Batch","12/27/2012 13:22:05","BATCH","04/14/2026 00:00:00","PVS_XP_2091","023","K743","A","20121127","20121203","結核病棟入院基本料７　６：１看護補助　減算"
"12/01/2012 00:00:00","02/17/2013 00:00:00","False","Batch","12/27/2012 13:22:05","BATCH","04/14/2026 00:00:00","PVS_XP_2091","023","K761","A","20121127","20121203","結核病棟入院基本料７　１０：１看護補助　看配"
"12/01/2012 00:00:00","02/17/2013 00:00:00","False","Batch","12/27/2012 13:22:05","BATCH","04/14/2026 00:00:00","PVS_XP_2091","023","K762","A","20121127","20121203","結核病棟入院基本料７　１０：１看護補助"
"12/01/2012 00:00:00","02/17/2013 00:00:00","False","Batch","12/27/2012 13:22:05","BATCH","04/14/2026 00:00:00","PVS_XP_2091","023","K763","A","20121127","20121203","結核病棟入院基本料７　１０：１看護補助　減算"
"12/01/2012 00:00:00","02/17/2013 00:00:00","False","Batch","12/27/2012 13:22:05","BATCH","04/14/2026 00:00:00","PVS_XP_2091","023","K781","A","20121127","20121203","結核病棟入院基本料７　１５：１看護補助　看配"
"12/01/2012 00:00:00","02/17/2013 00:00:00","False","Batch","12/27/2012 13:22:05","BATCH","04/14/2026 00:00:00","PVS_XP_2091","023","K782","A","20121127","20121203","結核病棟入院基本料７　１５：１看護補助"
"12/01/2012 00:00:00","02/17/2013 00:00:00","False","Batch","12/27/2012 13:22:05","BATCH","04/14/2026 00:00:00","PVS_XP_2091","023","K783","A","20121127","20121203","結核病棟入院基本料７　１５：１看護補助　減算"
"12/01/2012 00:00:00","02/17/2013 00:00:00","False","Batch","12/27/2012 13:22:05","BATCH","04/14/2026 00:00:00","PVS_XP_2091","023","K810","A","20121127","20121203","結核病棟特別入院基本料１"
"12/01/2012 00:00:00","02/17/2013 00:00:00","False","Batch","12/27/2012 13:22:05","BATCH","04/14/2026 00:00:00","PVS_XP_2091","023","K820","A","20121127","20121203","結核病棟特別入院基本料２"
"12/01/2012 00:00:00","02/17/2013 00:00:00","False","Batch","12/27/2012 13:22:05","BATCH","04/14/2026 00:00:00","PVS_XP_2091","023","K830","A","20121127","20121203","結核病棟特別入院基本料"
"12/01/2012 00:00:00","02/17/2013 00:00:00","False","Batch","12/27/2012 13:22:05","BATCH","04/14/2026 00:00:00","PVS_XP_2091","023","K999","A","20121127","20121203","結核病棟種別不明"
"12/01/2012 00:00:00","02/17/2013 00:00:00","False","Batch","12/27/2012 13:22:05","BATCH","04/14/2026 00:00:00","PVS_XP_2091","023","M001","A","20121127","20121203","精神病棟１０対１入院基本料"
"12/01/2012 00:00:00","02/17/2013 00:00:00","False","Batch","12/27/2012 13:22:05","BATCH","04/14/2026 00:00:00","PVS_XP_2091","023","M002","A","20121127","20121203","精神病棟１５対１入院基本料　加算"
"12/01/2012 00:00:00","02/17/2013 00:00:00","False","Batch","12/27/2012 13:22:05","BATCH","04/14/2026 00:00:00","PVS_XP_2091","023","M003","A","20121127","20121203","精神病棟１５対１入院基本料"
"12/01/2012 00:00:00","02/17/2013 00:00:00","False","Batch","12/27/2012 13:22:05","BATCH","04/14/2026 00:00:00","PVS_XP_2091","023","M004","A","20121127","20121203","精神病棟１５対１入院基本料　３０：１看護補助　加算"
"12/01/2012 00:00:00","02/17/2013 00:00:00","False","Batch","12/27/2012 13:22:05","BATCH","04/14/2026 00:00:00","PVS_XP_2091","023","M005","A","20121127","20121203","精神病棟１５対１入院基本料　３０：１看護補助"
"12/01/2012 00:00:00","02/17/2013 00:00:00","False","Batch","12/27/2012 13:22:05","BATCH","04/14/2026 00:00:00","PVS_XP_2091","023","M006","A","20121127","20121203","精神病棟１５対１入院基本料　５０：１看護補助　加算"
"12/01/2012 00:00:00","02/17/2013 00:00:00","False","Batch","12/27/2012 13:22:05","BATCH","04/14/2026 00:00:00","PVS_XP_2091","023","M007","A","20121127","20121203","精神病棟１５対１入院基本料　５０：１看護補助"
"12/01/2012 00:00:00","02/17/2013 00:00:00","False","Batch","12/27/2012 13:22:05","BATCH","04/14/2026 00:00:00","PVS_XP_2091","023","M008","A","20121127","20121203","精神病棟１５対１入院基本料　７５：１看護補助　加算"
"12/01/2012 00:00:00","02/17/2013 00:00:00","False","Batch","12/27/2012 13:22:05","BATCH","04/14/2026 00:00:00","PVS_XP_2091","023","M009","A","20121127","20121203","精神病棟１５対１入院基本料　７５：１看護補助"
"12/01/2012 00:00:00","02/17/2013 00:00:00","False","Batch","12/27/2012 13:22:05","BATCH","04/14/2026 00:00:00","PVS_XP_2091","023","M010","A","20121127","20121203","精神病棟１８対１入院基本料　加算"
"12/01/2012 00:00:00","02/17/2013 00:00:00","False","Batch","12/27/2012 13:22:05","BATCH","04/14/2026 00:00:00","PVS_XP_2091","023","M011","A","20121127","20121203","精神病棟１８対１入院基本料"
"12/01/2012 00:00:00","02/17/2013 00:00:00","False","Batch","12/27/2012 13:22:05","BATCH","04/14/2026 00:00:00","PVS_XP_2091","023","M012","A","20121127","20121203","精神病棟１８対１入院基本料　３０：１看護補助　加算"
"12/01/2012 00:00:00","02/17/2013 00:00:00","False","Batch","12/27/2012 13:22:05","BATCH","04/14/2026 00:00:00","PVS_XP_2091","023","M013","A","20121127","20121203","精神病棟１８対１入院基本料　３０：１看護補助"
"12/01/2012 00:00:00","02/17/2013 00:00:00","False","Batch","12/27/2012 13:22:05","BATCH","04/14/2026 00:00:00","PVS_XP_2091","023","M014","A","20121127","20121203","精神病棟１８対１入院基本料　５０：１看護補助　加算"
"12/01/2012 00:00:00","02/17/2013 00:00:00","False","Batch","12/27/2012 13:22:05","BATCH","04/14/2026 00:00:00","PVS_XP_2091","023","M015","A","20121127","20121203","精神病棟１８対１入院基本料　５０：１看護補助"
"12/01/2012 00:00:00","02/17/2013 00:00:00","False","Batch","12/27/2012 13:22:05","BATCH","04/14/2026 00:00:00","PVS_XP_2091","023","M016","A","20121127","20121203","精神病棟１８対１入院基本料　７５：１看護補助　加算"
"12/01/2012 00:00:00","02/17/2013 00:00:00","False","Batch","12/27/2012 13:22:05","BATCH","04/14/2026 00:00:00","PVS_XP_2091","023","M017","A","20121127","20121203","精神病棟１８対１入院基本料　７５：１看護補助"
"12/01/2012 00:00:00","02/17/2013 00:00:00","False","Batch","12/27/2012 13:22:05","BATCH","04/14/2026 00:00:00","PVS_XP_2091","023","M018","A","20121127","20121203","精神病棟２０対１入院基本料　加算"
"12/01/2012 00:00:00","02/17/2013 00:00:00","False","Batch","12/27/2012 13:22:05","BATCH","04/14/2026 00:00:00","PVS_XP_2091","023","M019","A","20121127","20121203","精神病棟２０対１入院基本料"
"12/01/2012 00:00:00","02/17/2013 00:00:00","False","Batch","12/27/2012 13:22:05","BATCH","04/14/2026 00:00:00","PVS_XP_2091","023","M020","A","20121127","20121203","精神病棟２０対１入院基本料　３０：１看護補助　加算"
"12/01/2012 00:00:00","02/17/2013 00:00:00","False","Batch","12/27/2012 13:22:05","BATCH","04/14/2026 00:00:00","PVS_XP_2091","023","M021","A","20121127","20121203","精神病棟２０対１入院基本料　３０：１看護補助"
"12/01/2012 00:00:00","02/17/2013 00:00:00","False","Batch","12/27/2012 13:22:05","BATCH","04/14/2026 00:00:00","PVS_XP_2091","023","M022","A","20121127","20121203","精神病棟２０対１入院基本料　５０：１看護補助　加算"
"12/01/2012 00:00:00","02/17/2013 00:00:00","False","Batch","12/27/2012 13:22:05","BATCH","04/14/2026 00:00:00","PVS_XP_2091","023","M023","A","20121127","20121203","精神病棟２０対１入院基本料　５０：１看護補助"
"12/01/2012 00:00:00","02/17/2013 00:00:00","False","Batch","12/27/2012 13:22:05","BATCH","04/14/2026 00:00:00","PVS_XP_2091","023","M024","A","20121127","20121203","精神病棟２０対１入院基本料　７５：１看護補助　加算"
"12/01/2012 00:00:00","02/17/2013 00:00:00","False","Batch","12/27/2012 13:22:05","BATCH","04/14/2026 00:00:00","PVS_XP_2091","023","M025","A","20121127","20121203","精神病棟２０対１入院基本料　７５：１看護補助"
"12/01/2012 00:00:00","02/17/2013 00:00:00","False","Batch","12/27/2012 13:22:05","BATCH","04/14/2026 00:00:00","PVS_XP_2091","023","M026","A","20121127","20121203","精神病棟１３対１入院基本料"
"12/01/2012 00:00:00","02/17/2013 00:00:00","False","Batch","12/27/2012 13:22:05","BATCH","04/14/2026 00:00:00","PVS_XP_2091","023","M027","A","20121127","20121203","精神病棟１３対１入院基本料　５０：１看護補助"
"12/01/2012 00:00:00","02/17/2013 00:00:00","False","Batch","12/27/2012 13:22:05","BATCH","04/14/2026 00:00:00","PVS_XP_2091","023","M028","A","20121127","20121203","精神病棟１３対１入院基本料　７５：１看護補助"
"12/01/2012 00:00:00","02/17/2013 00:00:00","False","Batch","12/27/2012 13:22:05","BATCH","04/14/2026 00:00:00","PVS_XP_2091","023","M101","A","20121127","20121203","精神病棟入院基本料１"
"12/01/2012 00:00:00","02/17/2013 00:00:00","False","Batch","12/27/2012 13:22:05","BATCH","04/14/2026 00:00:00","PVS_XP_2091","023","M102","A","20121127","20121203","精神病棟入院基本料１　減算"
"12/01/2012 00:00:00","02/17/2013 00:00:00","False","Batch","12/27/2012 13:22:05","BATCH","04/14/2026 00:00:00","PVS_XP_2091","023","M201","A","20121127","20121203","精神病棟入院基本料２"
"12/01/2012 00:00:00","02/17/2013 00:00:00","False","Batch","12/27/2012 13:22:05","BATCH","04/14/2026 00:00:00","PVS_XP_2091","023","M202","A","20121127","20121203","精神病棟入院基本料２　減算"
"12/01/2012 00:00:00","02/17/2013 00:00:00","False","Batch","12/27/2012 13:22:05","BATCH","04/14/2026 00:00:00","PVS_XP_2091","023","M261","A","20121127","20121203","精神病棟入院基本料２　１０：１看護補助"
"12/01/2012 00:00:00","02/17/2013 00:00:00","False","Batch","12/27/2012 13:22:05","BATCH","04/14/2026 00:00:00","PVS_XP_2091","023","M262","A","20121127","20121203","精神病棟入院基本料２　１０：１看護補助　減算"
"12/01/2012 00:00:00","02/17/2013 00:00:00","False","Batch","12/27/2012 13:22:05","BATCH","04/14/2026 00:00:00","PVS_XP_2091","023","M281","A","20121127","20121203","精神病棟入院基本料２　１５：１看護補助"
"12/01/2012 00:00:00","02/17/2013 00:00:00","False","Batch","12/27/2012 13:22:05","BATCH","04/14/2026 00:00:00","PVS_XP_2091","023","M282","A","20121127","20121203","精神病棟入院基本料２　１５：１看護補助　減算"
"12/01/2012 00:00:00","02/17/2013 00:00:00","False","Batch","12/27/2012 13:22:05","BATCH","04/14/2026 00:00:00","PVS_XP_2091","023","M301","A","20121127","20121203","精神病棟入院基本料３　看配"
"12/01/2012 00:00:00","02/17/2013 00:00:00","False","Batch","12/27/2012 13:22:05","BATCH","04/14/2026 00:00:00","PVS_XP_2091","023","M302","A","20121127","20121203","精神病棟入院基本料３"
"12/01/2012 00:00:00","02/17/2013 00:00:00","False","Batch","12/27/2012 13:22:05","BATCH","04/14/2026 00:00:00","PVS_XP_2091","023","M303","A","20121127","20121203","精神病棟入院基本料３　減算"
"12/01/2012 00:00:00","02/17/2013 00:00:00","False","Batch","12/27/2012 13:22:05","BATCH","04/14/2026 00:00:00","PVS_XP_2091","023","M341","A","20121127","20121203","精神病棟入院基本料３　６：１看護補助　看配"
"12/01/2012 00:00:00","02/17/2013 00:00:00","False","Batch","12/27/2012 13:22:05","BATCH","04/14/2026 00:00:00","PVS_XP_2091","023","M342","A","20121127","20121203","精神病棟入院基本料３　６：１看護補助"
"12/01/2012 00:00:00","02/17/2013 00:00:00","False","Batch","12/27/2012 13:22:05","BATCH","04/14/2026 00:00:00","PVS_XP_2091","023","M343","A","20121127","20121203","精神病棟入院基本料３　６：１看護補助　減算"
"12/01/2012 00:00:00","02/17/2013 00:00:00","False","Batch","12/27/2012 13:22:05","BATCH","04/14/2026 00:00:00","PVS_XP_2091","023","M361","A","20121127","20121203","精神病棟入院基本料３　１０：１看護補助　看配"
"12/01/2012 00:00:00","02/17/2013 00:00:00","False","Batch","12/27/2012 13:22:05","BATCH","04/14/2026 00:00:00","PVS_XP_2091","023","M362","A","20121127","20121203","精神病棟入院基本料３　１０：１看護補助"
"12/01/2012 00:00:00","02/17/2013 00:00:00","False","Batch","12/27/2012 13:22:05","BATCH","04/14/2026 00:00:00","PVS_XP_2091","023","M363","A","20121127","20121203","精神病棟入院基本料３　１０：１看護補助　減算"
"12/01/2012 00:00:00","02/17/2013 00:00:00","False","Batch","12/27/2012 13:22:05","BATCH","04/14/2026 00:00:00","PVS_XP_2091","023","M381","A","20121127","20121203","精神病棟入院基本料３　１５：１看護補助　看配"
"12/01/2012 00:00:00","02/17/2013 00:00:00","False","Batch","12/27/2012 13:22:05","BATCH","04/14/2026 00:00:00","PVS_XP_2091","023","M382","A","20121127","20121203","精神病棟入院基本料３　１５：１看護補助"
"12/01/2012 00:00:00","02/17/2013 00:00:00","False","Batch","12/27/2012 13:22:05","BATCH","04/14/2026 00:00:00","PVS_XP_2091","023","M383","A","20121127","20121203","精神病棟入院基本料３　１５：１看護補助　減算"
"12/01/2012 00:00:00","02/17/2013 00:00:00","False","Batch","12/27/2012 13:22:05","BATCH","04/14/2026 00:00:00","PVS_XP_2091","023","M401","A","20121127","20121203","精神病棟入院基本料４　看配"
"12/01/2012 00:00:00","02/17/2013 00:00:00","False","Batch","12/27/2012 13:22:05","BATCH","04/14/2026 00:00:00","PVS_XP_2091","023","M402","A","20121127","20121203","精神病棟入院基本料４"
"12/01/2012 00:00:00","02/17/2013 00:00:00","False","Batch","12/27/2012 13:22:05","BATCH","04/14/2026 00:00:00","PVS_XP_2091","023","M403","A","20121127","20121203","精神病棟入院基本料４　減算"
"12/01/2012 00:00:00","02/17/2013 00:00:00","False","Batch","12/27/2012 13:22:05","BATCH","04/14/2026 00:00:00","PVS_XP_2091","023","M431","A","20121127","20121203","精神病棟入院基本料４　５：１看護補助　看配"
"12/01/2012 00:00:00","02/17/2013 00:00:00","False","Batch","12/27/2012 13:22:05","BATCH","04/14/2026 00:00:00","PVS_XP_2091","023","M432","A","20121127","20121203","精神病棟入院基本料４　５：１看護補助"
"12/01/2012 00:00:00","02/17/2013 00:00:00","False","Batch","12/27/2012 13:22:05","BATCH","04/14/2026 00:00:00","PVS_XP_2091","023","M433","A","20121127","20121203","精神病棟入院基本料４　５：１看護補助　減算"
"12/01/2012 00:00:00","02/17/2013 00:00:00","False","Batch","12/27/2012 13:22:05","BATCH","04/14/2026 00:00:00","PVS_XP_2091","023","M441","A","20121127","20121203","精神病棟入院基本料４　６：１看護補助　看配"
"12/01/2012 00:00:00","02/17/2013 00:00:00","False","Batch","12/27/2012 13:22:05","BATCH","04/14/2026 00:00:00","PVS_XP_2091","023","M442","A","20121127","20121203","精神病棟入院基本料４　６：１看護補助"
"12/01/2012 00:00:00","02/17/2013 00:00:00","False","Batch","12/27/2012 13:22:05","BATCH","04/14/2026 00:00:00","PVS_XP_2091","023","M443","A","20121127","20121203","精神病棟入院基本料４　６：１看護補助　減算"
"12/01/2012 00:00:00","02/17/2013 00:00:00","False","Batch","12/27/2012 13:22:05","BATCH","04/14/2026 00:00:00","PVS_XP_2091","023","M461","A","20121127","20121203","精神病棟入院基本料４　１０：１看護補助　看配"
"12/01/2012 00:00:00","02/17/2013 00:00:00","False","Batch","12/27/2012 13:22:05","BATCH","04/14/2026 00:00:00","PVS_XP_2091","023","M462","A","20121127","20121203","精神病棟入院基本料４　１０：１看護補助"
"12/01/2012 00:00:00","02/17/2013 00:00:00","False","Batch","12/27/2012 13:22:05","BATCH","04/14/2026 00:00:00","PVS_XP_2091","023","M463","A","20121127","20121203","精神病棟入院基本料４　１０：１看護補助　減算"
"12/01/2012 00:00:00","02/17/2013 00:00:00","False","Batch","12/27/2012 13:22:05","BATCH","04/14/2026 00:00:00","PVS_XP_2091","023","M481","A","20121127","20121203","精神病棟入院基本料４　１５：１看護補助　看配"
"12/01/2012 00:00:00","02/17/2013 00:00:00","False","Batch","12/27/2012 13:22:05","BATCH","04/14/2026 00:00:00","PVS_XP_2091","023","M482","A","20121127","20121203","精神病棟入院基本料４　１５：１看護補助"
"12/01/2012 00:00:00","02/17/2013 00:00:00","False","Batch","12/27/2012 13:22:05","BATCH","04/14/2026 00:00:00","PVS_XP_2091","023","M483","A","20121127","20121203","精神病棟入院基本料４　１５：１看護補助　減算"
"12/01/2012 00:00:00","02/17/2013 00:00:00","False","Batch","12/27/2012 13:22:05","BATCH","04/14/2026 00:00:00","PVS_XP_2091","023","M501","A","20121127","20121203","精神病棟入院基本料５　看配"
"12/01/2012 00:00:00","02/17/2013 00:00:00","False","Batch","12/27/2012 13:22:05","BATCH","04/14/2026 00:00:00","PVS_XP_2091","023","M502","A","20121127","20121203","精神病棟入院基本料５"
"12/01/2012 00:00:00","02/17/2013 00:00:00","False","Batch","12/27/2012 13:22:05","BATCH","04/14/2026 00:00:00","PVS_XP_2091","023","M503","A","20121127","20121203","精神病棟入院基本料５　減算"
"12/01/2012 00:00:00","02/17/2013 00:00:00","False","Batch","12/27/2012 13:22:05","BATCH","04/14/2026 00:00:00","PVS_XP_2091","023","M521","A","20121127","20121203","精神病棟入院基本料５　４：１看護補助　看配"
"12/01/2012 00:00:00","02/17/2013 00:00:00","False","Batch","12/27/2012 13:22:05","BATCH","04/14/2026 00:00:00","PVS_XP_2091","023","M522","A","20121127","20121203","精神病棟入院基本料５　４：１看護補助"
"12/01/2012 00:00:00","02/17/2013 00:00:00","False","Batch","12/27/2012 13:22:05","BATCH","04/14/2026 00:00:00","PVS_XP_2091","023","M523","A","20121127","20121203","精神病棟入院基本料５　４：１看護補助　減算"
"12/01/2012 00:00:00","02/17/2013 00:00:00","False","Batch","12/27/2012 13:22:05","BATCH","04/14/2026 00:00:00","PVS_XP_2091","023","M531","A","20121127","20121203","精神病棟入院基本料５　５：１看護補助　看配"
"12/01/2012 00:00:00","02/17/2013 00:00:00","False","Batch","12/27/2012 13:22:05","BATCH","04/14/2026 00:00:00","PVS_XP_2091","023","M532","A","20121127","20121203","精神病棟入院基本料５　５：１看護補助"
"12/01/2012 00:00:00","02/17/2013 00:00:00","False","Batch","12/27/2012 13:22:05","BATCH","04/14/2026 00:00:00","PVS_XP_2091","023","M533","A","20121127","20121203","精神病棟入院基本料５　５：１看護補助　減算"
"12/01/2012 00:00:00","02/17/2013 00:00:00","False","Batch","12/27/2012 13:22:05","BATCH","04/14/2026 00:00:00","PVS_XP_2091","023","M541","A","20121127","20121203","精神病棟入院基本料５　６：１看護補助　看配"
"12/01/2012 00:00:00","02/17/2013 00:00:00","False","Batch","12/27/2012 13:22:05","BATCH","04/14/2026 00:00:00","PVS_XP_2091","023","M542","A","20121127","20121203","精神病棟入院基本料５　６：１看護補助"
"12/01/2012 00:00:00","02/17/2013 00:00:00","False","Batch","12/27/2012 13:22:05","BATCH","04/14/2026 00:00:00","PVS_XP_2091","023","M543","A","20121127","20121203","精神病棟入院基本料５　６：１看護補助　減算"
"12/01/2012 00:00:00","02/17/2013 00:00:00","False","Batch","12/27/2012 13:22:05","BATCH","04/14/2026 00:00:00","PVS_XP_2091","023","M561","A","20121127","20121203","精神病棟入院基本料５　１０：１看護補助　看配"
"12/01/2012 00:00:00","02/17/2013 00:00:00","False","Batch","12/27/2012 13:22:05","BATCH","04/14/2026 00:00:00","PVS_XP_2091","023","M562","A","20121127","20121203","精神病棟入院基本料５　１０：１看護補助"
"12/01/2012 00:00:00","02/17/2013 00:00:00","False","Batch","12/27/2012 13:22:05","BATCH","04/14/2026 00:00:00","PVS_XP_2091","023","M563","A","20121127","20121203","精神病棟入院基本料５　１０：１看護補助　減算"
"12/01/2012 00:00:00","02/17/2013 00:00:00","False","Batch","12/27/2012 13:22:05","BATCH","04/14/2026 00:00:00","PVS_XP_2091","023","M581","A","20121127","20121203","精神病棟入院基本料５　１５：１看護補助　看配"
"12/01/2012 00:00:00","02/17/2013 00:00:00","False","Batch","12/27/2012 13:22:05","BATCH","04/14/2026 00:00:00","PVS_XP_2091","023","M582","A","20121127","20121203","精神病棟入院基本料５　１５：１看護補助"
"12/01/2012 00:00:00","02/17/2013 00:00:00","False","Batch","12/27/2012 13:22:05","BATCH","04/14/2026 00:00:00","PVS_XP_2091","023","M583","A","20121127","20121203","精神病棟入院基本料５　１５：１看護補助　減算"
"12/01/2012 00:00:00","02/17/2013 00:00:00","False","Batch","12/27/2012 13:22:05","BATCH","04/14/2026 00:00:00","PVS_XP_2091","023","M601","A","20121127","20121203","精神病棟入院基本料６　看配"
"12/01/2012 00:00:00","02/17/2013 00:00:00","False","Batch","12/27/2012 13:22:05","BATCH","04/14/2026 00:00:00","PVS_XP_2091","023","M602","A","20121127","20121203","精神病棟入院基本料６"
"12/01/2012 00:00:00","02/17/2013 00:00:00","False","Batch","12/27/2012 13:22:05","BATCH","04/14/2026 00:00:00","PVS_XP_2091","023","M603","A","20121127","20121203","精神病棟入院基本料６　減算"
"12/01/2012 00:00:00","02/17/2013 00:00:00","False","Batch","12/27/2012 13:22:05","BATCH","04/14/2026 00:00:00","PVS_XP_2091","023","M611","A","20121127","20121203","精神病棟入院基本料６　３：１看護補助　看配"
"12/01/2012 00:00:00","02/17/2013 00:00:00","False","Batch","12/27/2012 13:22:05","BATCH","04/14/2026 00:00:00","PVS_XP_2091","023","M612","A","20121127","20121203","精神病棟入院基本料６　３：１看護補助"
"12/01/2012 00:00:00","02/17/2013 00:00:00","False","Batch","12/27/2012 13:22:05","BATCH","04/14/2026 00:00:00","PVS_XP_2091","023","M613","A","20121127","20121203","精神病棟入院基本料６　３：１看護補助　減算"
"12/01/2012 00:00:00","02/17/2013 00:00:00","False","Batch","12/27/2012 13:22:05","BATCH","04/14/2026 00:00:00","PVS_XP_2091","023","M621","A","20121127","20121203","精神病棟入院基本料６　４：１看護補助　看配"
"12/01/2012 00:00:00","02/17/2013 00:00:00","False","Batch","12/27/2012 13:22:05","BATCH","04/14/2026 00:00:00","PVS_XP_2091","023","M622","A","20121127","20121203","精神病棟入院基本料６　４：１看護補助"
"12/01/2012 00:00:00","02/17/2013 00:00:00","False","Batch","12/27/2012 13:22:05","BATCH","04/14/2026 00:00:00","PVS_XP_2091","023","M623","A","20121127","20121203","精神病棟入院基本料６　４：１看護補助　減算"
"12/01/2012 00:00:00","02/17/2013 00:00:00","False","Batch","12/27/2012 13:22:05","BATCH","04/14/2026 00:00:00","PVS_XP_2091","023","M631","A","20121127","20121203","精神病棟入院基本料６　５：１看護補助　看配"
"12/01/2012 00:00:00","02/17/2013 00:00:00","False","Batch","12/27/2012 13:22:05","BATCH","04/14/2026 00:00:00","PVS_XP_2091","023","M632","A","20121127","20121203","精神病棟入院基本料６　５：１看護補助"
"12/01/2012 00:00:00","02/17/2013 00:00:00","False","Batch","12/27/2012 13:22:05","BATCH","04/14/2026 00:00:00","PVS_XP_2091","023","M633","A","20121127","20121203","精神病棟入院基本料６　５：１看護補助　減算"
"12/01/2012 00:00:00","02/17/2013 00:00:00","False","Batch","12/27/2012 13:22:05","BATCH","04/14/2026 00:00:00","PVS_XP_2091","023","M641","A","20121127","20121203","精神病棟入院基本料６　６：１看護補助　看配"
"12/01/2012 00:00:00","02/17/2013 00:00:00","False","Batch","12/27/2012 13:22:05","BATCH","04/14/2026 00:00:00","PVS_XP_2091","023","M642","A","20121127","20121203","精神病棟入院基本料６　６：１看護補助"
"12/01/2012 00:00:00","02/17/2013 00:00:00","False","Batch","12/27/2012 13:22:05","BATCH","04/14/2026 00:00:00","PVS_XP_2091","023","M643","A","20121127","20121203","精神病棟入院基本料６　６：１看護補助　減算"
"12/01/2012 00:00:00","02/17/2013 00:00:00","False","Batch","12/27/2012 13:22:05","BATCH","04/14/2026 00:00:00","PVS_XP_2091","023","M661","A","20121127","20121203","精神病棟入院基本料６　１０：１看護補助　看配"
"12/01/2012 00:00:00","02/17/2013 00:00:00","False","Batch","12/27/2012 13:22:05","BATCH","04/14/2026 00:00:00","PVS_XP_2091","023","M662","A","20121127","20121203","精神病棟入院基本料６　１０：１看護補助"
"12/01/2012 00:00:00","02/17/2013 00:00:00","False","Batch","12/27/2012 13:22:05","BATCH","04/14/2026 00:00:00","PVS_XP_2091","023","M663","A","20121127","20121203","精神病棟入院基本料６　１０：１看護補助　減算"
"12/01/2012 00:00:00","02/17/2013 00:00:00","False","Batch","12/27/2012 13:22:05","BATCH","04/14/2026 00:00:00","PVS_XP_2091","023","M681","A","20121127","20121203","精神病棟入院基本料６　１５：１看護補助　看配"
"12/01/2012 00:00:00","02/17/2013 00:00:00","False","Batch","12/27/2012 13:22:05","BATCH","04/14/2026 00:00:00","PVS_XP_2091","023","M682","A","20121127","20121203","精神病棟入院基本料６　１５：１看護補助"
"12/01/2012 00:00:00","02/17/2013 00:00:00","False","Batch","12/27/2012 13:22:05","BATCH","04/14/2026 00:00:00","PVS_XP_2091","023","M683","A","20121127","20121203","精神病棟入院基本料６　１５：１看護補助　減算"
"12/01/2012 00:00:00","02/17/2013 00:00:00","False","Batch","12/27/2012 13:22:05","BATCH","04/14/2026 00:00:00","PVS_XP_2091","023","M701","A","20121127","20121203","精神病棟入院基本料７　看配"
"12/01/2012 00:00:00","02/17/2013 00:00:00","False","Batch","12/27/2012 13:22:05","BATCH","04/14/2026 00:00:00","PVS_XP_2091","023","M702","A","20121127","20121203","精神病棟入院基本料７"
"12/01/2012 00:00:00","02/17/2013 00:00:00","False","Batch","12/27/2012 13:22:05","BATCH","04/14/2026 00:00:00","PVS_XP_2091","023","M703","A","20121127","20121203","精神病棟入院基本料７　減算"
"12/01/2012 00:00:00","02/17/2013 00:00:00","False","Batch","12/27/2012 13:22:05","BATCH","04/14/2026 00:00:00","PVS_XP_2091","023","M711","A","20121127","20121203","精神病棟入院基本料７　３：１看護補助　看配"
"12/01/2012 00:00:00","02/17/2013 00:00:00","False","Batch","12/27/2012 13:22:05","BATCH","04/14/2026 00:00:00","PVS_XP_2091","023","M712","A","20121127","20121203","精神病棟入院基本料７　３：１看護補助"
"12/01/2012 00:00:00","02/17/2013 00:00:00","False","Batch","12/27/2012 13:22:05","BATCH","04/14/2026 00:00:00","PVS_XP_2091","023","M713","A","20121127","20121203","精神病棟入院基本料７　３：１看護補助　減算"
"12/01/2012 00:00:00","02/17/2013 00:00:00","False","Batch","12/27/2012 13:22:05","BATCH","04/14/2026 00:00:00","PVS_XP_2091","023","M721","A","20121127","20121203","精神病棟入院基本料７　４：１看護補助　看配"
"12/01/2012 00:00:00","02/17/2013 00:00:00","False","Batch","12/27/2012 13:22:05","BATCH","04/14/2026 00:00:00","PVS_XP_2091","023","M722","A","20121127","20121203","精神病棟入院基本料７　４：１看護補助"
"12/01/2012 00:00:00","02/17/2013 00:00:00","False","Batch","12/27/2012 13:22:05","BATCH","04/14/2026 00:00:00","PVS_XP_2091","023","M723","A","20121127","20121203","精神病棟入院基本料７　４：１看護補助　減算"
"12/01/2012 00:00:00","02/17/2013 00:00:00","False","Batch","12/27/2012 13:22:05","BATCH","04/14/2026 00:00:00","PVS_XP_2091","023","M731","A","20121127","20121203","精神病棟入院基本料７　５：１看護補助　看配"
"12/01/2012 00:00:00","02/17/2013 00:00:00","False","Batch","12/27/2012 13:22:05","BATCH","04/14/2026 00:00:00","PVS_XP_2091","023","M732","A","20121127","20121203","精神病棟入院基本料７　５：１看護補助"
"12/01/2012 00:00:00","02/17/2013 00:00:00","False","Batch","12/27/2012 13:22:05","BATCH","04/14/2026 00:00:00","PVS_XP_2091","023","M733","A","20121127","20121203","精神病棟入院基本料７　５：１看護補助　減算"
"12/01/2012 00:00:00","02/17/2013 00:00:00","False","Batch","12/27/2012 13:22:05","BATCH","04/14/2026 00:00:00","PVS_XP_2091","023","M741","A","20121127","20121203","精神病棟入院基本料７　６：１看護補助　看配"
"12/01/2012 00:00:00","02/17/2013 00:00:00","False","Batch","12/27/2012 13:22:05","BATCH","04/14/2026 00:00:00","PVS_XP_2091","023","M742","A","20121127","20121203","精神病棟入院基本料７　６：１看護補助"
"12/01/2012 00:00:00","02/17/2013 00:00:00","False","Batch","12/27/2012 13:22:05","BATCH","04/14/2026 00:00:00","PVS_XP_2091","023","M743","A","20121127","20121203","精神病棟入院基本料７　６：１看護補助　減算"
"12/01/2012 00:00:00","02/17/2013 00:00:00","False","Batch","12/27/2012 13:22:05","BATCH","04/14/2026 00:00:00","PVS_XP_2091","023","M761","A","20121127","20121203","精神病棟入院基本料７　１０：１看護補助　看配"
"12/01/2012 00:00:00","02/17/2013 00:00:00","False","Batch","12/27/2012 13:22:05","BATCH","04/14/2026 00:00:00","PVS_XP_2091","023","M762","A","20121127","20121203","精神病棟入院基本料７　１０：１看護補助"
"12/01/2012 00:00:00","02/17/2013 00:00:00","False","Batch","12/27/2012 13:22:05","BATCH","04/14/2026 00:00:00","PVS_XP_2091","023","M763","A","20121127","20121203","精神病棟入院基本料７　１０：１看護補助　減算"
"12/01/2012 00:00:00","02/17/2013 00:00:00","False","Batch","12/27/2012 13:22:05","BATCH","04/14/2026 00:00:00","PVS_XP_2091","023","M781","A","20121127","20121203","精神病棟入院基本料７　１５：１看護補助　看配"
"12/01/2012 00:00:00","02/17/2013 00:00:00","False","Batch","12/27/2012 13:22:05","BATCH","04/14/2026 00:00:00","PVS_XP_2091","023","M782","A","20121127","20121203","精神病棟入院基本料７　１５：１看護補助"
"12/01/2012 00:00:00","02/17/2013 00:00:00","False","Batch","12/27/2012 13:22:05","BATCH","04/14/2026 00:00:00","PVS_XP_2091","023","M783","A","20121127","20121203","精神病棟入院基本料７　１５：１看護補助　減算"
"12/01/2012 00:00:00","02/17/2013 00:00:00","False","Batch","12/27/2012 13:22:05","BATCH","04/14/2026 00:00:00","PVS_XP_2091","023","M810","A","20121127","20121203","精神病棟特別入院基本料１"
"12/01/2012 00:00:00","02/17/2013 00:00:00","False","Batch","12/27/2012 13:22:05","BATCH","04/14/2026 00:00:00","PVS_XP_2091","023","M820","A","20121127","20121203","精神病棟特別入院基本料２"
"12/01/2012 00:00:00","02/17/2013 00:00:00","False","Batch","12/27/2012 13:22:05","BATCH","04/14/2026 00:00:00","PVS_XP_2091","023","M830","A","20121127","20121203","精神病棟特別入院基本料"
"12/01/2012 00:00:00","02/17/2013 00:00:00","False","Batch","12/27/2012 13:22:05","BATCH","04/14/2026 00:00:00","PVS_XP_2091","023","M999","A","20121127","20121203","精神病棟種別不明"
"12/01/2012 00:00:00","02/17/2013 00:00:00","False","Batch","12/27/2012 13:22:05","BATCH","04/14/2026 00:00:00","PVS_XP_2091","023","N001","A","20121127","20121203","特定機能病院一般病棟７対１入院基本料"
"12/01/2012 00:00:00","02/17/2013 00:00:00","False","Batch","12/27/2012 13:22:05","BATCH","04/14/2026 00:00:00","PVS_XP_2091","023","N002","A","20121127","20121203","特定機能病院一般病棟１０対１入院基本料"
"12/01/2012 00:00:00","02/17/2013 00:00:00","False","Batch","12/27/2012 13:22:05","BATCH","04/14/2026 00:00:00","PVS_XP_2091","023","N101","A","20121127","20121203","特定機能病院一般病棟Ⅰ群入院基本料１"
"12/01/2012 00:00:00","02/17/2013 00:00:00","False","Batch","12/27/2012 13:22:05","BATCH","04/14/2026 00:00:00","PVS_XP_2091","023","N102","A","20121127","20121203","特定機能病院一般病棟Ⅰ群入院基本料１　減算"
"12/01/2012 00:00:00","02/17/2013 00:00:00","False","Batch","12/27/2012 13:22:05","BATCH","04/14/2026 00:00:00","PVS_XP_2091","023","N201","A","20121127","20121203","特定機能病院一般病棟Ⅰ群入院基本料２"
"12/01/2012 00:00:00","02/17/2013 00:00:00","False","Batch","12/27/2012 13:22:05","BATCH","04/14/2026 00:00:00","PVS_XP_2091","023","N202","A","20121127","20121203","特定機能病院一般病棟Ⅰ群入院基本料２　減算"
"12/01/2012 00:00:00","02/17/2013 00:00:00","False","Batch","12/27/2012 13:22:05","BATCH","04/14/2026 00:00:00","PVS_XP_2091","023","N261","A","20121127","20121203","特定機能病院一般病棟Ⅰ群入院基本料２　１０：１看護補助"
"12/01/2012 00:00:00","02/17/2013 00:00:00","False","Batch","12/27/2012 13:22:05","BATCH","04/14/2026 00:00:00","PVS_XP_2091","023","N262","A","20121127","20121203","特定機能病院一般病棟Ⅰ群入院基本料２　１０：１看護補助　減算"
"12/01/2012 00:00:00","02/17/2013 00:00:00","False","Batch","12/27/2012 13:22:05","BATCH","04/14/2026 00:00:00","PVS_XP_2091","023","N281","A","20121127","20121203","特定機能病院一般病棟Ⅰ群入院基本料２　１５：１看護補助"
"12/01/2012 00:00:00","02/17/2013 00:00:00","False","Batch","12/27/2012 13:22:05","BATCH","04/14/2026 00:00:00","PVS_XP_2091","023","N282","A","20121127","20121203","特定機能病院一般病棟Ⅰ群入院基本料２　１５：１看護補助　減算"
"12/01/2012 00:00:00","02/17/2013 00:00:00","False","Batch","12/27/2012 13:22:05","BATCH","04/14/2026 00:00:00","PVS_XP_2091","023","N999","A","20121127","20121203","特定機能病院一般病棟Ⅰ群種別不明"
"12/01/2012 00:00:00","02/17/2013 00:00:00","False","Batch","12/27/2012 13:22:05","BATCH","04/14/2026 00:00:00","PVS_XP_2091","023","O101","A","20121127","20121203","特定機能病院一般病棟Ⅱ群入院基本料１"
"12/01/2012 00:00:00","02/17/2013 00:00:00","False","Batch","12/27/2012 13:22:05","BATCH","04/14/2026 00:00:00","PVS_XP_2091","023","O102","A","20121127","20121203","特定機能病院一般病棟Ⅱ群入院基本料１　減算"
"12/01/2012 00:00:00","02/17/2013 00:00:00","False","Batch","12/27/2012 13:22:05","BATCH","04/14/2026 00:00:00","PVS_XP_2091","023","O201","A","20121127","20121203","特定機能病院一般病棟Ⅱ群入院基本料２"
"12/01/2012 00:00:00","02/17/2013 00:00:00","False","Batch","12/27/2012 13:22:05","BATCH","04/14/2026 00:00:00","PVS_XP_2091","023","O202","A","20121127","20121203","特定機能病院一般病棟Ⅱ群入院基本料２　減算"
"12/01/2012 00:00:00","02/17/2013 00:00:00","False","Batch","12/27/2012 13:22:05","BATCH","04/14/2026 00:00:00","PVS_XP_2091","023","O261","A","20121127","20121203","特定機能病院一般病棟Ⅱ群入院基本料２　１０：１看護補助"
"12/01/2012 00:00:00","02/17/2013 00:00:00","False","Batch","12/27/2012 13:22:05","BATCH","04/14/2026 00:00:00","PVS_XP_2091","023","O262","A","20121127","20121203","特定機能病院一般病棟Ⅱ群入院基本料２　１０：１看護補助　減算"
"12/01/2012 00:00:00","02/17/2013 00:00:00","False","Batch","12/27/2012 13:22:05","BATCH","04/14/2026 00:00:00","PVS_XP_2091","023","O281","A","20121127","20121203","特定機能病院一般病棟Ⅱ群入院基本料２　１５：１看護補助"
"12/01/2012 00:00:00","02/17/2013 00:00:00","False","Batch","12/27/2012 13:22:05","BATCH","04/14/2026 00:00:00","PVS_XP_2091","023","O282","A","20121127","20121203","特定機能病院一般病棟Ⅱ群入院基本料２　１５：１看護補助　減算"
"12/01/2012 00:00:00","02/17/2013 00:00:00","False","Batch","12/27/2012 13:22:05","BATCH","04/14/2026 00:00:00","PVS_XP_2091","023","O301","A","20121127","20121203","特定機能病院一般病棟Ⅱ群入院基本料３"
"12/01/2012 00:00:00","02/17/2013 00:00:00","False","Batch","12/27/2012 13:22:05","BATCH","04/14/2026 00:00:00","PVS_XP_2091","023","O302","A","20121127","20121203","特定機能病院一般病棟Ⅱ群入院基本料３　減算"
"12/01/2012 00:00:00","02/17/2013 00:00:00","False","Batch","12/27/2012 13:22:05","BATCH","04/14/2026 00:00:00","PVS_XP_2091","023","O341","A","20121127","20121203","特定機能病院一般病棟Ⅱ群入院基本料３　６：１看護補助"
"12/01/2012 00:00:00","02/17/2013 00:00:00","False","Batch","12/27/2012 13:22:05","BATCH","04/14/2026 00:00:00","PVS_XP_2091","023","O342","A","20121127","20121203","特定機能病院一般病棟Ⅱ群入院基本料３　６：１看護補助　減算"
"12/01/2012 00:00:00","02/17/2013 00:00:00","False","Batch","12/27/2012 13:22:05","BATCH","04/14/2026 00:00:00","PVS_XP_2091","023","O361","A","20121127","20121203","特定機能病院一般病棟Ⅱ群入院基本料３　１０：１看護補助"
"12/01/2012 00:00:00","02/17/2013 00:00:00","False","Batch","12/27/2012 13:22:05","BATCH","04/14/2026 00:00:00","PVS_XP_2091","023","O362","A","20121127","20121203","特定機能病院一般病棟Ⅱ群入院基本料３　１０：１看護補助　減算"
"12/01/2012 00:00:00","02/17/2013 00:00:00","False","Batch","12/27/2012 13:22:05","BATCH","04/14/2026 00:00:00","PVS_XP_2091","023","O381","A","20121127","20121203","特定機能病院一般病棟Ⅱ群入院基本料３　１５：１看護補助"
"12/01/2012 00:00:00","02/17/2013 00:00:00","False","Batch","12/27/2012 13:22:05","BATCH","04/14/2026 00:00:00","PVS_XP_2091","023","O382","A","20121127","20121203","特定機能病院一般病棟Ⅱ群入院基本料３　１５：１看護補助　減算"
"12/01/2012 00:00:00","02/17/2013 00:00:00","False","Batch","12/27/2012 13:22:05","BATCH","04/14/2026 00:00:00","PVS_XP_2091","023","O999","A","20121127","20121203","特定機能病院一般病棟Ⅱ群種別不明"
"12/01/2012 00:00:00","02/17/2013 00:00:00","False","Batch","12/27/2012 13:22:05","BATCH","04/14/2026 00:00:00","PVS_XP_2091","023","P001","A","20121127","20121203","特定機能病院結核病棟７対１入院基本料"
"12/01/2012 00:00:00","02/17/2013 00:00:00","False","Batch","12/27/2012 13:22:05","BATCH","04/14/2026 00:00:00","PVS_XP_2091","023","P002","A","20121127","20121203","特定機能病院結核病棟１０対１入院基本料"
"12/01/2012 00:00:00","02/17/2013 00:00:00","False","Batch","12/27/2012 13:22:05","BATCH","04/14/2026 00:00:00","PVS_XP_2091","023","P003","A","20121127","20121203","特定機能病院結核病棟１３対１入院基本料"
"12/01/2012 00:00:00","02/17/2013 00:00:00","False","Batch","12/27/2012 13:22:05","BATCH","04/14/2026 00:00:00","PVS_XP_2091","023","P004","A","20121127","20121203","特定機能病院結核病棟１３対１入院基本料　５０：１看護補助"
"12/01/2012 00:00:00","02/17/2013 00:00:00","False","Batch","12/27/2012 13:22:05","BATCH","04/14/2026 00:00:00","PVS_XP_2091","023","P005","A","20121127","20121203","特定機能病院結核病棟１３対１入院基本料　７５：１看護補助"
"12/01/2012 00:00:00","02/17/2013 00:00:00","False","Batch","12/27/2012 13:22:05","BATCH","04/14/2026 00:00:00","PVS_XP_2091","023","P006","A","20121127","20121203","特定機能病院結核病棟１５対１入院基本料"
"12/01/2012 00:00:00","02/17/2013 00:00:00","False","Batch","12/27/2012 13:22:05","BATCH","04/14/2026 00:00:00","PVS_XP_2091","023","P007","A","20121127","20121203","特定機能病院結核病棟１５対１入院基本料　３０：１看護補助"
"12/01/2012 00:00:00","02/17/2013 00:00:00","False","Batch","12/27/2012 13:22:05","BATCH","04/14/2026 00:00:00","PVS_XP_2091","023","P008","A","20121127","20121203","特定機能病院結核病棟１５対１入院基本料　５０：１看護補助"
"12/01/2012 00:00:00","02/17/2013 00:00:00","False","Batch","12/27/2012 13:22:05","BATCH","04/14/2026 00:00:00","PVS_XP_2091","023","P009","A","20121127","20121203","特定機能病院結核病棟１５対１入院基本料　７５：１看護補助"
"12/01/2012 00:00:00","02/17/2013 00:00:00","False","Batch","12/27/2012 13:22:05","BATCH","04/14/2026 00:00:00","PVS_XP_2091","023","P101","A","20121127","20121203","特定機能病院結核病棟Ⅰ群入院基本料１"
"12/01/2012 00:00:00","02/17/2013 00:00:00","False","Batch","12/27/2012 13:22:05","BATCH","04/14/2026 00:00:00","PVS_XP_2091","023","P102","A","20121127","20121203","特定機能病院結核病棟Ⅰ群入院基本料１　減算"
"12/01/2012 00:00:00","02/17/2013 00:00:00","False","Batch","12/27/2012 13:22:05","BATCH","04/14/2026 00:00:00","PVS_XP_2091","023","P201","A","20121127","20121203","特定機能病院結核病棟Ⅰ群入院基本料２"
"12/01/2012 00:00:00","02/17/2013 00:00:00","False","Batch","12/27/2012 13:22:05","BATCH","04/14/2026 00:00:00","PVS_XP_2091","023","P202","A","20121127","20121203","特定機能病院結核病棟Ⅰ群入院基本料２　減算"
"12/01/2012 00:00:00","02/17/2013 00:00:00","False","Batch","12/27/2012 13:22:05","BATCH","04/14/2026 00:00:00","PVS_XP_2091","023","P261","A","20121127","20121203","特定機能病院結核病棟Ⅰ群入院基本料２　１０：１看護補助"
"12/01/2012 00:00:00","02/17/2013 00:00:00","False","Batch","12/27/2012 13:22:05","BATCH","04/14/2026 00:00:00","PVS_XP_2091","023","P262","A","20121127","20121203","特定機能病院結核病棟Ⅰ群入院基本料２　１０：１看護補助　減算"
"12/01/2012 00:00:00","02/17/2013 00:00:00","False","Batch","12/27/2012 13:22:05","BATCH","04/14/2026 00:00:00","PVS_XP_2091","023","P281","A","20121127","20121203","特定機能病院結核病棟Ⅰ群入院基本料２　１５：１看護補助"
"12/01/2012 00:00:00","02/17/2013 00:00:00","False","Batch","12/27/2012 13:22:05","BATCH","04/14/2026 00:00:00","PVS_XP_2091","023","P282","A","20121127","20121203","特定機能病院結核病棟Ⅰ群入院基本料２　１５：１看護補助　減算"
"12/01/2012 00:00:00","02/17/2013 00:00:00","False","Batch","12/27/2012 13:22:05","BATCH","04/14/2026 00:00:00","PVS_XP_2091","023","P999","A","20121127","20121203","特定機能病院結核病棟Ⅰ群種別不明"
"12/01/2012 00:00:00","02/17/2013 00:00:00","False","Batch","12/27/2012 13:22:05","BATCH","04/14/2026 00:00:00","PVS_XP_2091","023","Q101","A","20121127","20121203","特定機能病院結核病棟Ⅱ群入院基本料１"
"12/01/2012 00:00:00","02/17/2013 00:00:00","False","Batch","12/27/2012 13:22:05","BATCH","04/14/2026 00:00:00","PVS_XP_2091","023","Q102","A","20121127","20121203","特定機能病院結核病棟Ⅱ群入院基本料１　減算"
"12/01/2012 00:00:00","02/17/2013 00:00:00","False","Batch","12/27/2012 13:22:05","BATCH","04/14/2026 00:00:00","PVS_XP_2091","023","Q201","A","20121127","20121203","特定機能病院結核病棟Ⅱ群入院基本料２"
"12/01/2012 00:00:00","02/17/2013 00:00:00","False","Batch","12/27/2012 13:22:05","BATCH","04/14/2026 00:00:00","PVS_XP_2091","023","Q202","A","20121127","20121203","特定機能病院結核病棟Ⅱ群入院基本料２　減算"
"12/01/2012 00:00:00","02/17/2013 00:00:00","False","Batch","12/27/2012 13:22:05","BATCH","04/14/2026 00:00:00","PVS_XP_2091","023","Q261","A","20121127","20121203","特定機能病院結核病棟Ⅱ群入院基本料２　１０：１看護補助"
"12/01/2012 00:00:00","02/17/2013 00:00:00","False","Batch","12/27/2012 13:22:05","BATCH","04/14/2026 00:00:00","PVS_XP_2091","023","Q262","A","20121127","20121203","特定機能病院結核病棟Ⅱ群入院基本料２　１０：１看護補助　減算"
"12/01/2012 00:00:00","02/17/2013 00:00:00","False","Batch","12/27/2012 13:22:05","BATCH","04/14/2026 00:00:00","PVS_XP_2091","023","Q281","A","20121127","20121203","特定機能病院結核病棟Ⅱ群入院基本料２　１５：１看護補助"
"12/01/2012 00:00:00","02/17/2013 00:00:00","False","Batch","12/27/2012 13:22:05","BATCH","04/14/2026 00:00:00","PVS_XP_2091","023","Q282","A","20121127","20121203","特定機能病院結核病棟Ⅱ群入院基本料２　１５：１看護補助　減算"
"12/01/2012 00:00:00","02/17/2013 00:00:00","False","Batch","12/27/2012 13:22:05","BATCH","04/14/2026 00:00:00","PVS_XP_2091","023","Q301","A","20121127","20121203","特定機能病院結核病棟Ⅱ群入院基本料３"
"12/01/2012 00:00:00","02/17/2013 00:00:00","False","Batch","12/27/2012 13:22:05","BATCH","04/14/2026 00:00:00","PVS_XP_2091","023","Q302","A","20121127","20121203","特定機能病院結核病棟Ⅱ群入院基本料３　減算"
"12/01/2012 00:00:00","02/17/2013 00:00:00","False","Batch","12/27/2012 13:22:05","BATCH","04/14/2026 00:00:00","PVS_XP_2091","023","Q341","A","20121127","20121203","特定機能病院結核病棟Ⅱ群入院基本料３　６：１看護補助"
"12/01/2012 00:00:00","02/17/2013 00:00:00","False","Batch","12/27/2012 13:22:05","BATCH","04/14/2026 00:00:00","PVS_XP_2091","023","Q342","A","20121127","20121203","特定機能病院結核病棟Ⅱ群入院基本料３　６：１看護補助　減算"
"12/01/2012 00:00:00","02/17/2013 00:00:00","False","Batch","12/27/2012 13:22:05","BATCH","04/14/2026 00:00:00","PVS_XP_2091","023","Q361","A","20121127","20121203","特定機能病院結核病棟Ⅱ群入院基本料３　１０：１看護補助"
"12/01/2012 00:00:00","02/17/2013 00:00:00","False","Batch","12/27/2012 13:22:05","BATCH","04/14/2026 00:00:00","PVS_XP_2091","023","Q362","A","20121127","20121203","特定機能病院結核病棟Ⅱ群入院基本料３　１０：１看護補助　減算"
"12/01/2012 00:00:00","02/17/2013 00:00:00","False","Batch","12/27/2012 13:22:05","BATCH","04/14/2026 00:00:00","PVS_XP_2091","023","Q381","A","20121127","20121203","特定機能病院結核病棟Ⅱ群入院基本料３　１５：１看護補助"
"12/01/2012 00:00:00","02/17/2013 00:00:00","False","Batch","12/27/2012 13:22:05","BATCH","04/14/2026 00:00:00","PVS_XP_2091","023","Q382","A","20121127","20121203","特定機能病院結核病棟Ⅱ群入院基本料３　１５：１看護補助　減算"
"12/01/2012 00:00:00","02/17/2013 00:00:00","False","Batch","12/27/2012 13:22:05","BATCH","04/14/2026 00:00:00","PVS_XP_2091","023","Q999","A","20121127","20121203","特定機能病院結核病棟Ⅱ群種別不明"
"12/01/2012 00:00:00","02/17/2013 00:00:00","False","Batch","12/27/2012 13:22:05","BATCH","04/14/2026 00:00:00","PVS_XP_2091","023","R001","A","20121127","20121203","特定機能病院精神病棟７対１入院基本料"
"12/01/2012 00:00:00","02/17/2013 00:00:00","False","Batch","12/27/2012 13:22:05","BATCH","04/14/2026 00:00:00","PVS_XP_2091","023","R002","A","20121127","20121203","特定機能病院精神病棟１０対１入院基本料"
"12/01/2012 00:00:00","02/17/2013 00:00:00","False","Batch","12/27/2012 13:22:05","BATCH","04/14/2026 00:00:00","PVS_XP_2091","023","R003","A","20121127","20121203","特定機能病院精神病棟１５対１入院基本料"
"12/01/2012 00:00:00","02/17/2013 00:00:00","False","Batch","12/27/2012 13:22:05","BATCH","04/14/2026 00:00:00","PVS_XP_2091","023","R004","A","20121127","20121203","特定機能病院精神病棟１５対１入院基本料　３０：１看護補助"
"12/01/2012 00:00:00","02/17/2013 00:00:00","False","Batch","12/27/2012 13:22:05","BATCH","04/14/2026 00:00:00","PVS_XP_2091","023","R005","A","20121127","20121203","特定機能病院精神病棟１５対１入院基本料　５０：１看護補助"
"12/01/2012 00:00:00","02/17/2013 00:00:00","False","Batch","12/27/2012 13:22:05","BATCH","04/14/2026 00:00:00","PVS_XP_2091","023","R006","A","20121127","20121203","特定機能病院精神病棟１５対１入院基本料　７５：１看護補助"
"12/01/2012 00:00:00","02/17/2013 00:00:00","False","Batch","12/27/2012 13:22:05","BATCH","04/14/2026 00:00:00","PVS_XP_2091","023","R007","A","20121127","20121203","特定機能病院精神病棟１３対１入院基本料"
"12/01/2012 00:00:00","02/17/2013 00:00:00","False","Batch","12/27/2012 13:22:05","BATCH","04/14/2026 00:00:00","PVS_XP_2091","023","R008","A","20121127","20121203","特定機能病院精神病棟１３対１入院基本料　５０：１看護補助"
"12/01/2012 00:00:00","02/17/2013 00:00:00","False","Batch","12/27/2012 13:22:05","BATCH","04/14/2026 00:00:00","PVS_XP_2091","023","R009","A","20121127","20121203","特定機能病院精神病棟１３対１入院基本料　７５：１看護補助"
"12/01/2012 00:00:00","02/17/2013 00:00:00","False","Batch","12/27/2012 13:22:05","BATCH","04/14/2026 00:00:00","PVS_XP_2091","023","R101","A","20121127","20121203","特定機能病院精神病棟Ⅰ群入院基本料１"
"12/01/2012 00:00:00","02/17/2013 00:00:00","False","Batch","12/27/2012 13:22:05","BATCH","04/14/2026 00:00:00","PVS_XP_2091","023","R102","A","20121127","20121203","特定機能病院精神病棟Ⅰ群入院基本料１　減算"
"12/01/2012 00:00:00","02/17/2013 00:00:00","False","Batch","12/27/2012 13:22:05","BATCH","04/14/2026 00:00:00","PVS_XP_2091","023","R201","A","20121127","20121203","特定機能病院精神病棟Ⅰ群入院基本料２"
"12/01/2012 00:00:00","02/17/2013 00:00:00","False","Batch","12/27/2012 13:22:05","BATCH","04/14/2026 00:00:00","PVS_XP_2091","023","R202","A","20121127","20121203","特定機能病院精神病棟Ⅰ群入院基本料２　減算"
"12/01/2012 00:00:00","02/17/2013 00:00:00","False","Batch","12/27/2012 13:22:05","BATCH","04/14/2026 00:00:00","PVS_XP_2091","023","R261","A","20121127","20121203","特定機能病院精神病棟Ⅰ群入院基本料２　１０：１看護補助"
"12/01/2012 00:00:00","02/17/2013 00:00:00","False","Batch","12/27/2012 13:22:05","BATCH","04/14/2026 00:00:00","PVS_XP_2091","023","R262","A","20121127","20121203","特定機能病院精神病棟Ⅰ群入院基本料２　１０：１看護補助　減算"
"12/01/2012 00:00:00","02/17/2013 00:00:00","False","Batch","12/27/2012 13:22:05","BATCH","04/14/2026 00:00:00","PVS_XP_2091","023","R281","A","20121127","20121203","特定機能病院精神病棟Ⅰ群入院基本料２　１５：１看護補助"
"12/01/2012 00:00:00","02/17/2013 00:00:00","False","Batch","12/27/2012 13:22:05","BATCH","04/14/2026 00:00:00","PVS_XP_2091","023","R282","A","20121127","20121203","特定機能病院精神病棟Ⅰ群入院基本料２　１５：１看護補助　減算"
"12/01/2012 00:00:00","02/17/2013 00:00:00","False","Batch","12/27/2012 13:22:05","BATCH","04/14/2026 00:00:00","PVS_XP_2091","023","R999","A","20121127","20121203","特定機能病院精神病棟Ⅰ群種別不明"
"12/01/2012 00:00:00","02/17/2013 00:00:00","False","Batch","12/27/2012 13:22:05","BATCH","04/14/2026 00:00:00","PVS_XP_2091","023","S101","A","20121127","20121203","特定機能病院精神病棟Ⅱ群入院基本料１"
"12/01/2012 00:00:00","02/17/2013 00:00:00","False","Batch","12/27/2012 13:22:05","BATCH","04/14/2026 00:00:00","PVS_XP_2091","023","S102","A","20121127","20121203","特定機能病院精神病棟Ⅱ群入院基本料１　減算"
"12/01/2012 00:00:00","02/17/2013 00:00:00","False","Batch","12/27/2012 13:22:05","BATCH","04/14/2026 00:00:00","PVS_XP_2091","023","S201","A","20121127","20121203","特定機能病院精神病棟Ⅱ群入院基本料２"
"12/01/2012 00:00:00","02/17/2013 00:00:00","False","Batch","12/27/2012 13:22:05","BATCH","04/14/2026 00:00:00","PVS_XP_2091","023","S202","A","20121127","20121203","特定機能病院精神病棟Ⅱ群入院基本料２　減算"
"12/01/2012 00:00:00","02/17/2013 00:00:00","False","Batch","12/27/2012 13:22:05","BATCH","04/14/2026 00:00:00","PVS_XP_2091","023","S261","A","20121127","20121203","特定機能病院精神病棟Ⅱ群入院基本料２　１０：１看護補助"
"12/01/2012 00:00:00","02/17/2013 00:00:00","False","Batch","12/27/2012 13:22:05","BATCH","04/14/2026 00:00:00","PVS_XP_2091","023","S262","A","20121127","20121203","特定機能病院精神病棟Ⅱ群入院基本料２　１０：１看護補助　減算"
"12/01/2012 00:00:00","02/17/2013 00:00:00","False","Batch","12/27/2012 13:22:05","BATCH","04/14/2026 00:00:00","PVS_XP_2091","023","S281","A","20121127","20121203","特定機能病院精神病棟Ⅱ群入院基本料２　１５：１看護補助"
"12/01/2012 00:00:00","02/17/2013 00:00:00","False","Batch","12/27/2012 13:22:05","BATCH","04/14/2026 00:00:00","PVS_XP_2091","023","S282","A","20121127","20121203","特定機能病院精神病棟Ⅱ群入院基本料２　１５：１看護補助　減算"
"12/01/2012 00:00:00","02/17/2013 00:00:00","False","Batch","12/27/2012 13:22:05","BATCH","04/14/2026 00:00:00","PVS_XP_2091","023","S301","A","20121127","20121203","特定機能病院精神病棟Ⅱ群入院基本料３"
"12/01/2012 00:00:00","02/17/2013 00:00:00","False","Batch","12/27/2012 13:22:05","BATCH","04/14/2026 00:00:00","PVS_XP_2091","023","S302","A","20121127","20121203","特定機能病院精神病棟Ⅱ群入院基本料３　減算"
"12/01/2012 00:00:00","02/17/2013 00:00:00","False","Batch","12/27/2012 13:22:05","BATCH","04/14/2026 00:00:00","PVS_XP_2091","023","S341","A","20121127","20121203","特定機能病院精神病棟Ⅱ群入院基本料３　６：１看護補助"
"12/01/2012 00:00:00","02/17/2013 00:00:00","False","Batch","12/27/2012 13:22:05","BATCH","04/14/2026 00:00:00","PVS_XP_2091","023","S342","A","20121127","20121203","特定機能病院精神病棟Ⅱ群入院基本料３　６：１看護補助　減算"
"12/01/2012 00:00:00","02/17/2013 00:00:00","False","Batch","12/27/2012 13:22:05","BATCH","04/14/2026 00:00:00","PVS_XP_2091","023","S361","A","20121127","20121203","特定機能病院精神病棟Ⅱ群入院基本料３　１０：１看護補助"
"12/01/2012 00:00:00","02/17/2013 00:00:00","False","Batch","12/27/2012 13:22:05","BATCH","04/14/2026 00:00:00","PVS_XP_2091","023","S362","A","20121127","20121203","特定機能病院精神病棟Ⅱ群入院基本料３　１０：１看護補助　減算"
"12/01/2012 00:00:00","02/17/2013 00:00:00","False","Batch","12/27/2012 13:22:05","BATCH","04/14/2026 00:00:00","PVS_XP_2091","023","S381","A","20121127","20121203","特定機能病院精神病棟Ⅱ群入院基本料３　１５：１看護補助"
"12/01/2012 00:00:00","02/17/2013 00:00:00","False","Batch","12/27/2012 13:22:05","BATCH","04/14/2026 00:00:00","PVS_XP_2091","023","S382","A","20121127","20121203","特定機能病院精神病棟Ⅱ群入院基本料３　１５：１看護補助　減算"
"12/01/2012 00:00:00","02/17/2013 00:00:00","False","Batch","12/27/2012 13:22:05","BATCH","04/14/2026 00:00:00","PVS_XP_2091","023","S999","A","20121127","20121203","特定機能病院精神病棟Ⅱ群種別不明"
"12/01/2012 00:00:00","02/17/2013 00:00:00","False","Batch","12/27/2012 13:22:05","BATCH","04/14/2026 00:00:00","PVS_XP_2091","023","T001","A","20121127","20121203","専門病院７対１入院基本料"
"12/01/2012 00:00:00","02/17/2013 00:00:00","False","Batch","12/27/2012 13:22:05","BATCH","04/14/2026 00:00:00","PVS_XP_2091","023","T002","A","20121127","20121203","専門病院１０対１入院基本料"
"12/01/2012 00:00:00","02/17/2013 00:00:00","False","Batch","12/27/2012 13:22:05","BATCH","04/14/2026 00:00:00","PVS_XP_2091","023","T003","A","20121127","20121203","専門病院１３対１入院基本料"
"12/01/2012 00:00:00","02/17/2013 00:00:00","False","Batch","12/27/2012 13:22:05","BATCH","04/14/2026 00:00:00","PVS_XP_2091","023","T004","A","20121127","20121203","専門病院１３対１入院基本料　５０：１看護補助"
"12/01/2012 00:00:00","02/17/2013 00:00:00","False","Batch","12/27/2012 13:22:05","BATCH","04/14/2026 00:00:00","PVS_XP_2091","023","T005","A","20121127","20121203","専門病院１３対１入院基本料　７５：１看護補助"
"12/01/2012 00:00:00","02/17/2013 00:00:00","False","Batch","12/27/2012 13:22:05","BATCH","04/14/2026 00:00:00","PVS_XP_2091","023","T006","A","20121127","20121203","専門病院準７対１入院基本料"
"12/01/2012 00:00:00","02/17/2013 00:00:00","False","Batch","12/27/2012 13:22:05","BATCH","04/14/2026 00:00:00","PVS_XP_2091","023","T007","A","20121127","20121203","専門病院１０対１入院基本料　５０：１看護補助"
"12/01/2012 00:00:00","02/17/2013 00:00:00","False","Batch","12/27/2012 13:22:05","BATCH","04/14/2026 00:00:00","PVS_XP_2091","023","T008","A","20121127","20121203","専門病院１０対１入院基本料　７５：１看護補助"
"12/01/2012 00:00:00","02/17/2013 00:00:00","False","Batch","12/27/2012 13:22:05","BATCH","04/14/2026 00:00:00","PVS_XP_2091","023","T101","A","20121127","20121203","専門病院入院基本料１"
"12/01/2012 00:00:00","02/17/2013 00:00:00","False","Batch","12/27/2012 13:22:05","BATCH","04/14/2026 00:00:00","PVS_XP_2091","023","T102","A","20121127","20121203","専門病院入院基本料１　減算"
"12/01/2012 00:00:00","02/17/2013 00:00:00","False","Batch","12/27/2012 13:22:05","BATCH","04/14/2026 00:00:00","PVS_XP_2091","023","T201","A","20121127","20121203","専門病院入院基本料２"
"12/01/2012 00:00:00","02/17/2013 00:00:00","False","Batch","12/27/2012 13:22:05","BATCH","04/14/2026 00:00:00","PVS_XP_2091","023","T202","A","20121127","20121203","専門病院入院基本料２　減算"
"12/01/2012 00:00:00","02/17/2013 00:00:00","False","Batch","12/27/2012 13:22:05","BATCH","04/14/2026 00:00:00","PVS_XP_2091","023","T261","A","20121127","20121203","専門病院入院基本料２　１０：１看護補助"
"12/01/2012 00:00:00","02/17/2013 00:00:00","False","Batch","12/27/2012 13:22:05","BATCH","04/14/2026 00:00:00","PVS_XP_2091","023","T262","A","20121127","20121203","専門病院入院基本料２　１０：１看護補助　減算"
"12/01/2012 00:00:00","02/17/2013 00:00:00","False","Batch","12/27/2012 13:22:05","BATCH","04/14/2026 00:00:00","PVS_XP_2091","023","T281","A","20121127","20121203","専門病院入院基本料２　１５：１看護補助"
"12/01/2012 00:00:00","02/17/2013 00:00:00","False","Batch","12/27/2012 13:22:05","BATCH","04/14/2026 00:00:00","PVS_XP_2091","023","T282","A","20121127","20121203","専門病院入院基本料２　１５：１看護補助　減算"
"12/01/2012 00:00:00","02/17/2013 00:00:00","False","Batch","12/27/2012 13:22:05","BATCH","04/14/2026 00:00:00","PVS_XP_2091","023","T301","A","20121127","20121203","専門病院Ⅰ群入院基本料３　看配"
"12/01/2012 00:00:00","02/17/2013 00:00:00","False","Batch","12/27/2012 13:22:05","BATCH","04/14/2026 00:00:00","PVS_XP_2091","023","T302","A","20121127","20121203","専門病院Ⅰ群入院基本料３"
"12/01/2012 00:00:00","02/17/2013 00:00:00","False","Batch","12/27/2012 13:22:05","BATCH","04/14/2026 00:00:00","PVS_XP_2091","023","T303","A","20121127","20121203","専門病院Ⅰ群入院基本料３　減算"
"12/01/2012 00:00:00","02/17/2013 00:00:00","False","Batch","12/27/2012 13:22:05","BATCH","04/14/2026 00:00:00","PVS_XP_2091","023","T341","A","20121127","20121203","専門病院Ⅰ群入院基本料３　６：１看護補助　看配"
"12/01/2012 00:00:00","02/17/2013 00:00:00","False","Batch","12/27/2012 13:22:05","BATCH","04/14/2026 00:00:00","PVS_XP_2091","023","T342","A","20121127","20121203","専門病院Ⅰ群入院基本料３　６：１看護補助"
"12/01/2012 00:00:00","02/17/2013 00:00:00","False","Batch","12/27/2012 13:22:05","BATCH","04/14/2026 00:00:00","PVS_XP_2091","023","T343","A","20121127","20121203","専門病院Ⅰ群入院基本料３　６：１看護補助　減算"
"12/01/2012 00:00:00","02/17/2013 00:00:00","False","Batch","12/27/2012 13:22:05","BATCH","04/14/2026 00:00:00","PVS_XP_2091","023","T361","A","20121127","20121203","専門病院Ⅰ群入院基本料３　１０：１看護補助　看配"
"12/01/2012 00:00:00","02/17/2013 00:00:00","False","Batch","12/27/2012 13:22:05","BATCH","04/14/2026 00:00:00","PVS_XP_2091","023","T362","A","20121127","20121203","専門病院Ⅰ群入院基本料３　１０：１看護補助"
"12/01/2012 00:00:00","02/17/2013 00:00:00","False","Batch","12/27/2012 13:22:05","BATCH","04/14/2026 00:00:00","PVS_XP_2091","023","T363","A","20121127","20121203","専門病院Ⅰ群入院基本料３　１０：１看護補助　減算"
"12/01/2012 00:00:00","02/17/2013 00:00:00","False","Batch","12/27/2012 13:22:05","BATCH","04/14/2026 00:00:00","PVS_XP_2091","023","T381","A","20121127","20121203","専門病院Ⅰ群入院基本料３　１５：１看護補助　看配"
"12/01/2012 00:00:00","02/17/2013 00:00:00","False","Batch","12/27/2012 13:22:05","BATCH","04/14/2026 00:00:00","PVS_XP_2091","023","T382","A","20121127","20121203","専門病院Ⅰ群入院基本料３　１５：１看護補助"
"12/01/2012 00:00:00","02/17/2013 00:00:00","False","Batch","12/27/2012 13:22:05","BATCH","04/14/2026 00:00:00","PVS_XP_2091","023","T383","A","20121127","20121203","専門病院Ⅰ群入院基本料３　１５：１看護補助　減算"
"12/01/2012 00:00:00","02/17/2013 00:00:00","False","Batch","12/27/2012 13:22:05","BATCH","04/14/2026 00:00:00","PVS_XP_2091","023","T401","A","20121127","20121203","専門病院Ⅰ群入院基本料４　看配"
"12/01/2012 00:00:00","02/17/2013 00:00:00","False","Batch","12/27/2012 13:22:05","BATCH","04/14/2026 00:00:00","PVS_XP_2091","023","T402","A","20121127","20121203","専門病院Ⅰ群入院基本料４"
"12/01/2012 00:00:00","02/17/2013 00:00:00","False","Batch","12/27/2012 13:22:05","BATCH","04/14/2026 00:00:00","PVS_XP_2091","023","T403","A","20121127","20121203","専門病院Ⅰ群入院基本料４　減算"
"12/01/2012 00:00:00","02/17/2013 00:00:00","False","Batch","12/27/2012 13:22:05","BATCH","04/14/2026 00:00:00","PVS_XP_2091","023","T431","A","20121127","20121203","専門病院Ⅰ群入院基本料４　５：１看護補助　看配"
"12/01/2012 00:00:00","02/17/2013 00:00:00","False","Batch","12/27/2012 13:22:05","BATCH","04/14/2026 00:00:00","PVS_XP_2091","023","T432","A","20121127","20121203","専門病院Ⅰ群入院基本料４　５：１看護補助"
"12/01/2012 00:00:00","02/17/2013 00:00:00","False","Batch","12/27/2012 13:22:05","BATCH","04/14/2026 00:00:00","PVS_XP_2091","023","T433","A","20121127","20121203","専門病院Ⅰ群入院基本料４　５：１看護補助　減算"
"12/01/2012 00:00:00","02/17/2013 00:00:00","False","Batch","12/27/2012 13:22:05","BATCH","04/14/2026 00:00:00","PVS_XP_2091","023","T441","A","20121127","20121203","専門病院Ⅰ群入院基本料４　６：１看護補助　看配"
"12/01/2012 00:00:00","02/17/2013 00:00:00","False","Batch","12/27/2012 13:22:05","BATCH","04/14/2026 00:00:00","PVS_XP_2091","023","T442","A","20121127","20121203","専門病院Ⅰ群入院基本料４　６：１看護補助"
"12/01/2012 00:00:00","02/17/2013 00:00:00","False","Batch","12/27/2012 13:22:05","BATCH","04/14/2026 00:00:00","PVS_XP_2091","023","T443","A","20121127","20121203","専門病院Ⅰ群入院基本料４　６：１看護補助　減算"
"12/01/2012 00:00:00","02/17/2013 00:00:00","False","Batch","12/27/2012 13:22:05","BATCH","04/14/2026 00:00:00","PVS_XP_2091","023","T461","A","20121127","20121203","専門病院Ⅰ群入院基本料４　１０：１看護補助　看配"
"12/01/2012 00:00:00","02/17/2013 00:00:00","False","Batch","12/27/2012 13:22:05","BATCH","04/14/2026 00:00:00","PVS_XP_2091","023","T462","A","20121127","20121203","専門病院Ⅰ群入院基本料４　１０：１看護補助"
"12/01/2012 00:00:00","02/17/2013 00:00:00","False","Batch","12/27/2012 13:22:05","BATCH","04/14/2026 00:00:00","PVS_XP_2091","023","T463","A","20121127","20121203","専門病院Ⅰ群入院基本料４　１０：１看護補助　減算"
"12/01/2012 00:00:00","02/17/2013 00:00:00","False","Batch","12/27/2012 13:22:05","BATCH","04/14/2026 00:00:00","PVS_XP_2091","023","T481","A","20121127","20121203","専門病院Ⅰ群入院基本料４　１５：１看護補助　看配"
"12/01/2012 00:00:00","02/17/2013 00:00:00","False","Batch","12/27/2012 13:22:05","BATCH","04/14/2026 00:00:00","PVS_XP_2091","023","T482","A","20121127","20121203","専門病院Ⅰ群入院基本料４　１５：１看護補助"
"12/01/2012 00:00:00","02/17/2013 00:00:00","False","Batch","12/27/2012 13:22:05","BATCH","04/14/2026 00:00:00","PVS_XP_2091","023","T483","A","20121127","20121203","専門病院Ⅰ群入院基本料４　１５：１看護補助　減算"
"12/01/2012 00:00:00","02/17/2013 00:00:00","False","Batch","12/27/2012 13:22:05","BATCH","04/14/2026 00:00:00","PVS_XP_2091","023","T501","A","20121127","20121203","専門病院Ⅰ群入院基本料５　看配"
"12/01/2012 00:00:00","02/17/2013 00:00:00","False","Batch","12/27/2012 13:22:05","BATCH","04/14/2026 00:00:00","PVS_XP_2091","023","T502","A","20121127","20121203","専門病院Ⅰ群入院基本料５"
"12/01/2012 00:00:00","02/17/2013 00:00:00","False","Batch","12/27/2012 13:22:05","BATCH","04/14/2026 00:00:00","PVS_XP_2091","023","T503","A","20121127","20121203","専門病院Ⅰ群入院基本料５　減算"
"12/01/2012 00:00:00","02/17/2013 00:00:00","False","Batch","12/27/2012 13:22:05","BATCH","04/14/2026 00:00:00","PVS_XP_2091","023","T521","A","20121127","20121203","専門病院Ⅰ群入院基本料５　４：１看護補助　看配"
"12/01/2012 00:00:00","02/17/2013 00:00:00","False","Batch","12/27/2012 13:22:05","BATCH","04/14/2026 00:00:00","PVS_XP_2091","023","T522","A","20121127","20121203","専門病院Ⅰ群入院基本料５　４：１看護補助"
"12/01/2012 00:00:00","02/17/2013 00:00:00","False","Batch","12/27/2012 13:22:05","BATCH","04/14/2026 00:00:00","PVS_XP_2091","023","T523","A","20121127","20121203","専門病院Ⅰ群入院基本料５　４：１看護補助　減算"
"12/01/2012 00:00:00","02/17/2013 00:00:00","False","Batch","12/27/2012 13:22:05","BATCH","04/14/2026 00:00:00","PVS_XP_2091","023","T531","A","20121127","20121203","専門病院Ⅰ群入院基本料５　５：１看護補助　看配"
"12/01/2012 00:00:00","02/17/2013 00:00:00","False","Batch","12/27/2012 13:22:05","BATCH","04/14/2026 00:00:00","PVS_XP_2091","023","T532","A","20121127","20121203","専門病院Ⅰ群入院基本料５　５：１看護補助"
"12/01/2012 00:00:00","02/17/2013 00:00:00","False","Batch","12/27/2012 13:22:05","BATCH","04/14/2026 00:00:00","PVS_XP_2091","023","T533","A","20121127","20121203","専門病院Ⅰ群入院基本料５　５：１看護補助　減算"
"12/01/2012 00:00:00","02/17/2013 00:00:00","False","Batch","12/27/2012 13:22:05","BATCH","04/14/2026 00:00:00","PVS_XP_2091","023","T541","A","20121127","20121203","専門病院Ⅰ群入院基本料５　６：１看護補助　看配"
"12/01/2012 00:00:00","02/17/2013 00:00:00","False","Batch","12/27/2012 13:22:05","BATCH","04/14/2026 00:00:00","PVS_XP_2091","023","T542","A","20121127","20121203","専門病院Ⅰ群入院基本料５　６：１看護補助"
"12/01/2012 00:00:00","02/17/2013 00:00:00","False","Batch","12/27/2012 13:22:05","BATCH","04/14/2026 00:00:00","PVS_XP_2091","023","T543","A","20121127","20121203","専門病院Ⅰ群入院基本料５　６：１看護補助　減算"
"12/01/2012 00:00:00","02/17/2013 00:00:00","False","Batch","12/27/2012 13:22:05","BATCH","04/14/2026 00:00:00","PVS_XP_2091","023","T561","A","20121127","20121203","専門病院Ⅰ群入院基本料５　１０：１看護補助　看配"
"12/01/2012 00:00:00","02/17/2013 00:00:00","False","Batch","12/27/2012 13:22:05","BATCH","04/14/2026 00:00:00","PVS_XP_2091","023","T562","A","20121127","20121203","専門病院Ⅰ群入院基本料５　１０：１看護補助"
"12/01/2012 00:00:00","02/17/2013 00:00:00","False","Batch","12/27/2012 13:22:05","BATCH","04/14/2026 00:00:00","PVS_XP_2091","023","T563","A","20121127","20121203","専門病院Ⅰ群入院基本料５　１０：１看護補助　減算"
"12/01/2012 00:00:00","02/17/2013 00:00:00","False","Batch","12/27/2012 13:22:05","BATCH","04/14/2026 00:00:00","PVS_XP_2091","023","T581","A","20121127","20121203","専門病院Ⅰ群入院基本料５　１５：１看護補助　看配"
"12/01/2012 00:00:00","02/17/2013 00:00:00","False","Batch","12/27/2012 13:22:05","BATCH","04/14/2026 00:00:00","PVS_XP_2091","023","T582","A","20121127","20121203","専門病院Ⅰ群入院基本料５　１５：１看護補助"
"12/01/2012 00:00:00","02/17/2013 00:00:00","False","Batch","12/27/2012 13:22:05","BATCH","04/14/2026 00:00:00","PVS_XP_2091","023","T583","A","20121127","20121203","専門病院Ⅰ群入院基本料５　１５：１看護補助　減算"
"12/01/2012 00:00:00","02/17/2013 00:00:00","False","Batch","12/27/2012 13:22:05","BATCH","04/14/2026 00:00:00","PVS_XP_2091","023","T999","A","20121127","20121203","専門病院種別不明"
"12/01/2012 00:00:00","02/17/2013 00:00:00","False","Batch","12/27/2012 13:22:05","BATCH","04/14/2026 00:00:00","PVS_XP_2091","023","U101","A","20121127","20121203","専門病院Ⅱ群入院基本料１"
"12/01/2012 00:00:00","02/17/2013 00:00:00","False","Batch","12/27/2012 13:22:05","BATCH","04/14/2026 00:00:00","PVS_XP_2091","023","U102","A","20121127","20121203","専門病院Ⅱ群入院基本料１　減算"
"12/01/2012 00:00:00","02/17/2013 00:00:00","False","Batch","12/27/2012 13:22:05","BATCH","04/14/2026 00:00:00","PVS_XP_2091","023","U201","A","20121127","20121203","専門病院Ⅱ群入院基本料２"
"12/01/2012 00:00:00","02/17/2013 00:00:00","False","Batch","12/27/2012 13:22:05","BATCH","04/14/2026 00:00:00","PVS_XP_2091","023","U202","A","20121127","20121203","専門病院Ⅱ群入院基本料２　減算"
"12/01/2012 00:00:00","02/17/2013 00:00:00","False","Batch","12/27/2012 13:22:05","BATCH","04/14/2026 00:00:00","PVS_XP_2091","023","U261","A","20121127","20121203","専門病院Ⅱ群入院基本料２　１０：１看護補助"
"12/01/2012 00:00:00","02/17/2013 00:00:00","False","Batch","12/27/2012 13:22:05","BATCH","04/14/2026 00:00:00","PVS_XP_2091","023","U262","A","20121127","20121203","専門病院Ⅱ群入院基本料２　１０：１看護補助　減算"
"12/01/2012 00:00:00","02/17/2013 00:00:00","False","Batch","12/27/2012 13:22:05","BATCH","04/14/2026 00:00:00","PVS_XP_2091","023","U281","A","20121127","20121203","専門病院Ⅱ群入院基本料２　１５：１看護補助"
"12/01/2012 00:00:00","02/17/2013 00:00:00","False","Batch","12/27/2012 13:22:05","BATCH","04/14/2026 00:00:00","PVS_XP_2091","023","U282","A","20121127","20121203","専門病院Ⅱ群入院基本料２　１５：１看護補助　減算"
"12/01/2012 00:00:00","02/17/2013 00:00:00","False","Batch","12/27/2012 13:22:05","BATCH","04/14/2026 00:00:00","PVS_XP_2091","023","U301","A","20121127","20121203","専門病院Ⅱ群入院基本料３　看配"
"12/01/2012 00:00:00","02/17/2013 00:00:00","False","Batch","12/27/2012 13:22:05","BATCH","04/14/2026 00:00:00","PVS_XP_2091","023","U302","A","20121127","20121203","専門病院Ⅱ群入院基本料３"
"12/01/2012 00:00:00","02/17/2013 00:00:00","False","Batch","12/27/2012 13:22:05","BATCH","04/14/2026 00:00:00","PVS_XP_2091","023","U303","A","20121127","20121203","専門病院Ⅱ群入院基本料３　減算"
"12/01/2012 00:00:00","02/17/2013 00:00:00","False","Batch","12/27/2012 13:22:05","BATCH","04/14/2026 00:00:00","PVS_XP_2091","023","U341","A","20121127","20121203","専門病院Ⅱ群入院基本料３　６：１看護補助　看配"
"12/01/2012 00:00:00","02/17/2013 00:00:00","False","Batch","12/27/2012 13:22:05","BATCH","04/14/2026 00:00:00","PVS_XP_2091","023","U342","A","20121127","20121203","専門病院Ⅱ群入院基本料３　６：１看護補助"
"12/01/2012 00:00:00","02/17/2013 00:00:00","False","Batch","12/27/2012 13:22:05","BATCH","04/14/2026 00:00:00","PVS_XP_2091","023","U343","A","20121127","20121203","専門病院Ⅱ群入院基本料３　６：１看護補助　減算"
"12/01/2012 00:00:00","02/17/2013 00:00:00","False","Batch","12/27/2012 13:22:05","BATCH","04/14/2026 00:00:00","PVS_XP_2091","023","U361","A","20121127","20121203","専門病院Ⅱ群入院基本料３　１０：１看護補助　看配"
"12/01/2012 00:00:00","02/17/2013 00:00:00","False","Batch","12/27/2012 13:22:05","BATCH","04/14/2026 00:00:00","PVS_XP_2091","023","U362","A","20121127","20121203","専門病院Ⅱ群入院基本料３　１０：１看護補助"
"12/01/2012 00:00:00","02/17/2013 00:00:00","False","Batch","12/27/2012 13:22:05","BATCH","04/14/2026 00:00:00","PVS_XP_2091","023","U363","A","20121127","20121203","専門病院Ⅱ群入院基本料３　１０：１看護補助　減算"
"12/01/2012 00:00:00","02/17/2013 00:00:00","False","Batch","12/27/2012 13:22:05","BATCH","04/14/2026 00:00:00","PVS_XP_2091","023","U381","A","20121127","20121203","専門病院Ⅱ群入院基本料３　１５：１看護補助　看配"
"12/01/2012 00:00:00","02/17/2013 00:00:00","False","Batch","12/27/2012 13:22:05","BATCH","04/14/2026 00:00:00","PVS_XP_2091","023","U382","A","20121127","20121203","専門病院Ⅱ群入院基本料３　１５：１看護補助"
"12/01/2012 00:00:00","02/17/2013 00:00:00","False","Batch","12/27/2012 13:22:05","BATCH","04/14/2026 00:00:00","PVS_XP_2091","023","U383","A","20121127","20121203","専門病院Ⅱ群入院基本料３　１５：１看護補助　減算"
"12/01/2012 00:00:00","02/17/2013 00:00:00","False","Batch","12/27/2012 13:22:05","BATCH","04/14/2026 00:00:00","PVS_XP_2091","023","U401","A","20121127","20121203","専門病院Ⅱ群入院基本料４　看配"
"12/01/2012 00:00:00","02/17/2013 00:00:00","False","Batch","12/27/2012 13:22:05","BATCH","04/14/2026 00:00:00","PVS_XP_2091","023","U402","A","20121127","20121203","専門病院Ⅱ群入院基本料４"
"12/01/2012 00:00:00","02/17/2013 00:00:00","False","Batch","12/27/2012 13:22:05","BATCH","04/14/2026 00:00:00","PVS_XP_2091","023","U403","A","20121127","20121203","専門病院Ⅱ群入院基本料４　減算"
"12/01/2012 00:00:00","02/17/2013 00:00:00","False","Batch","12/27/2012 13:22:05","BATCH","04/14/2026 00:00:00","PVS_XP_2091","023","U431","A","20121127","20121203","専門病院Ⅱ群入院基本料４　５：１看護補助　看配"
"12/01/2012 00:00:00","02/17/2013 00:00:00","False","Batch","12/27/2012 13:22:05","BATCH","04/14/2026 00:00:00","PVS_XP_2091","023","U432","A","20121127","20121203","専門病院Ⅱ群入院基本料４　５：１看護補助"
"12/01/2012 00:00:00","02/17/2013 00:00:00","False","Batch","12/27/2012 13:22:05","BATCH","04/14/2026 00:00:00","PVS_XP_2091","023","U433","A","20121127","20121203","専門病院Ⅱ群入院基本料４　５：１看護補助　減算"
"12/01/2012 00:00:00","02/17/2013 00:00:00","False","Batch","12/27/2012 13:22:05","BATCH","04/14/2026 00:00:00","PVS_XP_2091","023","U441","A","20121127","20121203","専門病院Ⅱ群入院基本料４　６：１看護補助　看配"
"12/01/2012 00:00:00","02/17/2013 00:00:00","False","Batch","12/27/2012 13:22:05","BATCH","04/14/2026 00:00:00","PVS_XP_2091","023","U442","A","20121127","20121203","専門病院Ⅱ群入院基本料４　６：１看護補助"
"12/01/2012 00:00:00","02/17/2013 00:00:00","False","Batch","12/27/2012 13:22:05","BATCH","04/14/2026 00:00:00","PVS_XP_2091","023","U443","A","20121127","20121203","専門病院Ⅱ群入院基本料４　６：１看護補助　減算"
"12/01/2012 00:00:00","02/17/2013 00:00:00","False","Batch","12/27/2012 13:22:05","BATCH","04/14/2026 00:00:00","PVS_XP_2091","023","U461","A","20121127","20121203","専門病院Ⅱ群入院基本料４　１０：１看護補助　看配"
"12/01/2012 00:00:00","02/17/2013 00:00:00","False","Batch","12/27/2012 13:22:05","BATCH","04/14/2026 00:00:00","PVS_XP_2091","023","U462","A","20121127","20121203","専門病院Ⅱ群入院基本料４　１０：１看護補助"
"12/01/2012 00:00:00","02/17/2013 00:00:00","False","Batch","12/27/2012 13:22:05","BATCH","04/14/2026 00:00:00","PVS_XP_2091","023","U463","A","20121127","20121203","専門病院Ⅱ群入院基本料４　１０：１看護補助　減算"
"12/01/2012 00:00:00","02/17/2013 00:00:00","False","Batch","12/27/2012 13:22:05","BATCH","04/14/2026 00:00:00","PVS_XP_2091","023","U481","A","20121127","20121203","専門病院Ⅱ群入院基本料４　１５：１看護補助　看配"
"12/01/2012 00:00:00","02/17/2013 00:00:00","False","Batch","12/27/2012 13:22:05","BATCH","04/14/2026 00:00:00","PVS_XP_2091","023","U482","A","20121127","20121203","専門病院Ⅱ群入院基本料４　１５：１看護補助"
"12/01/2012 00:00:00","02/17/2013 00:00:00","False","Batch","12/27/2012 13:22:05","BATCH","04/14/2026 00:00:00","PVS_XP_2091","023","U483","A","20121127","20121203","専門病院Ⅱ群入院基本料４　１５：１看護補助　減算"
"12/01/2012 00:00:00","02/17/2013 00:00:00","False","Batch","12/27/2012 13:22:05","BATCH","04/14/2026 00:00:00","PVS_XP_2091","023","U501","A","20121127","20121203","専門病院Ⅱ群入院基本料５　看配"
"12/01/2012 00:00:00","02/17/2013 00:00:00","False","Batch","12/27/2012 13:22:05","BATCH","04/14/2026 00:00:00","PVS_XP_2091","023","U502","A","20121127","20121203","専門病院Ⅱ群入院基本料５"
"12/01/2012 00:00:00","02/17/2013 00:00:00","False","Batch","12/27/2012 13:22:05","BATCH","04/14/2026 00:00:00","PVS_XP_2091","023","U503","A","20121127","20121203","専門病院Ⅱ群入院基本料５　減算"
"12/01/2012 00:00:00","02/17/2013 00:00:00","False","Batch","12/27/2012 13:22:05","BATCH","04/14/2026 00:00:00","PVS_XP_2091","023","U521","A","20121127","20121203","専門病院Ⅱ群入院基本料５　４：１看護補助　看配"
"12/01/2012 00:00:00","02/17/2013 00:00:00","False","Batch","12/27/2012 13:22:05","BATCH","04/14/2026 00:00:00","PVS_XP_2091","023","U522","A","20121127","20121203","専門病院Ⅱ群入院基本料５　４：１看護補助"
"12/01/2012 00:00:00","02/17/2013 00:00:00","False","Batch","12/27/2012 13:22:05","BATCH","04/14/2026 00:00:00","PVS_XP_2091","023","U523","A","20121127","20121203","専門病院Ⅱ群入院基本料５　４：１看護補助　減算"
"12/01/2012 00:00:00","02/17/2013 00:00:00","False","Batch","12/27/2012 13:22:05","BATCH","04/14/2026 00:00:00","PVS_XP_2091","023","U531","A","20121127","20121203","専門病院Ⅱ群入院基本料５　５：１看護補助　看配"
"12/01/2012 00:00:00","02/17/2013 00:00:00","False","Batch","12/27/2012 13:22:05","BATCH","04/14/2026 00:00:00","PVS_XP_2091","023","U532","A","20121127","20121203","専門病院Ⅱ群入院基本料５　５：１看護補助"
"12/01/2012 00:00:00","02/17/2013 00:00:00","False","Batch","12/27/2012 13:22:05","BATCH","04/14/2026 00:00:00","PVS_XP_2091","023","U533","A","20121127","20121203","専門病院Ⅱ群入院基本料５　５：１看護補助　減算"
"12/01/2012 00:00:00","02/17/2013 00:00:00","False","Batch","12/27/2012 13:22:05","BATCH","04/14/2026 00:00:00","PVS_XP_2091","023","U541","A","20121127","20121203","専門病院Ⅱ群入院基本料５　６：１看護補助　看配"
"12/01/2012 00:00:00","02/17/2013 00:00:00","False","Batch","12/27/2012 13:22:05","BATCH","04/14/2026 00:00:00","PVS_XP_2091","023","U542","A","20121127","20121203","専門病院Ⅱ群入院基本料５　６：１看護補助"
"12/01/2012 00:00:00","02/17/2013 00:00:00","False","Batch","12/27/2012 13:22:05","BATCH","04/14/2026 00:00:00","PVS_XP_2091","023","U543","A","20121127","20121203","専門病院Ⅱ群入院基本料５　６：１看護補助　減算"
"12/01/2012 00:00:00","02/17/2013 00:00:00","False","Batch","12/27/2012 13:22:05","BATCH","04/14/2026 00:00:00","PVS_XP_2091","023","U561","A","20121127","20121203","専門病院Ⅱ群入院基本料５　１０：１看護補助　看配"
"12/01/2012 00:00:00","02/17/2013 00:00:00","False","Batch","12/27/2012 13:22:05","BATCH","04/14/2026 00:00:00","PVS_XP_2091","023","U562","A","20121127","20121203","専門病院Ⅱ群入院基本料５　１０：１看護補助"
"12/01/2012 00:00:00","02/17/2013 00:00:00","False","Batch","12/27/2012 13:22:05","BATCH","04/14/2026 00:00:00","PVS_XP_2091","023","U563","A","20121127","20121203","専門病院Ⅱ群入院基本料５　１０：１看護補助　減算"
"12/01/2012 00:00:00","02/17/2013 00:00:00","False","Batch","12/27/2012 13:22:05","BATCH","04/14/2026 00:00:00","PVS_XP_2091","023","U581","A","20121127","20121203","専門病院Ⅱ群入院基本料５　１５：１看護補助　看配"
"12/01/2012 00:00:00","02/17/2013 00:00:00","False","Batch","12/27/2012 13:22:05","BATCH","04/14/2026 00:00:00","PVS_XP_2091","023","U582","A","20121127","20121203","専門病院Ⅱ群入院基本料５　１５：１看護補助"
"12/01/2012 00:00:00","02/17/2013 00:00:00","False","Batch","12/27/2012 13:22:05","BATCH","04/14/2026 00:00:00","PVS_XP_2091","023","U583","A","20121127","20121203","専門病院Ⅱ群入院基本料５　１５：１看護補助　減算"
"12/01/2012 00:00:00","02/17/2013 00:00:00","False","Batch","12/27/2012 13:22:05","BATCH","04/14/2026 00:00:00","PVS_XP_2091","023","U999","A","20121127","20121203","専門病院Ⅱ群種別不明"
"12/01/2012 00:00:00","02/17/2013 00:00:00","False","Batch","12/27/2012 13:22:05","BATCH","04/14/2026 00:00:00","PVS_XP_2091","023","V101","A","20121127","20121203","障害者施設等Ⅰ群入院基本料１"
"12/01/2012 00:00:00","02/17/2013 00:00:00","False","Batch","12/27/2012 13:22:05","BATCH","04/14/2026 00:00:00","PVS_XP_2091","023","V102","A","20121127","20121203","障害者施設等Ⅰ群入院基本料１　減算"
"12/01/2012 00:00:00","02/17/2013 00:00:00","False","Batch","12/27/2012 13:22:05","BATCH","04/14/2026 00:00:00","PVS_XP_2091","023","V201","A","20121127","20121203","障害者施設等Ⅰ群入院基本料２"
"12/01/2012 00:00:00","02/17/2013 00:00:00","False","Batch","12/27/2012 13:22:05","BATCH","04/14/2026 00:00:00","PVS_XP_2091","023","V202","A","20121127","20121203","障害者施設等Ⅰ群入院基本料２　減算"
"12/01/2012 00:00:00","02/17/2013 00:00:00","False","Batch","12/27/2012 13:22:05","BATCH","04/14/2026 00:00:00","PVS_XP_2091","023","V261","A","20121127","20121203","障害者施設等Ⅰ群入院基本料２　１０：１看護補助"
"12/01/2012 00:00:00","02/17/2013 00:00:00","False","Batch","12/27/2012 13:22:05","BATCH","04/14/2026 00:00:00","PVS_XP_2091","023","V262","A","20121127","20121203","障害者施設等Ⅰ群入院基本料２　１０：１看護補助　減算"
"12/01/2012 00:00:00","02/17/2013 00:00:00","False","Batch","12/27/2012 13:22:05","BATCH","04/14/2026 00:00:00","PVS_XP_2091","023","V281","A","20121127","20121203","障害者施設等Ⅰ群入院基本料２　１５：１看護補助"
"12/01/2012 00:00:00","02/17/2013 00:00:00","False","Batch","12/27/2012 13:22:05","BATCH","04/14/2026 00:00:00","PVS_XP_2091","023","V282","A","20121127","20121203","障害者施設等Ⅰ群入院基本料２　１５：１看護補助　減算"
"12/01/2012 00:00:00","02/17/2013 00:00:00","False","Batch","12/27/2012 13:22:05","BATCH","04/14/2026 00:00:00","PVS_XP_2091","023","V301","A","20121127","20121203","障害者施設等Ⅰ群入院基本料３　看配"
"12/01/2012 00:00:00","02/17/2013 00:00:00","False","Batch","12/27/2012 13:22:05","BATCH","04/14/2026 00:00:00","PVS_XP_2091","023","V302","A","20121127","20121203","障害者施設等Ⅰ群入院基本料３"
"12/01/2012 00:00:00","02/17/2013 00:00:00","False","Batch","12/27/2012 13:22:05","BATCH","04/14/2026 00:00:00","PVS_XP_2091","023","V303","A","20121127","20121203","障害者施設等Ⅰ群入院基本料３　減算"
"12/01/2012 00:00:00","02/17/2013 00:00:00","False","Batch","12/27/2012 13:22:05","BATCH","04/14/2026 00:00:00","PVS_XP_2091","023","V341","A","20121127","20121203","障害者施設等Ⅰ群入院基本料３　６：１看護補助　看配"
"12/01/2012 00:00:00","02/17/2013 00:00:00","False","Batch","12/27/2012 13:22:05","BATCH","04/14/2026 00:00:00","PVS_XP_2091","023","V342","A","20121127","20121203","障害者施設等Ⅰ群入院基本料３　６：１看護補助"
"12/01/2012 00:00:00","02/17/2013 00:00:00","False","Batch","12/27/2012 13:22:05","BATCH","04/14/2026 00:00:00","PVS_XP_2091","023","V343","A","20121127","20121203","障害者施設等Ⅰ群入院基本料３　６：１看護補助　減算"
"12/01/2012 00:00:00","02/17/2013 00:00:00","False","Batch","12/27/2012 13:22:05","BATCH","04/14/2026 00:00:00","PVS_XP_2091","023","V361","A","20121127","20121203","障害者施設等Ⅰ群入院基本料３　１０：１看護補助　看配"
"12/01/2012 00:00:00","02/17/2013 00:00:00","False","Batch","12/27/2012 13:22:05","BATCH","04/14/2026 00:00:00","PVS_XP_2091","023","V362","A","20121127","20121203","障害者施設等Ⅰ群入院基本料３　１０：１看護補助"
"12/01/2012 00:00:00","02/17/2013 00:00:00","False","Batch","12/27/2012 13:22:05","BATCH","04/14/2026 00:00:00","PVS_XP_2091","023","V363","A","20121127","20121203","障害者施設等Ⅰ群入院基本料３　１０：１看護補助　減算"
"12/01/2012 00:00:00","02/17/2013 00:00:00","False","Batch","12/27/2012 13:22:05","BATCH","04/14/2026 00:00:00","PVS_XP_2091","023","V381","A","20121127","20121203","障害者施設等Ⅰ群入院基本料３　１５：１看護補助　看配"
"12/01/2012 00:00:00","02/17/2013 00:00:00","False","Batch","12/27/2012 13:22:05","BATCH","04/14/2026 00:00:00","PVS_XP_2091","023","V382","A","20121127","20121203","障害者施設等Ⅰ群入院基本料３　１５：１看護補助"
"12/01/2012 00:00:00","02/17/2013 00:00:00","False","Batch","12/27/2012 13:22:05","BATCH","04/14/2026 00:00:00","PVS_XP_2091","023","V383","A","20121127","20121203","障害者施設等Ⅰ群入院基本料３　１５：１看護補助　減算"
"12/01/2012 00:00:00","02/17/2013 00:00:00","False","Batch","12/27/2012 13:22:05","BATCH","04/14/2026 00:00:00","PVS_XP_2091","023","V401","A","20121127","20121203","障害者施設等Ⅰ群入院基本料４　看配"
"12/01/2012 00:00:00","02/17/2013 00:00:00","False","Batch","12/27/2012 13:22:05","BATCH","04/14/2026 00:00:00","PVS_XP_2091","023","V402","A","20121127","20121203","障害者施設等Ⅰ群入院基本料４"
"12/01/2012 00:00:00","02/17/2013 00:00:00","False","Batch","12/27/2012 13:22:05","BATCH","04/14/2026 00:00:00","PVS_XP_2091","023","V403","A","20121127","20121203","障害者施設等Ⅰ群入院基本料４　減算"
"12/01/2012 00:00:00","02/17/2013 00:00:00","False","Batch","12/27/2012 13:22:05","BATCH","04/14/2026 00:00:00","PVS_XP_2091","023","V431","A","20121127","20121203","障害者施設等Ⅰ群入院基本料４　５：１看護補助　看配"
"12/01/2012 00:00:00","02/17/2013 00:00:00","False","Batch","12/27/2012 13:22:05","BATCH","04/14/2026 00:00:00","PVS_XP_2091","023","V432","A","20121127","20121203","障害者施設等Ⅰ群入院基本料４　５：１看護補助"
"12/01/2012 00:00:00","02/17/2013 00:00:00","False","Batch","12/27/2012 13:22:05","BATCH","04/14/2026 00:00:00","PVS_XP_2091","023","V433","A","20121127","20121203","障害者施設等Ⅰ群入院基本料４　５：１看護補助　減算"
"12/01/2012 00:00:00","02/17/2013 00:00:00","False","Batch","12/27/2012 13:22:05","BATCH","04/14/2026 00:00:00","PVS_XP_2091","023","V441","A","20121127","20121203","障害者施設等Ⅰ群入院基本料４　６：１看護補助　看配"
"12/01/2012 00:00:00","02/17/2013 00:00:00","False","Batch","12/27/2012 13:22:05","BATCH","04/14/2026 00:00:00","PVS_XP_2091","023","V442","A","20121127","20121203","障害者施設等Ⅰ群入院基本料４　６：１看護補助"
"12/01/2012 00:00:00","02/17/2013 00:00:00","False","Batch","12/27/2012 13:22:05","BATCH","04/14/2026 00:00:00","PVS_XP_2091","023","V443","A","20121127","20121203","障害者施設等Ⅰ群入院基本料４　６：１看護補助　減算"
"12/01/2012 00:00:00","02/17/2013 00:00:00","False","Batch","12/27/2012 13:22:05","BATCH","04/14/2026 00:00:00","PVS_XP_2091","023","V461","A","20121127","20121203","障害者施設等Ⅰ群入院基本料４　１０：１看護補助　看配"
"12/01/2012 00:00:00","02/17/2013 00:00:00","False","Batch","12/27/2012 13:22:05","BATCH","04/14/2026 00:00:00","PVS_XP_2091","023","V462","A","20121127","20121203","障害者施設等Ⅰ群入院基本料４　１０：１看護補助"
"12/01/2012 00:00:00","02/17/2013 00:00:00","False","Batch","12/27/2012 13:22:05","BATCH","04/14/2026 00:00:00","PVS_XP_2091","023","V463","A","20121127","20121203","障害者施設等Ⅰ群入院基本料４　１０：１看護補助　減算"
"12/01/2012 00:00:00","02/17/2013 00:00:00","False","Batch","12/27/2012 13:22:05","BATCH","04/14/2026 00:00:00","PVS_XP_2091","023","V481","A","20121127","20121203","障害者施設等Ⅰ群入院基本料４　１５：１看護補助　看配"
"12/01/2012 00:00:00","02/17/2013 00:00:00","False","Batch","12/27/2012 13:22:05","BATCH","04/14/2026 00:00:00","PVS_XP_2091","023","V482","A","20121127","20121203","障害者施設等Ⅰ群入院基本料４　１５：１看護補助"
"12/01/2012 00:00:00","02/17/2013 00:00:00","False","Batch","12/27/2012 13:22:05","BATCH","04/14/2026 00:00:00","PVS_XP_2091","023","V483","A","20121127","20121203","障害者施設等Ⅰ群入院基本料４　１５：１看護補助　減算"
"12/01/2012 00:00:00","02/17/2013 00:00:00","False","Batch","12/27/2012 13:22:05","BATCH","04/14/2026 00:00:00","PVS_XP_2091","023","V501","A","20121127","20121203","障害者施設等Ⅰ群入院基本料５　看配"
"12/01/2012 00:00:00","02/17/2013 00:00:00","False","Batch","12/27/2012 13:22:05","BATCH","04/14/2026 00:00:00","PVS_XP_2091","023","V502","A","20121127","20121203","障害者施設等Ⅰ群入院基本料５"
"12/01/2012 00:00:00","02/17/2013 00:00:00","False","Batch","12/27/2012 13:22:05","BATCH","04/14/2026 00:00:00","PVS_XP_2091","023","V503","A","20121127","20121203","障害者施設等Ⅰ群入院基本料５　減算"
"12/01/2012 00:00:00","02/17/2013 00:00:00","False","Batch","12/27/2012 13:22:05","BATCH","04/14/2026 00:00:00","PVS_XP_2091","023","V521","A","20121127","20121203","障害者施設等Ⅰ群入院基本料５　４：１看護補助　看配"
"12/01/2012 00:00:00","02/17/2013 00:00:00","False","Batch","12/27/2012 13:22:05","BATCH","04/14/2026 00:00:00","PVS_XP_2091","023","V522","A","20121127","20121203","障害者施設等Ⅰ群入院基本料５　４：１看護補助"
"12/01/2012 00:00:00","02/17/2013 00:00:00","False","Batch","12/27/2012 13:22:05","BATCH","04/14/2026 00:00:00","PVS_XP_2091","023","V523","A","20121127","20121203","障害者施設等Ⅰ群入院基本料５　４：１看護補助　減算"
"12/01/2012 00:00:00","02/17/2013 00:00:00","False","Batch","12/27/2012 13:22:05","BATCH","04/14/2026 00:00:00","PVS_XP_2091","023","V531","A","20121127","20121203","障害者施設等Ⅰ群入院基本料５　５：１看護補助　看配"
"12/01/2012 00:00:00","02/17/2013 00:00:00","False","Batch","12/27/2012 13:22:05","BATCH","04/14/2026 00:00:00","PVS_XP_2091","023","V532","A","20121127","20121203","障害者施設等Ⅰ群入院基本料５　５：１看護補助"
"12/01/2012 00:00:00","02/17/2013 00:00:00","False","Batch","12/27/2012 13:22:05","BATCH","04/14/2026 00:00:00","PVS_XP_2091","023","V533","A","20121127","20121203","障害者施設等Ⅰ群入院基本料５　５：１看護補助　減算"
"12/01/2012 00:00:00","02/17/2013 00:00:00","False","Batch","12/27/2012 13:22:05","BATCH","04/14/2026 00:00:00","PVS_XP_2091","023","V541","A","20121127","20121203","障害者施設等Ⅰ群入院基本料５　６：１看護補助　看配"
"12/01/2012 00:00:00","02/17/2013 00:00:00","False","Batch","12/27/2012 13:22:05","BATCH","04/14/2026 00:00:00","PVS_XP_2091","023","V542","A","20121127","20121203","障害者施設等Ⅰ群入院基本料５　６：１看護補助"
"12/01/2012 00:00:00","02/17/2013 00:00:00","False","Batch","12/27/2012 13:22:05","BATCH","04/14/2026 00:00:00","PVS_XP_2091","023","V543","A","20121127","20121203","障害者施設等Ⅰ群入院基本料５　６：１看護補助　減算"
"12/01/2012 00:00:00","02/17/2013 00:00:00","False","Batch","12/27/2012 13:22:05","BATCH","04/14/2026 00:00:00","PVS_XP_2091","023","V561","A","20121127","20121203","障害者施設等Ⅰ群入院基本料５　１０：１看護補助　看配"
"12/01/2012 00:00:00","02/17/2013 00:00:00","False","Batch","12/27/2012 13:22:05","BATCH","04/14/2026 00:00:00","PVS_XP_2091","023","V562","A","20121127","20121203","障害者施設等Ⅰ群入院基本料５　１０：１看護補助"
"12/01/2012 00:00:00","02/17/2013 00:00:00","False","Batch","12/27/2012 13:22:05","BATCH","04/14/2026 00:00:00","PVS_XP_2091","023","V563","A","20121127","20121203","障害者施設等Ⅰ群入院基本料５　１０：１看護補助　減算"
"12/01/2012 00:00:00","02/17/2013 00:00:00","False","Batch","12/27/2012 13:22:05","BATCH","04/14/2026 00:00:00","PVS_XP_2091","023","V581","A","20121127","20121203","障害者施設等Ⅰ群入院基本料５　１５：１看護補助　看配"
"12/01/2012 00:00:00","02/17/2013 00:00:00","False","Batch","12/27/2012 13:22:05","BATCH","04/14/2026 00:00:00","PVS_XP_2091","023","V582","A","20121127","20121203","障害者施設等Ⅰ群入院基本料５　１５：１看護補助"
"12/01/2012 00:00:00","02/17/2013 00:00:00","False","Batch","12/27/2012 13:22:05","BATCH","04/14/2026 00:00:00","PVS_XP_2091","023","V583","A","20121127","20121203","障害者施設等Ⅰ群入院基本料５　１５：１看護補助　減算"
"12/01/2012 00:00:00","02/17/2013 00:00:00","False","Batch","12/27/2012 13:22:05","BATCH","04/14/2026 00:00:00","PVS_XP_2091","023","V999","A","20121127","20121203","障害者施設等Ⅰ群種別不明"
"12/01/2012 00:00:00","02/17/2013 00:00:00","False","Batch","12/27/2012 13:22:05","BATCH","04/14/2026 00:00:00","PVS_XP_2091","023","W001","A","20121127","20121203","障害者施設等１０対１入院基本料"
"12/01/2012 00:00:00","02/17/2013 00:00:00","False","Batch","12/27/2012 13:22:05","BATCH","04/14/2026 00:00:00","PVS_XP_2091","023","W002","A","20121127","20121203","障害者施設等１３対１入院基本料"
"12/01/2012 00:00:00","02/17/2013 00:00:00","False","Batch","12/27/2012 13:22:05","BATCH","04/14/2026 00:00:00","PVS_XP_2091","023","W003","A","20121127","20121203","障害者施設等１３対１入院基本料　５０：１看護補助"
"12/01/2012 00:00:00","02/17/2013 00:00:00","False","Batch","12/27/2012 13:22:05","BATCH","04/14/2026 00:00:00","PVS_XP_2091","023","W004","A","20121127","20121203","障害者施設等１３対１入院基本料　７５：１看護補助"
"12/01/2012 00:00:00","02/17/2013 00:00:00","False","Batch","12/27/2012 13:22:05","BATCH","04/14/2026 00:00:00","PVS_XP_2091","023","W005","A","20121127","20121203","障害者施設等１５対１入院基本料　加算"
"12/01/2012 00:00:00","02/17/2013 00:00:00","False","Batch","12/27/2012 13:22:05","BATCH","04/14/2026 00:00:00","PVS_XP_2091","023","W006","A","20121127","20121203","障害者施設等１５対１入院基本料"
"12/01/2012 00:00:00","02/17/2013 00:00:00","False","Batch","12/27/2012 13:22:05","BATCH","04/14/2026 00:00:00","PVS_XP_2091","023","W007","A","20121127","20121203","障害者施設等１５対１入院基本料　３０：１看護補助　加算"
"12/01/2012 00:00:00","02/17/2013 00:00:00","False","Batch","12/27/2012 13:22:05","BATCH","04/14/2026 00:00:00","PVS_XP_2091","023","W008","A","20121127","20121203","障害者施設等１５対１入院基本料　３０：１看護補助"
"12/01/2012 00:00:00","02/17/2013 00:00:00","False","Batch","12/27/2012 13:22:05","BATCH","04/14/2026 00:00:00","PVS_XP_2091","023","W009","A","20121127","20121203","障害者施設等１５対１入院基本料　５０：１看護補助　加算"
"12/01/2012 00:00:00","02/17/2013 00:00:00","False","Batch","12/27/2012 13:22:05","BATCH","04/14/2026 00:00:00","PVS_XP_2091","023","W010","A","20121127","20121203","障害者施設等１５対１入院基本料　５０：１看護補助"
"12/01/2012 00:00:00","02/17/2013 00:00:00","False","Batch","12/27/2012 13:22:05","BATCH","04/14/2026 00:00:00","PVS_XP_2091","023","W011","A","20121127","20121203","障害者施設等１５対１入院基本料　７５：１看護補助　加算"
"12/01/2012 00:00:00","02/17/2013 00:00:00","False","Batch","12/27/2012 13:22:05","BATCH","04/14/2026 00:00:00","PVS_XP_2091","023","W012","A","20121127","20121203","障害者施設等１５対１入院基本料　７５：１看護補助"
"12/01/2012 00:00:00","02/17/2013 00:00:00","False","Batch","12/27/2012 13:22:05","BATCH","04/14/2026 00:00:00","PVS_XP_2091","023","W013","A","20121127","20121203","障害者施設等７対１入院基本料"
"12/01/2012 00:00:00","02/17/2013 00:00:00","False","Batch","12/27/2012 13:22:05","BATCH","04/14/2026 00:00:00","PVS_XP_2091","023","W101","A","20121127","20121203","障害者施設等入院基本料１"
"12/01/2012 00:00:00","02/17/2013 00:00:00","False","Batch","12/27/2012 13:22:05","BATCH","04/14/2026 00:00:00","PVS_XP_2091","023","W102","A","20121127","20121203","障害者施設等入院基本料１　減算"
"12/01/2012 00:00:00","02/17/2013 00:00:00","False","Batch","12/27/2012 13:22:05","BATCH","04/14/2026 00:00:00","PVS_XP_2091","023","W201","A","20121127","20121203","障害者施設等入院基本料２"
"12/01/2012 00:00:00","02/17/2013 00:00:00","False","Batch","12/27/2012 13:22:05","BATCH","04/14/2026 00:00:00","PVS_XP_2091","023","W202","A","20121127","20121203","障害者施設等入院基本料２　減算"
"12/01/2012 00:00:00","02/17/2013 00:00:00","False","Batch","12/27/2012 13:22:05","BATCH","04/14/2026 00:00:00","PVS_XP_2091","023","W261","A","20121127","20121203","障害者施設等入院基本料２　１０：１看護補助"
"12/01/2012 00:00:00","02/17/2013 00:00:00","False","Batch","12/27/2012 13:22:05","BATCH","04/14/2026 00:00:00","PVS_XP_2091","023","W262","A","20121127","20121203","障害者施設等入院基本料２　１０：１看護補助　減算"
"12/01/2012 00:00:00","02/17/2013 00:00:00","False","Batch","12/27/2012 13:22:05","BATCH","04/14/2026 00:00:00","PVS_XP_2091","023","W281","A","20121127","20121203","障害者施設等入院基本料２　１５：１看護補助"
"12/01/2012 00:00:00","02/17/2013 00:00:00","False","Batch","12/27/2012 13:22:05","BATCH","04/14/2026 00:00:00","PVS_XP_2091","023","W282","A","20121127","20121203","障害者施設等入院基本料２　１５：１看護補助　減算"
"12/01/2012 00:00:00","02/17/2013 00:00:00","False","Batch","12/27/2012 13:22:05","BATCH","04/14/2026 00:00:00","PVS_XP_2091","023","W301","A","20121127","20121203","障害者施設等入院基本料３　看配"
"12/01/2012 00:00:00","02/17/2013 00:00:00","False","Batch","12/27/2012 13:22:05","BATCH","04/14/2026 00:00:00","PVS_XP_2091","023","W302","A","20121127","20121203","障害者施設等入院基本料３"
"12/01/2012 00:00:00","02/17/2013 00:00:00","False","Batch","12/27/2012 13:22:05","BATCH","04/14/2026 00:00:00","PVS_XP_2091","023","W303","A","20121127","20121203","障害者施設等入院基本料３　減算"
"12/01/2012 00:00:00","02/17/2013 00:00:00","False","Batch","12/27/2012 13:22:05","BATCH","04/14/2026 00:00:00","PVS_XP_2091","023","W341","A","20121127","20121203","障害者施設等入院基本料３　６：１看護補助　看配"
"12/01/2012 00:00:00","02/17/2013 00:00:00","False","Batch","12/27/2012 13:22:05","BATCH","04/14/2026 00:00:00","PVS_XP_2091","023","W342","A","20121127","20121203","障害者施設等入院基本料３　６：１看護補助"
"12/01/2012 00:00:00","02/17/2013 00:00:00","False","Batch","12/27/2012 13:22:05","BATCH","04/14/2026 00:00:00","PVS_XP_2091","023","W343","A","20121127","20121203","障害者施設等入院基本料３　６：１看護補助　減算"
"12/01/2012 00:00:00","02/17/2013 00:00:00","False","Batch","12/27/2012 13:22:05","BATCH","04/14/2026 00:00:00","PVS_XP_2091","023","W361","A","20121127","20121203","障害者施設等入院基本料３　１０：１看護補助　看配"
"12/01/2012 00:00:00","02/17/2013 00:00:00","False","Batch","12/27/2012 13:22:05","BATCH","04/14/2026 00:00:00","PVS_XP_2091","023","W362","A","20121127","20121203","障害者施設等入院基本料３　１０：１看護補助"
"12/01/2012 00:00:00","02/17/2013 00:00:00","False","Batch","12/27/2012 13:22:05","BATCH","04/14/2026 00:00:00","PVS_XP_2091","023","W363","A","20121127","20121203","障害者施設等入院基本料３　１０：１看護補助　減算"
"12/01/2012 00:00:00","02/17/2013 00:00:00","False","Batch","12/27/2012 13:22:05","BATCH","04/14/2026 00:00:00","PVS_XP_2091","023","W381","A","20121127","20121203","障害者施設等入院基本料３　１５：１看護補助　看配"
"12/01/2012 00:00:00","02/17/2013 00:00:00","False","Batch","12/27/2012 13:22:05","BATCH","04/14/2026 00:00:00","PVS_XP_2091","023","W382","A","20121127","20121203","障害者施設等入院基本料３　１５：１看護補助"
"12/01/2012 00:00:00","02/17/2013 00:00:00","False","Batch","12/27/2012 13:22:05","BATCH","04/14/2026 00:00:00","PVS_XP_2091","023","W383","A","20121127","20121203","障害者施設等入院基本料３　１５：１看護補助　減算"
"12/01/2012 00:00:00","02/17/2013 00:00:00","False","Batch","12/27/2012 13:22:05","BATCH","04/14/2026 00:00:00","PVS_XP_2091","023","W401","A","20121127","20121203","障害者施設等入院基本料４　看配"
"12/01/2012 00:00:00","02/17/2013 00:00:00","False","Batch","12/27/2012 13:22:05","BATCH","04/14/2026 00:00:00","PVS_XP_2091","023","W402","A","20121127","20121203","障害者施設等入院基本料４"
"12/01/2012 00:00:00","02/17/2013 00:00:00","False","Batch","12/27/2012 13:22:05","BATCH","04/14/2026 00:00:00","PVS_XP_2091","023","W403","A","20121127","20121203","障害者施設等入院基本料４　減算"
"12/01/2012 00:00:00","02/17/2013 00:00:00","False","Batch","12/27/2012 13:22:05","BATCH","04/14/2026 00:00:00","PVS_XP_2091","023","W431","A","20121127","20121203","障害者施設等入院基本料４　５：１看護補助　看配"
"12/01/2012 00:00:00","02/17/2013 00:00:00","False","Batch","12/27/2012 13:22:05","BATCH","04/14/2026 00:00:00","PVS_XP_2091","023","W432","A","20121127","20121203","障害者施設等入院基本料４　５：１看護補助"
"12/01/2012 00:00:00","02/17/2013 00:00:00","False","Batch","12/27/2012 13:22:05","BATCH","04/14/2026 00:00:00","PVS_XP_2091","023","W433","A","20121127","20121203","障害者施設等入院基本料４　５：１看護補助　減算"
"12/01/2012 00:00:00","02/17/2013 00:00:00","False","Batch","12/27/2012 13:22:05","BATCH","04/14/2026 00:00:00","PVS_XP_2091","023","W441","A","20121127","20121203","障害者施設等入院基本料４　６：１看護補助　看配"
"12/01/2012 00:00:00","02/17/2013 00:00:00","False","Batch","12/27/2012 13:22:05","BATCH","04/14/2026 00:00:00","PVS_XP_2091","023","W442","A","20121127","20121203","障害者施設等入院基本料４　６：１看護補助"
"12/01/2012 00:00:00","02/17/2013 00:00:00","False","Batch","12/27/2012 13:22:05","BATCH","04/14/2026 00:00:00","PVS_XP_2091","023","W443","A","20121127","20121203","障害者施設等入院基本料４　６：１看護補助　減算"
"12/01/2012 00:00:00","02/17/2013 00:00:00","False","Batch","12/27/2012 13:22:05","BATCH","04/14/2026 00:00:00","PVS_XP_2091","023","W461","A","20121127","20121203","障害者施設等入院基本料４　１０：１看護補助　看配"
"12/01/2012 00:00:00","02/17/2013 00:00:00","False","Batch","12/27/2012 13:22:05","BATCH","04/14/2026 00:00:00","PVS_XP_2091","023","W462","A","20121127","20121203","障害者施設等入院基本料４　１０：１看護補助"
"12/01/2012 00:00:00","02/17/2013 00:00:00","False","Batch","12/27/2012 13:22:05","BATCH","04/14/2026 00:00:00","PVS_XP_2091","023","W463","A","20121127","20121203","障害者施設等入院基本料４　１０：１看護補助　減算"
"12/01/2012 00:00:00","02/17/2013 00:00:00","False","Batch","12/27/2012 13:22:05","BATCH","04/14/2026 00:00:00","PVS_XP_2091","023","W481","A","20121127","20121203","障害者施設等入院基本料４　１５：１看護補助　看配"
"12/01/2012 00:00:00","02/17/2013 00:00:00","False","Batch","12/27/2012 13:22:05","BATCH","04/14/2026 00:00:00","PVS_XP_2091","023","W482","A","20121127","20121203","障害者施設等入院基本料４　１５：１看護補助"
"12/01/2012 00:00:00","02/17/2013 00:00:00","False","Batch","12/27/2012 13:22:05","BATCH","04/14/2026 00:00:00","PVS_XP_2091","023","W483","A","20121127","20121203","障害者施設等入院基本料４　１５：１看護補助　減算"
"12/01/2012 00:00:00","02/17/2013 00:00:00","False","Batch","12/27/2012 13:22:05","BATCH","04/14/2026 00:00:00","PVS_XP_2091","023","W501","A","20121127","20121203","障害者施設等入院基本料５　看配"
"12/01/2012 00:00:00","02/17/2013 00:00:00","False","Batch","12/27/2012 13:22:05","BATCH","04/14/2026 00:00:00","PVS_XP_2091","023","W502","A","20121127","20121203","障害者施設等入院基本料５"
"12/01/2012 00:00:00","02/17/2013 00:00:00","False","Batch","12/27/2012 13:22:05","BATCH","04/14/2026 00:00:00","PVS_XP_2091","023","W503","A","20121127","20121203","障害者施設等入院基本料５　減算"
"12/01/2012 00:00:00","02/17/2013 00:00:00","False","Batch","12/27/2012 13:22:05","BATCH","04/14/2026 00:00:00","PVS_XP_2091","023","W521","A","20121127","20121203","障害者施設等入院基本料５　４：１看護補助　看配"
"12/01/2012 00:00:00","02/17/2013 00:00:00","False","Batch","12/27/2012 13:22:05","BATCH","04/14/2026 00:00:00","PVS_XP_2091","023","W522","A","20121127","20121203","障害者施設等入院基本料５　４：１看護補助"
"12/01/2012 00:00:00","02/17/2013 00:00:00","False","Batch","12/27/2012 13:22:05","BATCH","04/14/2026 00:00:00","PVS_XP_2091","023","W523","A","20121127","20121203","障害者施設等入院基本料５　４：１看護補助　減算"
"12/01/2012 00:00:00","02/17/2013 00:00:00","False","Batch","12/27/2012 13:22:05","BATCH","04/14/2026 00:00:00","PVS_XP_2091","023","W531","A","20121127","20121203","障害者施設等入院基本料５　５：１看護補助　看配"
"12/01/2012 00:00:00","02/17/2013 00:00:00","False","Batch","12/27/2012 13:22:05","BATCH","04/14/2026 00:00:00","PVS_XP_2091","023","W532","A","20121127","20121203","障害者施設等入院基本料５　５：１看護補助"
"12/01/2012 00:00:00","02/17/2013 00:00:00","False","Batch","12/27/2012 13:22:05","BATCH","04/14/2026 00:00:00","PVS_XP_2091","023","W533","A","20121127","20121203","障害者施設等入院基本料５　５：１看護補助　減算"
"12/01/2012 00:00:00","02/17/2013 00:00:00","False","Batch","12/27/2012 13:22:05","BATCH","04/14/2026 00:00:00","PVS_XP_2091","023","W541","A","20121127","20121203","障害者施設等入院基本料５　６：１看護補助　看配"
"12/01/2012 00:00:00","02/17/2013 00:00:00","False","Batch","12/27/2012 13:22:05","BATCH","04/14/2026 00:00:00","PVS_XP_2091","023","W542","A","20121127","20121203","障害者施設等入院基本料５　６：１看護補助"
"12/01/2012 00:00:00","02/17/2013 00:00:00","False","Batch","12/27/2012 13:22:05","BATCH","04/14/2026 00:00:00","PVS_XP_2091","023","W543","A","20121127","20121203","障害者施設等入院基本料５　６：１看護補助　減算"
"12/01/2012 00:00:00","02/17/2013 00:00:00","False","Batch","12/27/2012 13:22:05","BATCH","04/14/2026 00:00:00","PVS_XP_2091","023","W561","A","20121127","20121203","障害者施設等入院基本料５　１０：１看護補助　看配"
"12/01/2012 00:00:00","02/17/2013 00:00:00","False","Batch","12/27/2012 13:22:05","BATCH","04/14/2026 00:00:00","PVS_XP_2091","023","W562","A","20121127","20121203","障害者施設等入院基本料５　１０：１看護補助"
"12/01/2012 00:00:00","02/17/2013 00:00:00","False","Batch","12/27/2012 13:22:05","BATCH","04/14/2026 00:00:00","PVS_XP_2091","023","W563","A","20121127","20121203","障害者施設等入院基本料５　１０：１看護補助　減算"
"12/01/2012 00:00:00","02/17/2013 00:00:00","False","Batch","12/27/2012 13:22:05","BATCH","04/14/2026 00:00:00","PVS_XP_2091","023","W581","A","20121127","20121203","障害者施設等入院基本料５　１５：１看護補助　看配"
"12/01/2012 00:00:00","02/17/2013 00:00:00","False","Batch","12/27/2012 13:22:05","BATCH","04/14/2026 00:00:00","PVS_XP_2091","023","W582","A","20121127","20121203","障害者施設等入院基本料５　１５：１看護補助"
"12/01/2012 00:00:00","02/17/2013 00:00:00","False","Batch","12/27/2012 13:22:05","BATCH","04/14/2026 00:00:00","PVS_XP_2091","023","W583","A","20121127","20121203","障害者施設等入院基本料５　１５：１看護補助　減算"
"12/01/2012 00:00:00","02/17/2013 00:00:00","False","Batch","12/27/2012 13:22:05","BATCH","04/14/2026 00:00:00","PVS_XP_2091","023","W999","A","20121127","20121203","障害者施設等種別不明"
"12/01/2012 00:00:00","02/17/2013 00:00:00","False","Batch","12/27/2012 13:22:05","BATCH","04/14/2026 00:00:00","PVS_XP_2091","023","X401","A","20121127","20121203","老人病棟入院基本料１"
"12/01/2012 00:00:00","02/17/2013 00:00:00","False","Batch","12/27/2012 13:22:05","BATCH","04/14/2026 00:00:00","PVS_XP_2091","023","X402","A","20121127","20121203","老人病棟入院基本料２"
"12/01/2012 00:00:00","02/17/2013 00:00:00","False","Batch","12/27/2012 13:22:05","BATCH","04/14/2026 00:00:00","PVS_XP_2091","023","X403","A","20121127","20121203","老人病棟入院基本料３"
"12/01/2012 00:00:00","02/17/2013 00:00:00","False","Batch","12/27/2012 13:22:05","BATCH","04/14/2026 00:00:00","PVS_XP_2091","023","X404","A","20121127","20121203","老人病棟入院基本料４"
"12/01/2012 00:00:00","02/17/2013 00:00:00","False","Batch","12/27/2012 13:22:05","BATCH","04/14/2026 00:00:00","PVS_XP_2091","023","X405","A","20121127","20121203","老人病棟入院基本料５"
"12/01/2012 00:00:00","02/17/2013 00:00:00","False","Batch","12/27/2012 13:22:05","BATCH","04/14/2026 00:00:00","PVS_XP_2091","023","X800","A","20121127","20121203","老人病棟特別入院基本料"
"12/01/2012 00:00:00","02/17/2013 00:00:00","False","Batch","12/27/2012 13:22:05","BATCH","04/14/2026 00:00:00","PVS_XP_2091","023","X999","A","20121127","20121203","老人病棟種別不明"
"02/18/2013 00:00:00","12/31/9999 00:00:00","False","Batch","02/16/2013 06:11:35","BATCH","04/14/2026 00:00:00","PVS_XP_2091","023","3991","A","20130215","20130218","診療所療養型種別不明"
"02/18/2013 00:00:00","12/31/9999 00:00:00","False","Batch","02/16/2013 06:11:35","BATCH","04/14/2026 00:00:00","PVS_XP_2091","023","4101","A","20130215","20130218","療養型介護療養施設サービス費（Ⅰ）"
"02/18/2013 00:00:00","12/31/9999 00:00:00","False","Batch","02/16/2013 06:11:35","BATCH","04/14/2026 00:00:00","PVS_XP_2091","023","4102","A","20130215","20130218","療養型介護療養施設サービス費（Ⅱ）"
"02/18/2013 00:00:00","12/31/9999 00:00:00","False","Batch","02/16/2013 06:11:35","BATCH","04/14/2026 00:00:00","PVS_XP_2091","023","4103","A","20130215","20130218","療養型介護療養施設サービス費（Ⅲ）"
"02/18/2013 00:00:00","12/31/9999 00:00:00","False","Batch","02/16/2013 06:11:35","BATCH","04/14/2026 00:00:00","PVS_XP_2091","023","4104","A","20130215","20130218","療養型介護療養施設サービス費（Ⅳ）"
"02/18/2013 00:00:00","12/31/9999 00:00:00","False","Batch","02/16/2013 06:11:35","BATCH","04/14/2026 00:00:00","PVS_XP_2091","023","4999","A","20130215","20130218","療養型介護療養施設サービス費種別不明"
"02/18/2013 00:00:00","12/31/9999 00:00:00","False","Batch","02/16/2013 06:11:35","BATCH","04/14/2026 00:00:00","PVS_XP_2091","023","5009","A","20130215","20130218","経過型介護療養型医療施設"
"02/18/2013 00:00:00","12/31/9999 00:00:00","False","Batch","02/16/2013 06:11:35","BATCH","04/14/2026 00:00:00","PVS_XP_2091","023","6101","A","20130215","20130218","認知症疾患型介護療養施設サービス費（Ⅰ）"
"02/18/2013 00:00:00","12/31/9999 00:00:00","False","Batch","02/16/2013 06:11:35","BATCH","04/14/2026 00:00:00","PVS_XP_2091","023","6102","A","20130215","20130218","認知症疾患型介護療養施設サービス費（Ⅱ）"
"02/18/2013 00:00:00","12/31/9999 00:00:00","False","Batch","02/16/2013 06:11:35","BATCH","04/14/2026 00:00:00","PVS_XP_2091","023","6103","A","20130215","20130218","認知症疾患型介護療養施設サービス費（Ⅲ）"
"02/18/2013 00:00:00","12/31/9999 00:00:00","False","Batch","02/16/2013 06:11:35","BATCH","04/14/2026 00:00:00","PVS_XP_2091","023","6104","A","20130215","20130218","認知症疾患型介護療養施設サービス費（Ⅳ）"
"02/18/2013 00:00:00","12/31/9999 00:00:00","False","Batch","02/16/2013 06:11:35","BATCH","04/14/2026 00:00:00","PVS_XP_2091","023","6105","A","20130215","20130218","認知症疾患型介護療養施設サービス費（Ⅴ）"
"02/18/2013 00:00:00","12/31/9999 00:00:00","False","Batch","02/16/2013 06:11:35","BATCH","04/14/2026 00:00:00","PVS_XP_2091","023","6999","A","20130215","20130218","認知症疾患型介護療養施設サービス費種別不明"
"02/18/2013 00:00:00","12/31/9999 00:00:00","False","Batch","02/16/2013 06:11:35","BATCH","04/14/2026 00:00:00","PVS_XP_2091","023","7101","A","20130215","20130218","介護力強化型介護療養施設サービス費（Ⅰ）"
"02/18/2013 00:00:00","12/31/9999 00:00:00","False","Batch","02/16/2013 06:11:35","BATCH","04/14/2026 00:00:00","PVS_XP_2091","023","7102","A","20130215","20130218","介護力強化型介護療養施設サービス費（Ⅱ）"
"02/18/2013 00:00:00","12/31/9999 00:00:00","False","Batch","02/16/2013 06:11:35","BATCH","04/14/2026 00:00:00","PVS_XP_2091","023","7103","A","20130215","20130218","介護力強化型介護療養施設サービス費（Ⅲ）"
"02/18/2013 00:00:00","12/31/9999 00:00:00","False","Batch","02/16/2013 06:11:35","BATCH","04/14/2026 00:00:00","PVS_XP_2091","023","7104","A","20130215","20130218","介護力強化型介護療養施設サービス費（Ⅳ）"
"02/18/2013 00:00:00","12/31/9999 00:00:00","False","Batch","02/16/2013 06:11:35","BATCH","04/14/2026 00:00:00","PVS_XP_2091","023","7999","A","20130215","20130218","介護力強化型介護療養施設サービス費種別不明"
"02/18/2013 00:00:00","12/31/9999 00:00:00","False","Batch","02/16/2013 06:11:35","BATCH","04/14/2026 00:00:00","PVS_XP_2091","023","A1 1","A","20130215","20130218","２：１看護Ａ加算看護補助不明"
"02/18/2013 00:00:00","12/31/9999 00:00:00","False","Batch","02/16/2013 06:11:35","BATCH","04/14/2026 00:00:00","PVS_XP_2091","023","A1 2","A","20130215","20130218","２：１看護Ｂ加算看護補助不明"
"02/18/2013 00:00:00","12/31/9999 00:00:00","False","Batch","02/16/2013 06:11:35","BATCH","04/14/2026 00:00:00","PVS_XP_2091","023","A1 3","A","20130215","20130218","２：１看護加算無し看護補助不明"
"02/18/2013 00:00:00","12/31/9999 00:00:00","False","Batch","02/16/2013 06:11:35","BATCH","04/14/2026 00:00:00","PVS_XP_2091","023","A1 9","A","20130215","20130218","２：１看護加算不明看護補助不明"
"02/18/2013 00:00:00","12/31/9999 00:00:00","False","Batch","02/16/2013 06:11:35","BATCH","04/14/2026 00:00:00","PVS_XP_2091","023","A111","A","20130215","20130218","２：１看護Ａ加算３：１看護補助"
"02/18/2013 00:00:00","12/31/9999 00:00:00","False","Batch","02/16/2013 06:11:35","BATCH","04/14/2026 00:00:00","PVS_XP_2091","023","A112","A","20130215","20130218","２：１看護Ｂ加算３：１看護補助"
"02/18/2013 00:00:00","12/31/9999 00:00:00","False","Batch","02/16/2013 06:11:35","BATCH","04/14/2026 00:00:00","PVS_XP_2091","023","A113","A","20130215","20130218","２：１看護加算無し３：１看護補助"
"02/18/2013 00:00:00","12/31/9999 00:00:00","False","Batch","02/16/2013 06:11:35","BATCH","04/14/2026 00:00:00","PVS_XP_2091","023","A119","A","20130215","20130218","２：１看護加算不明３：１看護補助"
"02/18/2013 00:00:00","12/31/9999 00:00:00","False","Batch","02/16/2013 06:11:35","BATCH","04/14/2026 00:00:00","PVS_XP_2091","023","A121","A","20130215","20130218","２：１看護Ａ加算４：１看護補助"
"02/18/2013 00:00:00","12/31/9999 00:00:00","False","Batch","02/16/2013 06:11:35","BATCH","04/14/2026 00:00:00","PVS_XP_2091","023","A122","A","20130215","20130218","２：１看護Ｂ加算４：１看護補助"
"02/18/2013 00:00:00","12/31/9999 00:00:00","False","Batch","02/16/2013 06:11:35","BATCH","04/14/2026 00:00:00","PVS_XP_2091","023","A123","A","20130215","20130218","２：１看護加算無し４：１看護補助"
"02/18/2013 00:00:00","12/31/9999 00:00:00","False","Batch","02/16/2013 06:11:35","BATCH","04/14/2026 00:00:00","PVS_XP_2091","023","A129","A","20130215","20130218","２：１看護加算不明４：１看護補助"
"02/18/2013 00:00:00","12/31/9999 00:00:00","False","Batch","02/16/2013 06:11:35","BATCH","04/14/2026 00:00:00","PVS_XP_2091","023","A131","A","20130215","20130218","２：１看護Ａ加算５：１看護補助"
"02/18/2013 00:00:00","12/31/9999 00:00:00","False","Batch","02/16/2013 06:11:35","BATCH","04/14/2026 00:00:00","PVS_XP_2091","023","A132","A","20130215","20130218","２：１看護Ｂ加算５：１看護補助"
"02/18/2013 00:00:00","12/31/9999 00:00:00","False","Batch","02/16/2013 06:11:35","BATCH","04/14/2026 00:00:00","PVS_XP_2091","023","A133","A","20130215","20130218","２：１看護加算無し５：１看護補助"
"02/18/2013 00:00:00","12/31/9999 00:00:00","False","Batch","02/16/2013 06:11:35","BATCH","04/14/2026 00:00:00","PVS_XP_2091","023","A139","A","20130215","20130218","２：１看護加算不明５：１看護補助"
"02/18/2013 00:00:00","12/31/9999 00:00:00","False","Batch","02/16/2013 06:11:35","BATCH","04/14/2026 00:00:00","PVS_XP_2091","023","A141","A","20130215","20130218","２：１看護Ａ加算６：１看護補助"
"02/18/2013 00:00:00","12/31/9999 00:00:00","False","Batch","02/16/2013 06:11:35","BATCH","04/14/2026 00:00:00","PVS_XP_2091","023","A142","A","20130215","20130218","２：１看護Ｂ加算６：１看護補助"
"02/18/2013 00:00:00","12/31/9999 00:00:00","False","Batch","02/16/2013 06:11:35","BATCH","04/14/2026 00:00:00","PVS_XP_2091","023","A143","A","20130215","20130218","２：１看護加算無し６：１看護補助"
"02/18/2013 00:00:00","12/31/9999 00:00:00","False","Batch","02/16/2013 06:11:35","BATCH","04/14/2026 00:00:00","PVS_XP_2091","023","A149","A","20130215","20130218","２：１看護加算不明６：１看護補助"
"02/18/2013 00:00:00","12/31/9999 00:00:00","False","Batch","02/16/2013 06:11:35","BATCH","04/14/2026 00:00:00","PVS_XP_2091","023","A151","A","20130215","20130218","２：１看護Ａ加算８：１看護補助"
"02/18/2013 00:00:00","12/31/9999 00:00:00","False","Batch","02/16/2013 06:11:35","BATCH","04/14/2026 00:00:00","PVS_XP_2091","023","A152","A","20130215","20130218","２：１看護Ｂ加算８：１看護補助"
"02/18/2013 00:00:00","12/31/9999 00:00:00","False","Batch","02/16/2013 06:11:35","BATCH","04/14/2026 00:00:00","PVS_XP_2091","023","A153","A","20130215","20130218","２：１看護加算無し８：１看護補助"
"02/18/2013 00:00:00","12/31/9999 00:00:00","False","Batch","02/16/2013 06:11:35","BATCH","04/14/2026 00:00:00","PVS_XP_2091","023","A159","A","20130215","20130218","２：１看護加算不明８：１看護補助"
"02/18/2013 00:00:00","12/31/9999 00:00:00","False","Batch","02/16/2013 06:11:35","BATCH","04/14/2026 00:00:00","PVS_XP_2091","023","A161","A","20130215","20130218","２：１看護Ａ加算１０：１看護補助"
"02/18/2013 00:00:00","12/31/9999 00:00:00","False","Batch","02/16/2013 06:11:35","BATCH","04/14/2026 00:00:00","PVS_XP_2091","023","A162","A","20130215","20130218","２：１看護Ｂ加算１０：１看護補助"
"02/18/2013 00:00:00","12/31/9999 00:00:00","False","Batch","02/16/2013 06:11:35","BATCH","04/14/2026 00:00:00","PVS_XP_2091","023","A163","A","20130215","20130218","２：１看護加算無し１０：１看護補助"
"02/18/2013 00:00:00","12/31/9999 00:00:00","False","Batch","02/16/2013 06:11:35","BATCH","04/14/2026 00:00:00","PVS_XP_2091","023","A169","A","20130215","20130218","２：１看護加算不明１０：１看護補助"
"02/18/2013 00:00:00","12/31/9999 00:00:00","False","Batch","02/16/2013 06:11:35","BATCH","04/14/2026 00:00:00","PVS_XP_2091","023","A171","A","20130215","20130218","２：１看護Ａ加算１３：１看護補助"
"02/18/2013 00:00:00","12/31/9999 00:00:00","False","Batch","02/16/2013 06:11:35","BATCH","04/14/2026 00:00:00","PVS_XP_2091","023","A172","A","20130215","20130218","２：１看護Ｂ加算１３：１看護補助"
"02/18/2013 00:00:00","12/31/9999 00:00:00","False","Batch","02/16/2013 06:11:35","BATCH","04/14/2026 00:00:00","PVS_XP_2091","023","A173","A","20130215","20130218","２：１看護加算無し１３：１看護補助"
"02/18/2013 00:00:00","12/31/9999 00:00:00","False","Batch","02/16/2013 06:11:35","BATCH","04/14/2026 00:00:00","PVS_XP_2091","023","A179","A","20130215","20130218","２：１看護加算不明１３：１看護補助"
"02/18/2013 00:00:00","12/31/9999 00:00:00","False","Batch","02/16/2013 06:11:35","BATCH","04/14/2026 00:00:00","PVS_XP_2091","023","A181","A","20130215","20130218","２：１看護Ａ加算１５：１看護補助"
"02/18/2013 00:00:00","12/31/9999 00:00:00","False","Batch","02/16/2013 06:11:35","BATCH","04/14/2026 00:00:00","PVS_XP_2091","023","A182","A","20130215","20130218","２：１看護Ｂ加算１５：１看護補助"
"02/18/2013 00:00:00","12/31/9999 00:00:00","False","Batch","02/16/2013 06:11:35","BATCH","04/14/2026 00:00:00","PVS_XP_2091","023","A183","A","20130215","20130218","２：１看護加算無し１５：１看護補助"
"02/18/2013 00:00:00","12/31/9999 00:00:00","False","Batch","02/16/2013 06:11:35","BATCH","04/14/2026 00:00:00","PVS_XP_2091","023","A189","A","20130215","20130218","２：１看護加算不明１５：１看護補助"
"02/18/2013 00:00:00","12/31/9999 00:00:00","False","Batch","02/16/2013 06:11:35","BATCH","04/14/2026 00:00:00","PVS_XP_2091","023","A191","A","20130215","20130218","２：１看護Ａ加算１５：１未満看護補助"
"02/18/2013 00:00:00","12/31/9999 00:00:00","False","Batch","02/16/2013 06:11:35","BATCH","04/14/2026 00:00:00","PVS_XP_2091","023","A192","A","20130215","20130218","２：１看護Ｂ加算１５：１未満看護補助"
"02/18/2013 00:00:00","12/31/9999 00:00:00","False","Batch","02/16/2013 06:11:35","BATCH","04/14/2026 00:00:00","PVS_XP_2091","023","A193","A","20130215","20130218","２：１看護加算無し１５：１未満看護補助"
"02/18/2013 00:00:00","12/31/9999 00:00:00","False","Batch","02/16/2013 06:11:35","BATCH","04/14/2026 00:00:00","PVS_XP_2091","023","A199","A","20130215","20130218","２：１看護加算不明１５：１未満看護補助"
"02/18/2013 00:00:00","12/31/9999 00:00:00","False","Batch","02/16/2013 06:11:35","BATCH","04/14/2026 00:00:00","PVS_XP_2091","023","A2 1","A","20130215","20130218","２．５：１看護Ａ加算看護補助不明"
"02/18/2013 00:00:00","12/31/9999 00:00:00","False","Batch","02/16/2013 06:11:35","BATCH","04/14/2026 00:00:00","PVS_XP_2091","023","A2 2","A","20130215","20130218","２．５：１看護Ｂ加算看護補助不明"
"02/18/2013 00:00:00","12/31/9999 00:00:00","False","Batch","02/16/2013 06:11:35","BATCH","04/14/2026 00:00:00","PVS_XP_2091","023","A2 3","A","20130215","20130218","２．５：１看護加算無し看護補助不明"
"02/18/2013 00:00:00","12/31/9999 00:00:00","False","Batch","02/16/2013 06:11:35","BATCH","04/14/2026 00:00:00","PVS_XP_2091","023","A2 9","A","20130215","20130218","２．５：１看護加算不明看護補助不明"
"02/18/2013 00:00:00","12/31/9999 00:00:00","False","Batch","02/16/2013 06:11:35","BATCH","04/14/2026 00:00:00","PVS_XP_2091","023","A211","A","20130215","20130218","２．５：１看護Ａ加算３：１看護補助"
"02/18/2013 00:00:00","12/31/9999 00:00:00","False","Batch","02/16/2013 06:11:35","BATCH","04/14/2026 00:00:00","PVS_XP_2091","023","A212","A","20130215","20130218","２．５：１看護Ｂ加算３：１看護補助"
"02/18/2013 00:00:00","12/31/9999 00:00:00","False","Batch","02/16/2013 06:11:35","BATCH","04/14/2026 00:00:00","PVS_XP_2091","023","A213","A","20130215","20130218","２．５：１看護加算無し３：１看護補助"
"02/18/2013 00:00:00","12/31/9999 00:00:00","False","Batch","02/16/2013 06:11:35","BATCH","04/14/2026 00:00:00","PVS_XP_2091","023","A219","A","20130215","20130218","２．５：１看護加算不明３：１看護補助"
"02/18/2013 00:00:00","12/31/9999 00:00:00","False","Batch","02/16/2013 06:11:35","BATCH","04/14/2026 00:00:00","PVS_XP_2091","023","A221","A","20130215","20130218","２．５：１看護Ａ加算４：１看護補助"
"02/18/2013 00:00:00","12/31/9999 00:00:00","False","Batch","02/16/2013 06:11:35","BATCH","04/14/2026 00:00:00","PVS_XP_2091","023","A222","A","20130215","20130218","２．５：１看護Ｂ加算４：１看護補助"
"02/18/2013 00:00:00","12/31/9999 00:00:00","False","Batch","02/16/2013 06:11:35","BATCH","04/14/2026 00:00:00","PVS_XP_2091","023","A223","A","20130215","20130218","２．５：１看護加算無し４：１看護補助"
"02/18/2013 00:00:00","12/31/9999 00:00:00","False","Batch","02/16/2013 06:11:35","BATCH","04/14/2026 00:00:00","PVS_XP_2091","023","A229","A","20130215","20130218","２．５：１看護加算不明４：１看護補助"
"02/18/2013 00:00:00","12/31/9999 00:00:00","False","Batch","02/16/2013 06:11:35","BATCH","04/14/2026 00:00:00","PVS_XP_2091","023","A231","A","20130215","20130218","２．５：１看護Ａ加算５：１看護補助"
"02/18/2013 00:00:00","12/31/9999 00:00:00","False","Batch","02/16/2013 06:11:35","BATCH","04/14/2026 00:00:00","PVS_XP_2091","023","A232","A","20130215","20130218","２．５：１看護Ｂ加算５：１看護補助"
"02/18/2013 00:00:00","12/31/9999 00:00:00","False","Batch","02/16/2013 06:11:35","BATCH","04/14/2026 00:00:00","PVS_XP_2091","023","A233","A","20130215","20130218","２．５：１看護加算無し５：１看護補助"
"02/18/2013 00:00:00","12/31/9999 00:00:00","False","Batch","02/16/2013 06:11:35","BATCH","04/14/2026 00:00:00","PVS_XP_2091","023","A239","A","20130215","20130218","２．５：１看護加算不明５：１看護補助"
"02/18/2013 00:00:00","12/31/9999 00:00:00","False","Batch","02/16/2013 06:11:35","BATCH","04/14/2026 00:00:00","PVS_XP_2091","023","A241","A","20130215","20130218","２．５：１看護Ａ加算６：１看護補助"
"02/18/2013 00:00:00","12/31/9999 00:00:00","False","Batch","02/16/2013 06:11:35","BATCH","04/14/2026 00:00:00","PVS_XP_2091","023","A242","A","20130215","20130218","２．５：１看護Ｂ加算補６：１看護補助"
"02/18/2013 00:00:00","12/31/9999 00:00:00","False","Batch","02/16/2013 06:11:35","BATCH","04/14/2026 00:00:00","PVS_XP_2091","023","A243","A","20130215","20130218","２．５：１看護加算無し６：１看護補助"
"02/18/2013 00:00:00","12/31/9999 00:00:00","False","Batch","02/16/2013 06:11:35","BATCH","04/14/2026 00:00:00","PVS_XP_2091","023","A249","A","20130215","20130218","２．５：１看護加算不明６：１看護補助"
"02/18/2013 00:00:00","12/31/9999 00:00:00","False","Batch","02/16/2013 06:11:35","BATCH","04/14/2026 00:00:00","PVS_XP_2091","023","A251","A","20130215","20130218","２．５：１看護Ａ加算８：１看護補助"
"02/18/2013 00:00:00","12/31/9999 00:00:00","False","Batch","02/16/2013 06:11:35","BATCH","04/14/2026 00:00:00","PVS_XP_2091","023","A252","A","20130215","20130218","２．５：１看護Ｂ加算８：１看護補助"
"02/18/2013 00:00:00","12/31/9999 00:00:00","False","Batch","02/16/2013 06:11:35","BATCH","04/14/2026 00:00:00","PVS_XP_2091","023","A253","A","20130215","20130218","２．５：１看護加算無し８：１看護補助"
"02/18/2013 00:00:00","12/31/9999 00:00:00","False","Batch","02/16/2013 06:11:35","BATCH","04/14/2026 00:00:00","PVS_XP_2091","023","A259","A","20130215","20130218","２．５：１看護加算不明８：１看護補助"
"02/18/2013 00:00:00","12/31/9999 00:00:00","False","Batch","02/16/2013 06:11:35","BATCH","04/14/2026 00:00:00","PVS_XP_2091","023","A261","A","20130215","20130218","２．５：１看護Ａ加算１０：１看護補助"
"02/18/2013 00:00:00","12/31/9999 00:00:00","False","Batch","02/16/2013 06:11:35","BATCH","04/14/2026 00:00:00","PVS_XP_2091","023","A262","A","20130215","20130218","２．５：１看護Ｂ加算１０：１看護補助"
"02/18/2013 00:00:00","12/31/9999 00:00:00","False","Batch","02/16/2013 06:11:35","BATCH","04/14/2026 00:00:00","PVS_XP_2091","023","A263","A","20130215","20130218","２．５：１看護加算無し１０：１看護補助"
"02/18/2013 00:00:00","12/31/9999 00:00:00","False","Batch","02/16/2013 06:11:35","BATCH","04/14/2026 00:00:00","PVS_XP_2091","023","A269","A","20130215","20130218","２．５：１看護加算不明１０：１看護補助"
"02/18/2013 00:00:00","12/31/9999 00:00:00","False","Batch","02/16/2013 06:11:35","BATCH","04/14/2026 00:00:00","PVS_XP_2091","023","A271","A","20130215","20130218","２．５：１看護Ａ加算１３：１看護補助"
"02/18/2013 00:00:00","12/31/9999 00:00:00","False","Batch","02/16/2013 06:11:35","BATCH","04/14/2026 00:00:00","PVS_XP_2091","023","A272","A","20130215","20130218","２．５：１看護Ｂ加算１３：１看護補助"
"02/18/2013 00:00:00","12/31/9999 00:00:00","False","Batch","02/16/2013 06:11:35","BATCH","04/14/2026 00:00:00","PVS_XP_2091","023","A273","A","20130215","20130218","２．５：１看護加算無し１３：１看護補助"
"02/18/2013 00:00:00","12/31/9999 00:00:00","False","Batch","02/16/2013 06:11:35","BATCH","04/14/2026 00:00:00","PVS_XP_2091","023","A279","A","20130215","20130218","２．５：１看護加算不明１３：１看護補助"
"02/18/2013 00:00:00","12/31/9999 00:00:00","False","Batch","02/16/2013 06:11:35","BATCH","04/14/2026 00:00:00","PVS_XP_2091","023","A281","A","20130215","20130218","２．５：１看護Ａ加算１５：１看護補助"
"02/18/2013 00:00:00","12/31/9999 00:00:00","False","Batch","02/16/2013 06:11:35","BATCH","04/14/2026 00:00:00","PVS_XP_2091","023","A282","A","20130215","20130218","２．５：１看護Ｂ加算１５：１看護補助"
"02/18/2013 00:00:00","12/31/9999 00:00:00","False","Batch","02/16/2013 06:11:35","BATCH","04/14/2026 00:00:00","PVS_XP_2091","023","A283","A","20130215","20130218","２．５：１看護加算無し１５：１看護補助"
"02/18/2013 00:00:00","12/31/9999 00:00:00","False","Batch","02/16/2013 06:11:35","BATCH","04/14/2026 00:00:00","PVS_XP_2091","023","A289","A","20130215","20130218","２．５：１看護加算不明１５：１看護補助"
"02/18/2013 00:00:00","12/31/9999 00:00:00","False","Batch","02/16/2013 06:11:35","BATCH","04/14/2026 00:00:00","PVS_XP_2091","023","A291","A","20130215","20130218","２．５：１看護Ａ加算１５：１未満看護補助"
"02/18/2013 00:00:00","12/31/9999 00:00:00","False","Batch","02/16/2013 06:11:35","BATCH","04/14/2026 00:00:00","PVS_XP_2091","023","A292","A","20130215","20130218","２．５：１看護Ｂ加算１５：１未満看護補助"
"02/18/2013 00:00:00","12/31/9999 00:00:00","False","Batch","02/16/2013 06:11:35","BATCH","04/14/2026 00:00:00","PVS_XP_2091","023","A293","A","20130215","20130218","２．５：１看護加算無し１５：１未満看護補助"
"02/18/2013 00:00:00","12/31/9999 00:00:00","False","Batch","02/16/2013 06:11:35","BATCH","04/14/2026 00:00:00","PVS_XP_2091","023","A299","A","20130215","20130218","２．５：１看護加算不明１５：１未満看護補助"
"02/18/2013 00:00:00","12/31/9999 00:00:00","False","Batch","02/16/2013 06:11:35","BATCH","04/14/2026 00:00:00","PVS_XP_2091","023","A3 1","A","20130215","20130218","３：１看護Ａ加算看護補助不明"
"02/18/2013 00:00:00","12/31/9999 00:00:00","False","Batch","02/16/2013 06:11:35","BATCH","04/14/2026 00:00:00","PVS_XP_2091","023","A3 2","A","20130215","20130218","３：１看護Ｂ加算看護補助不明"
"02/18/2013 00:00:00","12/31/9999 00:00:00","False","Batch","02/16/2013 06:11:35","BATCH","04/14/2026 00:00:00","PVS_XP_2091","023","A3 3","A","20130215","20130218","３：１看護加算無し看護種別不明"
"02/18/2013 00:00:00","12/31/9999 00:00:00","False","Batch","02/16/2013 06:11:35","BATCH","04/14/2026 00:00:00","PVS_XP_2091","023","A3 9","A","20130215","20130218","３：１看護加算不明看護補助不明"
"02/18/2013 00:00:00","12/31/9999 00:00:00","False","Batch","02/16/2013 06:11:35","BATCH","04/14/2026 00:00:00","PVS_XP_2091","023","A311","A","20130215","20130218","３：１看護Ａ加算３：１看護補助"
"02/18/2013 00:00:00","12/31/9999 00:00:00","False","Batch","02/16/2013 06:11:35","BATCH","04/14/2026 00:00:00","PVS_XP_2091","023","A312","A","20130215","20130218","３：１看護Ｂ加算３：１看護補助"
"02/18/2013 00:00:00","12/31/9999 00:00:00","False","Batch","02/16/2013 06:11:35","BATCH","04/14/2026 00:00:00","PVS_XP_2091","023","A313","A","20130215","20130218","３：１看護加算無し３：１看護補助"
"02/18/2013 00:00:00","12/31/9999 00:00:00","False","Batch","02/16/2013 06:11:35","BATCH","04/14/2026 00:00:00","PVS_XP_2091","023","A319","A","20130215","20130218","３：１看護加算不明３：１看護補助"
"02/18/2013 00:00:00","12/31/9999 00:00:00","False","Batch","02/16/2013 06:11:35","BATCH","04/14/2026 00:00:00","PVS_XP_2091","023","A321","A","20130215","20130218","３：１看護Ａ加算４：１看護補助"
"02/18/2013 00:00:00","12/31/9999 00:00:00","False","Batch","02/16/2013 06:11:35","BATCH","04/14/2026 00:00:00","PVS_XP_2091","023","A322","A","20130215","20130218","３：１看護Ｂ加算４：１看護補助"
"02/18/2013 00:00:00","12/31/9999 00:00:00","False","Batch","02/16/2013 06:11:35","BATCH","04/14/2026 00:00:00","PVS_XP_2091","023","A323","A","20130215","20130218","３：１看護加算無し４：１看護補助"
"02/18/2013 00:00:00","12/31/9999 00:00:00","False","Batch","02/16/2013 06:11:35","BATCH","04/14/2026 00:00:00","PVS_XP_2091","023","A329","A","20130215","20130218","３：１看護加算不明４：１看護補助"
"02/18/2013 00:00:00","12/31/9999 00:00:00","False","Batch","02/16/2013 06:11:35","BATCH","04/14/2026 00:00:00","PVS_XP_2091","023","A331","A","20130215","20130218","３：１看護Ａ加算５：１看護補助"
"02/18/2013 00:00:00","12/31/9999 00:00:00","False","Batch","02/16/2013 06:11:35","BATCH","04/14/2026 00:00:00","PVS_XP_2091","023","A332","A","20130215","20130218","３：１看護Ｂ加算５：１看護補助"
"02/18/2013 00:00:00","12/31/9999 00:00:00","False","Batch","02/16/2013 06:11:35","BATCH","04/14/2026 00:00:00","PVS_XP_2091","023","A333","A","20130215","20130218","３：１看護加算無し５：１看護補助"
"02/18/2013 00:00:00","12/31/9999 00:00:00","False","Batch","02/16/2013 06:11:35","BATCH","04/14/2026 00:00:00","PVS_XP_2091","023","A339","A","20130215","20130218","３：１看護加算不明５：１看護補助"
"02/18/2013 00:00:00","12/31/9999 00:00:00","False","Batch","02/16/2013 06:11:35","BATCH","04/14/2026 00:00:00","PVS_XP_2091","023","A341","A","20130215","20130218","３：１看護Ａ加算６：１看護補助"
"02/18/2013 00:00:00","12/31/9999 00:00:00","False","Batch","02/16/2013 06:11:35","BATCH","04/14/2026 00:00:00","PVS_XP_2091","023","A342","A","20130215","20130218","３：１看護Ｂ加算６：１看護補助"
"02/18/2013 00:00:00","12/31/9999 00:00:00","False","Batch","02/16/2013 06:11:35","BATCH","04/14/2026 00:00:00","PVS_XP_2091","023","A343","A","20130215","20130218","３：１看護加算無し６：１看護補助"
"02/18/2013 00:00:00","12/31/9999 00:00:00","False","Batch","02/16/2013 06:11:35","BATCH","04/14/2026 00:00:00","PVS_XP_2091","023","A349","A","20130215","20130218","３：１看護加算不明６：１看護補助"
"02/18/2013 00:00:00","12/31/9999 00:00:00","False","Batch","02/16/2013 06:11:35","BATCH","04/14/2026 00:00:00","PVS_XP_2091","023","A351","A","20130215","20130218","３：１看護Ａ加算８：１看護補助"
"02/18/2013 00:00:00","12/31/9999 00:00:00","False","Batch","02/16/2013 06:11:35","BATCH","04/14/2026 00:00:00","PVS_XP_2091","023","A352","A","20130215","20130218","３：１看護Ｂ加算８：１看護補助"
"02/18/2013 00:00:00","12/31/9999 00:00:00","False","Batch","02/16/2013 06:11:35","BATCH","04/14/2026 00:00:00","PVS_XP_2091","023","A353","A","20130215","20130218","３：１看護加算無し８：１看護補助"
"02/18/2013 00:00:00","12/31/9999 00:00:00","False","Batch","02/16/2013 06:11:35","BATCH","04/14/2026 00:00:00","PVS_XP_2091","023","A359","A","20130215","20130218","３：１看護加算不明８：１看護補助"
"02/18/2013 00:00:00","12/31/9999 00:00:00","False","Batch","02/16/2013 06:11:35","BATCH","04/14/2026 00:00:00","PVS_XP_2091","023","A361","A","20130215","20130218","３：１看護Ａ加算１０：１看護補助"
"02/18/2013 00:00:00","12/31/9999 00:00:00","False","Batch","02/16/2013 06:11:35","BATCH","04/14/2026 00:00:00","PVS_XP_2091","023","A362","A","20130215","20130218","３：１看護Ｂ加算１０：１看護補助"
"02/18/2013 00:00:00","12/31/9999 00:00:00","False","Batch","02/16/2013 06:11:35","BATCH","04/14/2026 00:00:00","PVS_XP_2091","023","A363","A","20130215","20130218","３：１看護加算無し１０：１看護補助"
"02/18/2013 00:00:00","12/31/9999 00:00:00","False","Batch","02/16/2013 06:11:35","BATCH","04/14/2026 00:00:00","PVS_XP_2091","023","A369","A","20130215","20130218","３：１看護加算不明１０：１看護補助"
"02/18/2013 00:00:00","12/31/9999 00:00:00","False","Batch","02/16/2013 06:11:35","BATCH","04/14/2026 00:00:00","PVS_XP_2091","023","A371","A","20130215","20130218","３：１看護Ａ加算１３：１看護補助"
"02/18/2013 00:00:00","12/31/9999 00:00:00","False","Batch","02/16/2013 06:11:35","BATCH","04/14/2026 00:00:00","PVS_XP_2091","023","A372","A","20130215","20130218","３：１看護Ｂ加算１３：１看護補助"
"02/18/2013 00:00:00","12/31/9999 00:00:00","False","Batch","02/16/2013 06:11:35","BATCH","04/14/2026 00:00:00","PVS_XP_2091","023","A373","A","20130215","20130218","３：１看護加算無し１３：１看護補助"
"02/18/2013 00:00:00","12/31/9999 00:00:00","False","Batch","02/16/2013 06:11:35","BATCH","04/14/2026 00:00:00","PVS_XP_2091","023","A379","A","20130215","20130218","３：１看護加算不明１３：１看護補助"
"02/18/2013 00:00:00","12/31/9999 00:00:00","False","Batch","02/16/2013 06:11:35","BATCH","04/14/2026 00:00:00","PVS_XP_2091","023","A381","A","20130215","20130218","３：１看護Ａ加算１５：１看護補助"
"02/18/2013 00:00:00","12/31/9999 00:00:00","False","Batch","02/16/2013 06:11:35","BATCH","04/14/2026 00:00:00","PVS_XP_2091","023","A382","A","20130215","20130218","３：１看護Ｂ加算１５：１看護補助"
"02/18/2013 00:00:00","12/31/9999 00:00:00","False","Batch","02/16/2013 06:11:35","BATCH","04/14/2026 00:00:00","PVS_XP_2091","023","A383","A","20130215","20130218","３：１看護加算無し１５：１看護補助"
"02/18/2013 00:00:00","12/31/9999 00:00:00","False","Batch","02/16/2013 06:11:35","BATCH","04/14/2026 00:00:00","PVS_XP_2091","023","A389","A","20130215","20130218","３：１看護加算不明１５：１看護補助"
"02/18/2013 00:00:00","12/31/9999 00:00:00","False","Batch","02/16/2013 06:11:35","BATCH","04/14/2026 00:00:00","PVS_XP_2091","023","A391","A","20130215","20130218","３：１看護Ａ加算１５：１未満看護補助"
"02/18/2013 00:00:00","12/31/9999 00:00:00","False","Batch","02/16/2013 06:11:35","BATCH","04/14/2026 00:00:00","PVS_XP_2091","023","A392","A","20130215","20130218","３：１看護Ｂ加算１５：１未満看護補助"
"02/18/2013 00:00:00","12/31/9999 00:00:00","False","Batch","02/16/2013 06:11:35","BATCH","04/14/2026 00:00:00","PVS_XP_2091","023","A393","A","20130215","20130218","３：１看護加算無し１５：１未満看護補助"
"02/18/2013 00:00:00","12/31/9999 00:00:00","False","Batch","02/16/2013 06:11:35","BATCH","04/14/2026 00:00:00","PVS_XP_2091","023","A399","A","20130215","20130218","３：１看護加算不明１５：１未満看護補助"
"02/18/2013 00:00:00","12/31/9999 00:00:00","False","Batch","02/16/2013 06:11:35","BATCH","04/14/2026 00:00:00","PVS_XP_2091","023","A4 1","A","20130215","20130218","３．５：１看護Ａ加算看護補助不明"
"02/18/2013 00:00:00","12/31/9999 00:00:00","False","Batch","02/16/2013 06:11:35","BATCH","04/14/2026 00:00:00","PVS_XP_2091","023","A4 2","A","20130215","20130218","３．５：１看護Ｂ加算看護補助不明"
"02/18/2013 00:00:00","12/31/9999 00:00:00","False","Batch","02/16/2013 06:11:35","BATCH","04/14/2026 00:00:00","PVS_XP_2091","023","A4 3","A","20130215","20130218","３．５：１看護加算無し看護補助不明"
"02/18/2013 00:00:00","12/31/9999 00:00:00","False","Batch","02/16/2013 06:11:35","BATCH","04/14/2026 00:00:00","PVS_XP_2091","023","A4 9","A","20130215","20130218","３．５：１看護加算不明看護補助不明"
"02/18/2013 00:00:00","12/31/9999 00:00:00","False","Batch","02/16/2013 06:11:35","BATCH","04/14/2026 00:00:00","PVS_XP_2091","023","A411","A","20130215","20130218","３．５：１看護Ａ加算３：１看護補助"
"02/18/2013 00:00:00","12/31/9999 00:00:00","False","Batch","02/16/2013 06:11:35","BATCH","04/14/2026 00:00:00","PVS_XP_2091","023","A412","A","20130215","20130218","３．５：１看護Ｂ加算３：１看護補助"
"02/18/2013 00:00:00","12/31/9999 00:00:00","False","Batch","02/16/2013 06:11:35","BATCH","04/14/2026 00:00:00","PVS_XP_2091","023","A413","A","20130215","20130218","３．５：１看護加算無し３：１看護補助"
"02/18/2013 00:00:00","12/31/9999 00:00:00","False","Batch","02/16/2013 06:11:35","BATCH","04/14/2026 00:00:00","PVS_XP_2091","023","A419","A","20130215","20130218","３．５：１看護加算不明３：１看護補助"
"02/18/2013 00:00:00","12/31/9999 00:00:00","False","Batch","02/16/2013 06:11:35","BATCH","04/14/2026 00:00:00","PVS_XP_2091","023","A421","A","20130215","20130218","３．５：１看護Ａ加算４：１看護補助"
"02/18/2013 00:00:00","12/31/9999 00:00:00","False","Batch","02/16/2013 06:11:35","BATCH","04/14/2026 00:00:00","PVS_XP_2091","023","A422","A","20130215","20130218","３．５：１看護Ｂ加算４：１看護補助"
"02/18/2013 00:00:00","12/31/9999 00:00:00","False","Batch","02/16/2013 06:11:35","BATCH","04/14/2026 00:00:00","PVS_XP_2091","023","A423","A","20130215","20130218","３．５：１看護加算無し４：１看護補助"
"02/18/2013 00:00:00","12/31/9999 00:00:00","False","Batch","02/16/2013 06:11:35","BATCH","04/14/2026 00:00:00","PVS_XP_2091","023","A429","A","20130215","20130218","３．５：１看護加算不明４：１看護補助"
"02/18/2013 00:00:00","12/31/9999 00:00:00","False","Batch","02/16/2013 06:11:35","BATCH","04/14/2026 00:00:00","PVS_XP_2091","023","A431","A","20130215","20130218","３．５：１看護Ａ加算５：１看護補助"
"02/18/2013 00:00:00","12/31/9999 00:00:00","False","Batch","02/16/2013 06:11:35","BATCH","04/14/2026 00:00:00","PVS_XP_2091","023","A432","A","20130215","20130218","３．５：１看護Ｂ加算５：１看護補助"
"02/18/2013 00:00:00","12/31/9999 00:00:00","False","Batch","02/16/2013 06:11:35","BATCH","04/14/2026 00:00:00","PVS_XP_2091","023","A433","A","20130215","20130218","３．５：１看護加算無し５：１看護補助"
"02/18/2013 00:00:00","12/31/9999 00:00:00","False","Batch","02/16/2013 06:11:35","BATCH","04/14/2026 00:00:00","PVS_XP_2091","023","A439","A","20130215","20130218","３．５：１看護加算不明５：１看護補助"
"02/18/2013 00:00:00","12/31/9999 00:00:00","False","Batch","02/16/2013 06:11:35","BATCH","04/14/2026 00:00:00","PVS_XP_2091","023","A441","A","20130215","20130218","３．５：１看護Ａ加算６：１看護補助"
"02/18/2013 00:00:00","12/31/9999 00:00:00","False","Batch","02/16/2013 06:11:35","BATCH","04/14/2026 00:00:00","PVS_XP_2091","023","A442","A","20130215","20130218","３．５：１看護Ｂ加算６：１看護補助"
"02/18/2013 00:00:00","12/31/9999 00:00:00","False","Batch","02/16/2013 06:11:35","BATCH","04/14/2026 00:00:00","PVS_XP_2091","023","A443","A","20130215","20130218","３．５：１看護加算無し６：１看護補助"
"02/18/2013 00:00:00","12/31/9999 00:00:00","False","Batch","02/16/2013 06:11:35","BATCH","04/14/2026 00:00:00","PVS_XP_2091","023","A449","A","20130215","20130218","３．５：１看護加算不明６：１看護補助"
"02/18/2013 00:00:00","12/31/9999 00:00:00","False","Batch","02/16/2013 06:11:35","BATCH","04/14/2026 00:00:00","PVS_XP_2091","023","A451","A","20130215","20130218","３．５：１看護Ａ加算８：１看護補助"
"02/18/2013 00:00:00","12/31/9999 00:00:00","False","Batch","02/16/2013 06:11:35","BATCH","04/14/2026 00:00:00","PVS_XP_2091","023","A452","A","20130215","20130218","３．５：１看護Ｂ加算８：１看護補助"
"02/18/2013 00:00:00","12/31/9999 00:00:00","False","Batch","02/16/2013 06:11:35","BATCH","04/14/2026 00:00:00","PVS_XP_2091","023","A453","A","20130215","20130218","３．５：１看護加算無し８：１看護補助"
"02/18/2013 00:00:00","12/31/9999 00:00:00","False","Batch","02/16/2013 06:11:35","BATCH","04/14/2026 00:00:00","PVS_XP_2091","023","A459","A","20130215","20130218","３．５：１看護加算不明８：１看護補助"
"02/18/2013 00:00:00","12/31/9999 00:00:00","False","Batch","02/16/2013 06:11:35","BATCH","04/14/2026 00:00:00","PVS_XP_2091","023","A461","A","20130215","20130218","３．５：１看護Ａ加算１０：１看護補助"
"02/18/2013 00:00:00","12/31/9999 00:00:00","False","Batch","02/16/2013 06:11:35","BATCH","04/14/2026 00:00:00","PVS_XP_2091","023","A462","A","20130215","20130218","３．５：１看護Ｂ加算１０：１看護補助"
"02/18/2013 00:00:00","12/31/9999 00:00:00","False","Batch","02/16/2013 06:11:35","BATCH","04/14/2026 00:00:00","PVS_XP_2091","023","A463","A","20130215","20130218","３．５：１看護加算無し１０：１看護補助"
"02/18/2013 00:00:00","12/31/9999 00:00:00","False","Batch","02/16/2013 06:11:35","BATCH","04/14/2026 00:00:00","PVS_XP_2091","023","A469","A","20130215","20130218","３．５：１看護加算不明１０：１看護補助"
"02/18/2013 00:00:00","12/31/9999 00:00:00","False","Batch","02/16/2013 06:11:35","BATCH","04/14/2026 00:00:00","PVS_XP_2091","023","A471","A","20130215","20130218","３．５：１看護Ａ加算１３：１看護補助"
"02/18/2013 00:00:00","12/31/9999 00:00:00","False","Batch","02/16/2013 06:11:35","BATCH","04/14/2026 00:00:00","PVS_XP_2091","023","A472","A","20130215","20130218","３．５：１看護Ｂ加算１３：１看護補助"
"02/18/2013 00:00:00","12/31/9999 00:00:00","False","Batch","02/16/2013 06:11:35","BATCH","04/14/2026 00:00:00","PVS_XP_2091","023","A473","A","20130215","20130218","３．５：１看護加算無し１３：１看護補助"
"02/18/2013 00:00:00","12/31/9999 00:00:00","False","Batch","02/16/2013 06:11:35","BATCH","04/14/2026 00:00:00","PVS_XP_2091","023","A479","A","20130215","20130218","３．５：１看護加算不明１３：１看護補助"
"02/18/2013 00:00:00","12/31/9999 00:00:00","False","Batch","02/16/2013 06:11:35","BATCH","04/14/2026 00:00:00","PVS_XP_2091","023","A481","A","20130215","20130218","３．５：１看護Ａ加算１５：１看護補助"
"02/18/2013 00:00:00","12/31/9999 00:00:00","False","Batch","02/16/2013 06:11:35","BATCH","04/14/2026 00:00:00","PVS_XP_2091","023","A482","A","20130215","20130218","３．５：１看護Ｂ加算１５：１看護補助"
"02/18/2013 00:00:00","12/31/9999 00:00:00","False","Batch","02/16/2013 06:11:35","BATCH","04/14/2026 00:00:00","PVS_XP_2091","023","A483","A","20130215","20130218","３．５：１看護加算無し１５：１看護補助"
"02/18/2013 00:00:00","12/31/9999 00:00:00","False","Batch","02/16/2013 06:11:35","BATCH","04/14/2026 00:00:00","PVS_XP_2091","023","A489","A","20130215","20130218","３．５：１看護加算不明１５：１看護補助"
"02/18/2013 00:00:00","12/31/9999 00:00:00","False","Batch","02/16/2013 06:11:35","BATCH","04/14/2026 00:00:00","PVS_XP_2091","023","A491","A","20130215","20130218","３．５：１看護Ａ加算１５：１未満看護補助"
"02/18/2013 00:00:00","12/31/9999 00:00:00","False","Batch","02/16/2013 06:11:35","BATCH","04/14/2026 00:00:00","PVS_XP_2091","023","A492","A","20130215","20130218","３．５：１看護Ｂ加算１５：１未満看護補助"
"02/18/2013 00:00:00","12/31/9999 00:00:00","False","Batch","02/16/2013 06:11:35","BATCH","04/14/2026 00:00:00","PVS_XP_2091","023","A493","A","20130215","20130218","３．５：１看護補助加算無し１５：１未満看護補助"
"02/18/2013 00:00:00","12/31/9999 00:00:00","False","Batch","02/16/2013 06:11:35","BATCH","04/14/2026 00:00:00","PVS_XP_2091","023","A499","A","20130215","20130218","３．５：１看護加算不明１５：１未満看護補助"
"02/18/2013 00:00:00","12/31/9999 00:00:00","False","Batch","02/16/2013 06:11:35","BATCH","04/14/2026 00:00:00","PVS_XP_2091","023","A5 1","A","20130215","20130218","４：１看護Ａ加算看護補助不明"
"02/18/2013 00:00:00","12/31/9999 00:00:00","False","Batch","02/16/2013 06:11:35","BATCH","04/14/2026 00:00:00","PVS_XP_2091","023","A5 2","A","20130215","20130218","４：１看護Ｂ加算看護補助不明"
"02/18/2013 00:00:00","12/31/9999 00:00:00","False","Batch","02/16/2013 06:11:35","BATCH","04/14/2026 00:00:00","PVS_XP_2091","023","A5 3","A","20130215","20130218","４：１看護加算無し看護補助不明"
"02/18/2013 00:00:00","12/31/9999 00:00:00","False","Batch","02/16/2013 06:11:35","BATCH","04/14/2026 00:00:00","PVS_XP_2091","023","A5 9","A","20130215","20130218","４：１看護加算不明看護補助不明"
"02/18/2013 00:00:00","12/31/9999 00:00:00","False","Batch","02/16/2013 06:11:35","BATCH","04/14/2026 00:00:00","PVS_XP_2091","023","A511","A","20130215","20130218","４：１看護Ａ加算３：１看護補助"
"02/18/2013 00:00:00","12/31/9999 00:00:00","False","Batch","02/16/2013 06:11:35","BATCH","04/14/2026 00:00:00","PVS_XP_2091","023","A512","A","20130215","20130218","４：１看護Ｂ加算３：１看護補助"
"02/18/2013 00:00:00","12/31/9999 00:00:00","False","Batch","02/16/2013 06:11:35","BATCH","04/14/2026 00:00:00","PVS_XP_2091","023","A513","A","20130215","20130218","４：１看護加算無し３：１看護補助"
"02/18/2013 00:00:00","12/31/9999 00:00:00","False","Batch","02/16/2013 06:11:35","BATCH","04/14/2026 00:00:00","PVS_XP_2091","023","A519","A","20130215","20130218","４：１看護加算不明３：１看護補助"
"02/18/2013 00:00:00","12/31/9999 00:00:00","False","Batch","02/16/2013 06:11:35","BATCH","04/14/2026 00:00:00","PVS_XP_2091","023","A521","A","20130215","20130218","４：１看護Ａ加算４：１看護補助"
"02/18/2013 00:00:00","12/31/9999 00:00:00","False","Batch","02/16/2013 06:11:35","BATCH","04/14/2026 00:00:00","PVS_XP_2091","023","A522","A","20130215","20130218","４：１看護Ｂ加算４：１看護補助"
"02/18/2013 00:00:00","12/31/9999 00:00:00","False","Batch","02/16/2013 06:11:35","BATCH","04/14/2026 00:00:00","PVS_XP_2091","023","A523","A","20130215","20130218","４：１看護加算無し４：１看護補助"
"02/18/2013 00:00:00","12/31/9999 00:00:00","False","Batch","02/16/2013 06:11:35","BATCH","04/14/2026 00:00:00","PVS_XP_2091","023","A529","A","20130215","20130218","４：１看護加算不明４：１看護補助"
"02/18/2013 00:00:00","12/31/9999 00:00:00","False","Batch","02/16/2013 06:11:35","BATCH","04/14/2026 00:00:00","PVS_XP_2091","023","A531","A","20130215","20130218","４：１看護Ａ加算５：１看護補助"
"02/18/2013 00:00:00","12/31/9999 00:00:00","False","Batch","02/16/2013 06:11:35","BATCH","04/14/2026 00:00:00","PVS_XP_2091","023","A532","A","20130215","20130218","４：１看護Ｂ加算５：１看護補助"
"02/18/2013 00:00:00","12/31/9999 00:00:00","False","Batch","02/16/2013 06:11:35","BATCH","04/14/2026 00:00:00","PVS_XP_2091","023","A533","A","20130215","20130218","４：１看護加算無し５：１看護補助"
"02/18/2013 00:00:00","12/31/9999 00:00:00","False","Batch","02/16/2013 06:11:35","BATCH","04/14/2026 00:00:00","PVS_XP_2091","023","A539","A","20130215","20130218","４：１看護加算不明５：１看護補助"
"02/18/2013 00:00:00","12/31/9999 00:00:00","False","Batch","02/16/2013 06:11:35","BATCH","04/14/2026 00:00:00","PVS_XP_2091","023","A541","A","20130215","20130218","４：１看護Ａ加算６：１看護補助"
"02/18/2013 00:00:00","12/31/9999 00:00:00","False","Batch","02/16/2013 06:11:35","BATCH","04/14/2026 00:00:00","PVS_XP_2091","023","A542","A","20130215","20130218","４：１看護Ｂ加算６：１看護補助"
"02/18/2013 00:00:00","12/31/9999 00:00:00","False","Batch","02/16/2013 06:11:35","BATCH","04/14/2026 00:00:00","PVS_XP_2091","023","A543","A","20130215","20130218","４：１看護加算無し６：１看護補助"
"02/18/2013 00:00:00","12/31/9999 00:00:00","False","Batch","02/16/2013 06:11:35","BATCH","04/14/2026 00:00:00","PVS_XP_2091","023","A549","A","20130215","20130218","４：１看護加算不明６：１看護補助"
"02/18/2013 00:00:00","12/31/9999 00:00:00","False","Batch","02/16/2013 06:11:35","BATCH","04/14/2026 00:00:00","PVS_XP_2091","023","A551","A","20130215","20130218","４：１看護Ａ加算８：１看護補助"
"02/18/2013 00:00:00","12/31/9999 00:00:00","False","Batch","02/16/2013 06:11:35","BATCH","04/14/2026 00:00:00","PVS_XP_2091","023","A552","A","20130215","20130218","４：１看護Ｂ加算８：１看護補助"
"02/18/2013 00:00:00","12/31/9999 00:00:00","False","Batch","02/16/2013 06:11:35","BATCH","04/14/2026 00:00:00","PVS_XP_2091","023","A553","A","20130215","20130218","４：１看護加算無し８：１看護補助"
"02/18/2013 00:00:00","12/31/9999 00:00:00","False","Batch","02/16/2013 06:11:35","BATCH","04/14/2026 00:00:00","PVS_XP_2091","023","A559","A","20130215","20130218","４：１看護加算不明８：１看護補助"
"02/18/2013 00:00:00","12/31/9999 00:00:00","False","Batch","02/16/2013 06:11:35","BATCH","04/14/2026 00:00:00","PVS_XP_2091","023","A561","A","20130215","20130218","４：１看護Ａ加算１０：１看護補助"
"02/18/2013 00:00:00","12/31/9999 00:00:00","False","Batch","02/16/2013 06:11:35","BATCH","04/14/2026 00:00:00","PVS_XP_2091","023","A562","A","20130215","20130218","４：１看護Ｂ加算１０：１看護補助"
"02/18/2013 00:00:00","12/31/9999 00:00:00","False","Batch","02/16/2013 06:11:35","BATCH","04/14/2026 00:00:00","PVS_XP_2091","023","A563","A","20130215","20130218","４：１看護加算無し１０：１看護補助"
"02/18/2013 00:00:00","12/31/9999 00:00:00","False","Batch","02/16/2013 06:11:35","BATCH","04/14/2026 00:00:00","PVS_XP_2091","023","A569","A","20130215","20130218","４：１看護加算不明１０：１看護補助"
"02/18/2013 00:00:00","12/31/9999 00:00:00","False","Batch","02/16/2013 06:11:35","BATCH","04/14/2026 00:00:00","PVS_XP_2091","023","A571","A","20130215","20130218","４：１看護Ａ加算１３：１看護補助"
"02/18/2013 00:00:00","12/31/9999 00:00:00","False","Batch","02/16/2013 06:11:35","BATCH","04/14/2026 00:00:00","PVS_XP_2091","023","A572","A","20130215","20130218","４：１看護Ｂ加算１３：１看護補助"
"02/18/2013 00:00:00","12/31/9999 00:00:00","False","Batch","02/16/2013 06:11:35","BATCH","04/14/2026 00:00:00","PVS_XP_2091","023","A573","A","20130215","20130218","４：１看護加算無し１３：１看護補助"
"02/18/2013 00:00:00","12/31/9999 00:00:00","False","Batch","02/16/2013 06:11:35","BATCH","04/14/2026 00:00:00","PVS_XP_2091","023","A579","A","20130215","20130218","４：１看護加算不明１３：１看護補助"
"02/18/2013 00:00:00","12/31/9999 00:00:00","False","Batch","02/16/2013 06:11:35","BATCH","04/14/2026 00:00:00","PVS_XP_2091","023","A581","A","20130215","20130218","４：１看護Ａ加算１５：１看護補助"
"02/18/2013 00:00:00","12/31/9999 00:00:00","False","Batch","02/16/2013 06:11:35","BATCH","04/14/2026 00:00:00","PVS_XP_2091","023","A582","A","20130215","20130218","４：１看護Ｂ加算１５：１看護補助"
"02/18/2013 00:00:00","12/31/9999 00:00:00","False","Batch","02/16/2013 06:11:35","BATCH","04/14/2026 00:00:00","PVS_XP_2091","023","A583","A","20130215","20130218","４：１看護加算無し１５：１看護補助"
"02/18/2013 00:00:00","12/31/9999 00:00:00","False","Batch","02/16/2013 06:11:35","BATCH","04/14/2026 00:00:00","PVS_XP_2091","023","A589","A","20130215","20130218","４：１看護加算不明１５：１看護補助"
"02/18/2013 00:00:00","12/31/9999 00:00:00","False","Batch","02/16/2013 06:11:35","BATCH","04/14/2026 00:00:00","PVS_XP_2091","023","A591","A","20130215","20130218","４：１看護Ａ加算１５：１未満看護補助"
"02/18/2013 00:00:00","12/31/9999 00:00:00","False","Batch","02/16/2013 06:11:35","BATCH","04/14/2026 00:00:00","PVS_XP_2091","023","A592","A","20130215","20130218","４：１看護Ｂ加算１５：１未満看護補助"
"02/18/2013 00:00:00","12/31/9999 00:00:00","False","Batch","02/16/2013 06:11:35","BATCH","04/14/2026 00:00:00","PVS_XP_2091","023","A593","A","20130215","20130218","４：１看護加算無し１５：１未満看護補助"
"02/18/2013 00:00:00","12/31/9999 00:00:00","False","Batch","02/16/2013 06:11:35","BATCH","04/14/2026 00:00:00","PVS_XP_2091","023","A599","A","20130215","20130218","４：１看護加算不明１５：１未満看護補助"
"02/18/2013 00:00:00","12/31/9999 00:00:00","False","Batch","02/16/2013 06:11:35","BATCH","04/14/2026 00:00:00","PVS_XP_2091","023","A6 1","A","20130215","20130218","５：１看護Ａ加算看護補助不明"
"02/18/2013 00:00:00","12/31/9999 00:00:00","False","Batch","02/16/2013 06:11:35","BATCH","04/14/2026 00:00:00","PVS_XP_2091","023","A6 2","A","20130215","20130218","５：１看護Ｂ加算看護補助不明"
"02/18/2013 00:00:00","12/31/9999 00:00:00","False","Batch","02/16/2013 06:11:35","BATCH","04/14/2026 00:00:00","PVS_XP_2091","023","A6 3","A","20130215","20130218","５：１看護加算無し看護補助不明"
"02/18/2013 00:00:00","12/31/9999 00:00:00","False","Batch","02/16/2013 06:11:35","BATCH","04/14/2026 00:00:00","PVS_XP_2091","023","A6 9","A","20130215","20130218","５：１看護加算不明看護補助不明"
"02/18/2013 00:00:00","12/31/9999 00:00:00","False","Batch","02/16/2013 06:11:35","BATCH","04/14/2026 00:00:00","PVS_XP_2091","023","A611","A","20130215","20130218","５：１看護Ａ加算３：１看護補助"
"02/18/2013 00:00:00","12/31/9999 00:00:00","False","Batch","02/16/2013 06:11:35","BATCH","04/14/2026 00:00:00","PVS_XP_2091","023","A612","A","20130215","20130218","５：１看護Ｂ加算３：１看護補助"
"02/18/2013 00:00:00","12/31/9999 00:00:00","False","Batch","02/16/2013 06:11:35","BATCH","04/14/2026 00:00:00","PVS_XP_2091","023","A613","A","20130215","20130218","５：１看護加算無し３：１看護補助"
"02/18/2013 00:00:00","12/31/9999 00:00:00","False","Batch","02/16/2013 06:11:35","BATCH","04/14/2026 00:00:00","PVS_XP_2091","023","A619","A","20130215","20130218","５：１看護加算不明３：１看護補助"
"02/18/2013 00:00:00","12/31/9999 00:00:00","False","Batch","02/16/2013 06:11:35","BATCH","04/14/2026 00:00:00","PVS_XP_2091","023","A621","A","20130215","20130218","５：１看護Ａ加算４：１看護補助"
"02/18/2013 00:00:00","12/31/9999 00:00:00","False","Batch","02/16/2013 06:11:35","BATCH","04/14/2026 00:00:00","PVS_XP_2091","023","A622","A","20130215","20130218","５：１看護Ｂ加算４：１看護補助"
"02/18/2013 00:00:00","12/31/9999 00:00:00","False","Batch","02/16/2013 06:11:35","BATCH","04/14/2026 00:00:00","PVS_XP_2091","023","A623","A","20130215","20130218","５：１看護加算無し４：１看護補助"
"02/18/2013 00:00:00","12/31/9999 00:00:00","False","Batch","02/16/2013 06:11:35","BATCH","04/14/2026 00:00:00","PVS_XP_2091","023","A629","A","20130215","20130218","５：１看護加算不明４：１看護補助"
"02/18/2013 00:00:00","12/31/9999 00:00:00","False","Batch","02/16/2013 06:11:35","BATCH","04/14/2026 00:00:00","PVS_XP_2091","023","A631","A","20130215","20130218","５：１看護Ａ加算５：１看護補助"
"02/18/2013 00:00:00","12/31/9999 00:00:00","False","Batch","02/16/2013 06:11:35","BATCH","04/14/2026 00:00:00","PVS_XP_2091","023","A632","A","20130215","20130218","５：１看護Ｂ加算５：１看護補助"
"02/18/2013 00:00:00","12/31/9999 00:00:00","False","Batch","02/16/2013 06:11:35","BATCH","04/14/2026 00:00:00","PVS_XP_2091","023","A633","A","20130215","20130218","５：１看護加算無し５：１看護補助"
"02/18/2013 00:00:00","12/31/9999 00:00:00","False","Batch","02/16/2013 06:11:35","BATCH","04/14/2026 00:00:00","PVS_XP_2091","023","A639","A","20130215","20130218","５：１看護加算不明５：１看護補助"
"02/18/2013 00:00:00","12/31/9999 00:00:00","False","Batch","02/16/2013 06:11:35","BATCH","04/14/2026 00:00:00","PVS_XP_2091","023","A641","A","20130215","20130218","５：１看護Ａ加算６：１看護補助"
"02/18/2013 00:00:00","12/31/9999 00:00:00","False","Batch","02/16/2013 06:11:35","BATCH","04/14/2026 00:00:00","PVS_XP_2091","023","A642","A","20130215","20130218","５：１看護Ｂ加算６：１看護補助"
"02/18/2013 00:00:00","12/31/9999 00:00:00","False","Batch","02/16/2013 06:11:35","BATCH","04/14/2026 00:00:00","PVS_XP_2091","023","A643","A","20130215","20130218","５：１看護加算無し６：１看護補助"
"02/18/2013 00:00:00","12/31/9999 00:00:00","False","Batch","02/16/2013 06:11:35","BATCH","04/14/2026 00:00:00","PVS_XP_2091","023","A649","A","20130215","20130218","５：１看護加算不明６：１看護補助"
"02/18/2013 00:00:00","12/31/9999 00:00:00","False","Batch","02/16/2013 06:11:35","BATCH","04/14/2026 00:00:00","PVS_XP_2091","023","A651","A","20130215","20130218","５：１看護Ａ加算８：１看護補助"
"02/18/2013 00:00:00","12/31/9999 00:00:00","False","Batch","02/16/2013 06:11:35","BATCH","04/14/2026 00:00:00","PVS_XP_2091","023","A652","A","20130215","20130218","５：１看護Ｂ加算８：１看護補助"
"02/18/2013 00:00:00","12/31/9999 00:00:00","False","Batch","02/16/2013 06:11:35","BATCH","04/14/2026 00:00:00","PVS_XP_2091","023","A653","A","20130215","20130218","５：１看護加算無し８：１看護補助"
"02/18/2013 00:00:00","12/31/9999 00:00:00","False","Batch","02/16/2013 06:11:35","BATCH","04/14/2026 00:00:00","PVS_XP_2091","023","A659","A","20130215","20130218","５：１看護加算不明８：１看護補助"
"02/18/2013 00:00:00","12/31/9999 00:00:00","False","Batch","02/16/2013 06:11:35","BATCH","04/14/2026 00:00:00","PVS_XP_2091","023","A661","A","20130215","20130218","５：１看護Ａ加算１０：１看護補助"
"02/18/2013 00:00:00","12/31/9999 00:00:00","False","Batch","02/16/2013 06:11:35","BATCH","04/14/2026 00:00:00","PVS_XP_2091","023","A662","A","20130215","20130218","５：１看護Ｂ加算１０：１看護補助"
"02/18/2013 00:00:00","12/31/9999 00:00:00","False","Batch","02/16/2013 06:11:35","BATCH","04/14/2026 00:00:00","PVS_XP_2091","023","A663","A","20130215","20130218","５：１看護加算無し１０：１看護補助"
"02/18/2013 00:00:00","12/31/9999 00:00:00","False","Batch","02/16/2013 06:11:35","BATCH","04/14/2026 00:00:00","PVS_XP_2091","023","A669","A","20130215","20130218","５：１看護加算不明１０：１看護補助"
"02/18/2013 00:00:00","12/31/9999 00:00:00","False","Batch","02/16/2013 06:11:35","BATCH","04/14/2026 00:00:00","PVS_XP_2091","023","A671","A","20130215","20130218","５：１看護Ａ加算１３：１看護補助"
"02/18/2013 00:00:00","12/31/9999 00:00:00","False","Batch","02/16/2013 06:11:35","BATCH","04/14/2026 00:00:00","PVS_XP_2091","023","A672","A","20130215","20130218","５：１看護Ｂ加算１３：１看護補助"
"02/18/2013 00:00:00","12/31/9999 00:00:00","False","Batch","02/16/2013 06:11:35","BATCH","04/14/2026 00:00:00","PVS_XP_2091","023","A673","A","20130215","20130218","５：１看護加算無し１３：１看護補助"
"02/18/2013 00:00:00","12/31/9999 00:00:00","False","Batch","02/16/2013 06:11:35","BATCH","04/14/2026 00:00:00","PVS_XP_2091","023","A679","A","20130215","20130218","５：１看護加算不明１３：１看護補助"
"02/18/2013 00:00:00","12/31/9999 00:00:00","False","Batch","02/16/2013 06:11:35","BATCH","04/14/2026 00:00:00","PVS_XP_2091","023","A681","A","20130215","20130218","５：１看護Ａ加算１５：１看護補助"
"02/18/2013 00:00:00","12/31/9999 00:00:00","False","Batch","02/16/2013 06:11:35","BATCH","04/14/2026 00:00:00","PVS_XP_2091","023","A682","A","20130215","20130218","５：１看護Ｂ加算１５：１看護補助"
"02/18/2013 00:00:00","12/31/9999 00:00:00","False","Batch","02/16/2013 06:11:35","BATCH","04/14/2026 00:00:00","PVS_XP_2091","023","A683","A","20130215","20130218","５：１看護加算無し１５：１看護補助"
"02/18/2013 00:00:00","12/31/9999 00:00:00","False","Batch","02/16/2013 06:11:35","BATCH","04/14/2026 00:00:00","PVS_XP_2091","023","A689","A","20130215","20130218","５：１看護加算不明１５：１看護補助"
"02/18/2013 00:00:00","12/31/9999 00:00:00","False","Batch","02/16/2013 06:11:35","BATCH","04/14/2026 00:00:00","PVS_XP_2091","023","A691","A","20130215","20130218","５：１看護Ａ加算１５：１未満看護補助"
"02/18/2013 00:00:00","12/31/9999 00:00:00","False","Batch","02/16/2013 06:11:35","BATCH","04/14/2026 00:00:00","PVS_XP_2091","023","A692","A","20130215","20130218","５：１看護Ｂ加算１５：１未満看護補助"
"02/18/2013 00:00:00","12/31/9999 00:00:00","False","Batch","02/16/2013 06:11:35","BATCH","04/14/2026 00:00:00","PVS_XP_2091","023","A693","A","20130215","20130218","５：１看護加算無し１５：１未満看護補助"
"02/18/2013 00:00:00","12/31/9999 00:00:00","False","Batch","02/16/2013 06:11:35","BATCH","04/14/2026 00:00:00","PVS_XP_2091","023","A699","A","20130215","20130218","５：１看護加算不明１５：１未満看護補助"
"02/18/2013 00:00:00","12/31/9999 00:00:00","False","Batch","02/16/2013 06:11:35","BATCH","04/14/2026 00:00:00","PVS_XP_2091","023","A7 1","A","20130215","20130218","６：１看護Ａ加算看護補助不明"
"02/18/2013 00:00:00","12/31/9999 00:00:00","False","Batch","02/16/2013 06:11:35","BATCH","04/14/2026 00:00:00","PVS_XP_2091","023","A7 2","A","20130215","20130218","６：１看護Ｂ加算看護補助不明"
"02/18/2013 00:00:00","12/31/9999 00:00:00","False","Batch","02/16/2013 06:11:35","BATCH","04/14/2026 00:00:00","PVS_XP_2091","023","A7 3","A","20130215","20130218","６：１看護加算無し看護補助不明"
"02/18/2013 00:00:00","12/31/9999 00:00:00","False","Batch","02/16/2013 06:11:35","BATCH","04/14/2026 00:00:00","PVS_XP_2091","023","A7 9","A","20130215","20130218","６：１看護加算不明看護補助不明"
"02/18/2013 00:00:00","12/31/9999 00:00:00","False","Batch","02/16/2013 06:11:35","BATCH","04/14/2026 00:00:00","PVS_XP_2091","023","A711","A","20130215","20130218","６：１看護Ａ加算３：１看護補助"
"02/18/2013 00:00:00","12/31/9999 00:00:00","False","Batch","02/16/2013 06:11:35","BATCH","04/14/2026 00:00:00","PVS_XP_2091","023","A712","A","20130215","20130218","６：１看護Ｂ加算３：１看護補助"
"02/18/2013 00:00:00","12/31/9999 00:00:00","False","Batch","02/16/2013 06:11:35","BATCH","04/14/2026 00:00:00","PVS_XP_2091","023","A713","A","20130215","20130218","６：１看護加算無し３：１看護補助"
"02/18/2013 00:00:00","12/31/9999 00:00:00","False","Batch","02/16/2013 06:11:35","BATCH","04/14/2026 00:00:00","PVS_XP_2091","023","A719","A","20130215","20130218","６：１看護加算不明３：１看護補助"
"02/18/2013 00:00:00","12/31/9999 00:00:00","False","Batch","02/16/2013 06:11:35","BATCH","04/14/2026 00:00:00","PVS_XP_2091","023","A721","A","20130215","20130218","６：１看護Ａ加算４：１看護補助"
"02/18/2013 00:00:00","12/31/9999 00:00:00","False","Batch","02/16/2013 06:11:35","BATCH","04/14/2026 00:00:00","PVS_XP_2091","023","A722","A","20130215","20130218","６：１看護Ｂ加算４：１看護補助"
"02/18/2013 00:00:00","12/31/9999 00:00:00","False","Batch","02/16/2013 06:11:35","BATCH","04/14/2026 00:00:00","PVS_XP_2091","023","A723","A","20130215","20130218","６：１看護加算無し４：１看護補助"
"02/18/2013 00:00:00","12/31/9999 00:00:00","False","Batch","02/16/2013 06:11:35","BATCH","04/14/2026 00:00:00","PVS_XP_2091","023","A729","A","20130215","20130218","６：１看護加算不明４：１看護補助"
"02/18/2013 00:00:00","12/31/9999 00:00:00","False","Batch","02/16/2013 06:11:35","BATCH","04/14/2026 00:00:00","PVS_XP_2091","023","A731","A","20130215","20130218","６：１看護Ａ加算５：１看護補助"
"02/18/2013 00:00:00","12/31/9999 00:00:00","False","Batch","02/16/2013 06:11:35","BATCH","04/14/2026 00:00:00","PVS_XP_2091","023","A732","A","20130215","20130218","６：１看護Ｂ加算５：１看護補助"
"02/18/2013 00:00:00","12/31/9999 00:00:00","False","Batch","02/16/2013 06:11:35","BATCH","04/14/2026 00:00:00","PVS_XP_2091","023","A733","A","20130215","20130218","６：１看護加算無し５：１看護補助"
"02/18/2013 00:00:00","12/31/9999 00:00:00","False","Batch","02/16/2013 06:11:35","BATCH","04/14/2026 00:00:00","PVS_XP_2091","023","A739","A","20130215","20130218","６：１看護加算不明５：１看護補助"
"02/18/2013 00:00:00","12/31/9999 00:00:00","False","Batch","02/16/2013 06:11:35","BATCH","04/14/2026 00:00:00","PVS_XP_2091","023","A741","A","20130215","20130218","６：１看護Ａ加算６：１看護補助"
"02/18/2013 00:00:00","12/31/9999 00:00:00","False","Batch","02/16/2013 06:11:35","BATCH","04/14/2026 00:00:00","PVS_XP_2091","023","A742","A","20130215","20130218","６：１看護Ｂ加算６：１看護補助"
"02/18/2013 00:00:00","12/31/9999 00:00:00","False","Batch","02/16/2013 06:11:35","BATCH","04/14/2026 00:00:00","PVS_XP_2091","023","A743","A","20130215","20130218","６：１看護加算無し６：１看護補助"
"02/18/2013 00:00:00","12/31/9999 00:00:00","False","Batch","02/16/2013 06:11:35","BATCH","04/14/2026 00:00:00","PVS_XP_2091","023","A749","A","20130215","20130218","６：１看護加算不明６：１看護補助"
"02/18/2013 00:00:00","12/31/9999 00:00:00","False","Batch","02/16/2013 06:11:35","BATCH","04/14/2026 00:00:00","PVS_XP_2091","023","A751","A","20130215","20130218","６：１看護Ａ加算８：１看護補助"
"02/18/2013 00:00:00","12/31/9999 00:00:00","False","Batch","02/16/2013 06:11:35","BATCH","04/14/2026 00:00:00","PVS_XP_2091","023","A752","A","20130215","20130218","６：１看護Ｂ加算８：１看護補助"
"02/18/2013 00:00:00","12/31/9999 00:00:00","False","Batch","02/16/2013 06:11:35","BATCH","04/14/2026 00:00:00","PVS_XP_2091","023","A753","A","20130215","20130218","６：１看護加算無し８：１看護補助"
"02/18/2013 00:00:00","12/31/9999 00:00:00","False","Batch","02/16/2013 06:11:35","BATCH","04/14/2026 00:00:00","PVS_XP_2091","023","A759","A","20130215","20130218","６：１看護加算不明８：１看護補助"
"02/18/2013 00:00:00","12/31/9999 00:00:00","False","Batch","02/16/2013 06:11:35","BATCH","04/14/2026 00:00:00","PVS_XP_2091","023","A761","A","20130215","20130218","６：１看護Ａ加算１０：１看護補助"
"02/18/2013 00:00:00","12/31/9999 00:00:00","False","Batch","02/16/2013 06:11:35","BATCH","04/14/2026 00:00:00","PVS_XP_2091","023","A762","A","20130215","20130218","６：１看護Ｂ加算１０：１看護補助"
"02/18/2013 00:00:00","12/31/9999 00:00:00","False","Batch","02/16/2013 06:11:35","BATCH","04/14/2026 00:00:00","PVS_XP_2091","023","A763","A","20130215","20130218","６：１看護加算無し１０：１看護補助"
"02/18/2013 00:00:00","12/31/9999 00:00:00","False","Batch","02/16/2013 06:11:35","BATCH","04/14/2026 00:00:00","PVS_XP_2091","023","A769","A","20130215","20130218","６：１看護加算不明１０：１看護補助"
"02/18/2013 00:00:00","12/31/9999 00:00:00","False","Batch","02/16/2013 06:11:35","BATCH","04/14/2026 00:00:00","PVS_XP_2091","023","A771","A","20130215","20130218","６：１看護Ａ加算１３：１看護補助"
"02/18/2013 00:00:00","12/31/9999 00:00:00","False","Batch","02/16/2013 06:11:35","BATCH","04/14/2026 00:00:00","PVS_XP_2091","023","A772","A","20130215","20130218","６：１看護Ｂ加算１３：１看護補助"
"02/18/2013 00:00:00","12/31/9999 00:00:00","False","Batch","02/16/2013 06:11:35","BATCH","04/14/2026 00:00:00","PVS_XP_2091","023","A773","A","20130215","20130218","６：１看護加算無し１３：１看護補助"
"02/18/2013 00:00:00","12/31/9999 00:00:00","False","Batch","02/16/2013 06:11:35","BATCH","04/14/2026 00:00:00","PVS_XP_2091","023","A779","A","20130215","20130218","６：１看護加算不明１３：１看護補助"
"02/18/2013 00:00:00","12/31/9999 00:00:00","False","Batch","02/16/2013 06:11:35","BATCH","04/14/2026 00:00:00","PVS_XP_2091","023","A781","A","20130215","20130218","６：１看護Ａ加算１５：１看護"
"02/18/2013 00:00:00","12/31/9999 00:00:00","False","Batch","02/16/2013 06:11:35","BATCH","04/14/2026 00:00:00","PVS_XP_2091","023","A782","A","20130215","20130218","６：１看護Ｂ加算１５：１看護補助"
"02/18/2013 00:00:00","12/31/9999 00:00:00","False","Batch","02/16/2013 06:11:35","BATCH","04/14/2026 00:00:00","PVS_XP_2091","023","A783","A","20130215","20130218","６：１看護加算無し１５：１看護補助"
"02/18/2013 00:00:00","12/31/9999 00:00:00","False","Batch","02/16/2013 06:11:35","BATCH","04/14/2026 00:00:00","PVS_XP_2091","023","A789","A","20130215","20130218","６：１看護加算不明１５：１看護補助"
"02/18/2013 00:00:00","12/31/9999 00:00:00","False","Batch","02/16/2013 06:11:35","BATCH","04/14/2026 00:00:00","PVS_XP_2091","023","A791","A","20130215","20130218","６：１看護Ａ加算１５：１未満看護補助"
"02/18/2013 00:00:00","12/31/9999 00:00:00","False","Batch","02/16/2013 06:11:35","BATCH","04/14/2026 00:00:00","PVS_XP_2091","023","A792","A","20130215","20130218","６：１看護Ｂ加算１５：１未満看護補助"
"02/18/2013 00:00:00","12/31/9999 00:00:00","False","Batch","02/16/2013 06:11:35","BATCH","04/14/2026 00:00:00","PVS_XP_2091","023","A793","A","20130215","20130218","６：１看護加算無し１５：１未満看護補助"
"02/18/2013 00:00:00","12/31/9999 00:00:00","False","Batch","02/16/2013 06:11:35","BATCH","04/14/2026 00:00:00","PVS_XP_2091","023","A799","A","20130215","20130218","６：１看護加算不明１５：１未満看護補助"
"02/18/2013 00:00:00","12/31/9999 00:00:00","False","Batch","02/16/2013 06:11:35","BATCH","04/14/2026 00:00:00","PVS_XP_2091","023","A999","A","20130215","20130218","新看護種別不明"
"02/18/2013 00:00:00","12/31/9999 00:00:00","False","Batch","02/16/2013 06:11:35","BATCH","04/14/2026 00:00:00","PVS_XP_2091","023","B110","A","20130215","20130218","特３類看護"
"02/18/2013 00:00:00","12/31/9999 00:00:00","False","Batch","02/16/2013 06:11:35","BATCH","04/14/2026 00:00:00","PVS_XP_2091","023","B120","A","20130215","20130218","特２類看護"
"02/18/2013 00:00:00","12/31/9999 00:00:00","False","Batch","02/16/2013 06:11:35","BATCH","04/14/2026 00:00:00","PVS_XP_2091","023","B131","A","20130215","20130218","特１類看護（Ⅰ）"
"02/18/2013 00:00:00","12/31/9999 00:00:00","False","Batch","02/16/2013 06:11:35","BATCH","04/14/2026 00:00:00","PVS_XP_2091","023","B132","A","20130215","20130218","特１類看護（Ⅱ）"
"02/18/2013 00:00:00","12/31/9999 00:00:00","False","Batch","02/16/2013 06:11:35","BATCH","04/14/2026 00:00:00","PVS_XP_2091","023","B139","A","20130215","20130218","特１類看護種別不明"
"02/18/2013 00:00:00","12/31/9999 00:00:00","False","Batch","02/16/2013 06:11:35","BATCH","04/14/2026 00:00:00","PVS_XP_2091","023","B199","A","20130215","20130218","特類看護種別不明"
"02/18/2013 00:00:00","12/31/9999 00:00:00","False","Batch","02/16/2013 06:11:35","BATCH","04/14/2026 00:00:00","PVS_XP_2091","023","B201","A","20130215","20130218","基本看護（Ⅰ）"
"02/18/2013 00:00:00","12/31/9999 00:00:00","False","Batch","02/16/2013 06:11:35","BATCH","04/14/2026 00:00:00","PVS_XP_2091","023","B202","A","20130215","20130218","基本看護（Ⅱ）"
"02/18/2013 00:00:00","12/31/9999 00:00:00","False","Batch","02/16/2013 06:11:35","BATCH","04/14/2026 00:00:00","PVS_XP_2091","023","B299","A","20130215","20130218","基本看護種別不明"
"02/18/2013 00:00:00","12/31/9999 00:00:00","False","Batch","02/16/2013 06:11:35","BATCH","04/14/2026 00:00:00","PVS_XP_2091","023","B411","A","20130215","20130218","特殊疾患病棟入院料（１）"
"02/18/2013 00:00:00","12/31/9999 00:00:00","False","Batch","02/16/2013 06:11:35","BATCH","04/14/2026 00:00:00","PVS_XP_2091","023","B412","A","20130215","20130218","特殊疾患病棟入院料（２）"
"02/18/2013 00:00:00","12/31/9999 00:00:00","False","Batch","02/16/2013 06:11:35","BATCH","04/14/2026 00:00:00","PVS_XP_2091","023","B413","A","20130215","20130218","特殊疾患入院医療管理料"
"02/18/2013 00:00:00","12/31/9999 00:00:00","False","Batch","02/16/2013 06:11:35","BATCH","04/14/2026 00:00:00","PVS_XP_2091","023","B419","A","20130215","20130218","特殊疾患病棟入院料種別不明"
"02/18/2013 00:00:00","12/31/9999 00:00:00","False","Batch","02/16/2013 06:11:35","BATCH","04/14/2026 00:00:00","PVS_XP_2091","023","B421","A","20130215","20130218","老人長期入院医療管理料"
"02/18/2013 00:00:00","12/31/9999 00:00:00","False","Batch","02/16/2013 06:11:35","BATCH","04/14/2026 00:00:00","PVS_XP_2091","023","B431","A","20130215","20130218","老人一般病棟入院医療管理料"
"02/18/2013 00:00:00","12/31/9999 00:00:00","False","Batch","02/16/2013 06:11:35","BATCH","04/14/2026 00:00:00","PVS_XP_2091","023","B432","A","20130215","20130218","老人一般病棟入院医療管理料２"
"02/18/2013 00:00:00","12/31/9999 00:00:00","False","Batch","02/16/2013 06:11:35","BATCH","04/14/2026 00:00:00","PVS_XP_2091","023","B439","A","20130215","20130218","老人一般病棟入院医療管理料種別不明"
"02/18/2013 00:00:00","06/24/2018 00:00:00","False","Batch","02/16/2013 06:11:35","BATCH","04/14/2026 00:00:00","PVS_XP_2091","023","B441","A","20130215","20130218","回復期リハビリテーション病棟入院料３"
"02/18/2013 00:00:00","12/31/9999 00:00:00","False","Batch","02/16/2013 06:11:35","BATCH","04/14/2026 00:00:00","PVS_XP_2091","023","B442","A","20130215","20130218","亜急性期入院医療管理料１"
"02/18/2013 00:00:00","06/24/2018 00:00:00","False","Batch","02/16/2013 06:11:35","BATCH","04/14/2026 00:00:00","PVS_XP_2091","023","B443","A","20130215","20130218","回復期リハビリテーション病棟入院料２"
"02/18/2013 00:00:00","12/31/9999 00:00:00","False","Batch","02/16/2013 06:11:35","BATCH","04/14/2026 00:00:00","PVS_XP_2091","023","B444","A","20130215","20130218","亜急性期入院医療管理料２"
"02/18/2013 00:00:00","06/24/2018 00:00:00","False","Batch","02/16/2013 06:11:35","BATCH","04/14/2026 00:00:00","PVS_XP_2091","023","B445","A","20130215","20130218","回復期リハビリテーション病棟入院料１"
"02/18/2013 00:00:00","12/31/9999 00:00:00","False","Batch","02/16/2013 06:11:35","BATCH","04/14/2026 00:00:00","PVS_XP_2091","023","B446","A","20130215","20130218","亜急性期入院医療管理料"
"02/18/2013 00:00:00","12/31/9999 00:00:00","False","Batch","02/16/2013 06:11:35","BATCH","04/14/2026 00:00:00","PVS_XP_2091","023","B451","A","20130215","20130218","小児入院医療管理料"
"02/18/2013 00:00:00","12/31/9999 00:00:00","False","Batch","02/16/2013 06:11:35","BATCH","04/14/2026 00:00:00","PVS_XP_2091","023","B461","A","20130215","20130218","一類感染症患者入院医療管理料"
"02/18/2013 00:00:00","12/31/9999 00:00:00","False","Batch","02/16/2013 06:11:35","BATCH","04/14/2026 00:00:00","PVS_XP_2091","023","B471","A","20130215","20130218","救命救急入院料"
"02/18/2013 00:00:00","12/31/9999 00:00:00","False","Batch","02/16/2013 06:11:35","BATCH","04/14/2026 00:00:00","PVS_XP_2091","023","B472","A","20130215","20130218","特定集中治療室管理料"
"02/18/2013 00:00:00","12/31/9999 00:00:00","False","Batch","02/16/2013 06:11:35","BATCH","04/14/2026 00:00:00","PVS_XP_2091","023","B473","A","20130215","20130218","新生児特定集中治療室管理料"
"02/18/2013 00:00:00","12/31/9999 00:00:00","False","Batch","02/16/2013 06:11:35","BATCH","04/14/2026 00:00:00","PVS_XP_2091","023","B474","A","20130215","20130218","総合周産期特定集中治療室管理料"
"02/18/2013 00:00:00","12/31/9999 00:00:00","False","Batch","02/16/2013 06:11:35","BATCH","04/14/2026 00:00:00","PVS_XP_2091","023","B475","A","20130215","20130218","広範囲熱傷特定集中治療室管理料"
"02/18/2013 00:00:00","12/31/9999 00:00:00","False","Batch","02/16/2013 06:11:35","BATCH","04/14/2026 00:00:00","PVS_XP_2091","023","B476","A","20130215","20130218","緩和ケア病棟入院料"
"02/18/2013 00:00:00","12/31/9999 00:00:00","False","Batch","02/16/2013 06:11:35","BATCH","04/14/2026 00:00:00","PVS_XP_2091","023","B477","A","20130215","20130218","人間ドック"
"02/18/2013 00:00:00","12/31/9999 00:00:00","False","Batch","02/16/2013 06:11:35","BATCH","04/14/2026 00:00:00","PVS_XP_2091","023","B478","A","20130215","20130218","ハイケアユニット入院医療管理料"
"02/18/2013 00:00:00","12/31/9999 00:00:00","False","Batch","02/16/2013 06:11:35","BATCH","04/14/2026 00:00:00","PVS_XP_2091","023","B479","A","20130215","20130218","脳卒中ケアユニット入院医療管理料"
"02/18/2013 00:00:00","12/31/9999 00:00:00","False","Batch","02/16/2013 06:11:35","BATCH","04/14/2026 00:00:00","PVS_XP_2091","023","B480","A","20130215","20130218","小児特定集中治療室管理料"
"02/18/2013 00:00:00","12/31/9999 00:00:00","False","Batch","02/16/2013 06:11:35","BATCH","04/14/2026 00:00:00","PVS_XP_2091","023","B610","A","20130215","20130218","その他１種看護"
"02/18/2013 00:00:00","12/31/9999 00:00:00","False","Batch","02/16/2013 06:11:35","BATCH","04/14/2026 00:00:00","PVS_XP_2091","023","B620","A","20130215","20130218","その他２種看護"
"02/18/2013 00:00:00","12/31/9999 00:00:00","False","Batch","02/16/2013 06:11:35","BATCH","04/14/2026 00:00:00","PVS_XP_2091","023","B630","A","20130215","20130218","その他３種看護"
"02/18/2013 00:00:00","12/31/9999 00:00:00","False","Batch","02/16/2013 06:11:35","BATCH","04/14/2026 00:00:00","PVS_XP_2091","023","B699","A","20130215","20130218","その他看護種別不明"
"02/18/2013 00:00:00","12/31/9999 00:00:00","False","Batch","02/16/2013 06:11:35","BATCH","04/14/2026 00:00:00","PVS_XP_2091","023","B999","A","20130215","20130218","一般病棟種別不明"
"02/18/2013 00:00:00","12/31/9999 00:00:00","False","Batch","02/16/2013 06:11:35","BATCH","04/14/2026 00:00:00","PVS_XP_2091","023","C001","A","20130215","20130218","一般病棟７対１入院基本料"
"02/18/2013 00:00:00","12/31/9999 00:00:00","False","Batch","02/16/2013 06:11:35","BATCH","04/14/2026 00:00:00","PVS_XP_2091","023","C002","A","20130215","20130218","一般病棟１０対１入院基本料"
"02/18/2013 00:00:00","12/31/9999 00:00:00","False","Batch","02/16/2013 06:11:35","BATCH","04/14/2026 00:00:00","PVS_XP_2091","023","C003","A","20130215","20130218","一般病棟１３対１入院基本料"
"02/18/2013 00:00:00","12/31/9999 00:00:00","False","Batch","02/16/2013 06:11:35","BATCH","04/14/2026 00:00:00","PVS_XP_2091","023","C004","A","20130215","20130218","一般病棟１３対１入院基本料　５０：１看護補助"
"02/18/2013 00:00:00","12/31/9999 00:00:00","False","Batch","02/16/2013 06:11:35","BATCH","04/14/2026 00:00:00","PVS_XP_2091","023","C005","A","20130215","20130218","一般病棟１３対１入院基本料　７５：１看護補助"
"02/18/2013 00:00:00","12/31/9999 00:00:00","False","Batch","02/16/2013 06:11:35","BATCH","04/14/2026 00:00:00","PVS_XP_2091","023","C006","A","20130215","20130218","一般病棟１５対１入院基本料　加算"
"02/18/2013 00:00:00","12/31/9999 00:00:00","False","Batch","02/16/2013 06:11:35","BATCH","04/14/2026 00:00:00","PVS_XP_2091","023","C007","A","20130215","20130218","一般病棟１５対１入院基本料"
"02/18/2013 00:00:00","12/31/9999 00:00:00","False","Batch","02/16/2013 06:11:35","BATCH","04/14/2026 00:00:00","PVS_XP_2091","023","C008","A","20130215","20130218","一般病棟１５対１入院基本料　３０：１看護補助　加算"
"02/18/2013 00:00:00","12/31/9999 00:00:00","False","Batch","02/16/2013 06:11:35","BATCH","04/14/2026 00:00:00","PVS_XP_2091","023","C009","A","20130215","20130218","一般病棟１５対１入院基本料　３０：１看護補助"
"02/18/2013 00:00:00","12/31/9999 00:00:00","False","Batch","02/16/2013 06:11:35","BATCH","04/14/2026 00:00:00","PVS_XP_2091","023","C010","A","20130215","20130218","一般病棟１５対１入院基本料　５０：１看護補助　加算"
"02/18/2013 00:00:00","12/31/9999 00:00:00","False","Batch","02/16/2013 06:11:35","BATCH","04/14/2026 00:00:00","PVS_XP_2091","023","C011","A","20130215","20130218","一般病棟１５対１入院基本料　５０：１看護補助"
"02/18/2013 00:00:00","12/31/9999 00:00:00","False","Batch","02/16/2013 06:11:35","BATCH","04/14/2026 00:00:00","PVS_XP_2091","023","C012","A","20130215","20130218","一般病棟１５対１入院基本料　７５：１看護補助　加算"
"02/18/2013 00:00:00","12/31/9999 00:00:00","False","Batch","02/16/2013 06:11:35","BATCH","04/14/2026 00:00:00","PVS_XP_2091","023","C013","A","20130215","20130218","一般病棟１５対１入院基本料　７５：１看護補助"
"02/18/2013 00:00:00","12/31/9999 00:00:00","False","Batch","02/16/2013 06:11:35","BATCH","04/14/2026 00:00:00","PVS_XP_2091","023","C014","A","20130215","20130218","一般病棟準７対１入院基本料"
"02/18/2013 00:00:00","12/31/9999 00:00:00","False","Batch","02/16/2013 06:11:35","BATCH","04/14/2026 00:00:00","PVS_XP_2091","023","C015","A","20130215","20130218","一般病棟１０対１入院基本料　５０：１看護補助"
"02/18/2013 00:00:00","12/31/9999 00:00:00","False","Batch","02/16/2013 06:11:35","BATCH","04/14/2026 00:00:00","PVS_XP_2091","023","C016","A","20130215","20130218","一般病棟１０対１入院基本料　７５：１看護補助"
"02/18/2013 00:00:00","12/31/9999 00:00:00","False","Batch","02/16/2013 06:11:35","BATCH","04/14/2026 00:00:00","PVS_XP_2091","023","C017","A","20130215","20130218","特定一般病棟入院料１３対１"
"02/18/2013 00:00:00","12/31/9999 00:00:00","False","Batch","02/16/2013 06:11:35","BATCH","04/14/2026 00:00:00","PVS_XP_2091","023","C018","A","20130215","20130218","特定一般病棟入院料１５対１"
"02/18/2013 00:00:00","12/31/9999 00:00:00","False","Batch","02/16/2013 06:11:35","BATCH","04/14/2026 00:00:00","PVS_XP_2091","023","C101","A","20130215","20130218","一般病棟Ⅰ群入院基本料１"
"02/18/2013 00:00:00","12/31/9999 00:00:00","False","Batch","02/16/2013 06:11:35","BATCH","04/14/2026 00:00:00","PVS_XP_2091","023","C102","A","20130215","20130218","一般病棟Ⅰ群入院基本料１　減算"
"02/18/2013 00:00:00","12/31/9999 00:00:00","False","Batch","02/16/2013 06:11:35","BATCH","04/14/2026 00:00:00","PVS_XP_2091","023","C201","A","20130215","20130218","一般病棟Ⅰ群入院基本料２"
"02/18/2013 00:00:00","12/31/9999 00:00:00","False","Batch","02/16/2013 06:11:35","BATCH","04/14/2026 00:00:00","PVS_XP_2091","023","C202","A","20130215","20130218","一般病棟Ⅰ群入院基本料２　減算"
"02/18/2013 00:00:00","12/31/9999 00:00:00","False","Batch","02/16/2013 06:11:35","BATCH","04/14/2026 00:00:00","PVS_XP_2091","023","C261","A","20130215","20130218","一般病棟Ⅰ群入院基本料２　１０：１看護補助"
"02/18/2013 00:00:00","12/31/9999 00:00:00","False","Batch","02/16/2013 06:11:35","BATCH","04/14/2026 00:00:00","PVS_XP_2091","023","C262","A","20130215","20130218","一般病棟Ⅰ群入院基本料２　１０：１看護補助　減算"
"02/18/2013 00:00:00","12/31/9999 00:00:00","False","Batch","02/16/2013 06:11:35","BATCH","04/14/2026 00:00:00","PVS_XP_2091","023","C281","A","20130215","20130218","一般病棟Ⅰ群入院基本料２　１５：１看護補助"
"02/18/2013 00:00:00","12/31/9999 00:00:00","False","Batch","02/16/2013 06:11:35","BATCH","04/14/2026 00:00:00","PVS_XP_2091","023","C282","A","20130215","20130218","一般病棟Ⅰ群入院基本料２　１５：１看護補助　減算"
"02/18/2013 00:00:00","12/31/9999 00:00:00","False","Batch","02/16/2013 06:11:35","BATCH","04/14/2026 00:00:00","PVS_XP_2091","023","C301","A","20130215","20130218","一般病棟Ⅰ群入院基本料３　看配"
"02/18/2013 00:00:00","12/31/9999 00:00:00","False","Batch","02/16/2013 06:11:35","BATCH","04/14/2026 00:00:00","PVS_XP_2091","023","C302","A","20130215","20130218","一般病棟Ⅰ群入院基本料３"
"02/18/2013 00:00:00","12/31/9999 00:00:00","False","Batch","02/16/2013 06:11:35","BATCH","04/14/2026 00:00:00","PVS_XP_2091","023","C303","A","20130215","20130218","一般病棟Ⅰ群入院基本料３　減算"
"02/18/2013 00:00:00","12/31/9999 00:00:00","False","Batch","02/16/2013 06:11:35","BATCH","04/14/2026 00:00:00","PVS_XP_2091","023","C341","A","20130215","20130218","一般病棟Ⅰ群入院基本料３　６：１看護補助　看配"
"02/18/2013 00:00:00","12/31/9999 00:00:00","False","Batch","02/16/2013 06:11:35","BATCH","04/14/2026 00:00:00","PVS_XP_2091","023","C342","A","20130215","20130218","一般病棟Ⅰ群入院基本料３　６：１看護補助"
"02/18/2013 00:00:00","12/31/9999 00:00:00","False","Batch","02/16/2013 06:11:35","BATCH","04/14/2026 00:00:00","PVS_XP_2091","023","C343","A","20130215","20130218","一般病棟Ⅰ群入院基本料３　６：１看護補助　減算"
"02/18/2013 00:00:00","12/31/9999 00:00:00","False","Batch","02/16/2013 06:11:35","BATCH","04/14/2026 00:00:00","PVS_XP_2091","023","C361","A","20130215","20130218","一般病棟Ⅰ群入院基本料３　１０：１看護補助　看配"
"02/18/2013 00:00:00","12/31/9999 00:00:00","False","Batch","02/16/2013 06:11:35","BATCH","04/14/2026 00:00:00","PVS_XP_2091","023","C362","A","20130215","20130218","一般病棟Ⅰ群入院基本料３　１０：１看護補助"
"02/18/2013 00:00:00","12/31/9999 00:00:00","False","Batch","02/16/2013 06:11:35","BATCH","04/14/2026 00:00:00","PVS_XP_2091","023","C363","A","20130215","20130218","一般病棟Ⅰ群入院基本料３　１０：１看護補助　減算"
"02/18/2013 00:00:00","12/31/9999 00:00:00","False","Batch","02/16/2013 06:11:35","BATCH","04/14/2026 00:00:00","PVS_XP_2091","023","C381","A","20130215","20130218","一般病棟Ⅰ群入院基本料３　１５：１看護補助　看配"
"02/18/2013 00:00:00","12/31/9999 00:00:00","False","Batch","02/16/2013 06:11:35","BATCH","04/14/2026 00:00:00","PVS_XP_2091","023","C382","A","20130215","20130218","一般病棟Ⅰ群入院基本料３　１５：１看護補助"
"02/18/2013 00:00:00","12/31/9999 00:00:00","False","Batch","02/16/2013 06:11:35","BATCH","04/14/2026 00:00:00","PVS_XP_2091","023","C383","A","20130215","20130218","一般病棟Ⅰ群入院基本料３　１５：１看護補助　減算"
"02/18/2013 00:00:00","12/31/9999 00:00:00","False","Batch","02/16/2013 06:11:35","BATCH","04/14/2026 00:00:00","PVS_XP_2091","023","C401","A","20130215","20130218","一般病棟Ⅰ群入院基本料４　看配"
"02/18/2013 00:00:00","12/31/9999 00:00:00","False","Batch","02/16/2013 06:11:35","BATCH","04/14/2026 00:00:00","PVS_XP_2091","023","C402","A","20130215","20130218","一般病棟Ⅰ群入院基本料４"
"02/18/2013 00:00:00","12/31/9999 00:00:00","False","Batch","02/16/2013 06:11:35","BATCH","04/14/2026 00:00:00","PVS_XP_2091","023","C403","A","20130215","20130218","一般病棟Ⅰ群入院基本料４　減算"
"02/18/2013 00:00:00","12/31/9999 00:00:00","False","Batch","02/16/2013 06:11:35","BATCH","04/14/2026 00:00:00","PVS_XP_2091","023","C431","A","20130215","20130218","一般病棟Ⅰ群入院基本料４　５：１看護補助　看配"
"02/18/2013 00:00:00","12/31/9999 00:00:00","False","Batch","02/16/2013 06:11:35","BATCH","04/14/2026 00:00:00","PVS_XP_2091","023","C432","A","20130215","20130218","一般病棟Ⅰ群入院基本料４　５：１看護補助"
"02/18/2013 00:00:00","12/31/9999 00:00:00","False","Batch","02/16/2013 06:11:35","BATCH","04/14/2026 00:00:00","PVS_XP_2091","023","C433","A","20130215","20130218","一般病棟Ⅰ群入院基本料４　５：１看護補助　減算"
"02/18/2013 00:00:00","12/31/9999 00:00:00","False","Batch","02/16/2013 06:11:35","BATCH","04/14/2026 00:00:00","PVS_XP_2091","023","C441","A","20130215","20130218","一般病棟Ⅰ群入院基本料４　６：１看護補助　看配"
"02/18/2013 00:00:00","12/31/9999 00:00:00","False","Batch","02/16/2013 06:11:35","BATCH","04/14/2026 00:00:00","PVS_XP_2091","023","C442","A","20130215","20130218","一般病棟Ⅰ群入院基本料４　６：１看護補助"
"02/18/2013 00:00:00","12/31/9999 00:00:00","False","Batch","02/16/2013 06:11:35","BATCH","04/14/2026 00:00:00","PVS_XP_2091","023","C443","A","20130215","20130218","一般病棟Ⅰ群入院基本料４　６：１看護補助　減算"
"02/18/2013 00:00:00","12/31/9999 00:00:00","False","Batch","02/16/2013 06:11:35","BATCH","04/14/2026 00:00:00","PVS_XP_2091","023","C461","A","20130215","20130218","一般病棟Ⅰ群入院基本料４　１０：１看護補助　看配"
"02/18/2013 00:00:00","12/31/9999 00:00:00","False","Batch","02/16/2013 06:11:35","BATCH","04/14/2026 00:00:00","PVS_XP_2091","023","C462","A","20130215","20130218","一般病棟Ⅰ群入院基本料４　１０：１看護補助"
"02/18/2013 00:00:00","12/31/9999 00:00:00","False","Batch","02/16/2013 06:11:35","BATCH","04/14/2026 00:00:00","PVS_XP_2091","023","C463","A","20130215","20130218","一般病棟Ⅰ群入院基本料４　１０：１看護補助　減算"
"02/18/2013 00:00:00","12/31/9999 00:00:00","False","Batch","02/16/2013 06:11:35","BATCH","04/14/2026 00:00:00","PVS_XP_2091","023","C481","A","20130215","20130218","一般病棟Ⅰ群入院基本料４　１５：１看護補助　看配"
"02/18/2013 00:00:00","12/31/9999 00:00:00","False","Batch","02/16/2013 06:11:35","BATCH","04/14/2026 00:00:00","PVS_XP_2091","023","C482","A","20130215","20130218","一般病棟Ⅰ群入院基本料４　１５：１看護補助"
"02/18/2013 00:00:00","12/31/9999 00:00:00","False","Batch","02/16/2013 06:11:35","BATCH","04/14/2026 00:00:00","PVS_XP_2091","023","C483","A","20130215","20130218","一般病棟Ⅰ群入院基本料４　１５：１看護補助　減算"
"02/18/2013 00:00:00","12/31/9999 00:00:00","False","Batch","02/16/2013 06:11:35","BATCH","04/14/2026 00:00:00","PVS_XP_2091","023","C501","A","20130215","20130218","一般病棟Ⅰ群入院基本料５　看配"
"02/18/2013 00:00:00","12/31/9999 00:00:00","False","Batch","02/16/2013 06:11:35","BATCH","04/14/2026 00:00:00","PVS_XP_2091","023","C502","A","20130215","20130218","一般病棟Ⅰ群入院基本料５"
"02/18/2013 00:00:00","12/31/9999 00:00:00","False","Batch","02/16/2013 06:11:35","BATCH","04/14/2026 00:00:00","PVS_XP_2091","023","C503","A","20130215","20130218","一般病棟Ⅰ群入院基本料５　減算"
"02/18/2013 00:00:00","12/31/9999 00:00:00","False","Batch","02/16/2013 06:11:35","BATCH","04/14/2026 00:00:00","PVS_XP_2091","023","C521","A","20130215","20130218","一般病棟Ⅰ群入院基本料５　４：１看護補助　看配"
"02/18/2013 00:00:00","12/31/9999 00:00:00","False","Batch","02/16/2013 06:11:35","BATCH","04/14/2026 00:00:00","PVS_XP_2091","023","C522","A","20130215","20130218","一般病棟Ⅰ群入院基本料５　４：１看護補助"
"02/18/2013 00:00:00","12/31/9999 00:00:00","False","Batch","02/16/2013 06:11:35","BATCH","04/14/2026 00:00:00","PVS_XP_2091","023","C523","A","20130215","20130218","一般病棟Ⅰ群入院基本料５　４：１看護補助　減算"
"02/18/2013 00:00:00","12/31/9999 00:00:00","False","Batch","02/16/2013 06:11:35","BATCH","04/14/2026 00:00:00","PVS_XP_2091","023","C531","A","20130215","20130218","一般病棟Ⅰ群入院基本料５　５：１看護補助　看配"
"02/18/2013 00:00:00","12/31/9999 00:00:00","False","Batch","02/16/2013 06:11:35","BATCH","04/14/2026 00:00:00","PVS_XP_2091","023","C532","A","20130215","20130218","一般病棟Ⅰ群入院基本料５　５：１看護補助"
"02/18/2013 00:00:00","12/31/9999 00:00:00","False","Batch","02/16/2013 06:11:35","BATCH","04/14/2026 00:00:00","PVS_XP_2091","023","C533","A","20130215","20130218","一般病棟Ⅰ群入院基本料５　５：１看護補助　減算"
"02/18/2013 00:00:00","12/31/9999 00:00:00","False","Batch","02/16/2013 06:11:35","BATCH","04/14/2026 00:00:00","PVS_XP_2091","023","C541","A","20130215","20130218","一般病棟Ⅰ群入院基本料５　６：１看護補助　看配"
"02/18/2013 00:00:00","12/31/9999 00:00:00","False","Batch","02/16/2013 06:11:35","BATCH","04/14/2026 00:00:00","PVS_XP_2091","023","C542","A","20130215","20130218","一般病棟Ⅰ群入院基本料５　６：１看護補助"
"02/18/2013 00:00:00","12/31/9999 00:00:00","False","Batch","02/16/2013 06:11:35","BATCH","04/14/2026 00:00:00","PVS_XP_2091","023","C543","A","20130215","20130218","一般病棟Ⅰ群入院基本料５　６：１看護補助　減算"
"02/18/2013 00:00:00","12/31/9999 00:00:00","False","Batch","02/16/2013 06:11:35","BATCH","04/14/2026 00:00:00","PVS_XP_2091","023","C561","A","20130215","20130218","一般病棟Ⅰ群入院基本料５　１０：１看護補助　看配"
"02/18/2013 00:00:00","12/31/9999 00:00:00","False","Batch","02/16/2013 06:11:35","BATCH","04/14/2026 00:00:00","PVS_XP_2091","023","C562","A","20130215","20130218","一般病棟Ⅰ群入院基本料５　１０：１看護補助"
"02/18/2013 00:00:00","12/31/9999 00:00:00","False","Batch","02/16/2013 06:11:35","BATCH","04/14/2026 00:00:00","PVS_XP_2091","023","C563","A","20130215","20130218","一般病棟Ⅰ群入院基本料５　１０：１看護補助　減算"
"02/18/2013 00:00:00","12/31/9999 00:00:00","False","Batch","02/16/2013 06:11:35","BATCH","04/14/2026 00:00:00","PVS_XP_2091","023","C581","A","20130215","20130218","一般病棟Ⅰ群入院基本料５　１５：１看護補助　看配"
"02/18/2013 00:00:00","12/31/9999 00:00:00","False","Batch","02/16/2013 06:11:35","BATCH","04/14/2026 00:00:00","PVS_XP_2091","023","C582","A","20130215","20130218","一般病棟Ⅰ群入院基本料５　１５：１看護補助"
"02/18/2013 00:00:00","12/31/9999 00:00:00","False","Batch","02/16/2013 06:11:35","BATCH","04/14/2026 00:00:00","PVS_XP_2091","023","C583","A","20130215","20130218","一般病棟Ⅰ群入院基本料５　１５：１看護補助　減算"
"02/18/2013 00:00:00","12/31/9999 00:00:00","False","Batch","02/16/2013 06:11:35","BATCH","04/14/2026 00:00:00","PVS_XP_2091","023","C810","A","20130215","20130218","一般病棟Ⅰ群特別入院基本料１"
"02/18/2013 00:00:00","12/31/9999 00:00:00","False","Batch","02/16/2013 06:11:35","BATCH","04/14/2026 00:00:00","PVS_XP_2091","023","C820","A","20130215","20130218","一般病棟Ⅰ群特別入院基本料２"
"02/18/2013 00:00:00","12/31/9999 00:00:00","False","Batch","02/16/2013 06:11:35","BATCH","04/14/2026 00:00:00","PVS_XP_2091","023","C830","A","20130215","20130218","一般病棟特別入院基本料"
"02/18/2013 00:00:00","12/31/9999 00:00:00","False","Batch","02/16/2013 06:11:35","BATCH","04/14/2026 00:00:00","PVS_XP_2091","023","C999","A","20130215","20130218","一般病棟Ⅰ群種別不明"
"02/18/2013 00:00:00","12/31/9999 00:00:00","False","Batch","02/16/2013 06:11:35","BATCH","04/14/2026 00:00:00","PVS_XP_2091","023","D110","A","20130215","20130218","精神特２類看護"
"02/18/2013 00:00:00","12/31/9999 00:00:00","False","Batch","02/16/2013 06:11:35","BATCH","04/14/2026 00:00:00","PVS_XP_2091","023","D121","A","20130215","20130218","精神特１類看護（Ⅰ）"
"02/18/2013 00:00:00","12/31/9999 00:00:00","False","Batch","02/16/2013 06:11:35","BATCH","04/14/2026 00:00:00","PVS_XP_2091","023","D122","A","20130215","20130218","精神特１類看護（Ⅱ）"
"02/18/2013 00:00:00","12/31/9999 00:00:00","False","Batch","02/16/2013 06:11:35","BATCH","04/14/2026 00:00:00","PVS_XP_2091","023","D129","A","20130215","20130218","精神特１類看護種別不明"
"02/18/2013 00:00:00","12/31/9999 00:00:00","False","Batch","02/16/2013 06:11:35","BATCH","04/14/2026 00:00:00","PVS_XP_2091","023","D199","A","20130215","20130218","精神特類看護種別不明"
"02/18/2013 00:00:00","12/31/9999 00:00:00","False","Batch","02/16/2013 06:11:35","BATCH","04/14/2026 00:00:00","PVS_XP_2091","023","D210","A","20130215","20130218","精神基本１類看護"
"02/18/2013 00:00:00","12/31/9999 00:00:00","False","Batch","02/16/2013 06:11:35","BATCH","04/14/2026 00:00:00","PVS_XP_2091","023","D220","A","20130215","20130218","精神基本２類看護"
"02/18/2013 00:00:00","12/31/9999 00:00:00","False","Batch","02/16/2013 06:11:35","BATCH","04/14/2026 00:00:00","PVS_XP_2091","023","D230","A","20130215","20130218","精神基本看護"
"02/18/2013 00:00:00","12/31/9999 00:00:00","False","Batch","02/16/2013 06:11:35","BATCH","04/14/2026 00:00:00","PVS_XP_2091","023","D299","A","20130215","20130218","精神基本看護種別不明"
"02/18/2013 00:00:00","12/31/9999 00:00:00","False","Batch","02/16/2013 06:11:35","BATCH","04/14/2026 00:00:00","PVS_XP_2091","023","D411","A","20130215","20130218","精神科急性期治療病棟入院料（１）"
"02/18/2013 00:00:00","12/31/9999 00:00:00","False","Batch","02/16/2013 06:11:35","BATCH","04/14/2026 00:00:00","PVS_XP_2091","023","D412","A","20130215","20130218","精神科急性期治療病棟入院料（２）"
"02/18/2013 00:00:00","12/31/9999 00:00:00","False","Batch","02/16/2013 06:11:35","BATCH","04/14/2026 00:00:00","PVS_XP_2091","023","D419","A","20130215","20130218","精神科急性期治療病棟入院料種別不明"
"02/18/2013 00:00:00","12/31/9999 00:00:00","False","Batch","02/16/2013 06:11:35","BATCH","04/14/2026 00:00:00","PVS_XP_2091","023","D421","A","20130215","20130218","精神療養病棟入院料"
"02/18/2013 00:00:00","12/31/9999 00:00:00","False","Batch","02/16/2013 06:11:35","BATCH","04/14/2026 00:00:00","PVS_XP_2091","023","D422","A","20130215","20130218","精神療養病棟入院料（２）"
"02/18/2013 00:00:00","12/31/9999 00:00:00","False","Batch","02/16/2013 06:11:35","BATCH","04/14/2026 00:00:00","PVS_XP_2091","023","D429","A","20130215","20130218","精神療養病棟入院料種別不明"
"02/18/2013 00:00:00","12/22/2024 00:00:00","False","Batch","02/16/2013 06:11:35","BATCH","04/14/2026 00:00:00","PVS_XP_2091","023","D431","A","20130215","20130218","認知症病棟入院料１"
"02/18/2013 00:00:00","12/22/2024 00:00:00","False","Batch","02/16/2013 06:11:35","BATCH","04/14/2026 00:00:00","PVS_XP_2091","023","D432","A","20130215","20130218","認知症病棟入院料２"
"02/18/2013 00:00:00","12/31/9999 00:00:00","False","Batch","02/16/2013 06:11:35","BATCH","04/14/2026 00:00:00","PVS_XP_2091","023","D441","A","20130215","20130218","老人性認知症疾患療養病棟入院料"
"02/18/2013 00:00:00","12/31/9999 00:00:00","False","Batch","02/16/2013 06:11:35","BATCH","04/14/2026 00:00:00","PVS_XP_2091","023","D442","A","20130215","20130218","老人性痴呆疾患療養病棟入院料（２）"
"02/18/2013 00:00:00","12/31/9999 00:00:00","False","Batch","02/16/2013 06:11:35","BATCH","04/14/2026 00:00:00","PVS_XP_2091","023","D449","A","20130215","20130218","老人性痴呆疾患療養病棟入院料種別不明"
"02/18/2013 00:00:00","12/31/9999 00:00:00","False","Batch","02/16/2013 06:11:35","BATCH","04/14/2026 00:00:00","PVS_XP_2091","023","D451","A","20130215","20130218","精神科救急入院料"
"02/18/2013 00:00:00","12/31/9999 00:00:00","False","Batch","02/16/2013 06:11:35","BATCH","04/14/2026 00:00:00","PVS_XP_2091","023","D452","A","20130215","20130218","精神科救急・合併症入院料"
"02/18/2013 00:00:00","12/31/9999 00:00:00","False","Batch","02/16/2013 06:11:35","BATCH","04/14/2026 00:00:00","PVS_XP_2091","023","D610","A","20130215","20130218","精神その他１種看護"
"02/18/2013 00:00:00","12/31/9999 00:00:00","False","Batch","02/16/2013 06:11:35","BATCH","04/14/2026 00:00:00","PVS_XP_2091","023","D620","A","20130215","20130218","精神その他２種看護"
"02/18/2013 00:00:00","12/31/9999 00:00:00","False","Batch","02/16/2013 06:11:35","BATCH","04/14/2026 00:00:00","PVS_XP_2091","023","D630","A","20130215","20130218","精神その他３種看護"
"02/18/2013 00:00:00","12/31/9999 00:00:00","False","Batch","02/16/2013 06:11:35","BATCH","04/14/2026 00:00:00","PVS_XP_2091","023","D699","A","20130215","20130218","精神その他看護種別不明"
"02/18/2013 00:00:00","12/31/9999 00:00:00","False","Batch","02/16/2013 06:11:35","BATCH","04/14/2026 00:00:00","PVS_XP_2091","023","D999","A","20130215","20130218","精神病棟種別不明"
"02/18/2013 00:00:00","12/31/9999 00:00:00","False","Batch","02/16/2013 06:11:35","BATCH","04/14/2026 00:00:00","PVS_XP_2091","023","E301","A","20130215","20130218","一般病棟Ⅱ群入院基本料３　看配"
"02/18/2013 00:00:00","12/31/9999 00:00:00","False","Batch","02/16/2013 06:11:35","BATCH","04/14/2026 00:00:00","PVS_XP_2091","023","E302","A","20130215","20130218","一般病棟Ⅱ群入院基本料３"
"02/18/2013 00:00:00","12/31/9999 00:00:00","False","Batch","02/16/2013 06:11:35","BATCH","04/14/2026 00:00:00","PVS_XP_2091","023","E303","A","20130215","20130218","一般病棟Ⅱ群入院基本料３　減算"
"02/18/2013 00:00:00","12/31/9999 00:00:00","False","Batch","02/16/2013 06:11:35","BATCH","04/14/2026 00:00:00","PVS_XP_2091","023","E341","A","20130215","20130218","一般病棟Ⅱ群入院基本料３　６：１看護補助　看配"
"02/18/2013 00:00:00","12/31/9999 00:00:00","False","Batch","02/16/2013 06:11:35","BATCH","04/14/2026 00:00:00","PVS_XP_2091","023","E342","A","20130215","20130218","一般病棟Ⅱ群入院基本料３　６：１看護補助"
"02/18/2013 00:00:00","12/31/9999 00:00:00","False","Batch","02/16/2013 06:11:35","BATCH","04/14/2026 00:00:00","PVS_XP_2091","023","E343","A","20130215","20130218","一般病棟Ⅱ群入院基本料３　６：１看護補助　減算"
"02/18/2013 00:00:00","12/31/9999 00:00:00","False","Batch","02/16/2013 06:11:35","BATCH","04/14/2026 00:00:00","PVS_XP_2091","023","E361","A","20130215","20130218","一般病棟Ⅱ群入院基本料３　１０：１看護補助　看配"
"02/18/2013 00:00:00","12/31/9999 00:00:00","False","Batch","02/16/2013 06:11:35","BATCH","04/14/2026 00:00:00","PVS_XP_2091","023","E362","A","20130215","20130218","一般病棟Ⅱ群入院基本料３　１０：１看護補助"
"02/18/2013 00:00:00","12/31/9999 00:00:00","False","Batch","02/16/2013 06:11:35","BATCH","04/14/2026 00:00:00","PVS_XP_2091","023","E363","A","20130215","20130218","一般病棟Ⅱ群入院基本料３　１０：１看護補助　減算"
"02/18/2013 00:00:00","12/31/9999 00:00:00","False","Batch","02/16/2013 06:11:35","BATCH","04/14/2026 00:00:00","PVS_XP_2091","023","E381","A","20130215","20130218","一般病棟Ⅱ群入院基本料３　１５：１看護補助　看配"
"02/18/2013 00:00:00","12/31/9999 00:00:00","False","Batch","02/16/2013 06:11:35","BATCH","04/14/2026 00:00:00","PVS_XP_2091","023","E382","A","20130215","20130218","一般病棟Ⅱ群入院基本料３　１５：１看護補助"
"02/18/2013 00:00:00","12/31/9999 00:00:00","False","Batch","02/16/2013 06:11:35","BATCH","04/14/2026 00:00:00","PVS_XP_2091","023","E383","A","20130215","20130218","一般病棟Ⅱ群入院基本料３　１５：１看護補助　減算"
"02/18/2013 00:00:00","12/31/9999 00:00:00","False","Batch","02/16/2013 06:11:35","BATCH","04/14/2026 00:00:00","PVS_XP_2091","023","E401","A","20130215","20130218","一般病棟Ⅱ群入院基本料４　看配"
"02/18/2013 00:00:00","12/31/9999 00:00:00","False","Batch","02/16/2013 06:11:35","BATCH","04/14/2026 00:00:00","PVS_XP_2091","023","E402","A","20130215","20130218","一般病棟Ⅱ群入院基本料４"
"02/18/2013 00:00:00","12/31/9999 00:00:00","False","Batch","02/16/2013 06:11:35","BATCH","04/14/2026 00:00:00","PVS_XP_2091","023","E403","A","20130215","20130218","一般病棟Ⅱ群入院基本料４　減算"
"02/18/2013 00:00:00","12/31/9999 00:00:00","False","Batch","02/16/2013 06:11:35","BATCH","04/14/2026 00:00:00","PVS_XP_2091","023","E431","A","20130215","20130218","一般病棟Ⅱ群入院基本料４　５：１看護補助　看配"
"02/18/2013 00:00:00","12/31/9999 00:00:00","False","Batch","02/16/2013 06:11:35","BATCH","04/14/2026 00:00:00","PVS_XP_2091","023","E432","A","20130215","20130218","一般病棟Ⅱ群入院基本料４　５：１看護補助"
"02/18/2013 00:00:00","12/31/9999 00:00:00","False","Batch","02/16/2013 06:11:35","BATCH","04/14/2026 00:00:00","PVS_XP_2091","023","E433","A","20130215","20130218","一般病棟Ⅱ群入院基本料４　５：１看護補助　減算"
"02/18/2013 00:00:00","12/31/9999 00:00:00","False","Batch","02/16/2013 06:11:35","BATCH","04/14/2026 00:00:00","PVS_XP_2091","023","E441","A","20130215","20130218","一般病棟Ⅱ群入院基本料４　６：１看護補助　看配"
"02/18/2013 00:00:00","12/31/9999 00:00:00","False","Batch","02/16/2013 06:11:35","BATCH","04/14/2026 00:00:00","PVS_XP_2091","023","E442","A","20130215","20130218","一般病棟Ⅱ群入院基本料４　６：１看護補助"
"02/18/2013 00:00:00","12/31/9999 00:00:00","False","Batch","02/16/2013 06:11:35","BATCH","04/14/2026 00:00:00","PVS_XP_2091","023","E443","A","20130215","20130218","一般病棟Ⅱ群入院基本料４　６：１看護補助　減算"
"02/18/2013 00:00:00","12/31/9999 00:00:00","False","Batch","02/16/2013 06:11:35","BATCH","04/14/2026 00:00:00","PVS_XP_2091","023","E461","A","20130215","20130218","一般病棟Ⅱ群入院基本料４　１０：１看護補助　看配"
"02/18/2013 00:00:00","12/31/9999 00:00:00","False","Batch","02/16/2013 06:11:35","BATCH","04/14/2026 00:00:00","PVS_XP_2091","023","E462","A","20130215","20130218","一般病棟Ⅱ群入院基本料４　１０：１看護補助"
"02/18/2013 00:00:00","12/31/9999 00:00:00","False","Batch","02/16/2013 06:11:35","BATCH","04/14/2026 00:00:00","PVS_XP_2091","023","E463","A","20130215","20130218","一般病棟Ⅱ群入院基本料４　１０：１看護補助　減算"
"02/18/2013 00:00:00","12/31/9999 00:00:00","False","Batch","02/16/2013 06:11:35","BATCH","04/14/2026 00:00:00","PVS_XP_2091","023","E481","A","20130215","20130218","一般病棟Ⅱ群入院基本料４　１５：１看護補助　看配"
"02/18/2013 00:00:00","12/31/9999 00:00:00","False","Batch","02/16/2013 06:11:35","BATCH","04/14/2026 00:00:00","PVS_XP_2091","023","E482","A","20130215","20130218","一般病棟Ⅱ群入院基本料４　１５：１看護補助"
"02/18/2013 00:00:00","12/31/9999 00:00:00","False","Batch","02/16/2013 06:11:35","BATCH","04/14/2026 00:00:00","PVS_XP_2091","023","E483","A","20130215","20130218","一般病棟Ⅱ群入院基本料４　１５：１看護補助　減算"
"02/18/2013 00:00:00","12/31/9999 00:00:00","False","Batch","02/16/2013 06:11:35","BATCH","04/14/2026 00:00:00","PVS_XP_2091","023","E501","A","20130215","20130218","一般病棟Ⅱ群入院基本料５　看配"
"02/18/2013 00:00:00","12/31/9999 00:00:00","False","Batch","02/16/2013 06:11:35","BATCH","04/14/2026 00:00:00","PVS_XP_2091","023","E502","A","20130215","20130218","一般病棟Ⅱ群入院基本料５"
"02/18/2013 00:00:00","12/31/9999 00:00:00","False","Batch","02/16/2013 06:11:35","BATCH","04/14/2026 00:00:00","PVS_XP_2091","023","E503","A","20130215","20130218","一般病棟Ⅱ群入院基本料５　減算"
"02/18/2013 00:00:00","12/31/9999 00:00:00","False","Batch","02/16/2013 06:11:35","BATCH","04/14/2026 00:00:00","PVS_XP_2091","023","E521","A","20130215","20130218","一般病棟Ⅱ群入院基本料５　４：１看護補助　看配"
"02/18/2013 00:00:00","12/31/9999 00:00:00","False","Batch","02/16/2013 06:11:35","BATCH","04/14/2026 00:00:00","PVS_XP_2091","023","E522","A","20130215","20130218","一般病棟Ⅱ群入院基本料５　４：１看護補助"
"02/18/2013 00:00:00","12/31/9999 00:00:00","False","Batch","02/16/2013 06:11:35","BATCH","04/14/2026 00:00:00","PVS_XP_2091","023","E523","A","20130215","20130218","一般病棟Ⅱ群入院基本料５　４：１看護補助　減算"
"02/18/2013 00:00:00","12/31/9999 00:00:00","False","Batch","02/16/2013 06:11:35","BATCH","04/14/2026 00:00:00","PVS_XP_2091","023","E531","A","20130215","20130218","一般病棟Ⅱ群入院基本料５　５：１看護補助　看配"
"02/18/2013 00:00:00","12/31/9999 00:00:00","False","Batch","02/16/2013 06:11:35","BATCH","04/14/2026 00:00:00","PVS_XP_2091","023","E532","A","20130215","20130218","一般病棟Ⅱ群入院基本料５　５：１看護補助"
"02/18/2013 00:00:00","12/31/9999 00:00:00","False","Batch","02/16/2013 06:11:35","BATCH","04/14/2026 00:00:00","PVS_XP_2091","023","E533","A","20130215","20130218","一般病棟Ⅱ群入院基本料５　５：１看護補助　減算"
"02/18/2013 00:00:00","12/31/9999 00:00:00","False","Batch","02/16/2013 06:11:35","BATCH","04/14/2026 00:00:00","PVS_XP_2091","023","E541","A","20130215","20130218","一般病棟Ⅱ群入院基本料５　６：１看護補助　看配"
"02/18/2013 00:00:00","12/31/9999 00:00:00","False","Batch","02/16/2013 06:11:35","BATCH","04/14/2026 00:00:00","PVS_XP_2091","023","E542","A","20130215","20130218","一般病棟Ⅱ群入院基本料５　６：１看護補助"
"02/18/2013 00:00:00","12/31/9999 00:00:00","False","Batch","02/16/2013 06:11:35","BATCH","04/14/2026 00:00:00","PVS_XP_2091","023","E543","A","20130215","20130218","一般病棟Ⅱ群入院基本料５　６：１看護補助　減算"
"02/18/2013 00:00:00","12/31/9999 00:00:00","False","Batch","02/16/2013 06:11:35","BATCH","04/14/2026 00:00:00","PVS_XP_2091","023","E561","A","20130215","20130218","一般病棟Ⅱ群入院基本料５　１０：１看護補助　看配"
"02/18/2013 00:00:00","12/31/9999 00:00:00","False","Batch","02/16/2013 06:11:35","BATCH","04/14/2026 00:00:00","PVS_XP_2091","023","E562","A","20130215","20130218","一般病棟Ⅱ群入院基本料５　１０：１看護補助"
"02/18/2013 00:00:00","12/31/9999 00:00:00","False","Batch","02/16/2013 06:11:35","BATCH","04/14/2026 00:00:00","PVS_XP_2091","023","E563","A","20130215","20130218","一般病棟Ⅱ群入院基本料５　１０：１看護補助　減算"
"02/18/2013 00:00:00","12/31/9999 00:00:00","False","Batch","02/16/2013 06:11:35","BATCH","04/14/2026 00:00:00","PVS_XP_2091","023","E581","A","20130215","20130218","一般病棟Ⅱ群入院基本料５　１５：１看護補助　看配"
"02/18/2013 00:00:00","12/31/9999 00:00:00","False","Batch","02/16/2013 06:11:35","BATCH","04/14/2026 00:00:00","PVS_XP_2091","023","E582","A","20130215","20130218","一般病棟Ⅱ群入院基本料５　１５：１看護補助"
"02/18/2013 00:00:00","12/31/9999 00:00:00","False","Batch","02/16/2013 06:11:35","BATCH","04/14/2026 00:00:00","PVS_XP_2091","023","E583","A","20130215","20130218","一般病棟Ⅱ群入院基本料５　１５：１看護補助　減算"
"02/18/2013 00:00:00","12/31/9999 00:00:00","False","Batch","02/16/2013 06:11:35","BATCH","04/14/2026 00:00:00","PVS_XP_2091","023","E810","A","20130215","20130218","一般病棟Ⅱ群特別入院基本料１"
"02/18/2013 00:00:00","12/31/9999 00:00:00","False","Batch","02/16/2013 06:11:35","BATCH","04/14/2026 00:00:00","PVS_XP_2091","023","E820","A","20130215","20130218","一般病棟Ⅱ群特別入院基本料２"
"02/18/2013 00:00:00","12/31/9999 00:00:00","False","Batch","02/16/2013 06:11:35","BATCH","04/14/2026 00:00:00","PVS_XP_2091","023","E999","A","20130215","20130218","一般病棟Ⅱ群種別不明"
"02/18/2013 00:00:00","12/31/9999 00:00:00","False","Batch","02/16/2013 06:11:35","BATCH","04/14/2026 00:00:00","PVS_XP_2091","023","F110","A","20130215","20130218","結核特２類看護"
"02/18/2013 00:00:00","12/31/9999 00:00:00","False","Batch","02/16/2013 06:11:35","BATCH","04/14/2026 00:00:00","PVS_XP_2091","023","F121","A","20130215","20130218","結核特１類看護（Ⅰ）"
"02/18/2013 00:00:00","12/31/9999 00:00:00","False","Batch","02/16/2013 06:11:35","BATCH","04/14/2026 00:00:00","PVS_XP_2091","023","F122","A","20130215","20130218","結核特１類看護（Ⅱ）"
"02/18/2013 00:00:00","12/31/9999 00:00:00","False","Batch","02/16/2013 06:11:35","BATCH","04/14/2026 00:00:00","PVS_XP_2091","023","F129","A","20130215","20130218","結核特１類看護種別不明"
"02/18/2013 00:00:00","12/31/9999 00:00:00","False","Batch","02/16/2013 06:11:35","BATCH","04/14/2026 00:00:00","PVS_XP_2091","023","F199","A","20130215","20130218","結核特類看護種別不明"
"02/18/2013 00:00:00","12/31/9999 00:00:00","False","Batch","02/16/2013 06:11:35","BATCH","04/14/2026 00:00:00","PVS_XP_2091","023","F210","A","20130215","20130218","結核基本１類看護"
"02/18/2013 00:00:00","12/31/9999 00:00:00","False","Batch","02/16/2013 06:11:35","BATCH","04/14/2026 00:00:00","PVS_XP_2091","023","F220","A","20130215","20130218","結核基本２類看護"
"02/18/2013 00:00:00","12/31/9999 00:00:00","False","Batch","02/16/2013 06:11:35","BATCH","04/14/2026 00:00:00","PVS_XP_2091","023","F230","A","20130215","20130218","結核基本看護"
"02/18/2013 00:00:00","12/31/9999 00:00:00","False","Batch","02/16/2013 06:11:35","BATCH","04/14/2026 00:00:00","PVS_XP_2091","023","F299","A","20130215","20130218","結核基本看護種別不明"
"02/18/2013 00:00:00","12/31/9999 00:00:00","False","Batch","02/16/2013 06:11:35","BATCH","04/14/2026 00:00:00","PVS_XP_2091","023","F610","A","20130215","20130218","結核その他１種看護"
"02/18/2013 00:00:00","12/31/9999 00:00:00","False","Batch","02/16/2013 06:11:35","BATCH","04/14/2026 00:00:00","PVS_XP_2091","023","F620","A","20130215","20130218","結核その他２種看護"
"02/18/2013 00:00:00","12/31/9999 00:00:00","False","Batch","02/16/2013 06:11:35","BATCH","04/14/2026 00:00:00","PVS_XP_2091","023","F630","A","20130215","20130218","結核その他３種看護"
"02/18/2013 00:00:00","12/31/9999 00:00:00","False","Batch","02/16/2013 06:11:35","BATCH","04/14/2026 00:00:00","PVS_XP_2091","023","F699","A","20130215","20130218","結核その他看護種別不明"
"02/18/2013 00:00:00","12/31/9999 00:00:00","False","Batch","02/16/2013 06:11:35","BATCH","04/14/2026 00:00:00","PVS_XP_2091","023","F999","A","20130215","20130218","結核病棟種別不明"
"02/18/2013 00:00:00","12/31/9999 00:00:00","False","Batch","02/16/2013 06:11:35","BATCH","04/14/2026 00:00:00","PVS_XP_2091","023","I001","A","20130215","20130218","療養病棟入院基本料１（８割以上）"
"02/18/2013 00:00:00","12/31/9999 00:00:00","False","Batch","02/16/2013 06:11:35","BATCH","04/14/2026 00:00:00","PVS_XP_2091","023","I002","A","20130215","20130218","療養病棟入院基本料２（８割未満）"
"02/18/2013 00:00:00","12/31/9999 00:00:00","False","Batch","02/16/2013 06:11:35","BATCH","04/14/2026 00:00:00","PVS_XP_2091","023","I003","A","20130215","20130218","療養病棟入院基本料２（入院Ｅ）"
"02/18/2013 00:00:00","12/31/9999 00:00:00","False","Batch","02/16/2013 06:11:35","BATCH","04/14/2026 00:00:00","PVS_XP_2091","023","I009","A","20130215","20130218","介護保険移行準備病棟"
"02/18/2013 00:00:00","12/31/9999 00:00:00","False","Batch","02/16/2013 06:11:35","BATCH","04/14/2026 00:00:00","PVS_XP_2091","023","I401","A","20130215","20130218","療養病棟入院基本料１"
"02/18/2013 00:00:00","12/31/9999 00:00:00","False","Batch","02/16/2013 06:11:35","BATCH","04/14/2026 00:00:00","PVS_XP_2091","023","I402","A","20130215","20130218","療養病棟入院基本料２"
"02/18/2013 00:00:00","12/31/9999 00:00:00","False","Batch","02/16/2013 06:11:35","BATCH","04/14/2026 00:00:00","PVS_XP_2091","023","I403","A","20130215","20130218","療養病棟入院基本料３"
"02/18/2013 00:00:00","12/31/9999 00:00:00","False","Batch","02/16/2013 06:11:35","BATCH","04/14/2026 00:00:00","PVS_XP_2091","023","I404","A","20130215","20130218","療養病棟入院基本料４"
"02/18/2013 00:00:00","12/31/9999 00:00:00","False","Batch","02/16/2013 06:11:35","BATCH","04/14/2026 00:00:00","PVS_XP_2091","023","I405","A","20130215","20130218","療養病棟入院基本料５"
"02/18/2013 00:00:00","12/31/9999 00:00:00","False","Batch","02/16/2013 06:11:35","BATCH","04/14/2026 00:00:00","PVS_XP_2091","023","I406","A","20130215","20130218","療養病棟入院基本料６"
"02/18/2013 00:00:00","12/31/9999 00:00:00","False","Batch","02/16/2013 06:11:35","BATCH","04/14/2026 00:00:00","PVS_XP_2091","023","I407","A","20130215","20130218","療養病棟入院基本料７"
"02/18/2013 00:00:00","12/31/9999 00:00:00","False","Batch","02/16/2013 06:11:35","BATCH","04/14/2026 00:00:00","PVS_XP_2091","023","I810","A","20130215","20130218","療養病棟特別入院基本料１"
"02/18/2013 00:00:00","12/31/9999 00:00:00","False","Batch","02/16/2013 06:11:35","BATCH","04/14/2026 00:00:00","PVS_XP_2091","023","I820","A","20130215","20130218","療養病棟特別入院基本料２"
"02/18/2013 00:00:00","12/31/9999 00:00:00","False","Batch","02/16/2013 06:11:35","BATCH","04/14/2026 00:00:00","PVS_XP_2091","023","I830","A","20130215","20130218","療養病棟特別入院基本料"
"02/18/2013 00:00:00","12/31/9999 00:00:00","False","Batch","02/16/2013 06:11:35","BATCH","04/14/2026 00:00:00","PVS_XP_2091","023","I999","A","20130215","20130218","療養病棟種別不明"
"02/18/2013 00:00:00","12/31/9999 00:00:00","False","Batch","02/16/2013 06:11:35","BATCH","04/14/2026 00:00:00","PVS_XP_2091","023","K001","A","20130215","20130218","結核病棟７対１入院基本料"
"02/18/2013 00:00:00","12/31/9999 00:00:00","False","Batch","02/16/2013 06:11:35","BATCH","04/14/2026 00:00:00","PVS_XP_2091","023","K002","A","20130215","20130218","結核病棟１０対１入院基本料"
"02/18/2013 00:00:00","12/31/9999 00:00:00","False","Batch","02/16/2013 06:11:35","BATCH","04/14/2026 00:00:00","PVS_XP_2091","023","K003","A","20130215","20130218","結核病棟１３対１入院基本料"
"02/18/2013 00:00:00","12/31/9999 00:00:00","False","Batch","02/16/2013 06:11:35","BATCH","04/14/2026 00:00:00","PVS_XP_2091","023","K004","A","20130215","20130218","結核病棟１３対１入院基本料　５０：１看護補助"
"02/18/2013 00:00:00","12/31/9999 00:00:00","False","Batch","02/16/2013 06:11:35","BATCH","04/14/2026 00:00:00","PVS_XP_2091","023","K005","A","20130215","20130218","結核病棟１３対１入院基本料　７５：１看護補助"
"02/18/2013 00:00:00","12/31/9999 00:00:00","False","Batch","02/16/2013 06:11:35","BATCH","04/14/2026 00:00:00","PVS_XP_2091","023","K006","A","20130215","20130218","結核病棟１５対１入院基本料　加算"
"02/18/2013 00:00:00","12/31/9999 00:00:00","False","Batch","02/16/2013 06:11:35","BATCH","04/14/2026 00:00:00","PVS_XP_2091","023","K007","A","20130215","20130218","結核病棟１５対１入院基本料"
"02/18/2013 00:00:00","12/31/9999 00:00:00","False","Batch","02/16/2013 06:11:35","BATCH","04/14/2026 00:00:00","PVS_XP_2091","023","K008","A","20130215","20130218","結核病棟１５対１入院基本料　３０：１看護補助　加算"
"02/18/2013 00:00:00","12/31/9999 00:00:00","False","Batch","02/16/2013 06:11:35","BATCH","04/14/2026 00:00:00","PVS_XP_2091","023","K009","A","20130215","20130218","結核病棟１５対１入院基本料　３０：１看護補助"
"02/18/2013 00:00:00","12/31/9999 00:00:00","False","Batch","02/16/2013 06:11:35","BATCH","04/14/2026 00:00:00","PVS_XP_2091","023","K010","A","20130215","20130218","結核病棟１５対１入院基本料　５０：１看護補助　加算"
"02/18/2013 00:00:00","12/31/9999 00:00:00","False","Batch","02/16/2013 06:11:35","BATCH","04/14/2026 00:00:00","PVS_XP_2091","023","K011","A","20130215","20130218","結核病棟１５対１入院基本料　５０：１看護補助"
"02/18/2013 00:00:00","12/31/9999 00:00:00","False","Batch","02/16/2013 06:11:35","BATCH","04/14/2026 00:00:00","PVS_XP_2091","023","K012","A","20130215","20130218","結核病棟１５対１入院基本料　７５：１看護補助　加算"
"02/18/2013 00:00:00","12/31/9999 00:00:00","False","Batch","02/16/2013 06:11:35","BATCH","04/14/2026 00:00:00","PVS_XP_2091","023","K013","A","20130215","20130218","結核病棟１５対１入院基本料　７５：１看護補助"
"02/18/2013 00:00:00","12/31/9999 00:00:00","False","Batch","02/16/2013 06:11:35","BATCH","04/14/2026 00:00:00","PVS_XP_2091","023","K014","A","20130215","20130218","結核病棟１８対１入院基本料　加算"
"02/18/2013 00:00:00","12/31/9999 00:00:00","False","Batch","02/16/2013 06:11:35","BATCH","04/14/2026 00:00:00","PVS_XP_2091","023","K015","A","20130215","20130218","結核病棟１８対１入院基本料"
"02/18/2013 00:00:00","12/31/9999 00:00:00","False","Batch","02/16/2013 06:11:35","BATCH","04/14/2026 00:00:00","PVS_XP_2091","023","K016","A","20130215","20130218","結核病棟１８対１入院基本料　３０：１看護補助　加算"
"02/18/2013 00:00:00","12/31/9999 00:00:00","False","Batch","02/16/2013 06:11:35","BATCH","04/14/2026 00:00:00","PVS_XP_2091","023","K017","A","20130215","20130218","結核病棟１８対１入院基本料　３０：１看護補助"
"02/18/2013 00:00:00","12/31/9999 00:00:00","False","Batch","02/16/2013 06:11:35","BATCH","04/14/2026 00:00:00","PVS_XP_2091","023","K018","A","20130215","20130218","結核病棟１８対１入院基本料　５０：１看護補助　加算"
"02/18/2013 00:00:00","12/31/9999 00:00:00","False","Batch","02/16/2013 06:11:35","BATCH","04/14/2026 00:00:00","PVS_XP_2091","023","K019","A","20130215","20130218","結核病棟１８対１入院基本料　５０：１看護補助"
"02/18/2013 00:00:00","12/31/9999 00:00:00","False","Batch","02/16/2013 06:11:35","BATCH","04/14/2026 00:00:00","PVS_XP_2091","023","K020","A","20130215","20130218","結核病棟１８対１入院基本料　７５：１看護補助　加算"
"02/18/2013 00:00:00","12/31/9999 00:00:00","False","Batch","02/16/2013 06:11:35","BATCH","04/14/2026 00:00:00","PVS_XP_2091","023","K021","A","20130215","20130218","結核病棟１８対１入院基本料　７５：１看護補助"
"02/18/2013 00:00:00","12/31/9999 00:00:00","False","Batch","02/16/2013 06:11:35","BATCH","04/14/2026 00:00:00","PVS_XP_2091","023","K022","A","20130215","20130218","結核病棟２０対１入院基本料　加算"
"02/18/2013 00:00:00","12/31/9999 00:00:00","False","Batch","02/16/2013 06:11:35","BATCH","04/14/2026 00:00:00","PVS_XP_2091","023","K023","A","20130215","20130218","結核病棟２０対１入院基本料"
"02/18/2013 00:00:00","12/31/9999 00:00:00","False","Batch","02/16/2013 06:11:35","BATCH","04/14/2026 00:00:00","PVS_XP_2091","023","K024","A","20130215","20130218","結核病棟２０対１入院基本料　３０：１看護補助　加算"
"02/18/2013 00:00:00","12/31/9999 00:00:00","False","Batch","02/16/2013 06:11:35","BATCH","04/14/2026 00:00:00","PVS_XP_2091","023","K025","A","20130215","20130218","結核病棟２０対１入院基本料　３０：１看護補助"
"02/18/2013 00:00:00","12/31/9999 00:00:00","False","Batch","02/16/2013 06:11:35","BATCH","04/14/2026 00:00:00","PVS_XP_2091","023","K026","A","20130215","20130218","結核病棟２０対１入院基本料　５０：１看護補助　加算"
"02/18/2013 00:00:00","12/31/9999 00:00:00","False","Batch","02/16/2013 06:11:35","BATCH","04/14/2026 00:00:00","PVS_XP_2091","023","K027","A","20130215","20130218","結核病棟２０対１入院基本料　５０：１看護補助"
"02/18/2013 00:00:00","12/31/9999 00:00:00","False","Batch","02/16/2013 06:11:35","BATCH","04/14/2026 00:00:00","PVS_XP_2091","023","K028","A","20130215","20130218","結核病棟２０対１入院基本料　７５：１看護補助　加算"
"02/18/2013 00:00:00","12/31/9999 00:00:00","False","Batch","02/16/2013 06:11:35","BATCH","04/14/2026 00:00:00","PVS_XP_2091","023","K029","A","20130215","20130218","結核病棟２０対１入院基本料　７５：１看護補助"
"02/18/2013 00:00:00","12/31/9999 00:00:00","False","Batch","02/16/2013 06:11:35","BATCH","04/14/2026 00:00:00","PVS_XP_2091","023","K030","A","20130215","20130218","結核病棟準７対１入院基本料"
"02/18/2013 00:00:00","12/31/9999 00:00:00","False","Batch","02/16/2013 06:11:35","BATCH","04/14/2026 00:00:00","PVS_XP_2091","023","K031","A","20130215","20130218","結核病棟１０対１入院基本料　５０：１看護補助"
"02/18/2013 00:00:00","12/31/9999 00:00:00","False","Batch","02/16/2013 06:11:35","BATCH","04/14/2026 00:00:00","PVS_XP_2091","023","K032","A","20130215","20130218","結核病棟１０対１入院基本料　７５：１看護補助"
"02/18/2013 00:00:00","12/31/9999 00:00:00","False","Batch","02/16/2013 06:11:35","BATCH","04/14/2026 00:00:00","PVS_XP_2091","023","K101","A","20130215","20130218","結核病棟入院基本料１"
"02/18/2013 00:00:00","12/31/9999 00:00:00","False","Batch","02/16/2013 06:11:35","BATCH","04/14/2026 00:00:00","PVS_XP_2091","023","K102","A","20130215","20130218","結核病棟入院基本料１　減算"
"02/18/2013 00:00:00","12/31/9999 00:00:00","False","Batch","02/16/2013 06:11:35","BATCH","04/14/2026 00:00:00","PVS_XP_2091","023","K201","A","20130215","20130218","結核病棟入院基本料２"
"02/18/2013 00:00:00","12/31/9999 00:00:00","False","Batch","02/16/2013 06:11:35","BATCH","04/14/2026 00:00:00","PVS_XP_2091","023","K202","A","20130215","20130218","結核病棟入院基本料２　減算"
"02/18/2013 00:00:00","12/31/9999 00:00:00","False","Batch","02/16/2013 06:11:35","BATCH","04/14/2026 00:00:00","PVS_XP_2091","023","K261","A","20130215","20130218","結核病棟入院基本料２　１０：１看護補助"
"02/18/2013 00:00:00","12/31/9999 00:00:00","False","Batch","02/16/2013 06:11:35","BATCH","04/14/2026 00:00:00","PVS_XP_2091","023","K262","A","20130215","20130218","結核病棟入院基本料２　１０：１看護補助　減算"
"02/18/2013 00:00:00","12/31/9999 00:00:00","False","Batch","02/16/2013 06:11:35","BATCH","04/14/2026 00:00:00","PVS_XP_2091","023","K281","A","20130215","20130218","結核病棟入院基本料２　１５：１看護補助"
"02/18/2013 00:00:00","12/31/9999 00:00:00","False","Batch","02/16/2013 06:11:35","BATCH","04/14/2026 00:00:00","PVS_XP_2091","023","K282","A","20130215","20130218","結核病棟入院基本料２　１５：１看護補助　減算"
"02/18/2013 00:00:00","12/31/9999 00:00:00","False","Batch","02/16/2013 06:11:35","BATCH","04/14/2026 00:00:00","PVS_XP_2091","023","K301","A","20130215","20130218","結核病棟入院基本料３　看配"
"02/18/2013 00:00:00","12/31/9999 00:00:00","False","Batch","02/16/2013 06:11:35","BATCH","04/14/2026 00:00:00","PVS_XP_2091","023","K302","A","20130215","20130218","結核病棟入院基本料３"
"02/18/2013 00:00:00","12/31/9999 00:00:00","False","Batch","02/16/2013 06:11:35","BATCH","04/14/2026 00:00:00","PVS_XP_2091","023","K303","A","20130215","20130218","結核病棟入院基本料３　減算"
"02/18/2013 00:00:00","12/31/9999 00:00:00","False","Batch","02/16/2013 06:11:35","BATCH","04/14/2026 00:00:00","PVS_XP_2091","023","K341","A","20130215","20130218","結核病棟入院基本料３　６：１看護補助　看配"
"02/18/2013 00:00:00","12/31/9999 00:00:00","False","Batch","02/16/2013 06:11:35","BATCH","04/14/2026 00:00:00","PVS_XP_2091","023","K342","A","20130215","20130218","結核病棟入院基本料３　６：１看護補助"
"02/18/2013 00:00:00","12/31/9999 00:00:00","False","Batch","02/16/2013 06:11:35","BATCH","04/14/2026 00:00:00","PVS_XP_2091","023","K343","A","20130215","20130218","結核病棟入院基本料３　６：１看護補助　減算"
"02/18/2013 00:00:00","12/31/9999 00:00:00","False","Batch","02/16/2013 06:11:35","BATCH","04/14/2026 00:00:00","PVS_XP_2091","023","K361","A","20130215","20130218","結核病棟入院基本料３　１０：１看護補助　看配"
"02/18/2013 00:00:00","12/31/9999 00:00:00","False","Batch","02/16/2013 06:11:35","BATCH","04/14/2026 00:00:00","PVS_XP_2091","023","K362","A","20130215","20130218","結核病棟入院基本料３　１０：１看護補助"
"02/18/2013 00:00:00","12/31/9999 00:00:00","False","Batch","02/16/2013 06:11:35","BATCH","04/14/2026 00:00:00","PVS_XP_2091","023","K363","A","20130215","20130218","結核病棟入院基本料３　１０：１看護補助　減算"
"02/18/2013 00:00:00","12/31/9999 00:00:00","False","Batch","02/16/2013 06:11:35","BATCH","04/14/2026 00:00:00","PVS_XP_2091","023","K381","A","20130215","20130218","結核病棟入院基本料３　１５：１看護補助　看配"
"02/18/2013 00:00:00","12/31/9999 00:00:00","False","Batch","02/16/2013 06:11:35","BATCH","04/14/2026 00:00:00","PVS_XP_2091","023","K382","A","20130215","20130218","結核病棟入院基本料３　１５：１看護補助"
"02/18/2013 00:00:00","12/31/9999 00:00:00","False","Batch","02/16/2013 06:11:35","BATCH","04/14/2026 00:00:00","PVS_XP_2091","023","K383","A","20130215","20130218","結核病棟入院基本料３　１５：１看護補助　減算"
"02/18/2013 00:00:00","12/31/9999 00:00:00","False","Batch","02/16/2013 06:11:35","BATCH","04/14/2026 00:00:00","PVS_XP_2091","023","K401","A","20130215","20130218","結核病棟入院基本料４　看配"
"02/18/2013 00:00:00","12/31/9999 00:00:00","False","Batch","02/16/2013 06:11:35","BATCH","04/14/2026 00:00:00","PVS_XP_2091","023","K402","A","20130215","20130218","結核病棟入院基本料４"
"02/18/2013 00:00:00","12/31/9999 00:00:00","False","Batch","02/16/2013 06:11:35","BATCH","04/14/2026 00:00:00","PVS_XP_2091","023","K403","A","20130215","20130218","結核病棟入院基本料４　減算"
"02/18/2013 00:00:00","12/31/9999 00:00:00","False","Batch","02/16/2013 06:11:35","BATCH","04/14/2026 00:00:00","PVS_XP_2091","023","K431","A","20130215","20130218","結核病棟入院基本料４　５：１看護補助　看配"
"02/18/2013 00:00:00","12/31/9999 00:00:00","False","Batch","02/16/2013 06:11:35","BATCH","04/14/2026 00:00:00","PVS_XP_2091","023","K432","A","20130215","20130218","結核病棟入院基本料４　５：１看護補助"
"02/18/2013 00:00:00","12/31/9999 00:00:00","False","Batch","02/16/2013 06:11:35","BATCH","04/14/2026 00:00:00","PVS_XP_2091","023","K433","A","20130215","20130218","結核病棟入院基本料４　５：１看護補助　減算"
"02/18/2013 00:00:00","12/31/9999 00:00:00","False","Batch","02/16/2013 06:11:35","BATCH","04/14/2026 00:00:00","PVS_XP_2091","023","K441","A","20130215","20130218","結核病棟入院基本料４　６：１看護補助　看配"
"02/18/2013 00:00:00","12/31/9999 00:00:00","False","Batch","02/16/2013 06:11:35","BATCH","04/14/2026 00:00:00","PVS_XP_2091","023","K442","A","20130215","20130218","結核病棟入院基本料４　６：１看護補助"
"02/18/2013 00:00:00","12/31/9999 00:00:00","False","Batch","02/16/2013 06:11:35","BATCH","04/14/2026 00:00:00","PVS_XP_2091","023","K443","A","20130215","20130218","結核病棟入院基本料４　６：１看護補助　減算"
"02/18/2013 00:00:00","12/31/9999 00:00:00","False","Batch","02/16/2013 06:11:35","BATCH","04/14/2026 00:00:00","PVS_XP_2091","023","K461","A","20130215","20130218","結核病棟入院基本料４　１０：１看護補助　看配"
"02/18/2013 00:00:00","12/31/9999 00:00:00","False","Batch","02/16/2013 06:11:35","BATCH","04/14/2026 00:00:00","PVS_XP_2091","023","K462","A","20130215","20130218","結核病棟入院基本料４　１０：１看護補助"
"02/18/2013 00:00:00","12/31/9999 00:00:00","False","Batch","02/16/2013 06:11:35","BATCH","04/14/2026 00:00:00","PVS_XP_2091","023","K463","A","20130215","20130218","結核病棟入院基本料４　１０：１看護補助　減算"
"02/18/2013 00:00:00","12/31/9999 00:00:00","False","Batch","02/16/2013 06:11:35","BATCH","04/14/2026 00:00:00","PVS_XP_2091","023","K481","A","20130215","20130218","結核病棟入院基本料４　１５：１看護補助　看配"
"02/18/2013 00:00:00","12/31/9999 00:00:00","False","Batch","02/16/2013 06:11:35","BATCH","04/14/2026 00:00:00","PVS_XP_2091","023","K482","A","20130215","20130218","結核病棟入院基本料４　１５：１看護補助"
"02/18/2013 00:00:00","12/31/9999 00:00:00","False","Batch","02/16/2013 06:11:35","BATCH","04/14/2026 00:00:00","PVS_XP_2091","023","K483","A","20130215","20130218","結核病棟入院基本料４　１５：１看護補助　減算"
"02/18/2013 00:00:00","12/31/9999 00:00:00","False","Batch","02/16/2013 06:11:35","BATCH","04/14/2026 00:00:00","PVS_XP_2091","023","K501","A","20130215","20130218","結核病棟入院基本料５　看配"
"02/18/2013 00:00:00","12/31/9999 00:00:00","False","Batch","02/16/2013 06:11:35","BATCH","04/14/2026 00:00:00","PVS_XP_2091","023","K502","A","20130215","20130218","結核病棟入院基本料５"
"02/18/2013 00:00:00","12/31/9999 00:00:00","False","Batch","02/16/2013 06:11:35","BATCH","04/14/2026 00:00:00","PVS_XP_2091","023","K503","A","20130215","20130218","結核病棟入院基本料５　減算"
"02/18/2013 00:00:00","12/31/9999 00:00:00","False","Batch","02/16/2013 06:11:35","BATCH","04/14/2026 00:00:00","PVS_XP_2091","023","K521","A","20130215","20130218","結核病棟入院基本料５　４：１看護補助　看配"
"02/18/2013 00:00:00","12/31/9999 00:00:00","False","Batch","02/16/2013 06:11:35","BATCH","04/14/2026 00:00:00","PVS_XP_2091","023","K522","A","20130215","20130218","結核病棟入院基本料５　４：１看護補助"
"02/18/2013 00:00:00","12/31/9999 00:00:00","False","Batch","02/16/2013 06:11:35","BATCH","04/14/2026 00:00:00","PVS_XP_2091","023","K523","A","20130215","20130218","結核病棟入院基本料５　４：１看護補助　減算"
"02/18/2013 00:00:00","12/31/9999 00:00:00","False","Batch","02/16/2013 06:11:35","BATCH","04/14/2026 00:00:00","PVS_XP_2091","023","K531","A","20130215","20130218","結核病棟入院基本料５　５：１看護補助　看配"
"02/18/2013 00:00:00","12/31/9999 00:00:00","False","Batch","02/16/2013 06:11:35","BATCH","04/14/2026 00:00:00","PVS_XP_2091","023","K532","A","20130215","20130218","結核病棟入院基本料５　５：１看護補助"
"02/18/2013 00:00:00","12/31/9999 00:00:00","False","Batch","02/16/2013 06:11:35","BATCH","04/14/2026 00:00:00","PVS_XP_2091","023","K533","A","20130215","20130218","結核病棟入院基本料５　５：１看護補助　減算"
"02/18/2013 00:00:00","12/31/9999 00:00:00","False","Batch","02/16/2013 06:11:35","BATCH","04/14/2026 00:00:00","PVS_XP_2091","023","K541","A","20130215","20130218","結核病棟入院基本料５　６：１看護補助　看配"
"02/18/2013 00:00:00","12/31/9999 00:00:00","False","Batch","02/16/2013 06:11:35","BATCH","04/14/2026 00:00:00","PVS_XP_2091","023","K542","A","20130215","20130218","結核病棟入院基本料５　６：１看護補助"
"02/18/2013 00:00:00","12/31/9999 00:00:00","False","Batch","02/16/2013 06:11:35","BATCH","04/14/2026 00:00:00","PVS_XP_2091","023","K543","A","20130215","20130218","結核病棟入院基本料５　６：１看護補助　減算"
"02/18/2013 00:00:00","12/31/9999 00:00:00","False","Batch","02/16/2013 06:11:35","BATCH","04/14/2026 00:00:00","PVS_XP_2091","023","K561","A","20130215","20130218","結核病棟入院基本料５　１０：１看護補助　看配"
"02/18/2013 00:00:00","12/31/9999 00:00:00","False","Batch","02/16/2013 06:11:35","BATCH","04/14/2026 00:00:00","PVS_XP_2091","023","K562","A","20130215","20130218","結核病棟入院基本料５　１０：１看護補助"
"02/18/2013 00:00:00","12/31/9999 00:00:00","False","Batch","02/16/2013 06:11:35","BATCH","04/14/2026 00:00:00","PVS_XP_2091","023","K563","A","20130215","20130218","結核病棟入院基本料５　１０：１看護補助　減算"
"02/18/2013 00:00:00","12/31/9999 00:00:00","False","Batch","02/16/2013 06:11:35","BATCH","04/14/2026 00:00:00","PVS_XP_2091","023","K581","A","20130215","20130218","結核病棟入院基本料５　１５：１看護補助　看配"
"02/18/2013 00:00:00","12/31/9999 00:00:00","False","Batch","02/16/2013 06:11:35","BATCH","04/14/2026 00:00:00","PVS_XP_2091","023","K582","A","20130215","20130218","結核病棟入院基本料５　１５：１看護補助"
"02/18/2013 00:00:00","12/31/9999 00:00:00","False","Batch","02/16/2013 06:11:35","BATCH","04/14/2026 00:00:00","PVS_XP_2091","023","K583","A","20130215","20130218","結核病棟入院基本料５　１５：１看護補助　減算"
"02/18/2013 00:00:00","12/31/9999 00:00:00","False","Batch","02/16/2013 06:11:35","BATCH","04/14/2026 00:00:00","PVS_XP_2091","023","K601","A","20130215","20130218","結核病棟入院基本料６　看配"
"02/18/2013 00:00:00","12/31/9999 00:00:00","False","Batch","02/16/2013 06:11:35","BATCH","04/14/2026 00:00:00","PVS_XP_2091","023","K602","A","20130215","20130218","結核病棟入院基本料６"
"02/18/2013 00:00:00","12/31/9999 00:00:00","False","Batch","02/16/2013 06:11:35","BATCH","04/14/2026 00:00:00","PVS_XP_2091","023","K603","A","20130215","20130218","結核病棟入院基本料６　減算"
"02/18/2013 00:00:00","12/31/9999 00:00:00","False","Batch","02/16/2013 06:11:35","BATCH","04/14/2026 00:00:00","PVS_XP_2091","023","K611","A","20130215","20130218","結核病棟入院基本料６　３：１看護補助　看配"
"02/18/2013 00:00:00","12/31/9999 00:00:00","False","Batch","02/16/2013 06:11:35","BATCH","04/14/2026 00:00:00","PVS_XP_2091","023","K612","A","20130215","20130218","結核病棟入院基本料６　３：１看護補助"
"02/18/2013 00:00:00","12/31/9999 00:00:00","False","Batch","02/16/2013 06:11:35","BATCH","04/14/2026 00:00:00","PVS_XP_2091","023","K613","A","20130215","20130218","結核病棟入院基本料６　３：１看護補助　減算"
"02/18/2013 00:00:00","12/31/9999 00:00:00","False","Batch","02/16/2013 06:11:35","BATCH","04/14/2026 00:00:00","PVS_XP_2091","023","K621","A","20130215","20130218","結核病棟入院基本料６　４：１看護補助　看配"
"02/18/2013 00:00:00","12/31/9999 00:00:00","False","Batch","02/16/2013 06:11:35","BATCH","04/14/2026 00:00:00","PVS_XP_2091","023","K622","A","20130215","20130218","結核病棟入院基本料６　４：１看護補助"
"02/18/2013 00:00:00","12/31/9999 00:00:00","False","Batch","02/16/2013 06:11:35","BATCH","04/14/2026 00:00:00","PVS_XP_2091","023","K623","A","20130215","20130218","結核病棟入院基本料６　４：１看護補助　減算"
"02/18/2013 00:00:00","12/31/9999 00:00:00","False","Batch","02/16/2013 06:11:35","BATCH","04/14/2026 00:00:00","PVS_XP_2091","023","K631","A","20130215","20130218","結核病棟入院基本料６　５：１看護補助　看護"
"02/18/2013 00:00:00","12/31/9999 00:00:00","False","Batch","02/16/2013 06:11:35","BATCH","04/14/2026 00:00:00","PVS_XP_2091","023","K632","A","20130215","20130218","結核病棟入院基本料６　５：１看護補助"
"02/18/2013 00:00:00","12/31/9999 00:00:00","False","Batch","02/16/2013 06:11:35","BATCH","04/14/2026 00:00:00","PVS_XP_2091","023","K633","A","20130215","20130218","結核病棟入院基本料６　５：１看護補助　減算"
"02/18/2013 00:00:00","12/31/9999 00:00:00","False","Batch","02/16/2013 06:11:35","BATCH","04/14/2026 00:00:00","PVS_XP_2091","023","K641","A","20130215","20130218","結核病棟入院基本料６　６：１看護補助　看配"
"02/18/2013 00:00:00","12/31/9999 00:00:00","False","Batch","02/16/2013 06:11:35","BATCH","04/14/2026 00:00:00","PVS_XP_2091","023","K642","A","20130215","20130218","結核病棟入院基本料６　６：１看護補助"
"02/18/2013 00:00:00","12/31/9999 00:00:00","False","Batch","02/16/2013 06:11:35","BATCH","04/14/2026 00:00:00","PVS_XP_2091","023","K643","A","20130215","20130218","結核病棟入院基本料６　６：１看護補助　減算"
"02/18/2013 00:00:00","12/31/9999 00:00:00","False","Batch","02/16/2013 06:11:35","BATCH","04/14/2026 00:00:00","PVS_XP_2091","023","K661","A","20130215","20130218","結核病棟入院基本料６　１０：１看護補助　看配"
"02/18/2013 00:00:00","12/31/9999 00:00:00","False","Batch","02/16/2013 06:11:35","BATCH","04/14/2026 00:00:00","PVS_XP_2091","023","K662","A","20130215","20130218","結核病棟入院基本料６　１０：１看護補助"
"02/18/2013 00:00:00","12/31/9999 00:00:00","False","Batch","02/16/2013 06:11:35","BATCH","04/14/2026 00:00:00","PVS_XP_2091","023","K663","A","20130215","20130218","結核病棟入院基本料６　１０：１看護補助　減算"
"02/18/2013 00:00:00","12/31/9999 00:00:00","False","Batch","02/16/2013 06:11:35","BATCH","04/14/2026 00:00:00","PVS_XP_2091","023","K681","A","20130215","20130218","結核病棟入院基本料６　１５：１看護補助　看配"
"02/18/2013 00:00:00","12/31/9999 00:00:00","False","Batch","02/16/2013 06:11:35","BATCH","04/14/2026 00:00:00","PVS_XP_2091","023","K682","A","20130215","20130218","結核病棟入院基本料６　１５：１看護補助"
"02/18/2013 00:00:00","12/31/9999 00:00:00","False","Batch","02/16/2013 06:11:35","BATCH","04/14/2026 00:00:00","PVS_XP_2091","023","K683","A","20130215","20130218","結核病棟入院基本料６　１５：１看護補助　減算"
"02/18/2013 00:00:00","12/31/9999 00:00:00","False","Batch","02/16/2013 06:11:35","BATCH","04/14/2026 00:00:00","PVS_XP_2091","023","K701","A","20130215","20130218","結核病棟入院基本料７　看配"
"02/18/2013 00:00:00","12/31/9999 00:00:00","False","Batch","02/16/2013 06:11:35","BATCH","04/14/2026 00:00:00","PVS_XP_2091","023","K702","A","20130215","20130218","結核病棟入院基本料７"
"02/18/2013 00:00:00","12/31/9999 00:00:00","False","Batch","02/16/2013 06:11:35","BATCH","04/14/2026 00:00:00","PVS_XP_2091","023","K703","A","20130215","20130218","結核病棟入院基本料７　減算"
"02/18/2013 00:00:00","12/31/9999 00:00:00","False","Batch","02/16/2013 06:11:35","BATCH","04/14/2026 00:00:00","PVS_XP_2091","023","K711","A","20130215","20130218","結核病棟入院基本料７　３：１看護補助　看配"
"02/18/2013 00:00:00","12/31/9999 00:00:00","False","Batch","02/16/2013 06:11:35","BATCH","04/14/2026 00:00:00","PVS_XP_2091","023","K712","A","20130215","20130218","結核病棟入院基本料７　３：１看護補助"
"02/18/2013 00:00:00","12/31/9999 00:00:00","False","Batch","02/16/2013 06:11:35","BATCH","04/14/2026 00:00:00","PVS_XP_2091","023","K713","A","20130215","20130218","結核病棟入院基本料７　３：１看護補助　減算"
"02/18/2013 00:00:00","12/31/9999 00:00:00","False","Batch","02/16/2013 06:11:35","BATCH","04/14/2026 00:00:00","PVS_XP_2091","023","K721","A","20130215","20130218","結核病棟入院基本料７　４：１看護補助　看配"
"02/18/2013 00:00:00","12/31/9999 00:00:00","False","Batch","02/16/2013 06:11:35","BATCH","04/14/2026 00:00:00","PVS_XP_2091","023","K722","A","20130215","20130218","結核病棟入院基本料７　４：１看護補助"
"02/18/2013 00:00:00","12/31/9999 00:00:00","False","Batch","02/16/2013 06:11:35","BATCH","04/14/2026 00:00:00","PVS_XP_2091","023","K723","A","20130215","20130218","結核病棟入院基本料７　４：１看護補助　減算"
"02/18/2013 00:00:00","12/31/9999 00:00:00","False","Batch","02/16/2013 06:11:35","BATCH","04/14/2026 00:00:00","PVS_XP_2091","023","K731","A","20130215","20130218","結核病棟入院基本料７　５：１看護補助　看配"
"02/18/2013 00:00:00","12/31/9999 00:00:00","False","Batch","02/16/2013 06:11:35","BATCH","04/14/2026 00:00:00","PVS_XP_2091","023","K732","A","20130215","20130218","結核病棟入院基本料７　５：１看護補助"
"02/18/2013 00:00:00","12/31/9999 00:00:00","False","Batch","02/16/2013 06:11:35","BATCH","04/14/2026 00:00:00","PVS_XP_2091","023","K733","A","20130215","20130218","結核病棟入院基本料７　５：１看護補助　減算"
"02/18/2013 00:00:00","12/31/9999 00:00:00","False","Batch","02/16/2013 06:11:35","BATCH","04/14/2026 00:00:00","PVS_XP_2091","023","K741","A","20130215","20130218","結核病棟入院基本料７　６：１看護補助　看配"
"02/18/2013 00:00:00","12/31/9999 00:00:00","False","Batch","02/16/2013 06:11:35","BATCH","04/14/2026 00:00:00","PVS_XP_2091","023","K742","A","20130215","20130218","結核病棟入院基本料７　６：１看護補助"
"02/18/2013 00:00:00","12/31/9999 00:00:00","False","Batch","02/16/2013 06:11:35","BATCH","04/14/2026 00:00:00","PVS_XP_2091","023","K743","A","20130215","20130218","結核病棟入院基本料７　６：１看護補助　減算"
"02/18/2013 00:00:00","12/31/9999 00:00:00","False","Batch","02/16/2013 06:11:35","BATCH","04/14/2026 00:00:00","PVS_XP_2091","023","K761","A","20130215","20130218","結核病棟入院基本料７　１０：１看護補助　看配"
"02/18/2013 00:00:00","12/31/9999 00:00:00","False","Batch","02/16/2013 06:11:35","BATCH","04/14/2026 00:00:00","PVS_XP_2091","023","K762","A","20130215","20130218","結核病棟入院基本料７　１０：１看護補助"
"02/18/2013 00:00:00","12/31/9999 00:00:00","False","Batch","02/16/2013 06:11:35","BATCH","04/14/2026 00:00:00","PVS_XP_2091","023","K763","A","20130215","20130218","結核病棟入院基本料７　１０：１看護補助　減算"
"02/18/2013 00:00:00","12/31/9999 00:00:00","False","Batch","02/16/2013 06:11:35","BATCH","04/14/2026 00:00:00","PVS_XP_2091","023","K781","A","20130215","20130218","結核病棟入院基本料７　１５：１看護補助　看配"
"02/18/2013 00:00:00","12/31/9999 00:00:00","False","Batch","02/16/2013 06:11:35","BATCH","04/14/2026 00:00:00","PVS_XP_2091","023","K782","A","20130215","20130218","結核病棟入院基本料７　１５：１看護補助"
"02/18/2013 00:00:00","12/31/9999 00:00:00","False","Batch","02/16/2013 06:11:35","BATCH","04/14/2026 00:00:00","PVS_XP_2091","023","K783","A","20130215","20130218","結核病棟入院基本料７　１５：１看護補助　減算"
"02/18/2013 00:00:00","12/31/9999 00:00:00","False","Batch","02/16/2013 06:11:35","BATCH","04/14/2026 00:00:00","PVS_XP_2091","023","K810","A","20130215","20130218","結核病棟特別入院基本料１"
"02/18/2013 00:00:00","12/31/9999 00:00:00","False","Batch","02/16/2013 06:11:35","BATCH","04/14/2026 00:00:00","PVS_XP_2091","023","K820","A","20130215","20130218","結核病棟特別入院基本料２"
"02/18/2013 00:00:00","12/31/9999 00:00:00","False","Batch","02/16/2013 06:11:35","BATCH","04/14/2026 00:00:00","PVS_XP_2091","023","K830","A","20130215","20130218","結核病棟特別入院基本料"
"02/18/2013 00:00:00","12/31/9999 00:00:00","False","Batch","02/16/2013 06:11:35","BATCH","04/14/2026 00:00:00","PVS_XP_2091","023","K999","A","20130215","20130218","結核病棟種別不明"
"02/18/2013 00:00:00","12/31/9999 00:00:00","False","Batch","02/16/2013 06:11:35","BATCH","04/14/2026 00:00:00","PVS_XP_2091","023","M001","A","20130215","20130218","精神病棟１０対１入院基本料"
"02/18/2013 00:00:00","12/31/9999 00:00:00","False","Batch","02/16/2013 06:11:35","BATCH","04/14/2026 00:00:00","PVS_XP_2091","023","M002","A","20130215","20130218","精神病棟１５対１入院基本料　加算"
"02/18/2013 00:00:00","12/31/9999 00:00:00","False","Batch","02/16/2013 06:11:35","BATCH","04/14/2026 00:00:00","PVS_XP_2091","023","M003","A","20130215","20130218","精神病棟１５対１入院基本料"
"02/18/2013 00:00:00","12/31/9999 00:00:00","False","Batch","02/16/2013 06:11:35","BATCH","04/14/2026 00:00:00","PVS_XP_2091","023","M004","A","20130215","20130218","精神病棟１５対１入院基本料　３０：１看護補助　加算"
"02/18/2013 00:00:00","12/31/9999 00:00:00","False","Batch","02/16/2013 06:11:35","BATCH","04/14/2026 00:00:00","PVS_XP_2091","023","M005","A","20130215","20130218","精神病棟１５対１入院基本料　３０：１看護補助"
"02/18/2013 00:00:00","12/31/9999 00:00:00","False","Batch","02/16/2013 06:11:35","BATCH","04/14/2026 00:00:00","PVS_XP_2091","023","M006","A","20130215","20130218","精神病棟１５対１入院基本料　５０：１看護補助　加算"
"02/18/2013 00:00:00","12/31/9999 00:00:00","False","Batch","02/16/2013 06:11:35","BATCH","04/14/2026 00:00:00","PVS_XP_2091","023","M007","A","20130215","20130218","精神病棟１５対１入院基本料　５０：１看護補助"
"02/18/2013 00:00:00","12/31/9999 00:00:00","False","Batch","02/16/2013 06:11:35","BATCH","04/14/2026 00:00:00","PVS_XP_2091","023","M008","A","20130215","20130218","精神病棟１５対１入院基本料　７５：１看護補助　加算"
"02/18/2013 00:00:00","12/31/9999 00:00:00","False","Batch","02/16/2013 06:11:35","BATCH","04/14/2026 00:00:00","PVS_XP_2091","023","M009","A","20130215","20130218","精神病棟１５対１入院基本料　７５：１看護補助"
"02/18/2013 00:00:00","12/31/9999 00:00:00","False","Batch","02/16/2013 06:11:35","BATCH","04/14/2026 00:00:00","PVS_XP_2091","023","M010","A","20130215","20130218","精神病棟１８対１入院基本料　加算"
"02/18/2013 00:00:00","12/31/9999 00:00:00","False","Batch","02/16/2013 06:11:35","BATCH","04/14/2026 00:00:00","PVS_XP_2091","023","M011","A","20130215","20130218","精神病棟１８対１入院基本料"
"02/18/2013 00:00:00","12/31/9999 00:00:00","False","Batch","02/16/2013 06:11:35","BATCH","04/14/2026 00:00:00","PVS_XP_2091","023","M012","A","20130215","20130218","精神病棟１８対１入院基本料　３０：１看護補助　加算"
"02/18/2013 00:00:00","12/31/9999 00:00:00","False","Batch","02/16/2013 06:11:35","BATCH","04/14/2026 00:00:00","PVS_XP_2091","023","M013","A","20130215","20130218","精神病棟１８対１入院基本料　３０：１看護補助"
"02/18/2013 00:00:00","12/31/9999 00:00:00","False","Batch","02/16/2013 06:11:35","BATCH","04/14/2026 00:00:00","PVS_XP_2091","023","M014","A","20130215","20130218","精神病棟１８対１入院基本料　５０：１看護補助　加算"
"02/18/2013 00:00:00","12/31/9999 00:00:00","False","Batch","02/16/2013 06:11:35","BATCH","04/14/2026 00:00:00","PVS_XP_2091","023","M015","A","20130215","20130218","精神病棟１８対１入院基本料　５０：１看護補助"
"02/18/2013 00:00:00","12/31/9999 00:00:00","False","Batch","02/16/2013 06:11:35","BATCH","04/14/2026 00:00:00","PVS_XP_2091","023","M016","A","20130215","20130218","精神病棟１８対１入院基本料　７５：１看護補助　加算"
"02/18/2013 00:00:00","12/31/9999 00:00:00","False","Batch","02/16/2013 06:11:35","BATCH","04/14/2026 00:00:00","PVS_XP_2091","023","M017","A","20130215","20130218","精神病棟１８対１入院基本料　７５：１看護補助"
"02/18/2013 00:00:00","12/31/9999 00:00:00","False","Batch","02/16/2013 06:11:35","BATCH","04/14/2026 00:00:00","PVS_XP_2091","023","M018","A","20130215","20130218","精神病棟２０対１入院基本料　加算"
"02/18/2013 00:00:00","12/31/9999 00:00:00","False","Batch","02/16/2013 06:11:35","BATCH","04/14/2026 00:00:00","PVS_XP_2091","023","M019","A","20130215","20130218","精神病棟２０対１入院基本料"
"02/18/2013 00:00:00","12/31/9999 00:00:00","False","Batch","02/16/2013 06:11:35","BATCH","04/14/2026 00:00:00","PVS_XP_2091","023","M020","A","20130215","20130218","精神病棟２０対１入院基本料　３０：１看護補助　加算"
"02/18/2013 00:00:00","12/31/9999 00:00:00","False","Batch","02/16/2013 06:11:35","BATCH","04/14/2026 00:00:00","PVS_XP_2091","023","M021","A","20130215","20130218","精神病棟２０対１入院基本料　３０：１看護補助"
"02/18/2013 00:00:00","12/31/9999 00:00:00","False","Batch","02/16/2013 06:11:35","BATCH","04/14/2026 00:00:00","PVS_XP_2091","023","M022","A","20130215","20130218","精神病棟２０対１入院基本料　５０：１看護補助　加算"
"02/18/2013 00:00:00","12/31/9999 00:00:00","False","Batch","02/16/2013 06:11:35","BATCH","04/14/2026 00:00:00","PVS_XP_2091","023","M023","A","20130215","20130218","精神病棟２０対１入院基本料　５０：１看護補助"
"02/18/2013 00:00:00","12/31/9999 00:00:00","False","Batch","02/16/2013 06:11:35","BATCH","04/14/2026 00:00:00","PVS_XP_2091","023","M024","A","20130215","20130218","精神病棟２０対１入院基本料　７５：１看護補助　加算"
"02/18/2013 00:00:00","12/31/9999 00:00:00","False","Batch","02/16/2013 06:11:35","BATCH","04/14/2026 00:00:00","PVS_XP_2091","023","M025","A","20130215","20130218","精神病棟２０対１入院基本料　７５：１看護補助"
"02/18/2013 00:00:00","12/31/9999 00:00:00","False","Batch","02/16/2013 06:11:35","BATCH","04/14/2026 00:00:00","PVS_XP_2091","023","M026","A","20130215","20130218","精神病棟１３対１入院基本料"
"02/18/2013 00:00:00","12/31/9999 00:00:00","False","Batch","02/16/2013 06:11:35","BATCH","04/14/2026 00:00:00","PVS_XP_2091","023","M027","A","20130215","20130218","精神病棟１３対１入院基本料　５０：１看護補助"
"02/18/2013 00:00:00","12/31/9999 00:00:00","False","Batch","02/16/2013 06:11:35","BATCH","04/14/2026 00:00:00","PVS_XP_2091","023","M028","A","20130215","20130218","精神病棟１３対１入院基本料　７５：１看護補助"
"02/18/2013 00:00:00","12/31/9999 00:00:00","False","Batch","02/16/2013 06:11:35","BATCH","04/14/2026 00:00:00","PVS_XP_2091","023","M101","A","20130215","20130218","精神病棟入院基本料１"
"02/18/2013 00:00:00","12/31/9999 00:00:00","False","Batch","02/16/2013 06:11:35","BATCH","04/14/2026 00:00:00","PVS_XP_2091","023","M102","A","20130215","20130218","精神病棟入院基本料１　減算"
"02/18/2013 00:00:00","12/31/9999 00:00:00","False","Batch","02/16/2013 06:11:35","BATCH","04/14/2026 00:00:00","PVS_XP_2091","023","M201","A","20130215","20130218","精神病棟入院基本料２"
"02/18/2013 00:00:00","12/31/9999 00:00:00","False","Batch","02/16/2013 06:11:35","BATCH","04/14/2026 00:00:00","PVS_XP_2091","023","M202","A","20130215","20130218","精神病棟入院基本料２　減算"
"02/18/2013 00:00:00","12/31/9999 00:00:00","False","Batch","02/16/2013 06:11:35","BATCH","04/14/2026 00:00:00","PVS_XP_2091","023","M261","A","20130215","20130218","精神病棟入院基本料２　１０：１看護補助"
"02/18/2013 00:00:00","12/31/9999 00:00:00","False","Batch","02/16/2013 06:11:35","BATCH","04/14/2026 00:00:00","PVS_XP_2091","023","M262","A","20130215","20130218","精神病棟入院基本料２　１０：１看護補助　減算"
"02/18/2013 00:00:00","12/31/9999 00:00:00","False","Batch","02/16/2013 06:11:35","BATCH","04/14/2026 00:00:00","PVS_XP_2091","023","M281","A","20130215","20130218","精神病棟入院基本料２　１５：１看護補助"
"02/18/2013 00:00:00","12/31/9999 00:00:00","False","Batch","02/16/2013 06:11:35","BATCH","04/14/2026 00:00:00","PVS_XP_2091","023","M282","A","20130215","20130218","精神病棟入院基本料２　１５：１看護補助　減算"
"02/18/2013 00:00:00","12/31/9999 00:00:00","False","Batch","02/16/2013 06:11:35","BATCH","04/14/2026 00:00:00","PVS_XP_2091","023","M301","A","20130215","20130218","精神病棟入院基本料３　看配"
"02/18/2013 00:00:00","12/31/9999 00:00:00","False","Batch","02/16/2013 06:11:35","BATCH","04/14/2026 00:00:00","PVS_XP_2091","023","M302","A","20130215","20130218","精神病棟入院基本料３"
"02/18/2013 00:00:00","12/31/9999 00:00:00","False","Batch","02/16/2013 06:11:35","BATCH","04/14/2026 00:00:00","PVS_XP_2091","023","M303","A","20130215","20130218","精神病棟入院基本料３　減算"
"02/18/2013 00:00:00","12/31/9999 00:00:00","False","Batch","02/16/2013 06:11:35","BATCH","04/14/2026 00:00:00","PVS_XP_2091","023","M341","A","20130215","20130218","精神病棟入院基本料３　６：１看護補助　看配"
"02/18/2013 00:00:00","12/31/9999 00:00:00","False","Batch","02/16/2013 06:11:35","BATCH","04/14/2026 00:00:00","PVS_XP_2091","023","M342","A","20130215","20130218","精神病棟入院基本料３　６：１看護補助"
"02/18/2013 00:00:00","12/31/9999 00:00:00","False","Batch","02/16/2013 06:11:35","BATCH","04/14/2026 00:00:00","PVS_XP_2091","023","M343","A","20130215","20130218","精神病棟入院基本料３　６：１看護補助　減算"
"02/18/2013 00:00:00","12/31/9999 00:00:00","False","Batch","02/16/2013 06:11:35","BATCH","04/14/2026 00:00:00","PVS_XP_2091","023","M361","A","20130215","20130218","精神病棟入院基本料３　１０：１看護補助　看配"
"02/18/2013 00:00:00","12/31/9999 00:00:00","False","Batch","02/16/2013 06:11:35","BATCH","04/14/2026 00:00:00","PVS_XP_2091","023","M362","A","20130215","20130218","精神病棟入院基本料３　１０：１看護補助"
"02/18/2013 00:00:00","12/31/9999 00:00:00","False","Batch","02/16/2013 06:11:35","BATCH","04/14/2026 00:00:00","PVS_XP_2091","023","M363","A","20130215","20130218","精神病棟入院基本料３　１０：１看護補助　減算"
"02/18/2013 00:00:00","12/31/9999 00:00:00","False","Batch","02/16/2013 06:11:35","BATCH","04/14/2026 00:00:00","PVS_XP_2091","023","M381","A","20130215","20130218","精神病棟入院基本料３　１５：１看護補助　看配"
"02/18/2013 00:00:00","12/31/9999 00:00:00","False","Batch","02/16/2013 06:11:35","BATCH","04/14/2026 00:00:00","PVS_XP_2091","023","M382","A","20130215","20130218","精神病棟入院基本料３　１５：１看護補助"
"02/18/2013 00:00:00","12/31/9999 00:00:00","False","Batch","02/16/2013 06:11:35","BATCH","04/14/2026 00:00:00","PVS_XP_2091","023","M383","A","20130215","20130218","精神病棟入院基本料３　１５：１看護補助　減算"
"02/18/2013 00:00:00","12/31/9999 00:00:00","False","Batch","02/16/2013 06:11:35","BATCH","04/14/2026 00:00:00","PVS_XP_2091","023","M401","A","20130215","20130218","精神病棟入院基本料４　看配"
"02/18/2013 00:00:00","12/31/9999 00:00:00","False","Batch","02/16/2013 06:11:35","BATCH","04/14/2026 00:00:00","PVS_XP_2091","023","M402","A","20130215","20130218","精神病棟入院基本料４"
"02/18/2013 00:00:00","12/31/9999 00:00:00","False","Batch","02/16/2013 06:11:35","BATCH","04/14/2026 00:00:00","PVS_XP_2091","023","M403","A","20130215","20130218","精神病棟入院基本料４　減算"
"02/18/2013 00:00:00","12/31/9999 00:00:00","False","Batch","02/16/2013 06:11:35","BATCH","04/14/2026 00:00:00","PVS_XP_2091","023","M431","A","20130215","20130218","精神病棟入院基本料４　５：１看護補助　看配"
"02/18/2013 00:00:00","12/31/9999 00:00:00","False","Batch","02/16/2013 06:11:35","BATCH","04/14/2026 00:00:00","PVS_XP_2091","023","M432","A","20130215","20130218","精神病棟入院基本料４　５：１看護補助"
"02/18/2013 00:00:00","12/31/9999 00:00:00","False","Batch","02/16/2013 06:11:35","BATCH","04/14/2026 00:00:00","PVS_XP_2091","023","M433","A","20130215","20130218","精神病棟入院基本料４　５：１看護補助　減算"
"02/18/2013 00:00:00","12/31/9999 00:00:00","False","Batch","02/16/2013 06:11:35","BATCH","04/14/2026 00:00:00","PVS_XP_2091","023","M441","A","20130215","20130218","精神病棟入院基本料４　６：１看護補助　看配"
"02/18/2013 00:00:00","12/31/9999 00:00:00","False","Batch","02/16/2013 06:11:35","BATCH","04/14/2026 00:00:00","PVS_XP_2091","023","M442","A","20130215","20130218","精神病棟入院基本料４　６：１看護補助"
"02/18/2013 00:00:00","12/31/9999 00:00:00","False","Batch","02/16/2013 06:11:35","BATCH","04/14/2026 00:00:00","PVS_XP_2091","023","M443","A","20130215","20130218","精神病棟入院基本料４　６：１看護補助　減算"
"02/18/2013 00:00:00","12/31/9999 00:00:00","False","Batch","02/16/2013 06:11:35","BATCH","04/14/2026 00:00:00","PVS_XP_2091","023","M461","A","20130215","20130218","精神病棟入院基本料４　１０：１看護補助　看配"
"02/18/2013 00:00:00","12/31/9999 00:00:00","False","Batch","02/16/2013 06:11:35","BATCH","04/14/2026 00:00:00","PVS_XP_2091","023","M462","A","20130215","20130218","精神病棟入院基本料４　１０：１看護補助"
"02/18/2013 00:00:00","12/31/9999 00:00:00","False","Batch","02/16/2013 06:11:35","BATCH","04/14/2026 00:00:00","PVS_XP_2091","023","M463","A","20130215","20130218","精神病棟入院基本料４　１０：１看護補助　減算"
"02/18/2013 00:00:00","12/31/9999 00:00:00","False","Batch","02/16/2013 06:11:35","BATCH","04/14/2026 00:00:00","PVS_XP_2091","023","M481","A","20130215","20130218","精神病棟入院基本料４　１５：１看護補助　看配"
"02/18/2013 00:00:00","12/31/9999 00:00:00","False","Batch","02/16/2013 06:11:35","BATCH","04/14/2026 00:00:00","PVS_XP_2091","023","M482","A","20130215","20130218","精神病棟入院基本料４　１５：１看護補助"
"02/18/2013 00:00:00","12/31/9999 00:00:00","False","Batch","02/16/2013 06:11:35","BATCH","04/14/2026 00:00:00","PVS_XP_2091","023","M483","A","20130215","20130218","精神病棟入院基本料４　１５：１看護補助　減算"
"02/18/2013 00:00:00","12/31/9999 00:00:00","False","Batch","02/16/2013 06:11:35","BATCH","04/14/2026 00:00:00","PVS_XP_2091","023","M501","A","20130215","20130218","精神病棟入院基本料５　看配"
"02/18/2013 00:00:00","12/31/9999 00:00:00","False","Batch","02/16/2013 06:11:35","BATCH","04/14/2026 00:00:00","PVS_XP_2091","023","M502","A","20130215","20130218","精神病棟入院基本料５"
"02/18/2013 00:00:00","12/31/9999 00:00:00","False","Batch","02/16/2013 06:11:35","BATCH","04/14/2026 00:00:00","PVS_XP_2091","023","M503","A","20130215","20130218","精神病棟入院基本料５　減算"
"02/18/2013 00:00:00","12/31/9999 00:00:00","False","Batch","02/16/2013 06:11:35","BATCH","04/14/2026 00:00:00","PVS_XP_2091","023","M521","A","20130215","20130218","精神病棟入院基本料５　４：１看護補助　看配"
"02/18/2013 00:00:00","12/31/9999 00:00:00","False","Batch","02/16/2013 06:11:35","BATCH","04/14/2026 00:00:00","PVS_XP_2091","023","M522","A","20130215","20130218","精神病棟入院基本料５　４：１看護補助"
"02/18/2013 00:00:00","12/31/9999 00:00:00","False","Batch","02/16/2013 06:11:35","BATCH","04/14/2026 00:00:00","PVS_XP_2091","023","M523","A","20130215","20130218","精神病棟入院基本料５　４：１看護補助　減算"
"02/18/2013 00:00:00","12/31/9999 00:00:00","False","Batch","02/16/2013 06:11:35","BATCH","04/14/2026 00:00:00","PVS_XP_2091","023","M531","A","20130215","20130218","精神病棟入院基本料５　５：１看護補助　看配"
"02/18/2013 00:00:00","12/31/9999 00:00:00","False","Batch","02/16/2013 06:11:35","BATCH","04/14/2026 00:00:00","PVS_XP_2091","023","M532","A","20130215","20130218","精神病棟入院基本料５　５：１看護補助"
"02/18/2013 00:00:00","12/31/9999 00:00:00","False","Batch","02/16/2013 06:11:35","BATCH","04/14/2026 00:00:00","PVS_XP_2091","023","M533","A","20130215","20130218","精神病棟入院基本料５　５：１看護補助　減算"
"02/18/2013 00:00:00","12/31/9999 00:00:00","False","Batch","02/16/2013 06:11:35","BATCH","04/14/2026 00:00:00","PVS_XP_2091","023","M541","A","20130215","20130218","精神病棟入院基本料５　６：１看護補助　看配"
"02/18/2013 00:00:00","12/31/9999 00:00:00","False","Batch","02/16/2013 06:11:35","BATCH","04/14/2026 00:00:00","PVS_XP_2091","023","M542","A","20130215","20130218","精神病棟入院基本料５　６：１看護補助"
"02/18/2013 00:00:00","12/31/9999 00:00:00","False","Batch","02/16/2013 06:11:35","BATCH","04/14/2026 00:00:00","PVS_XP_2091","023","M543","A","20130215","20130218","精神病棟入院基本料５　６：１看護補助　減算"
"02/18/2013 00:00:00","12/31/9999 00:00:00","False","Batch","02/16/2013 06:11:35","BATCH","04/14/2026 00:00:00","PVS_XP_2091","023","M561","A","20130215","20130218","精神病棟入院基本料５　１０：１看護補助　看配"
"02/18/2013 00:00:00","12/31/9999 00:00:00","False","Batch","02/16/2013 06:11:35","BATCH","04/14/2026 00:00:00","PVS_XP_2091","023","M562","A","20130215","20130218","精神病棟入院基本料５　１０：１看護補助"
"02/18/2013 00:00:00","12/31/9999 00:00:00","False","Batch","02/16/2013 06:11:35","BATCH","04/14/2026 00:00:00","PVS_XP_2091","023","M563","A","20130215","20130218","精神病棟入院基本料５　１０：１看護補助　減算"
"02/18/2013 00:00:00","12/31/9999 00:00:00","False","Batch","02/16/2013 06:11:35","BATCH","04/14/2026 00:00:00","PVS_XP_2091","023","M581","A","20130215","20130218","精神病棟入院基本料５　１５：１看護補助　看配"
"02/18/2013 00:00:00","12/31/9999 00:00:00","False","Batch","02/16/2013 06:11:35","BATCH","04/14/2026 00:00:00","PVS_XP_2091","023","M582","A","20130215","20130218","精神病棟入院基本料５　１５：１看護補助"
"02/18/2013 00:00:00","12/31/9999 00:00:00","False","Batch","02/16/2013 06:11:35","BATCH","04/14/2026 00:00:00","PVS_XP_2091","023","M583","A","20130215","20130218","精神病棟入院基本料５　１５：１看護補助　減算"
"02/18/2013 00:00:00","12/31/9999 00:00:00","False","Batch","02/16/2013 06:11:35","BATCH","04/14/2026 00:00:00","PVS_XP_2091","023","M601","A","20130215","20130218","精神病棟入院基本料６　看配"
"02/18/2013 00:00:00","12/31/9999 00:00:00","False","Batch","02/16/2013 06:11:35","BATCH","04/14/2026 00:00:00","PVS_XP_2091","023","M602","A","20130215","20130218","精神病棟入院基本料６"
"02/18/2013 00:00:00","12/31/9999 00:00:00","False","Batch","02/16/2013 06:11:35","BATCH","04/14/2026 00:00:00","PVS_XP_2091","023","M603","A","20130215","20130218","精神病棟入院基本料６　減算"
"02/18/2013 00:00:00","12/31/9999 00:00:00","False","Batch","02/16/2013 06:11:35","BATCH","04/14/2026 00:00:00","PVS_XP_2091","023","M611","A","20130215","20130218","精神病棟入院基本料６　３：１看護補助　看配"
"02/18/2013 00:00:00","12/31/9999 00:00:00","False","Batch","02/16/2013 06:11:35","BATCH","04/14/2026 00:00:00","PVS_XP_2091","023","M612","A","20130215","20130218","精神病棟入院基本料６　３：１看護補助"
"02/18/2013 00:00:00","12/31/9999 00:00:00","False","Batch","02/16/2013 06:11:35","BATCH","04/14/2026 00:00:00","PVS_XP_2091","023","M613","A","20130215","20130218","精神病棟入院基本料６　３：１看護補助　減算"
"02/18/2013 00:00:00","12/31/9999 00:00:00","False","Batch","02/16/2013 06:11:35","BATCH","04/14/2026 00:00:00","PVS_XP_2091","023","M621","A","20130215","20130218","精神病棟入院基本料６　４：１看護補助　看配"
"02/18/2013 00:00:00","12/31/9999 00:00:00","False","Batch","02/16/2013 06:11:35","BATCH","04/14/2026 00:00:00","PVS_XP_2091","023","M622","A","20130215","20130218","精神病棟入院基本料６　４：１看護補助"
"02/18/2013 00:00:00","12/31/9999 00:00:00","False","Batch","02/16/2013 06:11:35","BATCH","04/14/2026 00:00:00","PVS_XP_2091","023","M623","A","20130215","20130218","精神病棟入院基本料６　４：１看護補助　減算"
"02/18/2013 00:00:00","12/31/9999 00:00:00","False","Batch","02/16/2013 06:11:35","BATCH","04/14/2026 00:00:00","PVS_XP_2091","023","M631","A","20130215","20130218","精神病棟入院基本料６　５：１看護補助　看配"
"02/18/2013 00:00:00","12/31/9999 00:00:00","False","Batch","02/16/2013 06:11:35","BATCH","04/14/2026 00:00:00","PVS_XP_2091","023","M632","A","20130215","20130218","精神病棟入院基本料６　５：１看護補助"
"02/18/2013 00:00:00","12/31/9999 00:00:00","False","Batch","02/16/2013 06:11:35","BATCH","04/14/2026 00:00:00","PVS_XP_2091","023","M633","A","20130215","20130218","精神病棟入院基本料６　５：１看護補助　減算"
"02/18/2013 00:00:00","12/31/9999 00:00:00","False","Batch","02/16/2013 06:11:35","BATCH","04/14/2026 00:00:00","PVS_XP_2091","023","M641","A","20130215","20130218","精神病棟入院基本料６　６：１看護補助　看配"
"02/18/2013 00:00:00","12/31/9999 00:00:00","False","Batch","02/16/2013 06:11:35","BATCH","04/14/2026 00:00:00","PVS_XP_2091","023","M642","A","20130215","20130218","精神病棟入院基本料６　６：１看護補助"
"02/18/2013 00:00:00","12/31/9999 00:00:00","False","Batch","02/16/2013 06:11:35","BATCH","04/14/2026 00:00:00","PVS_XP_2091","023","M643","A","20130215","20130218","精神病棟入院基本料６　６：１看護補助　減算"
"02/18/2013 00:00:00","12/31/9999 00:00:00","False","Batch","02/16/2013 06:11:35","BATCH","04/14/2026 00:00:00","PVS_XP_2091","023","M661","A","20130215","20130218","精神病棟入院基本料６　１０：１看護補助　看配"
"02/18/2013 00:00:00","12/31/9999 00:00:00","False","Batch","02/16/2013 06:11:35","BATCH","04/14/2026 00:00:00","PVS_XP_2091","023","M662","A","20130215","20130218","精神病棟入院基本料６　１０：１看護補助"
"02/18/2013 00:00:00","12/31/9999 00:00:00","False","Batch","02/16/2013 06:11:35","BATCH","04/14/2026 00:00:00","PVS_XP_2091","023","M663","A","20130215","20130218","精神病棟入院基本料６　１０：１看護補助　減算"
"02/18/2013 00:00:00","12/31/9999 00:00:00","False","Batch","02/16/2013 06:11:35","BATCH","04/14/2026 00:00:00","PVS_XP_2091","023","M681","A","20130215","20130218","精神病棟入院基本料６　１５：１看護補助　看配"
"02/18/2013 00:00:00","12/31/9999 00:00:00","False","Batch","02/16/2013 06:11:35","BATCH","04/14/2026 00:00:00","PVS_XP_2091","023","M682","A","20130215","20130218","精神病棟入院基本料６　１５：１看護補助"
"02/18/2013 00:00:00","12/31/9999 00:00:00","False","Batch","02/16/2013 06:11:35","BATCH","04/14/2026 00:00:00","PVS_XP_2091","023","M683","A","20130215","20130218","精神病棟入院基本料６　１５：１看護補助　減算"
"02/18/2013 00:00:00","12/31/9999 00:00:00","False","Batch","02/16/2013 06:11:35","BATCH","04/14/2026 00:00:00","PVS_XP_2091","023","M701","A","20130215","20130218","精神病棟入院基本料７　看配"
"02/18/2013 00:00:00","12/31/9999 00:00:00","False","Batch","02/16/2013 06:11:35","BATCH","04/14/2026 00:00:00","PVS_XP_2091","023","M702","A","20130215","20130218","精神病棟入院基本料７"
"02/18/2013 00:00:00","12/31/9999 00:00:00","False","Batch","02/16/2013 06:11:35","BATCH","04/14/2026 00:00:00","PVS_XP_2091","023","M703","A","20130215","20130218","精神病棟入院基本料７　減算"
"02/18/2013 00:00:00","12/31/9999 00:00:00","False","Batch","02/16/2013 06:11:35","BATCH","04/14/2026 00:00:00","PVS_XP_2091","023","M711","A","20130215","20130218","精神病棟入院基本料７　３：１看護補助　看配"
"02/18/2013 00:00:00","12/31/9999 00:00:00","False","Batch","02/16/2013 06:11:35","BATCH","04/14/2026 00:00:00","PVS_XP_2091","023","M712","A","20130215","20130218","精神病棟入院基本料７　３：１看護補助"
"02/18/2013 00:00:00","12/31/9999 00:00:00","False","Batch","02/16/2013 06:11:35","BATCH","04/14/2026 00:00:00","PVS_XP_2091","023","M713","A","20130215","20130218","精神病棟入院基本料７　３：１看護補助　減算"
"02/18/2013 00:00:00","12/31/9999 00:00:00","False","Batch","02/16/2013 06:11:35","BATCH","04/14/2026 00:00:00","PVS_XP_2091","023","M721","A","20130215","20130218","精神病棟入院基本料７　４：１看護補助　看配"
"02/18/2013 00:00:00","12/31/9999 00:00:00","False","Batch","02/16/2013 06:11:35","BATCH","04/14/2026 00:00:00","PVS_XP_2091","023","M722","A","20130215","20130218","精神病棟入院基本料７　４：１看護補助"
"02/18/2013 00:00:00","12/31/9999 00:00:00","False","Batch","02/16/2013 06:11:35","BATCH","04/14/2026 00:00:00","PVS_XP_2091","023","M723","A","20130215","20130218","精神病棟入院基本料７　４：１看護補助　減算"
"02/18/2013 00:00:00","12/31/9999 00:00:00","False","Batch","02/16/2013 06:11:35","BATCH","04/14/2026 00:00:00","PVS_XP_2091","023","M731","A","20130215","20130218","精神病棟入院基本料７　５：１看護補助　看配"
"02/18/2013 00:00:00","12/31/9999 00:00:00","False","Batch","02/16/2013 06:11:35","BATCH","04/14/2026 00:00:00","PVS_XP_2091","023","M732","A","20130215","20130218","精神病棟入院基本料７　５：１看護補助"
"02/18/2013 00:00:00","12/31/9999 00:00:00","False","Batch","02/16/2013 06:11:35","BATCH","04/14/2026 00:00:00","PVS_XP_2091","023","M733","A","20130215","20130218","精神病棟入院基本料７　５：１看護補助　減算"
"02/18/2013 00:00:00","12/31/9999 00:00:00","False","Batch","02/16/2013 06:11:35","BATCH","04/14/2026 00:00:00","PVS_XP_2091","023","M741","A","20130215","20130218","精神病棟入院基本料７　６：１看護補助　看配"
"02/18/2013 00:00:00","12/31/9999 00:00:00","False","Batch","02/16/2013 06:11:35","BATCH","04/14/2026 00:00:00","PVS_XP_2091","023","M742","A","20130215","20130218","精神病棟入院基本料７　６：１看護補助"
"02/18/2013 00:00:00","12/31/9999 00:00:00","False","Batch","02/16/2013 06:11:35","BATCH","04/14/2026 00:00:00","PVS_XP_2091","023","M743","A","20130215","20130218","精神病棟入院基本料７　６：１看護補助　減算"
"02/18/2013 00:00:00","12/31/9999 00:00:00","False","Batch","02/16/2013 06:11:35","BATCH","04/14/2026 00:00:00","PVS_XP_2091","023","M761","A","20130215","20130218","精神病棟入院基本料７　１０：１看護補助　看配"
"02/18/2013 00:00:00","12/31/9999 00:00:00","False","Batch","02/16/2013 06:11:35","BATCH","04/14/2026 00:00:00","PVS_XP_2091","023","M762","A","20130215","20130218","精神病棟入院基本料７　１０：１看護補助"
"02/18/2013 00:00:00","12/31/9999 00:00:00","False","Batch","02/16/2013 06:11:35","BATCH","04/14/2026 00:00:00","PVS_XP_2091","023","M763","A","20130215","20130218","精神病棟入院基本料７　１０：１看護補助　減算"
"02/18/2013 00:00:00","12/31/9999 00:00:00","False","Batch","02/16/2013 06:11:35","BATCH","04/14/2026 00:00:00","PVS_XP_2091","023","M781","A","20130215","20130218","精神病棟入院基本料７　１５：１看護補助　看配"
"02/18/2013 00:00:00","12/31/9999 00:00:00","False","Batch","02/16/2013 06:11:35","BATCH","04/14/2026 00:00:00","PVS_XP_2091","023","M782","A","20130215","20130218","精神病棟入院基本料７　１５：１看護補助"
"02/18/2013 00:00:00","12/31/9999 00:00:00","False","Batch","02/16/2013 06:11:35","BATCH","04/14/2026 00:00:00","PVS_XP_2091","023","M783","A","20130215","20130218","精神病棟入院基本料７　１５：１看護補助　減算"
"02/18/2013 00:00:00","12/31/9999 00:00:00","False","Batch","02/16/2013 06:11:35","BATCH","04/14/2026 00:00:00","PVS_XP_2091","023","M810","A","20130215","20130218","精神病棟特別入院基本料１"
"02/18/2013 00:00:00","12/31/9999 00:00:00","False","Batch","02/16/2013 06:11:35","BATCH","04/14/2026 00:00:00","PVS_XP_2091","023","M820","A","20130215","20130218","精神病棟特別入院基本料２"
"02/18/2013 00:00:00","12/31/9999 00:00:00","False","Batch","02/16/2013 06:11:35","BATCH","04/14/2026 00:00:00","PVS_XP_2091","023","M830","A","20130215","20130218","精神病棟特別入院基本料"
"02/18/2013 00:00:00","12/31/9999 00:00:00","False","Batch","02/16/2013 06:11:35","BATCH","04/14/2026 00:00:00","PVS_XP_2091","023","M999","A","20130215","20130218","精神病棟種別不明"
"02/18/2013 00:00:00","12/31/9999 00:00:00","False","Batch","02/16/2013 06:11:35","BATCH","04/14/2026 00:00:00","PVS_XP_2091","023","N001","A","20130215","20130218","特定機能病院一般病棟７対１入院基本料"
"02/18/2013 00:00:00","12/31/9999 00:00:00","False","Batch","02/16/2013 06:11:35","BATCH","04/14/2026 00:00:00","PVS_XP_2091","023","N002","A","20130215","20130218","特定機能病院一般病棟１０対１入院基本料"
"02/18/2013 00:00:00","12/31/9999 00:00:00","False","Batch","02/16/2013 06:11:35","BATCH","04/14/2026 00:00:00","PVS_XP_2091","023","N101","A","20130215","20130218","特定機能病院一般病棟Ⅰ群入院基本料１"
"02/18/2013 00:00:00","12/31/9999 00:00:00","False","Batch","02/16/2013 06:11:35","BATCH","04/14/2026 00:00:00","PVS_XP_2091","023","N102","A","20130215","20130218","特定機能病院一般病棟Ⅰ群入院基本料１　減算"
"02/18/2013 00:00:00","12/31/9999 00:00:00","False","Batch","02/16/2013 06:11:35","BATCH","04/14/2026 00:00:00","PVS_XP_2091","023","N201","A","20130215","20130218","特定機能病院一般病棟Ⅰ群入院基本料２"
"02/18/2013 00:00:00","12/31/9999 00:00:00","False","Batch","02/16/2013 06:11:35","BATCH","04/14/2026 00:00:00","PVS_XP_2091","023","N202","A","20130215","20130218","特定機能病院一般病棟Ⅰ群入院基本料２　減算"
"02/18/2013 00:00:00","12/31/9999 00:00:00","False","Batch","02/16/2013 06:11:35","BATCH","04/14/2026 00:00:00","PVS_XP_2091","023","N261","A","20130215","20130218","特定機能病院一般病棟Ⅰ群入院基本料２　１０：１看護補助"
"02/18/2013 00:00:00","12/31/9999 00:00:00","False","Batch","02/16/2013 06:11:35","BATCH","04/14/2026 00:00:00","PVS_XP_2091","023","N262","A","20130215","20130218","特定機能病院一般病棟Ⅰ群入院基本料２　１０：１看護補助　減算"
"02/18/2013 00:00:00","12/31/9999 00:00:00","False","Batch","02/16/2013 06:11:35","BATCH","04/14/2026 00:00:00","PVS_XP_2091","023","N281","A","20130215","20130218","特定機能病院一般病棟Ⅰ群入院基本料２　１５：１看護補助"
"02/18/2013 00:00:00","12/31/9999 00:00:00","False","Batch","02/16/2013 06:11:35","BATCH","04/14/2026 00:00:00","PVS_XP_2091","023","N282","A","20130215","20130218","特定機能病院一般病棟Ⅰ群入院基本料２　１５：１看護補助　減算"
"02/18/2013 00:00:00","12/31/9999 00:00:00","False","Batch","02/16/2013 06:11:35","BATCH","04/14/2026 00:00:00","PVS_XP_2091","023","N999","A","20130215","20130218","特定機能病院一般病棟Ⅰ群種別不明"
"02/18/2013 00:00:00","12/31/9999 00:00:00","False","Batch","02/16/2013 06:11:35","BATCH","04/14/2026 00:00:00","PVS_XP_2091","023","O101","A","20130215","20130218","特定機能病院一般病棟Ⅱ群入院基本料１"
"02/18/2013 00:00:00","12/31/9999 00:00:00","False","Batch","02/16/2013 06:11:35","BATCH","04/14/2026 00:00:00","PVS_XP_2091","023","O102","A","20130215","20130218","特定機能病院一般病棟Ⅱ群入院基本料１　減算"
"02/18/2013 00:00:00","12/31/9999 00:00:00","False","Batch","02/16/2013 06:11:35","BATCH","04/14/2026 00:00:00","PVS_XP_2091","023","O201","A","20130215","20130218","特定機能病院一般病棟Ⅱ群入院基本料２"
"02/18/2013 00:00:00","12/31/9999 00:00:00","False","Batch","02/16/2013 06:11:35","BATCH","04/14/2026 00:00:00","PVS_XP_2091","023","O202","A","20130215","20130218","特定機能病院一般病棟Ⅱ群入院基本料２　減算"
"02/18/2013 00:00:00","12/31/9999 00:00:00","False","Batch","02/16/2013 06:11:35","BATCH","04/14/2026 00:00:00","PVS_XP_2091","023","O261","A","20130215","20130218","特定機能病院一般病棟Ⅱ群入院基本料２　１０：１看護補助"
"02/18/2013 00:00:00","12/31/9999 00:00:00","False","Batch","02/16/2013 06:11:35","BATCH","04/14/2026 00:00:00","PVS_XP_2091","023","O262","A","20130215","20130218","特定機能病院一般病棟Ⅱ群入院基本料２　１０：１看護補助　減算"
"02/18/2013 00:00:00","12/31/9999 00:00:00","False","Batch","02/16/2013 06:11:35","BATCH","04/14/2026 00:00:00","PVS_XP_2091","023","O281","A","20130215","20130218","特定機能病院一般病棟Ⅱ群入院基本料２　１５：１看護補助"
"02/18/2013 00:00:00","12/31/9999 00:00:00","False","Batch","02/16/2013 06:11:35","BATCH","04/14/2026 00:00:00","PVS_XP_2091","023","O282","A","20130215","20130218","特定機能病院一般病棟Ⅱ群入院基本料２　１５：１看護補助　減算"
"02/18/2013 00:00:00","12/31/9999 00:00:00","False","Batch","02/16/2013 06:11:35","BATCH","04/14/2026 00:00:00","PVS_XP_2091","023","O301","A","20130215","20130218","特定機能病院一般病棟Ⅱ群入院基本料３"
"02/18/2013 00:00:00","12/31/9999 00:00:00","False","Batch","02/16/2013 06:11:35","BATCH","04/14/2026 00:00:00","PVS_XP_2091","023","O302","A","20130215","20130218","特定機能病院一般病棟Ⅱ群入院基本料３　減算"
"02/18/2013 00:00:00","12/31/9999 00:00:00","False","Batch","02/16/2013 06:11:35","BATCH","04/14/2026 00:00:00","PVS_XP_2091","023","O341","A","20130215","20130218","特定機能病院一般病棟Ⅱ群入院基本料３　６：１看護補助"
"02/18/2013 00:00:00","12/31/9999 00:00:00","False","Batch","02/16/2013 06:11:35","BATCH","04/14/2026 00:00:00","PVS_XP_2091","023","O342","A","20130215","20130218","特定機能病院一般病棟Ⅱ群入院基本料３　６：１看護補助　減算"
"02/18/2013 00:00:00","12/31/9999 00:00:00","False","Batch","02/16/2013 06:11:35","BATCH","04/14/2026 00:00:00","PVS_XP_2091","023","O361","A","20130215","20130218","特定機能病院一般病棟Ⅱ群入院基本料３　１０：１看護補助"
"02/18/2013 00:00:00","12/31/9999 00:00:00","False","Batch","02/16/2013 06:11:35","BATCH","04/14/2026 00:00:00","PVS_XP_2091","023","O362","A","20130215","20130218","特定機能病院一般病棟Ⅱ群入院基本料３　１０：１看護補助　減算"
"02/18/2013 00:00:00","12/31/9999 00:00:00","False","Batch","02/16/2013 06:11:35","BATCH","04/14/2026 00:00:00","PVS_XP_2091","023","O381","A","20130215","20130218","特定機能病院一般病棟Ⅱ群入院基本料３　１５：１看護補助"
"02/18/2013 00:00:00","12/31/9999 00:00:00","False","Batch","02/16/2013 06:11:35","BATCH","04/14/2026 00:00:00","PVS_XP_2091","023","O382","A","20130215","20130218","特定機能病院一般病棟Ⅱ群入院基本料３　１５：１看護補助　減算"
"02/18/2013 00:00:00","12/31/9999 00:00:00","False","Batch","02/16/2013 06:11:35","BATCH","04/14/2026 00:00:00","PVS_XP_2091","023","O999","A","20130215","20130218","特定機能病院一般病棟Ⅱ群種別不明"
"02/18/2013 00:00:00","12/31/9999 00:00:00","False","Batch","02/16/2013 06:11:35","BATCH","04/14/2026 00:00:00","PVS_XP_2091","023","P001","A","20130215","20130218","特定機能病院結核病棟７対１入院基本料"
"02/18/2013 00:00:00","12/31/9999 00:00:00","False","Batch","02/16/2013 06:11:35","BATCH","04/14/2026 00:00:00","PVS_XP_2091","023","P002","A","20130215","20130218","特定機能病院結核病棟１０対１入院基本料"
"02/18/2013 00:00:00","12/31/9999 00:00:00","False","Batch","02/16/2013 06:11:35","BATCH","04/14/2026 00:00:00","PVS_XP_2091","023","P003","A","20130215","20130218","特定機能病院結核病棟１３対１入院基本料"
"02/18/2013 00:00:00","12/31/9999 00:00:00","False","Batch","02/16/2013 06:11:35","BATCH","04/14/2026 00:00:00","PVS_XP_2091","023","P004","A","20130215","20130218","特定機能病院結核病棟１３対１入院基本料　５０：１看護補助"
"02/18/2013 00:00:00","12/31/9999 00:00:00","False","Batch","02/16/2013 06:11:35","BATCH","04/14/2026 00:00:00","PVS_XP_2091","023","P005","A","20130215","20130218","特定機能病院結核病棟１３対１入院基本料　７５：１看護補助"
"02/18/2013 00:00:00","12/31/9999 00:00:00","False","Batch","02/16/2013 06:11:35","BATCH","04/14/2026 00:00:00","PVS_XP_2091","023","P006","A","20130215","20130218","特定機能病院結核病棟１５対１入院基本料"
"02/18/2013 00:00:00","12/31/9999 00:00:00","False","Batch","02/16/2013 06:11:35","BATCH","04/14/2026 00:00:00","PVS_XP_2091","023","P007","A","20130215","20130218","特定機能病院結核病棟１５対１入院基本料　３０：１看護補助"
"02/18/2013 00:00:00","12/31/9999 00:00:00","False","Batch","02/16/2013 06:11:35","BATCH","04/14/2026 00:00:00","PVS_XP_2091","023","P008","A","20130215","20130218","特定機能病院結核病棟１５対１入院基本料　５０：１看護補助"
"02/18/2013 00:00:00","12/31/9999 00:00:00","False","Batch","02/16/2013 06:11:35","BATCH","04/14/2026 00:00:00","PVS_XP_2091","023","P009","A","20130215","20130218","特定機能病院結核病棟１５対１入院基本料　７５：１看護補助"
"02/18/2013 00:00:00","12/31/9999 00:00:00","False","Batch","02/16/2013 06:11:35","BATCH","04/14/2026 00:00:00","PVS_XP_2091","023","P101","A","20130215","20130218","特定機能病院結核病棟Ⅰ群入院基本料１"
"02/18/2013 00:00:00","12/31/9999 00:00:00","False","Batch","02/16/2013 06:11:35","BATCH","04/14/2026 00:00:00","PVS_XP_2091","023","P102","A","20130215","20130218","特定機能病院結核病棟Ⅰ群入院基本料１　減算"
"02/18/2013 00:00:00","12/31/9999 00:00:00","False","Batch","02/16/2013 06:11:35","BATCH","04/14/2026 00:00:00","PVS_XP_2091","023","P201","A","20130215","20130218","特定機能病院結核病棟Ⅰ群入院基本料２"
"02/18/2013 00:00:00","12/31/9999 00:00:00","False","Batch","02/16/2013 06:11:35","BATCH","04/14/2026 00:00:00","PVS_XP_2091","023","P202","A","20130215","20130218","特定機能病院結核病棟Ⅰ群入院基本料２　減算"
"02/18/2013 00:00:00","12/31/9999 00:00:00","False","Batch","02/16/2013 06:11:35","BATCH","04/14/2026 00:00:00","PVS_XP_2091","023","P261","A","20130215","20130218","特定機能病院結核病棟Ⅰ群入院基本料２　１０：１看護補助"
"02/18/2013 00:00:00","12/31/9999 00:00:00","False","Batch","02/16/2013 06:11:35","BATCH","04/14/2026 00:00:00","PVS_XP_2091","023","P262","A","20130215","20130218","特定機能病院結核病棟Ⅰ群入院基本料２　１０：１看護補助　減算"
"02/18/2013 00:00:00","12/31/9999 00:00:00","False","Batch","02/16/2013 06:11:35","BATCH","04/14/2026 00:00:00","PVS_XP_2091","023","P281","A","20130215","20130218","特定機能病院結核病棟Ⅰ群入院基本料２　１５：１看護補助"
"02/18/2013 00:00:00","12/31/9999 00:00:00","False","Batch","02/16/2013 06:11:35","BATCH","04/14/2026 00:00:00","PVS_XP_2091","023","P282","A","20130215","20130218","特定機能病院結核病棟Ⅰ群入院基本料２　１５：１看護補助　減算"
"02/18/2013 00:00:00","12/31/9999 00:00:00","False","Batch","02/16/2013 06:11:35","BATCH","04/14/2026 00:00:00","PVS_XP_2091","023","P999","A","20130215","20130218","特定機能病院結核病棟Ⅰ群種別不明"
"02/18/2013 00:00:00","12/31/9999 00:00:00","False","Batch","02/16/2013 06:11:35","BATCH","04/14/2026 00:00:00","PVS_XP_2091","023","Q101","A","20130215","20130218","特定機能病院結核病棟Ⅱ群入院基本料１"
"02/18/2013 00:00:00","12/31/9999 00:00:00","False","Batch","02/16/2013 06:11:35","BATCH","04/14/2026 00:00:00","PVS_XP_2091","023","Q102","A","20130215","20130218","特定機能病院結核病棟Ⅱ群入院基本料１　減算"
"02/18/2013 00:00:00","12/31/9999 00:00:00","False","Batch","02/16/2013 06:11:35","BATCH","04/14/2026 00:00:00","PVS_XP_2091","023","Q201","A","20130215","20130218","特定機能病院結核病棟Ⅱ群入院基本料２"
"02/18/2013 00:00:00","12/31/9999 00:00:00","False","Batch","02/16/2013 06:11:35","BATCH","04/14/2026 00:00:00","PVS_XP_2091","023","Q202","A","20130215","20130218","特定機能病院結核病棟Ⅱ群入院基本料２　減算"
"02/18/2013 00:00:00","12/31/9999 00:00:00","False","Batch","02/16/2013 06:11:35","BATCH","04/14/2026 00:00:00","PVS_XP_2091","023","Q261","A","20130215","20130218","特定機能病院結核病棟Ⅱ群入院基本料２　１０：１看護補助"
"02/18/2013 00:00:00","12/31/9999 00:00:00","False","Batch","02/16/2013 06:11:35","BATCH","04/14/2026 00:00:00","PVS_XP_2091","023","Q262","A","20130215","20130218","特定機能病院結核病棟Ⅱ群入院基本料２　１０：１看護補助　減算"
"02/18/2013 00:00:00","12/31/9999 00:00:00","False","Batch","02/16/2013 06:11:35","BATCH","04/14/2026 00:00:00","PVS_XP_2091","023","Q281","A","20130215","20130218","特定機能病院結核病棟Ⅱ群入院基本料２　１５：１看護補助"
"02/18/2013 00:00:00","12/31/9999 00:00:00","False","Batch","02/16/2013 06:11:35","BATCH","04/14/2026 00:00:00","PVS_XP_2091","023","Q282","A","20130215","20130218","特定機能病院結核病棟Ⅱ群入院基本料２　１５：１看護補助　減算"
"02/18/2013 00:00:00","12/31/9999 00:00:00","False","Batch","02/16/2013 06:11:35","BATCH","04/14/2026 00:00:00","PVS_XP_2091","023","Q301","A","20130215","20130218","特定機能病院結核病棟Ⅱ群入院基本料３"
"02/18/2013 00:00:00","12/31/9999 00:00:00","False","Batch","02/16/2013 06:11:35","BATCH","04/14/2026 00:00:00","PVS_XP_2091","023","Q302","A","20130215","20130218","特定機能病院結核病棟Ⅱ群入院基本料３　減算"
"02/18/2013 00:00:00","12/31/9999 00:00:00","False","Batch","02/16/2013 06:11:35","BATCH","04/14/2026 00:00:00","PVS_XP_2091","023","Q341","A","20130215","20130218","特定機能病院結核病棟Ⅱ群入院基本料３　６：１看護補助"
"02/18/2013 00:00:00","12/31/9999 00:00:00","False","Batch","02/16/2013 06:11:35","BATCH","04/14/2026 00:00:00","PVS_XP_2091","023","Q342","A","20130215","20130218","特定機能病院結核病棟Ⅱ群入院基本料３　６：１看護補助　減算"
"02/18/2013 00:00:00","12/31/9999 00:00:00","False","Batch","02/16/2013 06:11:35","BATCH","04/14/2026 00:00:00","PVS_XP_2091","023","Q361","A","20130215","20130218","特定機能病院結核病棟Ⅱ群入院基本料３　１０：１看護補助"
"02/18/2013 00:00:00","12/31/9999 00:00:00","False","Batch","02/16/2013 06:11:35","BATCH","04/14/2026 00:00:00","PVS_XP_2091","023","Q362","A","20130215","20130218","特定機能病院結核病棟Ⅱ群入院基本料３　１０：１看護補助　減算"
"02/18/2013 00:00:00","12/31/9999 00:00:00","False","Batch","02/16/2013 06:11:35","BATCH","04/14/2026 00:00:00","PVS_XP_2091","023","Q381","A","20130215","20130218","特定機能病院結核病棟Ⅱ群入院基本料３　１５：１看護補助"
"02/18/2013 00:00:00","12/31/9999 00:00:00","False","Batch","02/16/2013 06:11:35","BATCH","04/14/2026 00:00:00","PVS_XP_2091","023","Q382","A","20130215","20130218","特定機能病院結核病棟Ⅱ群入院基本料３　１５：１看護補助　減算"
"02/18/2013 00:00:00","12/31/9999 00:00:00","False","Batch","02/16/2013 06:11:35","BATCH","04/14/2026 00:00:00","PVS_XP_2091","023","Q999","A","20130215","20130218","特定機能病院結核病棟Ⅱ群種別不明"
"02/18/2013 00:00:00","12/31/9999 00:00:00","False","Batch","02/16/2013 06:11:35","BATCH","04/14/2026 00:00:00","PVS_XP_2091","023","R001","A","20130215","20130218","特定機能病院精神病棟７対１入院基本料"
"02/18/2013 00:00:00","12/31/9999 00:00:00","False","Batch","02/16/2013 06:11:35","BATCH","04/14/2026 00:00:00","PVS_XP_2091","023","R002","A","20130215","20130218","特定機能病院精神病棟１０対１入院基本料"
"02/18/2013 00:00:00","12/31/9999 00:00:00","False","Batch","02/16/2013 06:11:35","BATCH","04/14/2026 00:00:00","PVS_XP_2091","023","R003","A","20130215","20130218","特定機能病院精神病棟１５対１入院基本料"
"02/18/2013 00:00:00","12/31/9999 00:00:00","False","Batch","02/16/2013 06:11:35","BATCH","04/14/2026 00:00:00","PVS_XP_2091","023","R004","A","20130215","20130218","特定機能病院精神病棟１５対１入院基本料　３０：１看護補助"
"02/18/2013 00:00:00","12/31/9999 00:00:00","False","Batch","02/16/2013 06:11:35","BATCH","04/14/2026 00:00:00","PVS_XP_2091","023","R005","A","20130215","20130218","特定機能病院精神病棟１５対１入院基本料　５０：１看護補助"
"02/18/2013 00:00:00","12/31/9999 00:00:00","False","Batch","02/16/2013 06:11:35","BATCH","04/14/2026 00:00:00","PVS_XP_2091","023","R006","A","20130215","20130218","特定機能病院精神病棟１５対１入院基本料　７５：１看護補助"
"02/18/2013 00:00:00","12/31/9999 00:00:00","False","Batch","02/16/2013 06:11:35","BATCH","04/14/2026 00:00:00","PVS_XP_2091","023","R007","A","20130215","20130218","特定機能病院精神病棟１３対１入院基本料"
"02/18/2013 00:00:00","12/31/9999 00:00:00","False","Batch","02/16/2013 06:11:35","BATCH","04/14/2026 00:00:00","PVS_XP_2091","023","R008","A","20130215","20130218","特定機能病院精神病棟１３対１入院基本料　５０：１看護補助"
"02/18/2013 00:00:00","12/31/9999 00:00:00","False","Batch","02/16/2013 06:11:35","BATCH","04/14/2026 00:00:00","PVS_XP_2091","023","R009","A","20130215","20130218","特定機能病院精神病棟１３対１入院基本料　７５：１看護補助"
"02/18/2013 00:00:00","12/31/9999 00:00:00","False","Batch","02/16/2013 06:11:35","BATCH","04/14/2026 00:00:00","PVS_XP_2091","023","R101","A","20130215","20130218","特定機能病院精神病棟Ⅰ群入院基本料１"
"02/18/2013 00:00:00","12/31/9999 00:00:00","False","Batch","02/16/2013 06:11:35","BATCH","04/14/2026 00:00:00","PVS_XP_2091","023","R102","A","20130215","20130218","特定機能病院精神病棟Ⅰ群入院基本料１　減算"
"02/18/2013 00:00:00","12/31/9999 00:00:00","False","Batch","02/16/2013 06:11:35","BATCH","04/14/2026 00:00:00","PVS_XP_2091","023","R201","A","20130215","20130218","特定機能病院精神病棟Ⅰ群入院基本料２"
"02/18/2013 00:00:00","12/31/9999 00:00:00","False","Batch","02/16/2013 06:11:35","BATCH","04/14/2026 00:00:00","PVS_XP_2091","023","R202","A","20130215","20130218","特定機能病院精神病棟Ⅰ群入院基本料２　減算"
"02/18/2013 00:00:00","12/31/9999 00:00:00","False","Batch","02/16/2013 06:11:35","BATCH","04/14/2026 00:00:00","PVS_XP_2091","023","R261","A","20130215","20130218","特定機能病院精神病棟Ⅰ群入院基本料２　１０：１看護補助"
"02/18/2013 00:00:00","12/31/9999 00:00:00","False","Batch","02/16/2013 06:11:35","BATCH","04/14/2026 00:00:00","PVS_XP_2091","023","R262","A","20130215","20130218","特定機能病院精神病棟Ⅰ群入院基本料２　１０：１看護補助　減算"
"02/18/2013 00:00:00","12/31/9999 00:00:00","False","Batch","02/16/2013 06:11:35","BATCH","04/14/2026 00:00:00","PVS_XP_2091","023","R281","A","20130215","20130218","特定機能病院精神病棟Ⅰ群入院基本料２　１５：１看護補助"
"02/18/2013 00:00:00","12/31/9999 00:00:00","False","Batch","02/16/2013 06:11:35","BATCH","04/14/2026 00:00:00","PVS_XP_2091","023","R282","A","20130215","20130218","特定機能病院精神病棟Ⅰ群入院基本料２　１５：１看護補助　減算"
"02/18/2013 00:00:00","12/31/9999 00:00:00","False","Batch","02/16/2013 06:11:35","BATCH","04/14/2026 00:00:00","PVS_XP_2091","023","R999","A","20130215","20130218","特定機能病院精神病棟Ⅰ群種別不明"
"02/18/2013 00:00:00","12/31/9999 00:00:00","False","Batch","02/16/2013 06:11:35","BATCH","04/14/2026 00:00:00","PVS_XP_2091","023","S101","A","20130215","20130218","特定機能病院精神病棟Ⅱ群入院基本料１"
"02/18/2013 00:00:00","12/31/9999 00:00:00","False","Batch","02/16/2013 06:11:35","BATCH","04/14/2026 00:00:00","PVS_XP_2091","023","S102","A","20130215","20130218","特定機能病院精神病棟Ⅱ群入院基本料１　減算"
"02/18/2013 00:00:00","12/31/9999 00:00:00","False","Batch","02/16/2013 06:11:35","BATCH","04/14/2026 00:00:00","PVS_XP_2091","023","S201","A","20130215","20130218","特定機能病院精神病棟Ⅱ群入院基本料２"
"02/18/2013 00:00:00","12/31/9999 00:00:00","False","Batch","02/16/2013 06:11:35","BATCH","04/14/2026 00:00:00","PVS_XP_2091","023","S202","A","20130215","20130218","特定機能病院精神病棟Ⅱ群入院基本料２　減算"
"02/18/2013 00:00:00","12/31/9999 00:00:00","False","Batch","02/16/2013 06:11:35","BATCH","04/14/2026 00:00:00","PVS_XP_2091","023","S261","A","20130215","20130218","特定機能病院精神病棟Ⅱ群入院基本料２　１０：１看護補助"
"02/18/2013 00:00:00","12/31/9999 00:00:00","False","Batch","02/16/2013 06:11:35","BATCH","04/14/2026 00:00:00","PVS_XP_2091","023","S262","A","20130215","20130218","特定機能病院精神病棟Ⅱ群入院基本料２　１０：１看護補助　減算"
"02/18/2013 00:00:00","12/31/9999 00:00:00","False","Batch","02/16/2013 06:11:35","BATCH","04/14/2026 00:00:00","PVS_XP_2091","023","S281","A","20130215","20130218","特定機能病院精神病棟Ⅱ群入院基本料２　１５：１看護補助"
"02/18/2013 00:00:00","12/31/9999 00:00:00","False","Batch","02/16/2013 06:11:35","BATCH","04/14/2026 00:00:00","PVS_XP_2091","023","S282","A","20130215","20130218","特定機能病院精神病棟Ⅱ群入院基本料２　１５：１看護補助　減算"
"02/18/2013 00:00:00","12/31/9999 00:00:00","False","Batch","02/16/2013 06:11:35","BATCH","04/14/2026 00:00:00","PVS_XP_2091","023","S301","A","20130215","20130218","特定機能病院精神病棟Ⅱ群入院基本料３"
"02/18/2013 00:00:00","12/31/9999 00:00:00","False","Batch","02/16/2013 06:11:35","BATCH","04/14/2026 00:00:00","PVS_XP_2091","023","S302","A","20130215","20130218","特定機能病院精神病棟Ⅱ群入院基本料３　減算"
"02/18/2013 00:00:00","12/31/9999 00:00:00","False","Batch","02/16/2013 06:11:35","BATCH","04/14/2026 00:00:00","PVS_XP_2091","023","S341","A","20130215","20130218","特定機能病院精神病棟Ⅱ群入院基本料３　６：１看護補助"
"02/18/2013 00:00:00","12/31/9999 00:00:00","False","Batch","02/16/2013 06:11:35","BATCH","04/14/2026 00:00:00","PVS_XP_2091","023","S342","A","20130215","20130218","特定機能病院精神病棟Ⅱ群入院基本料３　６：１看護補助　減算"
"02/18/2013 00:00:00","12/31/9999 00:00:00","False","Batch","02/16/2013 06:11:35","BATCH","04/14/2026 00:00:00","PVS_XP_2091","023","S361","A","20130215","20130218","特定機能病院精神病棟Ⅱ群入院基本料３　１０：１看護補助"
"02/18/2013 00:00:00","12/31/9999 00:00:00","False","Batch","02/16/2013 06:11:35","BATCH","04/14/2026 00:00:00","PVS_XP_2091","023","S362","A","20130215","20130218","特定機能病院精神病棟Ⅱ群入院基本料３　１０：１看護補助　減算"
"02/18/2013 00:00:00","12/31/9999 00:00:00","False","Batch","02/16/2013 06:11:35","BATCH","04/14/2026 00:00:00","PVS_XP_2091","023","S381","A","20130215","20130218","特定機能病院精神病棟Ⅱ群入院基本料３　１５：１看護補助"
"02/18/2013 00:00:00","12/31/9999 00:00:00","False","Batch","02/16/2013 06:11:35","BATCH","04/14/2026 00:00:00","PVS_XP_2091","023","S382","A","20130215","20130218","特定機能病院精神病棟Ⅱ群入院基本料３　１５：１看護補助　減算"
"02/18/2013 00:00:00","12/31/9999 00:00:00","False","Batch","02/16/2013 06:11:35","BATCH","04/14/2026 00:00:00","PVS_XP_2091","023","S999","A","20130215","20130218","特定機能病院精神病棟Ⅱ群種別不明"
"02/18/2013 00:00:00","12/31/9999 00:00:00","False","Batch","02/16/2013 06:11:35","BATCH","04/14/2026 00:00:00","PVS_XP_2091","023","T001","A","20130215","20130218","専門病院７対１入院基本料"
"02/18/2013 00:00:00","12/31/9999 00:00:00","False","Batch","02/16/2013 06:11:35","BATCH","04/14/2026 00:00:00","PVS_XP_2091","023","T002","A","20130215","20130218","専門病院１０対１入院基本料"
"02/18/2013 00:00:00","12/31/9999 00:00:00","False","Batch","02/16/2013 06:11:35","BATCH","04/14/2026 00:00:00","PVS_XP_2091","023","T003","A","20130215","20130218","専門病院１３対１入院基本料"
"02/18/2013 00:00:00","12/31/9999 00:00:00","False","Batch","02/16/2013 06:11:35","BATCH","04/14/2026 00:00:00","PVS_XP_2091","023","T004","A","20130215","20130218","専門病院１３対１入院基本料　５０：１看護補助"
"02/18/2013 00:00:00","12/31/9999 00:00:00","False","Batch","02/16/2013 06:11:35","BATCH","04/14/2026 00:00:00","PVS_XP_2091","023","T005","A","20130215","20130218","専門病院１３対１入院基本料　７５：１看護補助"
"02/18/2013 00:00:00","12/31/9999 00:00:00","False","Batch","02/16/2013 06:11:35","BATCH","04/14/2026 00:00:00","PVS_XP_2091","023","T006","A","20130215","20130218","専門病院準７対１入院基本料"
"02/18/2013 00:00:00","12/31/9999 00:00:00","False","Batch","02/16/2013 06:11:35","BATCH","04/14/2026 00:00:00","PVS_XP_2091","023","T007","A","20130215","20130218","専門病院１０対１入院基本料　５０：１看護補助"
"02/18/2013 00:00:00","12/31/9999 00:00:00","False","Batch","02/16/2013 06:11:35","BATCH","04/14/2026 00:00:00","PVS_XP_2091","023","T008","A","20130215","20130218","専門病院１０対１入院基本料　７５：１看護補助"
"02/18/2013 00:00:00","12/31/9999 00:00:00","False","Batch","02/16/2013 06:11:35","BATCH","04/14/2026 00:00:00","PVS_XP_2091","023","T101","A","20130215","20130218","専門病院入院基本料１"
"02/18/2013 00:00:00","12/31/9999 00:00:00","False","Batch","02/16/2013 06:11:35","BATCH","04/14/2026 00:00:00","PVS_XP_2091","023","T102","A","20130215","20130218","専門病院入院基本料１　減算"
"02/18/2013 00:00:00","12/31/9999 00:00:00","False","Batch","02/16/2013 06:11:35","BATCH","04/14/2026 00:00:00","PVS_XP_2091","023","T201","A","20130215","20130218","専門病院入院基本料２"
"02/18/2013 00:00:00","12/31/9999 00:00:00","False","Batch","02/16/2013 06:11:35","BATCH","04/14/2026 00:00:00","PVS_XP_2091","023","T202","A","20130215","20130218","専門病院入院基本料２　減算"
"02/18/2013 00:00:00","12/31/9999 00:00:00","False","Batch","02/16/2013 06:11:35","BATCH","04/14/2026 00:00:00","PVS_XP_2091","023","T261","A","20130215","20130218","専門病院入院基本料２　１０：１看護補助"
"02/18/2013 00:00:00","12/31/9999 00:00:00","False","Batch","02/16/2013 06:11:35","BATCH","04/14/2026 00:00:00","PVS_XP_2091","023","T262","A","20130215","20130218","専門病院入院基本料２　１０：１看護補助　減算"
"02/18/2013 00:00:00","12/31/9999 00:00:00","False","Batch","02/16/2013 06:11:35","BATCH","04/14/2026 00:00:00","PVS_XP_2091","023","T281","A","20130215","20130218","専門病院入院基本料２　１５：１看護補助"
"02/18/2013 00:00:00","12/31/9999 00:00:00","False","Batch","02/16/2013 06:11:35","BATCH","04/14/2026 00:00:00","PVS_XP_2091","023","T282","A","20130215","20130218","専門病院入院基本料２　１５：１看護補助　減算"
"02/18/2013 00:00:00","12/31/9999 00:00:00","False","Batch","02/16/2013 06:11:35","BATCH","04/14/2026 00:00:00","PVS_XP_2091","023","T301","A","20130215","20130218","専門病院Ⅰ群入院基本料３　看配"
"02/18/2013 00:00:00","12/31/9999 00:00:00","False","Batch","02/16/2013 06:11:35","BATCH","04/14/2026 00:00:00","PVS_XP_2091","023","T302","A","20130215","20130218","専門病院Ⅰ群入院基本料３"
"02/18/2013 00:00:00","12/31/9999 00:00:00","False","Batch","02/16/2013 06:11:35","BATCH","04/14/2026 00:00:00","PVS_XP_2091","023","T303","A","20130215","20130218","専門病院Ⅰ群入院基本料３　減算"
"02/18/2013 00:00:00","12/31/9999 00:00:00","False","Batch","02/16/2013 06:11:35","BATCH","04/14/2026 00:00:00","PVS_XP_2091","023","T341","A","20130215","20130218","専門病院Ⅰ群入院基本料３　６：１看護補助　看配"
"02/18/2013 00:00:00","12/31/9999 00:00:00","False","Batch","02/16/2013 06:11:35","BATCH","04/14/2026 00:00:00","PVS_XP_2091","023","T342","A","20130215","20130218","専門病院Ⅰ群入院基本料３　６：１看護補助"
"02/18/2013 00:00:00","12/31/9999 00:00:00","False","Batch","02/16/2013 06:11:35","BATCH","04/14/2026 00:00:00","PVS_XP_2091","023","T343","A","20130215","20130218","専門病院Ⅰ群入院基本料３　６：１看護補助　減算"
"02/18/2013 00:00:00","12/31/9999 00:00:00","False","Batch","02/16/2013 06:11:35","BATCH","04/14/2026 00:00:00","PVS_XP_2091","023","T361","A","20130215","20130218","専門病院Ⅰ群入院基本料３　１０：１看護補助　看配"
"02/18/2013 00:00:00","12/31/9999 00:00:00","False","Batch","02/16/2013 06:11:35","BATCH","04/14/2026 00:00:00","PVS_XP_2091","023","T362","A","20130215","20130218","専門病院Ⅰ群入院基本料３　１０：１看護補助"
"02/18/2013 00:00:00","12/31/9999 00:00:00","False","Batch","02/16/2013 06:11:35","BATCH","04/14/2026 00:00:00","PVS_XP_2091","023","T363","A","20130215","20130218","専門病院Ⅰ群入院基本料３　１０：１看護補助　減算"
"02/18/2013 00:00:00","12/31/9999 00:00:00","False","Batch","02/16/2013 06:11:35","BATCH","04/14/2026 00:00:00","PVS_XP_2091","023","T381","A","20130215","20130218","専門病院Ⅰ群入院基本料３　１５：１看護補助　看配"
"02/18/2013 00:00:00","12/31/9999 00:00:00","False","Batch","02/16/2013 06:11:35","BATCH","04/14/2026 00:00:00","PVS_XP_2091","023","T382","A","20130215","20130218","専門病院Ⅰ群入院基本料３　１５：１看護補助"
"02/18/2013 00:00:00","12/31/9999 00:00:00","False","Batch","02/16/2013 06:11:35","BATCH","04/14/2026 00:00:00","PVS_XP_2091","023","T383","A","20130215","20130218","専門病院Ⅰ群入院基本料３　１５：１看護補助　減算"
"02/18/2013 00:00:00","12/31/9999 00:00:00","False","Batch","02/16/2013 06:11:35","BATCH","04/14/2026 00:00:00","PVS_XP_2091","023","T401","A","20130215","20130218","専門病院Ⅰ群入院基本料４　看配"
"02/18/2013 00:00:00","12/31/9999 00:00:00","False","Batch","02/16/2013 06:11:35","BATCH","04/14/2026 00:00:00","PVS_XP_2091","023","T402","A","20130215","20130218","専門病院Ⅰ群入院基本料４"
"02/18/2013 00:00:00","12/31/9999 00:00:00","False","Batch","02/16/2013 06:11:35","BATCH","04/14/2026 00:00:00","PVS_XP_2091","023","T403","A","20130215","20130218","専門病院Ⅰ群入院基本料４　減算"
"02/18/2013 00:00:00","12/31/9999 00:00:00","False","Batch","02/16/2013 06:11:35","BATCH","04/14/2026 00:00:00","PVS_XP_2091","023","T431","A","20130215","20130218","専門病院Ⅰ群入院基本料４　５：１看護補助　看配"
"02/18/2013 00:00:00","12/31/9999 00:00:00","False","Batch","02/16/2013 06:11:35","BATCH","04/14/2026 00:00:00","PVS_XP_2091","023","T432","A","20130215","20130218","専門病院Ⅰ群入院基本料４　５：１看護補助"
"02/18/2013 00:00:00","12/31/9999 00:00:00","False","Batch","02/16/2013 06:11:35","BATCH","04/14/2026 00:00:00","PVS_XP_2091","023","T433","A","20130215","20130218","専門病院Ⅰ群入院基本料４　５：１看護補助　減算"
"02/18/2013 00:00:00","12/31/9999 00:00:00","False","Batch","02/16/2013 06:11:35","BATCH","04/14/2026 00:00:00","PVS_XP_2091","023","T441","A","20130215","20130218","専門病院Ⅰ群入院基本料４　６：１看護補助　看配"
"02/18/2013 00:00:00","12/31/9999 00:00:00","False","Batch","02/16/2013 06:11:35","BATCH","04/14/2026 00:00:00","PVS_XP_2091","023","T442","A","20130215","20130218","専門病院Ⅰ群入院基本料４　６：１看護補助"
"02/18/2013 00:00:00","12/31/9999 00:00:00","False","Batch","02/16/2013 06:11:35","BATCH","04/14/2026 00:00:00","PVS_XP_2091","023","T443","A","20130215","20130218","専門病院Ⅰ群入院基本料４　６：１看護補助　減算"
"02/18/2013 00:00:00","12/31/9999 00:00:00","False","Batch","02/16/2013 06:11:35","BATCH","04/14/2026 00:00:00","PVS_XP_2091","023","T461","A","20130215","20130218","専門病院Ⅰ群入院基本料４　１０：１看護補助　看配"
"02/18/2013 00:00:00","12/31/9999 00:00:00","False","Batch","02/16/2013 06:11:35","BATCH","04/14/2026 00:00:00","PVS_XP_2091","023","T462","A","20130215","20130218","専門病院Ⅰ群入院基本料４　１０：１看護補助"
"02/18/2013 00:00:00","12/31/9999 00:00:00","False","Batch","02/16/2013 06:11:35","BATCH","04/14/2026 00:00:00","PVS_XP_2091","023","T463","A","20130215","20130218","専門病院Ⅰ群入院基本料４　１０：１看護補助　減算"
"02/18/2013 00:00:00","12/31/9999 00:00:00","False","Batch","02/16/2013 06:11:35","BATCH","04/14/2026 00:00:00","PVS_XP_2091","023","T481","A","20130215","20130218","専門病院Ⅰ群入院基本料４　１５：１看護補助　看配"
"02/18/2013 00:00:00","12/31/9999 00:00:00","False","Batch","02/16/2013 06:11:35","BATCH","04/14/2026 00:00:00","PVS_XP_2091","023","T482","A","20130215","20130218","専門病院Ⅰ群入院基本料４　１５：１看護補助"
"02/18/2013 00:00:00","12/31/9999 00:00:00","False","Batch","02/16/2013 06:11:35","BATCH","04/14/2026 00:00:00","PVS_XP_2091","023","T483","A","20130215","20130218","専門病院Ⅰ群入院基本料４　１５：１看護補助　減算"
"02/18/2013 00:00:00","12/31/9999 00:00:00","False","Batch","02/16/2013 06:11:35","BATCH","04/14/2026 00:00:00","PVS_XP_2091","023","T501","A","20130215","20130218","専門病院Ⅰ群入院基本料５　看配"
"02/18/2013 00:00:00","12/31/9999 00:00:00","False","Batch","02/16/2013 06:11:35","BATCH","04/14/2026 00:00:00","PVS_XP_2091","023","T502","A","20130215","20130218","専門病院Ⅰ群入院基本料５"
"02/18/2013 00:00:00","12/31/9999 00:00:00","False","Batch","02/16/2013 06:11:35","BATCH","04/14/2026 00:00:00","PVS_XP_2091","023","T503","A","20130215","20130218","専門病院Ⅰ群入院基本料５　減算"
"02/18/2013 00:00:00","12/31/9999 00:00:00","False","Batch","02/16/2013 06:11:35","BATCH","04/14/2026 00:00:00","PVS_XP_2091","023","T521","A","20130215","20130218","専門病院Ⅰ群入院基本料５　４：１看護補助　看配"
"02/18/2013 00:00:00","12/31/9999 00:00:00","False","Batch","02/16/2013 06:11:35","BATCH","04/14/2026 00:00:00","PVS_XP_2091","023","T522","A","20130215","20130218","専門病院Ⅰ群入院基本料５　４：１看護補助"
"02/18/2013 00:00:00","12/31/9999 00:00:00","False","Batch","02/16/2013 06:11:35","BATCH","04/14/2026 00:00:00","PVS_XP_2091","023","T523","A","20130215","20130218","専門病院Ⅰ群入院基本料５　４：１看護補助　減算"
"02/18/2013 00:00:00","12/31/9999 00:00:00","False","Batch","02/16/2013 06:11:35","BATCH","04/14/2026 00:00:00","PVS_XP_2091","023","T531","A","20130215","20130218","専門病院Ⅰ群入院基本料５　５：１看護補助　看配"
"02/18/2013 00:00:00","12/31/9999 00:00:00","False","Batch","02/16/2013 06:11:35","BATCH","04/14/2026 00:00:00","PVS_XP_2091","023","T532","A","20130215","20130218","専門病院Ⅰ群入院基本料５　５：１看護補助"
"02/18/2013 00:00:00","12/31/9999 00:00:00","False","Batch","02/16/2013 06:11:35","BATCH","04/14/2026 00:00:00","PVS_XP_2091","023","T533","A","20130215","20130218","専門病院Ⅰ群入院基本料５　５：１看護補助　減算"
"02/18/2013 00:00:00","12/31/9999 00:00:00","False","Batch","02/16/2013 06:11:35","BATCH","04/14/2026 00:00:00","PVS_XP_2091","023","T541","A","20130215","20130218","専門病院Ⅰ群入院基本料５　６：１看護補助　看配"
"02/18/2013 00:00:00","12/31/9999 00:00:00","False","Batch","02/16/2013 06:11:35","BATCH","04/14/2026 00:00:00","PVS_XP_2091","023","T542","A","20130215","20130218","専門病院Ⅰ群入院基本料５　６：１看護補助"
"02/18/2013 00:00:00","12/31/9999 00:00:00","False","Batch","02/16/2013 06:11:35","BATCH","04/14/2026 00:00:00","PVS_XP_2091","023","T543","A","20130215","20130218","専門病院Ⅰ群入院基本料５　６：１看護補助　減算"
"02/18/2013 00:00:00","12/31/9999 00:00:00","False","Batch","02/16/2013 06:11:35","BATCH","04/14/2026 00:00:00","PVS_XP_2091","023","T561","A","20130215","20130218","専門病院Ⅰ群入院基本料５　１０：１看護補助　看配"
"02/18/2013 00:00:00","12/31/9999 00:00:00","False","Batch","02/16/2013 06:11:35","BATCH","04/14/2026 00:00:00","PVS_XP_2091","023","T562","A","20130215","20130218","専門病院Ⅰ群入院基本料５　１０：１看護補助"
"02/18/2013 00:00:00","12/31/9999 00:00:00","False","Batch","02/16/2013 06:11:35","BATCH","04/14/2026 00:00:00","PVS_XP_2091","023","T563","A","20130215","20130218","専門病院Ⅰ群入院基本料５　１０：１看護補助　減算"
"02/18/2013 00:00:00","12/31/9999 00:00:00","False","Batch","02/16/2013 06:11:35","BATCH","04/14/2026 00:00:00","PVS_XP_2091","023","T581","A","20130215","20130218","専門病院Ⅰ群入院基本料５　１５：１看護補助　看配"
"02/18/2013 00:00:00","12/31/9999 00:00:00","False","Batch","02/16/2013 06:11:35","BATCH","04/14/2026 00:00:00","PVS_XP_2091","023","T582","A","20130215","20130218","専門病院Ⅰ群入院基本料５　１５：１看護補助"
"02/18/2013 00:00:00","12/31/9999 00:00:00","False","Batch","02/16/2013 06:11:35","BATCH","04/14/2026 00:00:00","PVS_XP_2091","023","T583","A","20130215","20130218","専門病院Ⅰ群入院基本料５　１５：１看護補助　減算"
"02/18/2013 00:00:00","12/31/9999 00:00:00","False","Batch","02/16/2013 06:11:35","BATCH","04/14/2026 00:00:00","PVS_XP_2091","023","T999","A","20130215","20130218","専門病院種別不明"
"02/18/2013 00:00:00","12/31/9999 00:00:00","False","Batch","02/16/2013 06:11:35","BATCH","04/14/2026 00:00:00","PVS_XP_2091","023","U101","A","20130215","20130218","専門病院Ⅱ群入院基本料１"
"02/18/2013 00:00:00","12/31/9999 00:00:00","False","Batch","02/16/2013 06:11:35","BATCH","04/14/2026 00:00:00","PVS_XP_2091","023","U102","A","20130215","20130218","専門病院Ⅱ群入院基本料１　減算"
"02/18/2013 00:00:00","12/31/9999 00:00:00","False","Batch","02/16/2013 06:11:35","BATCH","04/14/2026 00:00:00","PVS_XP_2091","023","U201","A","20130215","20130218","専門病院Ⅱ群入院基本料２"
"02/18/2013 00:00:00","12/31/9999 00:00:00","False","Batch","02/16/2013 06:11:35","BATCH","04/14/2026 00:00:00","PVS_XP_2091","023","U202","A","20130215","20130218","専門病院Ⅱ群入院基本料２　減算"
"02/18/2013 00:00:00","12/31/9999 00:00:00","False","Batch","02/16/2013 06:11:35","BATCH","04/14/2026 00:00:00","PVS_XP_2091","023","U261","A","20130215","20130218","専門病院Ⅱ群入院基本料２　１０：１看護補助"
"02/18/2013 00:00:00","12/31/9999 00:00:00","False","Batch","02/16/2013 06:11:35","BATCH","04/14/2026 00:00:00","PVS_XP_2091","023","U262","A","20130215","20130218","専門病院Ⅱ群入院基本料２　１０：１看護補助　減算"
"02/18/2013 00:00:00","12/31/9999 00:00:00","False","Batch","02/16/2013 06:11:35","BATCH","04/14/2026 00:00:00","PVS_XP_2091","023","U281","A","20130215","20130218","専門病院Ⅱ群入院基本料２　１５：１看護補助"
"02/18/2013 00:00:00","12/31/9999 00:00:00","False","Batch","02/16/2013 06:11:35","BATCH","04/14/2026 00:00:00","PVS_XP_2091","023","U282","A","20130215","20130218","専門病院Ⅱ群入院基本料２　１５：１看護補助　減算"
"02/18/2013 00:00:00","12/31/9999 00:00:00","False","Batch","02/16/2013 06:11:35","BATCH","04/14/2026 00:00:00","PVS_XP_2091","023","U301","A","20130215","20130218","専門病院Ⅱ群入院基本料３　看配"
"02/18/2013 00:00:00","12/31/9999 00:00:00","False","Batch","02/16/2013 06:11:35","BATCH","04/14/2026 00:00:00","PVS_XP_2091","023","U302","A","20130215","20130218","専門病院Ⅱ群入院基本料３"
"02/18/2013 00:00:00","12/31/9999 00:00:00","False","Batch","02/16/2013 06:11:35","BATCH","04/14/2026 00:00:00","PVS_XP_2091","023","U303","A","20130215","20130218","専門病院Ⅱ群入院基本料３　減算"
"02/18/2013 00:00:00","12/31/9999 00:00:00","False","Batch","02/16/2013 06:11:35","BATCH","04/14/2026 00:00:00","PVS_XP_2091","023","U341","A","20130215","20130218","専門病院Ⅱ群入院基本料３　６：１看護補助　看配"
"02/18/2013 00:00:00","12/31/9999 00:00:00","False","Batch","02/16/2013 06:11:35","BATCH","04/14/2026 00:00:00","PVS_XP_2091","023","U342","A","20130215","20130218","専門病院Ⅱ群入院基本料３　６：１看護補助"
"02/18/2013 00:00:00","12/31/9999 00:00:00","False","Batch","02/16/2013 06:11:35","BATCH","04/14/2026 00:00:00","PVS_XP_2091","023","U343","A","20130215","20130218","専門病院Ⅱ群入院基本料３　６：１看護補助　減算"
"02/18/2013 00:00:00","12/31/9999 00:00:00","False","Batch","02/16/2013 06:11:35","BATCH","04/14/2026 00:00:00","PVS_XP_2091","023","U361","A","20130215","20130218","専門病院Ⅱ群入院基本料３　１０：１看護補助　看配"
"02/18/2013 00:00:00","12/31/9999 00:00:00","False","Batch","02/16/2013 06:11:35","BATCH","04/14/2026 00:00:00","PVS_XP_2091","023","U362","A","20130215","20130218","専門病院Ⅱ群入院基本料３　１０：１看護補助"
"02/18/2013 00:00:00","12/31/9999 00:00:00","False","Batch","02/16/2013 06:11:35","BATCH","04/14/2026 00:00:00","PVS_XP_2091","023","U363","A","20130215","20130218","専門病院Ⅱ群入院基本料３　１０：１看護補助　減算"
"02/18/2013 00:00:00","12/31/9999 00:00:00","False","Batch","02/16/2013 06:11:35","BATCH","04/14/2026 00:00:00","PVS_XP_2091","023","U381","A","20130215","20130218","専門病院Ⅱ群入院基本料３　１５：１看護補助　看配"
"02/18/2013 00:00:00","12/31/9999 00:00:00","False","Batch","02/16/2013 06:11:35","BATCH","04/14/2026 00:00:00","PVS_XP_2091","023","U382","A","20130215","20130218","専門病院Ⅱ群入院基本料３　１５：１看護補助"
"02/18/2013 00:00:00","12/31/9999 00:00:00","False","Batch","02/16/2013 06:11:35","BATCH","04/14/2026 00:00:00","PVS_XP_2091","023","U383","A","20130215","20130218","専門病院Ⅱ群入院基本料３　１５：１看護補助　減算"
"02/18/2013 00:00:00","12/31/9999 00:00:00","False","Batch","02/16/2013 06:11:35","BATCH","04/14/2026 00:00:00","PVS_XP_2091","023","U401","A","20130215","20130218","専門病院Ⅱ群入院基本料４　看配"
"02/18/2013 00:00:00","12/31/9999 00:00:00","False","Batch","02/16/2013 06:11:35","BATCH","04/14/2026 00:00:00","PVS_XP_2091","023","U402","A","20130215","20130218","専門病院Ⅱ群入院基本料４"
"02/18/2013 00:00:00","12/31/9999 00:00:00","False","Batch","02/16/2013 06:11:35","BATCH","04/14/2026 00:00:00","PVS_XP_2091","023","U403","A","20130215","20130218","専門病院Ⅱ群入院基本料４　減算"
"02/18/2013 00:00:00","12/31/9999 00:00:00","False","Batch","02/16/2013 06:11:35","BATCH","04/14/2026 00:00:00","PVS_XP_2091","023","U431","A","20130215","20130218","専門病院Ⅱ群入院基本料４　５：１看護補助　看配"
"02/18/2013 00:00:00","12/31/9999 00:00:00","False","Batch","02/16/2013 06:11:35","BATCH","04/14/2026 00:00:00","PVS_XP_2091","023","U432","A","20130215","20130218","専門病院Ⅱ群入院基本料４　５：１看護補助"
"02/18/2013 00:00:00","12/31/9999 00:00:00","False","Batch","02/16/2013 06:11:35","BATCH","04/14/2026 00:00:00","PVS_XP_2091","023","U433","A","20130215","20130218","専門病院Ⅱ群入院基本料４　５：１看護補助　減算"
"02/18/2013 00:00:00","12/31/9999 00:00:00","False","Batch","02/16/2013 06:11:35","BATCH","04/14/2026 00:00:00","PVS_XP_2091","023","U441","A","20130215","20130218","専門病院Ⅱ群入院基本料４　６：１看護補助　看配"
"02/18/2013 00:00:00","12/31/9999 00:00:00","False","Batch","02/16/2013 06:11:35","BATCH","04/14/2026 00:00:00","PVS_XP_2091","023","U442","A","20130215","20130218","専門病院Ⅱ群入院基本料４　６：１看護補助"
"02/18/2013 00:00:00","12/31/9999 00:00:00","False","Batch","02/16/2013 06:11:35","BATCH","04/14/2026 00:00:00","PVS_XP_2091","023","U443","A","20130215","20130218","専門病院Ⅱ群入院基本料４　６：１看護補助　減算"
"02/18/2013 00:00:00","12/31/9999 00:00:00","False","Batch","02/16/2013 06:11:35","BATCH","04/14/2026 00:00:00","PVS_XP_2091","023","U461","A","20130215","20130218","専門病院Ⅱ群入院基本料４　１０：１看護補助　看配"
"02/18/2013 00:00:00","12/31/9999 00:00:00","False","Batch","02/16/2013 06:11:35","BATCH","04/14/2026 00:00:00","PVS_XP_2091","023","U462","A","20130215","20130218","専門病院Ⅱ群入院基本料４　１０：１看護補助"
"02/18/2013 00:00:00","12/31/9999 00:00:00","False","Batch","02/16/2013 06:11:35","BATCH","04/14/2026 00:00:00","PVS_XP_2091","023","U463","A","20130215","20130218","専門病院Ⅱ群入院基本料４　１０：１看護補助　減算"
"02/18/2013 00:00:00","12/31/9999 00:00:00","False","Batch","02/16/2013 06:11:35","BATCH","04/14/2026 00:00:00","PVS_XP_2091","023","U481","A","20130215","20130218","専門病院Ⅱ群入院基本料４　１５：１看護補助　看配"
"02/18/2013 00:00:00","12/31/9999 00:00:00","False","Batch","02/16/2013 06:11:35","BATCH","04/14/2026 00:00:00","PVS_XP_2091","023","U482","A","20130215","20130218","専門病院Ⅱ群入院基本料４　１５：１看護補助"
"02/18/2013 00:00:00","12/31/9999 00:00:00","False","Batch","02/16/2013 06:11:35","BATCH","04/14/2026 00:00:00","PVS_XP_2091","023","U483","A","20130215","20130218","専門病院Ⅱ群入院基本料４　１５：１看護補助　減算"
"02/18/2013 00:00:00","12/31/9999 00:00:00","False","Batch","02/16/2013 06:11:35","BATCH","04/14/2026 00:00:00","PVS_XP_2091","023","U501","A","20130215","20130218","専門病院Ⅱ群入院基本料５　看配"
"02/18/2013 00:00:00","12/31/9999 00:00:00","False","Batch","02/16/2013 06:11:35","BATCH","04/14/2026 00:00:00","PVS_XP_2091","023","U502","A","20130215","20130218","専門病院Ⅱ群入院基本料５"
"02/18/2013 00:00:00","12/31/9999 00:00:00","False","Batch","02/16/2013 06:11:35","BATCH","04/14/2026 00:00:00","PVS_XP_2091","023","U503","A","20130215","20130218","専門病院Ⅱ群入院基本料５　減算"
"02/18/2013 00:00:00","12/31/9999 00:00:00","False","Batch","02/16/2013 06:11:35","BATCH","04/14/2026 00:00:00","PVS_XP_2091","023","U521","A","20130215","20130218","専門病院Ⅱ群入院基本料５　４：１看護補助　看配"
"02/18/2013 00:00:00","12/31/9999 00:00:00","False","Batch","02/16/2013 06:11:35","BATCH","04/14/2026 00:00:00","PVS_XP_2091","023","U522","A","20130215","20130218","専門病院Ⅱ群入院基本料５　４：１看護補助"
"02/18/2013 00:00:00","12/31/9999 00:00:00","False","Batch","02/16/2013 06:11:35","BATCH","04/14/2026 00:00:00","PVS_XP_2091","023","U523","A","20130215","20130218","専門病院Ⅱ群入院基本料５　４：１看護補助　減算"
"02/18/2013 00:00:00","12/31/9999 00:00:00","False","Batch","02/16/2013 06:11:35","BATCH","04/14/2026 00:00:00","PVS_XP_2091","023","U531","A","20130215","20130218","専門病院Ⅱ群入院基本料５　５：１看護補助　看配"
"02/18/2013 00:00:00","12/31/9999 00:00:00","False","Batch","02/16/2013 06:11:35","BATCH","04/14/2026 00:00:00","PVS_XP_2091","023","U532","A","20130215","20130218","専門病院Ⅱ群入院基本料５　５：１看護補助"
"02/18/2013 00:00:00","12/31/9999 00:00:00","False","Batch","02/16/2013 06:11:35","BATCH","04/14/2026 00:00:00","PVS_XP_2091","023","U533","A","20130215","20130218","専門病院Ⅱ群入院基本料５　５：１看護補助　減算"
"02/18/2013 00:00:00","12/31/9999 00:00:00","False","Batch","02/16/2013 06:11:35","BATCH","04/14/2026 00:00:00","PVS_XP_2091","023","U541","A","20130215","20130218","専門病院Ⅱ群入院基本料５　６：１看護補助　看配"
"02/18/2013 00:00:00","12/31/9999 00:00:00","False","Batch","02/16/2013 06:11:35","BATCH","04/14/2026 00:00:00","PVS_XP_2091","023","U542","A","20130215","20130218","専門病院Ⅱ群入院基本料５　６：１看護補助"
"02/18/2013 00:00:00","12/31/9999 00:00:00","False","Batch","02/16/2013 06:11:35","BATCH","04/14/2026 00:00:00","PVS_XP_2091","023","U543","A","20130215","20130218","専門病院Ⅱ群入院基本料５　６：１看護補助　減算"
"02/18/2013 00:00:00","12/31/9999 00:00:00","False","Batch","02/16/2013 06:11:35","BATCH","04/14/2026 00:00:00","PVS_XP_2091","023","U561","A","20130215","20130218","専門病院Ⅱ群入院基本料５　１０：１看護補助　看配"
"02/18/2013 00:00:00","12/31/9999 00:00:00","False","Batch","02/16/2013 06:11:35","BATCH","04/14/2026 00:00:00","PVS_XP_2091","023","U562","A","20130215","20130218","専門病院Ⅱ群入院基本料５　１０：１看護補助"
"02/18/2013 00:00:00","12/31/9999 00:00:00","False","Batch","02/16/2013 06:11:35","BATCH","04/14/2026 00:00:00","PVS_XP_2091","023","U563","A","20130215","20130218","専門病院Ⅱ群入院基本料５　１０：１看護補助　減算"
"02/18/2013 00:00:00","12/31/9999 00:00:00","False","Batch","02/16/2013 06:11:35","BATCH","04/14/2026 00:00:00","PVS_XP_2091","023","U581","A","20130215","20130218","専門病院Ⅱ群入院基本料５　１５：１看護補助　看配"
"02/18/2013 00:00:00","12/31/9999 00:00:00","False","Batch","02/16/2013 06:11:35","BATCH","04/14/2026 00:00:00","PVS_XP_2091","023","U582","A","20130215","20130218","専門病院Ⅱ群入院基本料５　１５：１看護補助"
"02/18/2013 00:00:00","12/31/9999 00:00:00","False","Batch","02/16/2013 06:11:35","BATCH","04/14/2026 00:00:00","PVS_XP_2091","023","U583","A","20130215","20130218","専門病院Ⅱ群入院基本料５　１５：１看護補助　減算"
"02/18/2013 00:00:00","12/31/9999 00:00:00","False","Batch","02/16/2013 06:11:35","BATCH","04/14/2026 00:00:00","PVS_XP_2091","023","U999","A","20130215","20130218","専門病院Ⅱ群種別不明"
"02/18/2013 00:00:00","12/31/9999 00:00:00","False","Batch","02/16/2013 06:11:35","BATCH","04/14/2026 00:00:00","PVS_XP_2091","023","V101","A","20130215","20130218","障害者施設等Ⅰ群入院基本料１"
"02/18/2013 00:00:00","12/31/9999 00:00:00","False","Batch","02/16/2013 06:11:35","BATCH","04/14/2026 00:00:00","PVS_XP_2091","023","V102","A","20130215","20130218","障害者施設等Ⅰ群入院基本料１　減算"
"02/18/2013 00:00:00","12/31/9999 00:00:00","False","Batch","02/16/2013 06:11:35","BATCH","04/14/2026 00:00:00","PVS_XP_2091","023","V201","A","20130215","20130218","障害者施設等Ⅰ群入院基本料２"
"02/18/2013 00:00:00","12/31/9999 00:00:00","False","Batch","02/16/2013 06:11:35","BATCH","04/14/2026 00:00:00","PVS_XP_2091","023","V202","A","20130215","20130218","障害者施設等Ⅰ群入院基本料２　減算"
"02/18/2013 00:00:00","12/31/9999 00:00:00","False","Batch","02/16/2013 06:11:35","BATCH","04/14/2026 00:00:00","PVS_XP_2091","023","V261","A","20130215","20130218","障害者施設等Ⅰ群入院基本料２　１０：１看護補助"
"02/18/2013 00:00:00","12/31/9999 00:00:00","False","Batch","02/16/2013 06:11:35","BATCH","04/14/2026 00:00:00","PVS_XP_2091","023","V262","A","20130215","20130218","障害者施設等Ⅰ群入院基本料２　１０：１看護補助　減算"
"02/18/2013 00:00:00","12/31/9999 00:00:00","False","Batch","02/16/2013 06:11:35","BATCH","04/14/2026 00:00:00","PVS_XP_2091","023","V281","A","20130215","20130218","障害者施設等Ⅰ群入院基本料２　１５：１看護補助"
"02/18/2013 00:00:00","12/31/9999 00:00:00","False","Batch","02/16/2013 06:11:35","BATCH","04/14/2026 00:00:00","PVS_XP_2091","023","V282","A","20130215","20130218","障害者施設等Ⅰ群入院基本料２　１５：１看護補助　減算"
"02/18/2013 00:00:00","12/31/9999 00:00:00","False","Batch","02/16/2013 06:11:35","BATCH","04/14/2026 00:00:00","PVS_XP_2091","023","V301","A","20130215","20130218","障害者施設等Ⅰ群入院基本料３　看配"
"02/18/2013 00:00:00","12/31/9999 00:00:00","False","Batch","02/16/2013 06:11:35","BATCH","04/14/2026 00:00:00","PVS_XP_2091","023","V302","A","20130215","20130218","障害者施設等Ⅰ群入院基本料３"
"02/18/2013 00:00:00","12/31/9999 00:00:00","False","Batch","02/16/2013 06:11:35","BATCH","04/14/2026 00:00:00","PVS_XP_2091","023","V303","A","20130215","20130218","障害者施設等Ⅰ群入院基本料３　減算"
"02/18/2013 00:00:00","12/31/9999 00:00:00","False","Batch","02/16/2013 06:11:35","BATCH","04/14/2026 00:00:00","PVS_XP_2091","023","V341","A","20130215","20130218","障害者施設等Ⅰ群入院基本料３　６：１看護補助　看配"
"02/18/2013 00:00:00","12/31/9999 00:00:00","False","Batch","02/16/2013 06:11:35","BATCH","04/14/2026 00:00:00","PVS_XP_2091","023","V342","A","20130215","20130218","障害者施設等Ⅰ群入院基本料３　６：１看護補助"
"02/18/2013 00:00:00","12/31/9999 00:00:00","False","Batch","02/16/2013 06:11:35","BATCH","04/14/2026 00:00:00","PVS_XP_2091","023","V343","A","20130215","20130218","障害者施設等Ⅰ群入院基本料３　６：１看護補助　減算"
"02/18/2013 00:00:00","12/31/9999 00:00:00","False","Batch","02/16/2013 06:11:35","BATCH","04/14/2026 00:00:00","PVS_XP_2091","023","V361","A","20130215","20130218","障害者施設等Ⅰ群入院基本料３　１０：１看護補助　看配"
"02/18/2013 00:00:00","12/31/9999 00:00:00","False","Batch","02/16/2013 06:11:35","BATCH","04/14/2026 00:00:00","PVS_XP_2091","023","V362","A","20130215","20130218","障害者施設等Ⅰ群入院基本料３　１０：１看護補助"
"02/18/2013 00:00:00","12/31/9999 00:00:00","False","Batch","02/16/2013 06:11:35","BATCH","04/14/2026 00:00:00","PVS_XP_2091","023","V363","A","20130215","20130218","障害者施設等Ⅰ群入院基本料３　１０：１看護補助　減算"
"02/18/2013 00:00:00","12/31/9999 00:00:00","False","Batch","02/16/2013 06:11:35","BATCH","04/14/2026 00:00:00","PVS_XP_2091","023","V381","A","20130215","20130218","障害者施設等Ⅰ群入院基本料３　１５：１看護補助　看配"
"02/18/2013 00:00:00","12/31/9999 00:00:00","False","Batch","02/16/2013 06:11:35","BATCH","04/14/2026 00:00:00","PVS_XP_2091","023","V382","A","20130215","20130218","障害者施設等Ⅰ群入院基本料３　１５：１看護補助"
"02/18/2013 00:00:00","12/31/9999 00:00:00","False","Batch","02/16/2013 06:11:35","BATCH","04/14/2026 00:00:00","PVS_XP_2091","023","V383","A","20130215","20130218","障害者施設等Ⅰ群入院基本料３　１５：１看護補助　減算"
"02/18/2013 00:00:00","12/31/9999 00:00:00","False","Batch","02/16/2013 06:11:35","BATCH","04/14/2026 00:00:00","PVS_XP_2091","023","V401","A","20130215","20130218","障害者施設等Ⅰ群入院基本料４　看配"
"02/18/2013 00:00:00","12/31/9999 00:00:00","False","Batch","02/16/2013 06:11:35","BATCH","04/14/2026 00:00:00","PVS_XP_2091","023","V402","A","20130215","20130218","障害者施設等Ⅰ群入院基本料４"
"02/18/2013 00:00:00","12/31/9999 00:00:00","False","Batch","02/16/2013 06:11:35","BATCH","04/14/2026 00:00:00","PVS_XP_2091","023","V403","A","20130215","20130218","障害者施設等Ⅰ群入院基本料４　減算"
"02/18/2013 00:00:00","12/31/9999 00:00:00","False","Batch","02/16/2013 06:11:35","BATCH","04/14/2026 00:00:00","PVS_XP_2091","023","V431","A","20130215","20130218","障害者施設等Ⅰ群入院基本料４　５：１看護補助　看配"
"02/18/2013 00:00:00","12/31/9999 00:00:00","False","Batch","02/16/2013 06:11:35","BATCH","04/14/2026 00:00:00","PVS_XP_2091","023","V432","A","20130215","20130218","障害者施設等Ⅰ群入院基本料４　５：１看護補助"
"02/18/2013 00:00:00","12/31/9999 00:00:00","False","Batch","02/16/2013 06:11:35","BATCH","04/14/2026 00:00:00","PVS_XP_2091","023","V433","A","20130215","20130218","障害者施設等Ⅰ群入院基本料４　５：１看護補助　減算"
"02/18/2013 00:00:00","12/31/9999 00:00:00","False","Batch","02/16/2013 06:11:35","BATCH","04/14/2026 00:00:00","PVS_XP_2091","023","V441","A","20130215","20130218","障害者施設等Ⅰ群入院基本料４　６：１看護補助　看配"
"02/18/2013 00:00:00","12/31/9999 00:00:00","False","Batch","02/16/2013 06:11:35","BATCH","04/14/2026 00:00:00","PVS_XP_2091","023","V442","A","20130215","20130218","障害者施設等Ⅰ群入院基本料４　６：１看護補助"
"02/18/2013 00:00:00","12/31/9999 00:00:00","False","Batch","02/16/2013 06:11:35","BATCH","04/14/2026 00:00:00","PVS_XP_2091","023","V443","A","20130215","20130218","障害者施設等Ⅰ群入院基本料４　６：１看護補助　減算"
"02/18/2013 00:00:00","12/31/9999 00:00:00","False","Batch","02/16/2013 06:11:35","BATCH","04/14/2026 00:00:00","PVS_XP_2091","023","V461","A","20130215","20130218","障害者施設等Ⅰ群入院基本料４　１０：１看護補助　看配"
"02/18/2013 00:00:00","12/31/9999 00:00:00","False","Batch","02/16/2013 06:11:35","BATCH","04/14/2026 00:00:00","PVS_XP_2091","023","V462","A","20130215","20130218","障害者施設等Ⅰ群入院基本料４　１０：１看護補助"
"02/18/2013 00:00:00","12/31/9999 00:00:00","False","Batch","02/16/2013 06:11:35","BATCH","04/14/2026 00:00:00","PVS_XP_2091","023","V463","A","20130215","20130218","障害者施設等Ⅰ群入院基本料４　１０：１看護補助　減算"
"02/18/2013 00:00:00","12/31/9999 00:00:00","False","Batch","02/16/2013 06:11:35","BATCH","04/14/2026 00:00:00","PVS_XP_2091","023","V481","A","20130215","20130218","障害者施設等Ⅰ群入院基本料４　１５：１看護補助　看配"
"02/18/2013 00:00:00","12/31/9999 00:00:00","False","Batch","02/16/2013 06:11:35","BATCH","04/14/2026 00:00:00","PVS_XP_2091","023","V482","A","20130215","20130218","障害者施設等Ⅰ群入院基本料４　１５：１看護補助"
"02/18/2013 00:00:00","12/31/9999 00:00:00","False","Batch","02/16/2013 06:11:35","BATCH","04/14/2026 00:00:00","PVS_XP_2091","023","V483","A","20130215","20130218","障害者施設等Ⅰ群入院基本料４　１５：１看護補助　減算"
"02/18/2013 00:00:00","12/31/9999 00:00:00","False","Batch","02/16/2013 06:11:35","BATCH","04/14/2026 00:00:00","PVS_XP_2091","023","V501","A","20130215","20130218","障害者施設等Ⅰ群入院基本料５　看配"
"02/18/2013 00:00:00","12/31/9999 00:00:00","False","Batch","02/16/2013 06:11:35","BATCH","04/14/2026 00:00:00","PVS_XP_2091","023","V502","A","20130215","20130218","障害者施設等Ⅰ群入院基本料５"
"02/18/2013 00:00:00","12/31/9999 00:00:00","False","Batch","02/16/2013 06:11:35","BATCH","04/14/2026 00:00:00","PVS_XP_2091","023","V503","A","20130215","20130218","障害者施設等Ⅰ群入院基本料５　減算"
"02/18/2013 00:00:00","12/31/9999 00:00:00","False","Batch","02/16/2013 06:11:35","BATCH","04/14/2026 00:00:00","PVS_XP_2091","023","V521","A","20130215","20130218","障害者施設等Ⅰ群入院基本料５　４：１看護補助　看配"
"02/18/2013 00:00:00","12/31/9999 00:00:00","False","Batch","02/16/2013 06:11:35","BATCH","04/14/2026 00:00:00","PVS_XP_2091","023","V522","A","20130215","20130218","障害者施設等Ⅰ群入院基本料５　４：１看護補助"
"02/18/2013 00:00:00","12/31/9999 00:00:00","False","Batch","02/16/2013 06:11:35","BATCH","04/14/2026 00:00:00","PVS_XP_2091","023","V523","A","20130215","20130218","障害者施設等Ⅰ群入院基本料５　４：１看護補助　減算"
"02/18/2013 00:00:00","12/31/9999 00:00:00","False","Batch","02/16/2013 06:11:35","BATCH","04/14/2026 00:00:00","PVS_XP_2091","023","V531","A","20130215","20130218","障害者施設等Ⅰ群入院基本料５　５：１看護補助　看配"
"02/18/2013 00:00:00","12/31/9999 00:00:00","False","Batch","02/16/2013 06:11:35","BATCH","04/14/2026 00:00:00","PVS_XP_2091","023","V532","A","20130215","20130218","障害者施設等Ⅰ群入院基本料５　５：１看護補助"
"02/18/2013 00:00:00","12/31/9999 00:00:00","False","Batch","02/16/2013 06:11:35","BATCH","04/14/2026 00:00:00","PVS_XP_2091","023","V533","A","20130215","20130218","障害者施設等Ⅰ群入院基本料５　５：１看護補助　減算"
"02/18/2013 00:00:00","12/31/9999 00:00:00","False","Batch","02/16/2013 06:11:35","BATCH","04/14/2026 00:00:00","PVS_XP_2091","023","V541","A","20130215","20130218","障害者施設等Ⅰ群入院基本料５　６：１看護補助　看配"
"02/18/2013 00:00:00","12/31/9999 00:00:00","False","Batch","02/16/2013 06:11:35","BATCH","04/14/2026 00:00:00","PVS_XP_2091","023","V542","A","20130215","20130218","障害者施設等Ⅰ群入院基本料５　６：１看護補助"
"02/18/2013 00:00:00","12/31/9999 00:00:00","False","Batch","02/16/2013 06:11:35","BATCH","04/14/2026 00:00:00","PVS_XP_2091","023","V543","A","20130215","20130218","障害者施設等Ⅰ群入院基本料５　６：１看護補助　減算"
"02/18/2013 00:00:00","12/31/9999 00:00:00","False","Batch","02/16/2013 06:11:35","BATCH","04/14/2026 00:00:00","PVS_XP_2091","023","V561","A","20130215","20130218","障害者施設等Ⅰ群入院基本料５　１０：１看護補助　看配"
"02/18/2013 00:00:00","12/31/9999 00:00:00","False","Batch","02/16/2013 06:11:35","BATCH","04/14/2026 00:00:00","PVS_XP_2091","023","V562","A","20130215","20130218","障害者施設等Ⅰ群入院基本料５　１０：１看護補助"
"02/18/2013 00:00:00","12/31/9999 00:00:00","False","Batch","02/16/2013 06:11:35","BATCH","04/14/2026 00:00:00","PVS_XP_2091","023","V563","A","20130215","20130218","障害者施設等Ⅰ群入院基本料５　１０：１看護補助　減算"
"02/18/2013 00:00:00","12/31/9999 00:00:00","False","Batch","02/16/2013 06:11:35","BATCH","04/14/2026 00:00:00","PVS_XP_2091","023","V581","A","20130215","20130218","障害者施設等Ⅰ群入院基本料５　１５：１看護補助　看配"
"02/18/2013 00:00:00","12/31/9999 00:00:00","False","Batch","02/16/2013 06:11:35","BATCH","04/14/2026 00:00:00","PVS_XP_2091","023","V582","A","20130215","20130218","障害者施設等Ⅰ群入院基本料５　１５：１看護補助"
"02/18/2013 00:00:00","12/31/9999 00:00:00","False","Batch","02/16/2013 06:11:35","BATCH","04/14/2026 00:00:00","PVS_XP_2091","023","V583","A","20130215","20130218","障害者施設等Ⅰ群入院基本料５　１５：１看護補助　減算"
"02/18/2013 00:00:00","12/31/9999 00:00:00","False","Batch","02/16/2013 06:11:35","BATCH","04/14/2026 00:00:00","PVS_XP_2091","023","V999","A","20130215","20130218","障害者施設等Ⅰ群種別不明"
"02/18/2013 00:00:00","12/31/9999 00:00:00","False","Batch","02/16/2013 06:11:35","BATCH","04/14/2026 00:00:00","PVS_XP_2091","023","W001","A","20130215","20130218","障害者施設等１０対１入院基本料"
"02/18/2013 00:00:00","12/31/9999 00:00:00","False","Batch","02/16/2013 06:11:35","BATCH","04/14/2026 00:00:00","PVS_XP_2091","023","W002","A","20130215","20130218","障害者施設等１３対１入院基本料"
"02/18/2013 00:00:00","12/31/9999 00:00:00","False","Batch","02/16/2013 06:11:35","BATCH","04/14/2026 00:00:00","PVS_XP_2091","023","W003","A","20130215","20130218","障害者施設等１３対１入院基本料　５０：１看護補助"
"02/18/2013 00:00:00","12/31/9999 00:00:00","False","Batch","02/16/2013 06:11:35","BATCH","04/14/2026 00:00:00","PVS_XP_2091","023","W004","A","20130215","20130218","障害者施設等１３対１入院基本料　７５：１看護補助"
"02/18/2013 00:00:00","12/31/9999 00:00:00","False","Batch","02/16/2013 06:11:35","BATCH","04/14/2026 00:00:00","PVS_XP_2091","023","W005","A","20130215","20130218","障害者施設等１５対１入院基本料　加算"
"02/18/2013 00:00:00","12/31/9999 00:00:00","False","Batch","02/16/2013 06:11:35","BATCH","04/14/2026 00:00:00","PVS_XP_2091","023","W006","A","20130215","20130218","障害者施設等１５対１入院基本料"
"02/18/2013 00:00:00","12/31/9999 00:00:00","False","Batch","02/16/2013 06:11:35","BATCH","04/14/2026 00:00:00","PVS_XP_2091","023","W007","A","20130215","20130218","障害者施設等１５対１入院基本料　３０：１看護補助　加算"
"02/18/2013 00:00:00","12/31/9999 00:00:00","False","Batch","02/16/2013 06:11:35","BATCH","04/14/2026 00:00:00","PVS_XP_2091","023","W008","A","20130215","20130218","障害者施設等１５対１入院基本料　３０：１看護補助"
"02/18/2013 00:00:00","12/31/9999 00:00:00","False","Batch","02/16/2013 06:11:35","BATCH","04/14/2026 00:00:00","PVS_XP_2091","023","W009","A","20130215","20130218","障害者施設等１５対１入院基本料　５０：１看護補助　加算"
"02/18/2013 00:00:00","12/31/9999 00:00:00","False","Batch","02/16/2013 06:11:35","BATCH","04/14/2026 00:00:00","PVS_XP_2091","023","W010","A","20130215","20130218","障害者施設等１５対１入院基本料　５０：１看護補助"
"02/18/2013 00:00:00","12/31/9999 00:00:00","False","Batch","02/16/2013 06:11:35","BATCH","04/14/2026 00:00:00","PVS_XP_2091","023","W011","A","20130215","20130218","障害者施設等１５対１入院基本料　７５：１看護補助　加算"
"02/18/2013 00:00:00","12/31/9999 00:00:00","False","Batch","02/16/2013 06:11:35","BATCH","04/14/2026 00:00:00","PVS_XP_2091","023","W012","A","20130215","20130218","障害者施設等１５対１入院基本料　７５：１看護補助"
"02/18/2013 00:00:00","12/31/9999 00:00:00","False","Batch","02/16/2013 06:11:35","BATCH","04/14/2026 00:00:00","PVS_XP_2091","023","W013","A","20130215","20130218","障害者施設等７対１入院基本料"
"02/18/2013 00:00:00","12/31/9999 00:00:00","False","Batch","02/16/2013 06:11:35","BATCH","04/14/2026 00:00:00","PVS_XP_2091","023","W101","A","20130215","20130218","障害者施設等入院基本料１"
"02/18/2013 00:00:00","12/31/9999 00:00:00","False","Batch","02/16/2013 06:11:35","BATCH","04/14/2026 00:00:00","PVS_XP_2091","023","W102","A","20130215","20130218","障害者施設等入院基本料１　減算"
"02/18/2013 00:00:00","12/31/9999 00:00:00","False","Batch","02/16/2013 06:11:35","BATCH","04/14/2026 00:00:00","PVS_XP_2091","023","W201","A","20130215","20130218","障害者施設等入院基本料２"
"02/18/2013 00:00:00","12/31/9999 00:00:00","False","Batch","02/16/2013 06:11:35","BATCH","04/14/2026 00:00:00","PVS_XP_2091","023","W202","A","20130215","20130218","障害者施設等入院基本料２　減算"
"02/18/2013 00:00:00","12/31/9999 00:00:00","False","Batch","02/16/2013 06:11:35","BATCH","04/14/2026 00:00:00","PVS_XP_2091","023","W261","A","20130215","20130218","障害者施設等入院基本料２　１０：１看護補助"
"02/18/2013 00:00:00","12/31/9999 00:00:00","False","Batch","02/16/2013 06:11:35","BATCH","04/14/2026 00:00:00","PVS_XP_2091","023","W262","A","20130215","20130218","障害者施設等入院基本料２　１０：１看護補助　減算"
"02/18/2013 00:00:00","12/31/9999 00:00:00","False","Batch","02/16/2013 06:11:35","BATCH","04/14/2026 00:00:00","PVS_XP_2091","023","W281","A","20130215","20130218","障害者施設等入院基本料２　１５：１看護補助"
"02/18/2013 00:00:00","12/31/9999 00:00:00","False","Batch","02/16/2013 06:11:35","BATCH","04/14/2026 00:00:00","PVS_XP_2091","023","W282","A","20130215","20130218","障害者施設等入院基本料２　１５：１看護補助　減算"
"02/18/2013 00:00:00","12/31/9999 00:00:00","False","Batch","02/16/2013 06:11:35","BATCH","04/14/2026 00:00:00","PVS_XP_2091","023","W301","A","20130215","20130218","障害者施設等入院基本料３　看配"
"02/18/2013 00:00:00","12/31/9999 00:00:00","False","Batch","02/16/2013 06:11:35","BATCH","04/14/2026 00:00:00","PVS_XP_2091","023","W302","A","20130215","20130218","障害者施設等入院基本料３"
"02/18/2013 00:00:00","12/31/9999 00:00:00","False","Batch","02/16/2013 06:11:35","BATCH","04/14/2026 00:00:00","PVS_XP_2091","023","W303","A","20130215","20130218","障害者施設等入院基本料３　減算"
"02/18/2013 00:00:00","12/31/9999 00:00:00","False","Batch","02/16/2013 06:11:35","BATCH","04/14/2026 00:00:00","PVS_XP_2091","023","W341","A","20130215","20130218","障害者施設等入院基本料３　６：１看護補助　看配"
"02/18/2013 00:00:00","12/31/9999 00:00:00","False","Batch","02/16/2013 06:11:35","BATCH","04/14/2026 00:00:00","PVS_XP_2091","023","W342","A","20130215","20130218","障害者施設等入院基本料３　６：１看護補助"
"02/18/2013 00:00:00","12/31/9999 00:00:00","False","Batch","02/16/2013 06:11:35","BATCH","04/14/2026 00:00:00","PVS_XP_2091","023","W343","A","20130215","20130218","障害者施設等入院基本料３　６：１看護補助　減算"
"02/18/2013 00:00:00","12/31/9999 00:00:00","False","Batch","02/16/2013 06:11:35","BATCH","04/14/2026 00:00:00","PVS_XP_2091","023","W361","A","20130215","20130218","障害者施設等入院基本料３　１０：１看護補助　看配"
"02/18/2013 00:00:00","12/31/9999 00:00:00","False","Batch","02/16/2013 06:11:35","BATCH","04/14/2026 00:00:00","PVS_XP_2091","023","W362","A","20130215","20130218","障害者施設等入院基本料３　１０：１看護補助"
"02/18/2013 00:00:00","12/31/9999 00:00:00","False","Batch","02/16/2013 06:11:35","BATCH","04/14/2026 00:00:00","PVS_XP_2091","023","W363","A","20130215","20130218","障害者施設等入院基本料３　１０：１看護補助　減算"
"02/18/2013 00:00:00","12/31/9999 00:00:00","False","Batch","02/16/2013 06:11:35","BATCH","04/14/2026 00:00:00","PVS_XP_2091","023","W381","A","20130215","20130218","障害者施設等入院基本料３　１５：１看護補助　看配"
"02/18/2013 00:00:00","12/31/9999 00:00:00","False","Batch","02/16/2013 06:11:35","BATCH","04/14/2026 00:00:00","PVS_XP_2091","023","W382","A","20130215","20130218","障害者施設等入院基本料３　１５：１看護補助"
"02/18/2013 00:00:00","12/31/9999 00:00:00","False","Batch","02/16/2013 06:11:35","BATCH","04/14/2026 00:00:00","PVS_XP_2091","023","W383","A","20130215","20130218","障害者施設等入院基本料３　１５：１看護補助　減算"
"02/18/2013 00:00:00","12/31/9999 00:00:00","False","Batch","02/16/2013 06:11:35","BATCH","04/14/2026 00:00:00","PVS_XP_2091","023","W401","A","20130215","20130218","障害者施設等入院基本料４　看配"
"02/18/2013 00:00:00","12/31/9999 00:00:00","False","Batch","02/16/2013 06:11:35","BATCH","04/14/2026 00:00:00","PVS_XP_2091","023","W402","A","20130215","20130218","障害者施設等入院基本料４"
"02/18/2013 00:00:00","12/31/9999 00:00:00","False","Batch","02/16/2013 06:11:35","BATCH","04/14/2026 00:00:00","PVS_XP_2091","023","W403","A","20130215","20130218","障害者施設等入院基本料４　減算"
"02/18/2013 00:00:00","12/31/9999 00:00:00","False","Batch","02/16/2013 06:11:35","BATCH","04/14/2026 00:00:00","PVS_XP_2091","023","W431","A","20130215","20130218","障害者施設等入院基本料４　５：１看護補助　看配"
"02/18/2013 00:00:00","12/31/9999 00:00:00","False","Batch","02/16/2013 06:11:35","BATCH","04/14/2026 00:00:00","PVS_XP_2091","023","W432","A","20130215","20130218","障害者施設等入院基本料４　５：１看護補助"
"02/18/2013 00:00:00","12/31/9999 00:00:00","False","Batch","02/16/2013 06:11:35","BATCH","04/14/2026 00:00:00","PVS_XP_2091","023","W433","A","20130215","20130218","障害者施設等入院基本料４　５：１看護補助　減算"
"02/18/2013 00:00:00","12/31/9999 00:00:00","False","Batch","02/16/2013 06:11:35","BATCH","04/14/2026 00:00:00","PVS_XP_2091","023","W441","A","20130215","20130218","障害者施設等入院基本料４　６：１看護補助　看配"
"02/18/2013 00:00:00","12/31/9999 00:00:00","False","Batch","02/16/2013 06:11:35","BATCH","04/14/2026 00:00:00","PVS_XP_2091","023","W442","A","20130215","20130218","障害者施設等入院基本料４　６：１看護補助"
"02/18/2013 00:00:00","12/31/9999 00:00:00","False","Batch","02/16/2013 06:11:35","BATCH","04/14/2026 00:00:00","PVS_XP_2091","023","W443","A","20130215","20130218","障害者施設等入院基本料４　６：１看護補助　減算"
"02/18/2013 00:00:00","12/31/9999 00:00:00","False","Batch","02/16/2013 06:11:35","BATCH","04/14/2026 00:00:00","PVS_XP_2091","023","W461","A","20130215","20130218","障害者施設等入院基本料４　１０：１看護補助　看配"
"02/18/2013 00:00:00","12/31/9999 00:00:00","False","Batch","02/16/2013 06:11:35","BATCH","04/14/2026 00:00:00","PVS_XP_2091","023","W462","A","20130215","20130218","障害者施設等入院基本料４　１０：１看護補助"
"02/18/2013 00:00:00","12/31/9999 00:00:00","False","Batch","02/16/2013 06:11:35","BATCH","04/14/2026 00:00:00","PVS_XP_2091","023","W463","A","20130215","20130218","障害者施設等入院基本料４　１０：１看護補助　減算"
"02/18/2013 00:00:00","12/31/9999 00:00:00","False","Batch","02/16/2013 06:11:35","BATCH","04/14/2026 00:00:00","PVS_XP_2091","023","W481","A","20130215","20130218","障害者施設等入院基本料４　１５：１看護補助　看配"
"02/18/2013 00:00:00","12/31/9999 00:00:00","False","Batch","02/16/2013 06:11:35","BATCH","04/14/2026 00:00:00","PVS_XP_2091","023","W482","A","20130215","20130218","障害者施設等入院基本料４　１５：１看護補助"
"02/18/2013 00:00:00","12/31/9999 00:00:00","False","Batch","02/16/2013 06:11:35","BATCH","04/14/2026 00:00:00","PVS_XP_2091","023","W483","A","20130215","20130218","障害者施設等入院基本料４　１５：１看護補助　減算"
"02/18/2013 00:00:00","12/31/9999 00:00:00","False","Batch","02/16/2013 06:11:35","BATCH","04/14/2026 00:00:00","PVS_XP_2091","023","W501","A","20130215","20130218","障害者施設等入院基本料５　看配"
"02/18/2013 00:00:00","12/31/9999 00:00:00","False","Batch","02/16/2013 06:11:35","BATCH","04/14/2026 00:00:00","PVS_XP_2091","023","W502","A","20130215","20130218","障害者施設等入院基本料５"
"02/18/2013 00:00:00","12/31/9999 00:00:00","False","Batch","02/16/2013 06:11:35","BATCH","04/14/2026 00:00:00","PVS_XP_2091","023","W503","A","20130215","20130218","障害者施設等入院基本料５　減算"
"02/18/2013 00:00:00","12/31/9999 00:00:00","False","Batch","02/16/2013 06:11:35","BATCH","04/14/2026 00:00:00","PVS_XP_2091","023","W521","A","20130215","20130218","障害者施設等入院基本料５　４：１看護補助　看配"
"02/18/2013 00:00:00","12/31/9999 00:00:00","False","Batch","02/16/2013 06:11:35","BATCH","04/14/2026 00:00:00","PVS_XP_2091","023","W522","A","20130215","20130218","障害者施設等入院基本料５　４：１看護補助"
"02/18/2013 00:00:00","12/31/9999 00:00:00","False","Batch","02/16/2013 06:11:35","BATCH","04/14/2026 00:00:00","PVS_XP_2091","023","W523","A","20130215","20130218","障害者施設等入院基本料５　４：１看護補助　減算"
"02/18/2013 00:00:00","12/31/9999 00:00:00","False","Batch","02/16/2013 06:11:35","BATCH","04/14/2026 00:00:00","PVS_XP_2091","023","W531","A","20130215","20130218","障害者施設等入院基本料５　５：１看護補助　看配"
"02/18/2013 00:00:00","12/31/9999 00:00:00","False","Batch","02/16/2013 06:11:35","BATCH","04/14/2026 00:00:00","PVS_XP_2091","023","W532","A","20130215","20130218","障害者施設等入院基本料５　５：１看護補助"
"02/18/2013 00:00:00","12/31/9999 00:00:00","False","Batch","02/16/2013 06:11:35","BATCH","04/14/2026 00:00:00","PVS_XP_2091","023","W533","A","20130215","20130218","障害者施設等入院基本料５　５：１看護補助　減算"
"02/18/2013 00:00:00","12/31/9999 00:00:00","False","Batch","02/16/2013 06:11:35","BATCH","04/14/2026 00:00:00","PVS_XP_2091","023","W541","A","20130215","20130218","障害者施設等入院基本料５　６：１看護補助　看配"
"02/18/2013 00:00:00","12/31/9999 00:00:00","False","Batch","02/16/2013 06:11:35","BATCH","04/14/2026 00:00:00","PVS_XP_2091","023","W542","A","20130215","20130218","障害者施設等入院基本料５　６：１看護補助"
"02/18/2013 00:00:00","12/31/9999 00:00:00","False","Batch","02/16/2013 06:11:35","BATCH","04/14/2026 00:00:00","PVS_XP_2091","023","W543","A","20130215","20130218","障害者施設等入院基本料５　６：１看護補助　減算"
"02/18/2013 00:00:00","12/31/9999 00:00:00","False","Batch","02/16/2013 06:11:35","BATCH","04/14/2026 00:00:00","PVS_XP_2091","023","W561","A","20130215","20130218","障害者施設等入院基本料５　１０：１看護補助　看配"
"02/18/2013 00:00:00","12/31/9999 00:00:00","False","Batch","02/16/2013 06:11:35","BATCH","04/14/2026 00:00:00","PVS_XP_2091","023","W562","A","20130215","20130218","障害者施設等入院基本料５　１０：１看護補助"
"02/18/2013 00:00:00","12/31/9999 00:00:00","False","Batch","02/16/2013 06:11:35","BATCH","04/14/2026 00:00:00","PVS_XP_2091","023","W563","A","20130215","20130218","障害者施設等入院基本料５　１０：１看護補助　減算"
"02/18/2013 00:00:00","12/31/9999 00:00:00","False","Batch","02/16/2013 06:11:35","BATCH","04/14/2026 00:00:00","PVS_XP_2091","023","W581","A","20130215","20130218","障害者施設等入院基本料５　１５：１看護補助　看配"
"02/18/2013 00:00:00","12/31/9999 00:00:00","False","Batch","02/16/2013 06:11:35","BATCH","04/14/2026 00:00:00","PVS_XP_2091","023","W582","A","20130215","20130218","障害者施設等入院基本料５　１５：１看護補助"
"02/18/2013 00:00:00","12/31/9999 00:00:00","False","Batch","02/16/2013 06:11:35","BATCH","04/14/2026 00:00:00","PVS_XP_2091","023","W583","A","20130215","20130218","障害者施設等入院基本料５　１５：１看護補助　減算"
"02/18/2013 00:00:00","12/31/9999 00:00:00","False","Batch","02/16/2013 06:11:35","BATCH","04/14/2026 00:00:00","PVS_XP_2091","023","W999","A","20130215","20130218","障害者施設等種別不明"
"02/18/2013 00:00:00","12/31/9999 00:00:00","False","Batch","02/16/2013 06:11:35","BATCH","04/14/2026 00:00:00","PVS_XP_2091","023","X401","A","20130215","20130218","老人病棟入院基本料１"
"02/18/2013 00:00:00","12/31/9999 00:00:00","False","Batch","02/16/2013 06:11:35","BATCH","04/14/2026 00:00:00","PVS_XP_2091","023","X402","A","20130215","20130218","老人病棟入院基本料２"
"02/18/2013 00:00:00","12/31/9999 00:00:00","False","Batch","02/16/2013 06:11:35","BATCH","04/14/2026 00:00:00","PVS_XP_2091","023","X403","A","20130215","20130218","老人病棟入院基本料３"
"02/18/2013 00:00:00","12/31/9999 00:00:00","False","Batch","02/16/2013 06:11:35","BATCH","04/14/2026 00:00:00","PVS_XP_2091","023","X404","A","20130215","20130218","老人病棟入院基本料４"
"02/18/2013 00:00:00","12/31/9999 00:00:00","False","Batch","02/16/2013 06:11:35","BATCH","04/14/2026 00:00:00","PVS_XP_2091","023","X405","A","20130215","20130218","老人病棟入院基本料５"
"02/18/2013 00:00:00","12/31/9999 00:00:00","False","Batch","02/16/2013 06:11:35","BATCH","04/14/2026 00:00:00","PVS_XP_2091","023","X800","A","20130215","20130218","老人病棟特別入院基本料"
"02/18/2013 00:00:00","12/31/9999 00:00:00","False","Batch","02/16/2013 06:11:35","BATCH","04/14/2026 00:00:00","PVS_XP_2091","023","X999","A","20130215","20130218","老人病棟種別不明"
"06/09/2014 00:00:00","12/31/9999 00:00:00","False","Batch","06/06/2014 19:05:35","BATCH","04/14/2026 00:00:00","PVS_XP_2091","023","B447","A","20140604","20140607","地域包括ケア病棟入院料１及び地域包括ケア病棟入院医療管理料１"
"06/09/2014 00:00:00","12/31/9999 00:00:00","False","Batch","06/06/2014 19:05:35","BATCH","04/14/2026 00:00:00","PVS_XP_2091","023","B448","A","20140604","20140607","地域包括ケア病棟入院料２及び地域包括ケア病棟入院医療管理料２"
"05/25/2018 00:00:00","12/31/9999 00:00:00","False","Batch","05/24/2018 19:10:35","BATCH","04/14/2026 00:00:00","PVS_XP_2091","023","I101","A","20180523","20180525","療養病棟入院料１"
"05/25/2018 00:00:00","12/31/9999 00:00:00","False","Batch","05/24/2018 19:10:35","BATCH","04/14/2026 00:00:00","PVS_XP_2091","023","I102","A","20180523","20180525","療養病棟入院料２"
"06/25/2018 00:00:00","12/31/9999 00:00:00","False","Batch","06/22/2018 19:58:53","BATCH","04/14/2026 00:00:00","PVS_XP_2091","023","B441","B","20180621","20180623","【廃】回復期リハビリテーション病棟入院料３"
"06/25/2018 00:00:00","12/31/9999 00:00:00","False","Batch","06/22/2018 19:58:53","BATCH","04/14/2026 00:00:00","PVS_XP_2091","023","B443","B","20180621","20180623","【廃】回復期リハビリテーション病棟入院料２"
"06/25/2018 00:00:00","12/31/9999 00:00:00","False","Batch","06/22/2018 19:58:53","BATCH","04/14/2026 00:00:00","PVS_XP_2091","023","B445","B","20180621","20180623","【廃】回復期リハビリテーション病棟入院料１"
"06/25/2018 00:00:00","12/31/9999 00:00:00","False","Batch","06/22/2018 19:58:53","BATCH","04/14/2026 00:00:00","PVS_XP_2091","023","B501","A","20180621","20180623","地域包括ケア病棟入院料１及び地域包括ケア入院医療管理料１"
"06/25/2018 00:00:00","12/31/9999 00:00:00","False","Batch","06/22/2018 19:58:53","BATCH","04/14/2026 00:00:00","PVS_XP_2091","023","B502","A","20180621","20180623","地域包括ケア病棟入院料２及び地域包括ケア入院医療管理料２"
"06/25/2018 00:00:00","12/31/9999 00:00:00","False","Batch","06/22/2018 19:58:53","BATCH","04/14/2026 00:00:00","PVS_XP_2091","023","B503","A","20180621","20180623","地域包括ケア病棟入院料３及び地域包括ケア入院医療管理料３"
"06/25/2018 00:00:00","12/31/9999 00:00:00","False","Batch","06/22/2018 19:58:53","BATCH","04/14/2026 00:00:00","PVS_XP_2091","023","B504","A","20180621","20180623","地域包括ケア病棟入院料４及び地域包括ケア入院医療管理料４"
"06/25/2018 00:00:00","12/31/9999 00:00:00","False","Batch","06/22/2018 19:58:53","BATCH","04/14/2026 00:00:00","PVS_XP_2091","023","B505","A","20180621","20180623","回復期リハビリテーション病棟入院料１"
"06/25/2018 00:00:00","12/31/9999 00:00:00","False","Batch","06/22/2018 19:58:53","BATCH","04/14/2026 00:00:00","PVS_XP_2091","023","B506","A","20180621","20180623","回復期リハビリテーション病棟入院料２"
"06/25/2018 00:00:00","12/31/9999 00:00:00","False","Batch","06/22/2018 19:58:53","BATCH","04/14/2026 00:00:00","PVS_XP_2091","023","B507","A","20180621","20180623","回復期リハビリテーション病棟入院料３"
"06/25/2018 00:00:00","12/31/9999 00:00:00","False","Batch","06/22/2018 19:58:53","BATCH","04/14/2026 00:00:00","PVS_XP_2091","023","B508","A","20180621","20180623","回復期リハビリテーション病棟入院料４"
"06/25/2018 00:00:00","12/31/9999 00:00:00","False","Batch","06/22/2018 19:58:53","BATCH","04/14/2026 00:00:00","PVS_XP_2091","023","B509","A","20180621","20180623","回復期リハビリテーション病棟入院料５"
"06/25/2018 00:00:00","12/31/9999 00:00:00","False","Batch","06/22/2018 19:58:53","BATCH","04/14/2026 00:00:00","PVS_XP_2091","023","B510","A","20180621","20180623","回復期リハビリテーション病棟入院料６"
"06/25/2018 00:00:00","12/31/9999 00:00:00","False","Batch","06/22/2018 19:58:53","BATCH","04/14/2026 00:00:00","PVS_XP_2091","023","C601","A","20180621","20180623","急性期一般入院料１"
"06/25/2018 00:00:00","12/31/9999 00:00:00","False","Batch","06/22/2018 19:58:53","BATCH","04/14/2026 00:00:00","PVS_XP_2091","023","C602","A","20180621","20180623","急性期一般入院料２"
"06/25/2018 00:00:00","12/31/9999 00:00:00","False","Batch","06/22/2018 19:58:53","BATCH","04/14/2026 00:00:00","PVS_XP_2091","023","C603","A","20180621","20180623","急性期一般入院料３"
"06/25/2018 00:00:00","12/31/9999 00:00:00","False","Batch","06/22/2018 19:58:53","BATCH","04/14/2026 00:00:00","PVS_XP_2091","023","C604","A","20180621","20180623","急性期一般入院料４"
"06/25/2018 00:00:00","12/31/9999 00:00:00","False","Batch","06/22/2018 19:58:53","BATCH","04/14/2026 00:00:00","PVS_XP_2091","023","C605","A","20180621","20180623","急性期一般入院料５"
"06/25/2018 00:00:00","12/31/9999 00:00:00","False","Batch","06/22/2018 19:58:53","BATCH","04/14/2026 00:00:00","PVS_XP_2091","023","C606","A","20180621","20180623","急性期一般入院料６"
"06/25/2018 00:00:00","12/31/9999 00:00:00","False","Batch","06/22/2018 19:58:53","BATCH","04/14/2026 00:00:00","PVS_XP_2091","023","C607","A","20180621","20180623","急性期一般入院料７"
"06/25/2018 00:00:00","12/31/9999 00:00:00","False","Batch","06/22/2018 19:58:53","BATCH","04/14/2026 00:00:00","PVS_XP_2091","023","C608","A","20180621","20180623","地域一般入院料１"
"06/25/2018 00:00:00","12/31/9999 00:00:00","False","Batch","06/22/2018 19:58:53","BATCH","04/14/2026 00:00:00","PVS_XP_2091","023","C609","A","20180621","20180623","地域一般入院料２"
"06/25/2018 00:00:00","12/31/9999 00:00:00","False","Batch","06/22/2018 19:58:53","BATCH","04/14/2026 00:00:00","PVS_XP_2091","023","C610","A","20180621","20180623","地域一般入院料３"
"06/25/2018 00:00:00","12/31/9999 00:00:00","False","Batch","06/22/2018 19:58:53","BATCH","04/14/2026 00:00:00","PVS_XP_2091","023","D453","A","20180621","20180623","地域移行機能強化病棟入院料"
"06/27/2022 00:00:00","12/31/9999 00:00:00","False","Batch","06/24/2022 19:28:30","BATCH","04/14/2026 00:00:00","PVS_XP_2091","023","B511","A","20220623","20220625","特定機能病院リハビリテーション病棟入院料"
"06/27/2022 00:00:00","12/31/9999 00:00:00","False","Batch","06/24/2022 19:28:30","BATCH","04/14/2026 00:00:00","PVS_XP_2091","023","D450","A","20220623","20220625","精神科救急急性期医療入院料"
"08/20/2024 00:00:00","12/31/9999 00:00:00","False","Batch","08/19/2024 18:52:04","BATCH","04/14/2026 00:00:00","PVS_XP_2091","023","B481","A","20240815","20240817","新生児特定集中治療室重症児対応体制強化管理料"
"08/20/2024 00:00:00","12/31/9999 00:00:00","False","Batch","08/19/2024 18:52:04","BATCH","04/14/2026 00:00:00","PVS_XP_2091","023","B512","A","20240815","20240817","回復期リハビリテーション入院医療管理料"
"08/20/2024 00:00:00","12/31/9999 00:00:00","False","Batch","08/19/2024 18:52:04","BATCH","04/14/2026 00:00:00","PVS_XP_2091","023","B530","A","20240815","20240817","地域包括医療病棟入院料"
"08/20/2024 00:00:00","12/31/9999 00:00:00","False","Batch","08/19/2024 18:52:04","BATCH","04/14/2026 00:00:00","PVS_XP_2091","023","D461","A","20240815","20240817","精神科地域包括ケア病棟入院料"
"12/23/2024 00:00:00","12/31/9999 00:00:00","False","Batch","12/20/2024 18:52:37","BATCH","04/14/2026 00:00:00","PVS_XP_2091","023","D431","B","20241219","20241221","認知症治療病棟入院料１"
"12/23/2024 00:00:00","12/31/9999 00:00:00","False","Batch","12/20/2024 18:52:37","BATCH","04/14/2026 00:00:00","PVS_XP_2091","023","D432","B","20241219","20241221","認知症治療病棟入院料２"
