"Dairiten_CD","TekiyoKaishi_DT","TekiyoShuryo_DT","Del_FLG","Sakuseisha_ID","Sakusei_DT","SakuseiProgram_ID","Koshinsha_ID","Koshin_DT","KoshinProgram_ID","DairitenName_KJKC","DairitenName_KJ","DairitenName_KJR","DairitenName_KJK","DairitenName_KN","DairitenName_KNR","Shiten_CD","Chiku_CD","Jusho_CD","Banchi_KJ","Banchi_KN","TEL_NO","FAX_NO","DairitenKanri_KBN","Dairiten_KBN","TorihikiKaishi_DT","TorihikiChushi_DT","Toroku_DT","ChikiHokatsu_CD"
"01001","04/01/2016 00:00:00","12/31/9999 00:00:00","0","ips00023","03/29/2018 18:50:00","803001","ips00023","03/29/2018 18:50:00","803001","（株）スズケン愛生舘営業部","（株）スズケン愛生舘営業部","スズケン愛生舘営業部","Ｓ・愛生舘","S･ｱｲｾｲｶﾝ ｴｲｷﾞﾖｳﾌﾞ","ｱｲｾｲｶﾝ","48","","","","","011-721-1161","011-704-5338","","1","19000101","","19000101",""
"01003","04/01/2013 00:00:00","12/31/9999 00:00:00","0","ecld0918","03/29/2018 18:50:00","803001","ecld0918","03/29/2018 18:50:00","803001","東邦薬品（株）北海道営業部","東邦薬品（株）北海道営業部","東邦薬品北海道営業部","東邦北海道","ﾄｳﾎｳﾔｸﾋﾝKK ﾎﾂｶｲﾄﾞｳ","ﾄｳﾎｳ ﾎﾂｶｲ","48","","","","","0000-00-0000","","","1","19000101","","19000101",""
"01005","04/01/2013 00:00:00","12/31/9999 00:00:00","0","ecld0918","03/29/2018 18:50:00","803001","ecld0918","03/29/2018 18:50:00","803001","（株）モロオ","（株）モロオ","モロオ","モロオ","KK ﾓﾛｵ","ﾓﾛｵ","48","","","","","011-618-2323","011-644-0394","","1","19000101","","19000101",""
"01020","04/05/2022 00:00:00","12/31/9999 00:00:00","0","itg19647","04/05/2022 15:50:06","PVU_EX_1400","itg19647","04/05/2022 15:50:06","PVU_EX_1400","（株）ほくやく","（株）ほくやく","（株）ほくやく","ほくやく","KK ﾎｸﾔｸ","ﾎｸﾔｸ","48","","","","","011-611-1059","011-631-5125","","1","19990401","","19910304",""
"01029","04/01/2013 00:00:00","12/31/9999 00:00:00","0","ecl07870","03/29/2018 18:50:00","803001","ecl07870","03/29/2018 18:50:00","803001","北海道厚生連　医薬品課","北海道厚生連　医薬品課","厚生連　医薬品課","厚生連（医","ﾎﾂｶｲﾄﾞｳｺｳｾｲﾚﾝ ｲﾔｸﾋﾝｶ","ｺｳｾｲﾚﾝ ｲﾔｸ","48","","","","","011-231-2111","","","1","19000101","","19000101",""
"01048","01/14/2021 00:00:00","12/31/9999 00:00:00","0","itg36186","01/14/2021 15:42:49","PVU_EX_1400","itg36186","01/14/2021 15:53:23","PVU_EX_1400","（株）井田両国堂　札幌店","（株）井田両国堂　札幌店","井田両国堂　札幌店","井田　札幌","ｲﾀﾞﾘﾖｳｺﾞｸﾄﾞｳ ｻﾂﾎﾟﾛ","ｲﾀﾞ ｻﾂﾎﾟﾛ","48","","","","","011-890-1160","011-890-1165","","3","20060901","","20060822",""
"01049","03/11/2019 00:00:00","12/31/9999 00:00:00","0","itg04213","03/11/2019 09:21:41","PVU_EX_1400","itg04213","03/11/2019 09:21:41","PVU_EX_1400","（株）リードヘルスケア北海道営業部","株）リードヘルスケア北海道","リードＨＣ北海道営業","ＲＨＣ北海","KK ﾘ-ﾄﾞﾍﾙｽｹｱﾎﾂｶｲﾄﾞｳ","ﾘ-ﾄﾞﾎﾂｶｲﾄﾞ","48","","","","","011-859-5115","011-852-1123","","1","20080201","","20080227",""
"01050","04/01/2013 00:00:00","12/31/9999 00:00:00","0","ecl05053","03/29/2018 18:50:00","803001","ecl05053","03/29/2018 18:50:00","803001","（株）Ｐａｌｔａｃ北海道Ｒ","（株）Ｐａｌｔａｃ北海道Ｒ","Ｐａｌｔａｃ北海道Ｒ","ＰＴ北海道","ﾊﾟﾙﾀﾂｸKSﾎﾂｶｲﾄﾞﾄﾞｳ","PTﾎﾂｶｲﾄﾄﾞｳ","48","","","","","011-377-1313","011-377-1255","","1","20090310","","20090310",""
"01051","04/03/2025 00:00:00","12/31/9999 00:00:00","0","itg45886","04/03/2025 08:51:21","PVU_EX_1400","itg45886","04/03/2025 08:51:21","PVU_EX_1400","（株）メディセオ北海道東北統括営業部","メディセオ北海東北統括営業","メディセオ北海東北","ＭＣ北海東","ﾒﾃﾞｲｾｵ ﾎﾂｶｲﾄｳﾎｸ ﾄｳｶﾂ","MCﾎﾂｶｲﾄｳﾎｸ","48","","","","","011-210-8761","011-210-8770","","1","20091001","","20090917",""
"01053","07/01/2018 00:00:00","12/31/9999 00:00:00","0","itg04213","06/22/2018 14:50:41","PVU_EX_1400","itg04213","06/22/2018 14:50:41","PVU_EX_1400","アルフレッサ（株）北海道","アルフレッサ（株）北海道","アルフレッサ北海道","ＡＦ北海道","ｱﾙﾌﾚﾂｻ ﾎﾂｶｲﾄﾞｳ","AF ﾎﾂｶｲﾄﾞｳ","48","","","","","0000-00-0000","","","1","20110215","","20110128",""
"01888","04/01/2013 00:00:00","12/31/9999 00:00:00","0","ips00015","03/29/2018 18:50:00","803001","ips00015","03/29/2018 18:50:00","803001","北海道の代理店","北海道の代理店","北海道の代理店","北・代理店","ﾎﾂｶｲﾄﾞｳﾉ ﾀﾞｲﾘﾃﾝ","ﾎﾂｶｲﾄﾞｳ","48","","","","","0000-00-0000","","","9","19000101","","19000101",""
"01889","04/01/2013 00:00:00","12/31/9999 00:00:00","0","","03/29/2018 18:50:00","803001","","03/29/2018 18:50:00","803001","北海道の代理店","北海道の代理店","北海道の代理店","北・代理店","ﾎﾂｶｲﾄﾞｳﾉ ﾀﾞｲﾘﾃﾝ","ﾎﾂｶｲﾄﾞｳ","48","","","","","0000-00-0000","","","9","19000101","","19000101",""
"02001","04/01/2016 00:00:00","12/31/9999 00:00:00","0","ecld0918","03/29/2018 18:50:00","803001","ecld0918","03/29/2018 18:50:00","803001","（株）アスカム青森支店","（株）アスカム青森支店","アスカム青森支店","ＡＣ青森","KKｱｽｶﾑ ｱｵﾓﾘｼﾃﾝ","ACｱｵﾓﾘ","48","","","","","0000-00-0000","","","1","19000101","","19000101",""
"02003","04/01/2016 00:00:00","12/31/9999 00:00:00","0","ecl07868","03/29/2018 18:50:00","803001","ecl07868","03/29/2018 18:50:00","803001","（株）ショウエ－","（株）ショウエ－","ショウエ－","ショウエ－","KK ｼﾖｳｴ-","ｼﾖｳｴ-","48","","","","","0000-00-0000","","","1","19000101","","19000101",""
"02004","10/01/2018 00:00:00","12/31/9999 00:00:00","0","itg04213","09/13/2018 16:18:25","PVU_EX_1400","itg04213","09/13/2018 16:18:25","PVU_EX_1400","（株）小田島青森","（株）小田島青森","小田島青森","小田島青森","KK ｵﾀﾞｼﾞﾏ ｱｵﾓﾘｴｲｷﾞﾖｳ","ｵﾀﾞｼﾞﾏｱｵﾓﾘ","48","","","","","0000-00-0000","","","1","19000101","20180930","19000101",""
"02017","04/01/2016 00:00:00","12/31/9999 00:00:00","0","ecl07868","03/29/2018 18:50:00","803001","ecl07868","03/29/2018 18:50:00","803001","（株）スズケン青森営業部","（株）スズケン青森営業部","スズケン青森営業部","Ｓ・青森","KKｽｽﾞｹﾝ ｱｵﾓﾘｴｲｷﾞﾖｳﾌﾞ","SZｱｵﾓﾘ","48","","","","","0000-00-0000","","","1","19990601","","19990518",""
"02018","04/01/2016 00:00:00","12/31/9999 00:00:00","0","ecl07868","03/29/2018 18:50:00","803001","ecl07868","03/29/2018 18:50:00","803001","（株）バイタルネット青森","（株）バイタルネット青森","バイタルネット青森","ＶＮ青森","(ｶﾌﾞ)ﾊﾞｲﾀﾙﾈﾂﾄ ｱｵﾓﾘ","VNｱｵﾓﾘ","48","","","","","0000-00-0000","","","1","20010101","","19990610",""
"02026","04/01/2026 00:00:00","12/31/9999 00:00:00","0","itg37786","02/16/2026 15:56:07","PVU_EX_1400","itg37786","02/16/2026 15:56:07","PVU_EX_1400","東北アルフレッサ（株）青森営業部","東北アルフレッサ（株）青森","東北アルフレッサ青森","東北Ａ青森","ﾄｳﾎｸｱﾙﾌﾚﾂｻ ｱｵﾓﾘ","ﾄｳﾎｸAFｱｵﾓﾘ","48","","","","","0000-00-0000","","","1","20081001","","20080918",""
"02027","04/01/2016 00:00:00","12/31/9999 00:00:00","0","ips00023","03/29/2018 18:50:00","803001","ips00023","03/29/2018 18:50:00","803001","東邦薬品（株）青森営業部","東邦薬品（株）青森営業部","東邦薬品青森営業部","東邦青森","ﾄｳﾎｳ ｱｵﾓﾘ ｴｲｷﾞﾖｳﾌﾞ","ﾄｳﾎｳ ｱｵﾓﾘ","48","","","","","0000-00-0000","","","1","20101001","","20100907",""
"02888","04/01/2016 00:00:00","12/31/9999 00:00:00","0","ips00015","03/29/2018 18:50:00","803001","ips00015","03/29/2018 18:50:00","803001","青森の代理店","青森の代理店","青森の代理店","青・代理店","ｱｵﾓﾘﾉ ﾀﾞｲﾘﾃﾝ","ｱｵﾓﾘ","48","","","","","0000-00-0000","","","9","19000101","","19000101",""
"02889","04/01/2016 00:00:00","12/31/9999 00:00:00","0","","03/29/2018 18:50:00","803001","","03/29/2018 18:50:00","803001","青森の代理店","青森の代理店","青森の代理店","青・代理店","ｱｵﾓﾘﾉ ﾀﾞｲﾘﾃﾝ","ｱｵﾓﾘ","48","","","","","0000-00-0000","","","9","19000101","","19000101",""
"03002","10/01/2018 00:00:00","12/31/9999 00:00:00","0","itg04213","09/13/2018 16:18:48","PVU_EX_1400","itg04213","09/13/2018 16:18:48","PVU_EX_1400","（株）小田島","（株）小田島","小田島","小田島","KK ｵﾀﾞｼﾞﾏ","ｵﾀﾞｼﾞﾏ","48","","","","","0000-00-0000","","","1","19000101","20180930","19000101",""
"03005","04/01/2016 00:00:00","12/31/9999 00:00:00","0","ecl07868","03/29/2018 18:50:00","803001","ecl07868","03/29/2018 18:50:00","803001","（株）スズケン岩手","（株）スズケン岩手","スズケン岩手","ＳＺ岩手","KKｽｽﾞｹﾝ ｲﾜﾃ","SZｲﾜﾃ","48","","","","","019-641-3311","019-641-1230","","1","19000101","","19000101",""
"03010","04/01/2016 00:00:00","12/31/9999 00:00:00","0","ecl07868","03/29/2018 18:50:00","803001","ecl07868","03/29/2018 18:50:00","803001","（株）佐藤薬局","（株）佐藤薬局","佐藤薬局","佐藤","ｻﾄｳ ﾔﾂｷﾖｸ","ｻﾄｳ","48","","","","","0000-00-0000","","","2","19000101","","19000101",""
"03019","04/01/2016 00:00:00","12/31/9999 00:00:00","0","ecl07868","03/29/2018 18:50:00","803001","ecl07868","03/29/2018 18:50:00","803001","（株）バイタルネット岩手","（株）バイタルネット岩手","バイタルネット岩手","ＶＮ岩手","(ｶﾌﾞ)ﾊﾞｲﾀﾙﾈﾂﾄ ｲﾜﾃ","VNｲﾜﾃ","48","","","","","0000-00-0000","","","1","20010101","","20010101",""
"03025","04/01/2016 00:00:00","12/31/9999 00:00:00","0","ecld0918","03/29/2018 18:50:00","803001","ecld0918","03/29/2018 18:50:00","803001","（株）アスカム岩手支店","（株）アスカム岩手支店","アスカム岩手支店","ＡＣ岩手","KKｱｽｶﾑ ｲﾜﾃｼﾃﾝ","ACｲﾜﾃ","48","","","","","0000-00-0000","","","1","20001001","","20000914",""
"03027","04/01/2026 00:00:00","12/31/9999 00:00:00","0","itg37786","02/16/2026 16:01:51","PVU_EX_1400","itg37786","02/16/2026 16:01:51","PVU_EX_1400","東北アルフレッサ（株）岩手営業部","東北アルフレッサ（株）岩手","東北アルフレッサ岩手","東北Ａ岩手","ﾄｳﾎｸｱﾙﾌﾚﾂｻ ｲﾜﾃ","ﾄｳﾎｸAFｲﾜﾃ","48","","","","","0000-00-0000","","","1","20081001","","20080918",""
"03028","04/01/2016 00:00:00","12/31/9999 00:00:00","0","ips00023","03/29/2018 18:50:00","803001","ips00023","03/29/2018 18:50:00","803001","東邦薬品（株）岩手営業部","東邦薬品（株）岩手営業部","東邦薬品岩手営業部","東邦岩手","ﾄｳﾎｳ ｲﾜﾃ ｴｲｷﾞﾖｳﾌﾞ","ﾄｳﾎｳ ｲﾜﾃ","48","","","","","0000-00-0000","","","1","20101001","","20100907",""
"03031","04/01/2018 00:00:00","12/31/9999 00:00:00","0","itg04213","03/31/2018 16:18:21","PVU_EX_1400","itg04213","03/31/2018 16:18:21","PVU_EX_1400","株式会社小田島アクティ","株式会社小田島アクティ","小田島アクティ","小田島アク","ｵﾀﾞｼﾞﾏｱｸﾃｲ","ｵﾀﾞｼﾞﾏｱｸﾃｲ","48","","","","","0198-21-1036","","","1","20180401","","20180402",""
"03888","04/01/2016 00:00:00","12/31/9999 00:00:00","0","ips00015","03/29/2018 18:50:00","803001","ips00015","03/29/2018 18:50:00","803001","岩手の代理店","岩手の代理店","岩手の代理店","岩・代理店","ｲﾜﾃﾉ ﾀﾞｲﾘﾃﾝ","ｲﾜﾃ","48","","","","","0000-00-0000","","","9","19000101","","19000101",""
"03889","04/01/2016 00:00:00","12/31/9999 00:00:00","0","","03/29/2018 18:50:00","803001","","03/29/2018 18:50:00","803001","岩手の代理店","岩手の代理店","岩手の代理店","岩・代理店","ｲﾜﾃﾉ ﾀﾞｲﾘﾃﾝ","ｲﾜﾃ","48","","","","","0000-00-0000","","","9","19000101","","19000101",""
"04001","04/01/2016 00:00:00","12/31/9999 00:00:00","0","ecl07868","03/29/2018 18:50:00","803001","ecl07868","03/29/2018 18:50:00","803001","（株）バイタルネット宮城","（株）バイタルネット宮城","バイタルネット宮城","ＶＮ宮城","(ｶﾌﾞ)ﾊﾞｲﾀﾙﾈﾂﾄ ﾐﾔｷﾞ","VNﾐﾔｷﾞ","48","","","","","0000-00-0000","","","1","20010101","","20010101",""
"04002","10/01/2018 00:00:00","12/31/9999 00:00:00","0","itg04213","09/13/2018 16:19:19","PVU_EX_1400","itg04213","09/13/2018 16:19:19","PVU_EX_1400","（株）小田島宮城","（株）小田島宮城","小田島宮城","小田島宮城","KK ｵﾀﾞｼﾞﾏ ﾐﾔｷﾞｴｲｷﾞﾖ","ｵﾀﾞｼﾏｾﾝﾀﾞｲ","48","","","","","0000-00-0000","","","1","19000101","20180930","19000101",""
"04003","05/21/2018 00:00:00","12/31/9999 00:00:00","0","itg04213","05/21/2018 14:20:04","PVU_EX_1400","itg04213","05/21/2018 14:20:04","PVU_EX_1400","バイタルＪＤ","バイタルＪＤ","バイタルＪＤ","バイタルＪ","ﾊﾞｲﾀﾙJD","ﾊﾞｲﾀﾙJD","48","","","","","022-266-4511","022-266-3942","","1","20180521","","20180521",""
"04004","04/01/2016 00:00:00","12/31/9999 00:00:00","0","ecld0918","03/29/2018 18:50:00","803001","ecld0918","03/29/2018 18:50:00","803001","（株）アスカム宮城支店","（株）アスカム宮城支店","アスカム宮城支店","ＡＣ宮城","KK ｱｽｶﾑ ﾐﾔｷﾞｼﾃﾝ","ACﾐﾔｷﾞ","48","","","","","0000-00-0000","","","1","19000101","","19000101",""
"04005","10/01/2020 00:00:00","12/31/9999 00:00:00","0","itg40916","02/08/2019 10:03:59","PVU_EX_1400","itg40916","02/08/2019 10:03:59","PVU_EX_1400","イワキ（株）仙台支店","イワキ（株）仙台支店","イワキ　　　仙台支店","イワキ仙台","ｲﾜｷ KK ｾﾝﾀﾞｲｼﾃﾝ","ｲﾜｷ ｾﾝﾀﾞｲ","48","","","","","03-38817-3967","","","1","19000101","20111130","19000101",""
"04006","01/15/2021 00:00:00","12/31/9999 00:00:00","0","itg36186","01/15/2021 13:54:29","PVU_EX_1400","itg36186","01/15/2021 13:54:29","PVU_EX_1400","（株）井田両国堂　仙台店","（株）井田両国堂　仙台店","井田両国堂　仙台店","井田　仙台","ｲﾀﾞﾘﾖｳｺﾞｸﾄﾞｳ ｾﾝﾀﾞｲ","ｲﾀﾞ ｾﾝﾀﾞｲ","48","","","","","022-388-8072","","","3","20210115","","20210115",""
"04014","04/01/2016 00:00:00","12/31/9999 00:00:00","0","ips00023","03/29/2018 18:50:00","803001","ips00023","03/29/2018 18:50:00","803001","（株）マルタケ仙台","（株）マルタケ仙台","マルタケ仙台支店","マルタケ仙","KK ﾏﾙﾀｹｾﾝﾀﾞｲ","ﾏﾙﾀｹｾﾝﾀﾞｲ","48","","","","","022-284-8611","","","1","19000101","","19000101",""
"04019","04/01/2016 00:00:00","12/31/9999 00:00:00","0","ecld0918","03/29/2018 18:50:00","803001","ecld0918","03/29/2018 18:50:00","803001","純正化学メディカル事業所","純正化学メディカル事業所","純正化学メディカル","純正化学","ｼﾞﾕﾝｾｲｶｶﾞｸﾒﾃﾞｲｶﾙ","ｼﾞﾕﾝｾｲｶｶﾞｸ","48","","","","","022-283-8245","","","2","19930401","","19930225",""
"04020","10/01/2020 00:00:00","12/31/9999 00:00:00","0","itg04213","09/30/2020 14:30:24","PVU_EX_1400","itg04213","09/30/2020 14:30:24","PVU_EX_1400","小泉薬品（株）","小泉薬品（株）","小泉薬品","小泉","ｺｲｽﾞﾐ ﾔｸﾋﾝ","ｺｲｽﾞﾐ","48","","","","","022-237-0371","","","2","19000101","20121121","19000101",""
"04030","04/01/2016 00:00:00","12/31/9999 00:00:00","0","ecl04321","03/29/2018 18:50:00","803001","ecl04321","03/29/2018 18:50:00","803001","（株）Ｐａｌｔａｃ東北支社","（株）Ｐａｌｔａｃ東北支社","Ｐａｌｔａｃ東北支社","ＰＴ東北","ﾊﾟﾙﾀﾂｸKSﾄｳﾎｸ","PTﾄｳﾎｸ","48","","","","","03-3817-3967","","","1","19990201","","19990121",""
"04040","04/01/2016 00:00:00","12/31/9999 00:00:00","0","ecl04187","03/29/2018 18:50:00","803001","ecl04187","03/29/2018 18:50:00","803001","（株）アスカム","（株）アスカム","アスカム","アスカム","KKｱｽｶﾑ","ｱｽｶﾑ","48","","","","","0000-00-0000","","","1","20001001","","20000925",""
"04041","04/05/2022 00:00:00","12/31/9999 00:00:00","0","itg19647","04/05/2022 15:56:50","PVU_EX_1400","itg19647","04/05/2022 15:56:50","PVU_EX_1400","（株）バイタルネット","（株）バイタルネット","（株）バイタルネット","バイタルＮ","ﾊﾞｲﾀﾙﾈﾂﾄKK","ﾊﾞｲﾀﾙﾈﾂﾄKK","48","","","","","0000-00-0000","","","1","20010101","","20001214",""
"04042","10/01/2025 00:00:00","12/31/9999 00:00:00","0","itg46273","09/12/2025 11:50:06","PVU_EX_1400","itg46273","09/12/2025 11:50:06","PVU_EX_1400","（株）バイタルネット本社","（株）バイタルネット本社","バイタルネット本社","ＶＮ本社","ﾊﾞｲﾀﾙﾈﾂﾄﾎﾝｼﾔ","VNﾎﾝｼﾔ","48","","","","","022-384-4554","022-384-1123","","1","20010101","","20001218",""
"04044","03/12/2019 00:00:00","12/31/9999 00:00:00","0","itg04213","03/12/2019 15:20:15","PVU_EX_1400","itg04213","03/12/2019 15:20:15","PVU_EX_1400","（株）リードヘルスケア東北","（株）リードヘルスケア東北","リードＨＣ東北","ＲＨＣ東北","ﾘ-ﾄﾞﾍﾙｽｹｱﾄｳﾎｸ","ﾘ-ﾄﾞﾍﾙｽｹｱ","48","","","","","022-381-4020","022-266-7386","","1","20050615","","20050615",""
"04045","10/01/2020 00:00:00","12/31/9999 00:00:00","0","itg35320","04/15/2020 09:26:10","PVU_EX_1400","itg35320","04/15/2020 09:26:10","PVU_EX_1400","（株）Ｐａｌｔａｃ東北","（株）Ｐａｌｔａｃ東北","Ｐａｌｔａｃ東北","ＰＴ東北","ﾊﾟﾙﾀﾂｸﾄｳﾎｸｼｼﾔ","ﾊﾟﾙﾄｳﾎｸｼｼﾔ","48","","","","","03-3817-3967","","","1","20060920","20111129","20060920",""
"04046","04/01/2026 00:00:00","12/31/9999 00:00:00","0","itg37786","02/16/2026 16:16:11","PVU_EX_1400","itg37786","02/16/2026 16:16:11","PVU_EX_1400","東北アルフレッサ（株）宮城営業部","東北アルフレッサ（株）宮城","東北アルフレッサ宮城","東北Ａ宮城","ﾄｳﾎｸｱﾙﾌﾚﾂｻ ﾐﾔｷﾞ","ﾄｳﾎｸAFﾐﾔｷﾞ","48","","","","","0000-00-0000","","","1","20081001","","20080918",""
"04048","04/15/2019 00:00:00","12/31/9999 00:00:00","0","itg04213","04/15/2019 13:24:53","PVU_EX_1400","itg04213","04/15/2019 13:24:53","PVU_EX_1400","（株）メディセオ南東北統括営業部","メディセオ南東北統括営業部","メディセオ南東北統括","ＭＣ南東北","ﾒﾃﾞｲｾｵ ﾐﾅﾐﾄｳﾎｸﾄｳｶﾂ","MCﾐﾅﾐﾄｳｶﾂ","48","","","","","0000-00-0000","","","1","20091001","20190415","20090917",""
"04050","05/25/2018 00:00:00","12/31/9999 00:00:00","0","itg04213","05/25/2018 11:07:02","PVU_EX_1400","itg04213","05/25/2018 11:15:44","PVU_EX_1400","（株）リードヘルスケア東日本営業部","株）リードヘルスケア東日本","リードＨＣ東日本営業","ＲＨＣ東日","KK ﾘ-ﾄﾞﾍﾙｽｹｱﾋｶﾞｼﾆﾎﾝ","ﾘ-ﾄﾞﾋｶﾞｼﾆﾎ","51","","","","","03-5614-5130","022-384-1123","","1","20091224","","20091224",""
"04051","04/01/2016 00:00:00","12/31/9999 00:00:00","0","ips00023","03/29/2018 18:50:00","803001","ips00023","03/29/2018 18:50:00","803001","東邦薬品（株）宮城営業部","東邦薬品（株）宮城営業部","東邦薬品宮城営業部","東邦宮城","ﾄｳﾎｳ ﾐﾔｷﾞ ｴｲｷﾞﾖｳﾌﾞ","ﾄｳﾎｳ ﾐﾔｷﾞ","48","","","","","0000-00-0000","","","1","20101001","","20100907",""
"04504","04/01/2016 00:00:00","12/31/9999 00:00:00","0","ecl07868","03/29/2018 18:50:00","803001","ecl07868","03/29/2018 18:50:00","803001","（株）スズケン仙台営業部","（株）スズケン仙台営業部","スズケン仙台営業部","Ｓ・仙台","KKｽｽﾞｹﾝｾﾝﾀﾞｲｴｲｷﾞﾖｳﾌﾞ","SZｾﾝﾀﾞｲ","48","","","","","022-281-1811","022-281-5963","","1","19000101","","19000101",""
"04888","04/01/2016 00:00:00","12/31/9999 00:00:00","0","ips00015","03/29/2018 18:50:00","803001","ips00015","03/29/2018 18:50:00","803001","宮城の代理店","宮城の代理店","宮城の代理店","宮・代理店","ﾐﾔｷﾞﾉ ﾀﾞｲﾘﾃﾝ","ﾐﾔｷﾞ","48","","","","","0000-00-0000","","","9","19000101","","19000101",""
"04889","04/01/2016 00:00:00","12/31/9999 00:00:00","0","","03/29/2018 18:50:00","803001","","03/29/2018 18:50:00","803001","宮城の代理店","宮城の代理店","宮城の代理店","宮・代理店","ﾐﾔｷﾞﾉ ﾀﾞｲﾘﾃﾝ","ﾐﾔｷﾞ","48","","","","","0000-00-0000","","","9","19000101","","19000101",""
"04890","04/01/2016 00:00:00","12/31/9999 00:00:00","0","ecl05317","03/29/2018 18:50:00","803001","ecl05317","03/29/2018 18:50:00","803001","アルフレッサヘルスケア（株）北海道東北支社","アルフレッサＨＣ北海道東北","アルフレッサＨＣ北東","アルフ東北","ｱﾙﾌﾚﾂｻﾍﾙｽｹﾎﾂｶｲﾄｳﾎｸ","ｱﾙﾌﾎﾂｶｲﾄﾞｳ","48","","","","","022-772-6383","022-772-6386","","1","20111001","","20111001",""
"05003","10/01/2018 00:00:00","12/31/9999 00:00:00","0","itg04213","09/13/2018 16:19:50","PVU_EX_1400","itg04213","09/13/2018 16:19:50","PVU_EX_1400","（株）小田島秋田","（株）小田島秋田","小田島秋田","小田島秋田","KK ｵﾀﾞｼﾞﾏ ｱｷﾀｴｲｷﾞﾖｳﾌ","ﾞﾀﾞｼﾞﾏｱｷﾀ","48","","","","","0000-00-0000","","","1","20110401","20180930","20110401",""
"05007","04/01/2016 00:00:00","12/31/9999 00:00:00","0","ecl07868","03/29/2018 18:50:00","803001","ecl07868","03/29/2018 18:50:00","803001","（株）バイタルネット秋田","（株）バイタルネット秋田","バイタルネット秋田","ＶＮ秋田","(ｶﾌﾞ)ﾊﾞｲﾀﾙﾈﾂﾄ ｱｷﾀ","VNｱｷﾀ","48","","","","","0000-00-0000","","","1","20010101","","19990610",""
"05013","04/01/2016 00:00:00","12/31/9999 00:00:00","0","ecl07868","03/29/2018 18:50:00","803001","ecl07868","03/29/2018 18:50:00","803001","（株）スズケン秋田営業部","（株）スズケン秋田営業部","スズケン秋田営業部","Ｓ・秋田","KKｽｽﾞｹﾝｱｷﾀｴｲｷﾞﾖｳﾌﾞ","SZｱｷﾀ","48","","","","","018-867-8815","018-863-3212","","1","20040713","","20040712",""
"05016","04/01/2026 00:00:00","12/31/9999 00:00:00","0","itg37786","02/16/2026 16:11:55","PVU_EX_1400","itg37786","02/16/2026 16:11:55","PVU_EX_1400","東北アルフレッサ（株）秋田営業部","東北アルフレッサ（株）秋田","東北アルフレッサ秋田","東北Ａ秋田","ﾄｳﾎｸｱﾙﾌﾚﾂｻ ｱｷﾀ","ﾄｳﾎｸAFｱｷﾀ","48","","","","","0000-00-0000","","","1","20081001","","20080918",""
"05017","04/15/2019 00:00:00","12/31/9999 00:00:00","0","itg04213","04/15/2019 13:25:58","PVU_EX_1400","itg04213","04/15/2019 13:25:58","PVU_EX_1400","（株）メディセオ北東北統括営業部","メディセオ北東北統括営業部","メディセオ北東北統括","ＭＣ北東北","ﾒﾃﾞｲｾｵ ｷﾀﾄｳﾎｸﾄｳｶﾂ","MCｷﾀﾄｳｶﾂ","48","","","","","0000-00-0000","","","1","20091001","20190415","20090917",""
"05018","04/01/2016 00:00:00","12/31/9999 00:00:00","0","ips00023","03/29/2018 18:50:00","803001","ips00023","03/29/2018 18:50:00","803001","東邦薬品（株）秋田営業部","東邦薬品（株）秋田営業部","東邦薬品秋田営業部","東邦秋田","ﾄｳﾎｳ ｱｷﾀ ｴｲｷﾞﾖｳﾌﾞ","ﾄｳﾎｳ ｱｷﾀ","48","","","","","0000-00-0000","","","1","20101001","","20100907",""
"05888","04/01/2016 00:00:00","12/31/9999 00:00:00","0","ips00015","03/29/2018 18:50:00","803001","ips00015","03/29/2018 18:50:00","803001","秋田の代理店","秋田の代理店","秋田の代理店","秋・代理店","ｱｷﾀﾉ ﾀﾞｲﾘﾃﾝ","ｱｷﾀ","48","","","","","0000-00-0000","","","9","19000101","","19000101",""
"05889","04/01/2016 00:00:00","12/31/9999 00:00:00","0","","03/29/2018 18:50:00","803001","","03/29/2018 18:50:00","803001","秋田の代理店","秋田の代理店","秋田の代理店","秋・代理店","ｱｷﾀﾉ ﾀﾞｲﾘﾃﾝ","ｱｷﾀ","48","","","","","0000-00-0000","","","9","19000101","","19000101",""
"06002","04/01/2016 00:00:00","12/31/9999 00:00:00","0","ecld0918","03/29/2018 18:50:00","803001","ecld0918","03/29/2018 18:50:00","803001","（株）アスカム山形支店","（株）アスカム山形支店","アスカム山形支店","ＡＣ山形","KKｱｽｶﾑ ﾔﾏｶﾞﾀｼﾃﾝ","ACﾔﾏｶﾞﾀ","48","","","","","0000-00-0000","","","1","19000101","","19000101",""
"06007","04/01/2016 00:00:00","12/31/9999 00:00:00","0","ips00023","03/29/2018 18:50:00","803001","ips00023","03/29/2018 18:50:00","803001","（株）マルタケ山形","（株）マルタケ山形","マルタケ山形支店","マルタケ山","KK ﾏﾙﾀｹ ﾔﾏｶﾞﾀ","ﾏﾙﾀｹ ﾔﾏｶﾞﾀ","48","","","","","023-641-7666","","","1","19000101","","19000101",""
"06010","04/01/2016 00:00:00","12/31/9999 00:00:00","0","ecl07868","03/29/2018 18:50:00","803001","ecl07868","03/29/2018 18:50:00","803001","（株）バイタルネット山形","（株）バイタルネット山形","バイタルネット山形","ＶＮ山形","(ｶﾌﾞ)ﾊﾞｲﾀﾙﾈﾂﾄ ﾔﾏｶﾞﾀ","VNﾔﾏｶﾞﾀ","48","","","","","0000-00-0000","","","1","20010101","","19990610",""
"06014","04/01/2016 00:00:00","12/31/9999 00:00:00","0","ecl07868","03/29/2018 18:50:00","803001","ecl07868","03/29/2018 18:50:00","803001","（株）スズケン山形営業部","（株）スズケン山形営業部","スズケン山形営業部","Ｓ・山形","KKｽｽﾞｹﾝﾔﾏｶﾞﾀｴｲｷﾞﾖｳﾌﾞ","SZﾔﾏｶﾞﾀ","48","","","","","023-627-6711","023-634-0281","","1","20011101","","20011029",""
"06015","04/01/2026 00:00:00","12/31/9999 00:00:00","0","itg37786","02/16/2026 16:31:57","PVU_EX_1400","itg37786","02/16/2026 16:31:57","PVU_EX_1400","東北アルフレッサ（株）山形営業部","東北アルフレッサ（株）山形","東北アルフレッサ山形","東北Ａ山形","ﾄｳﾎｸｱﾙﾌﾚﾂｻ ﾔﾏｶﾞﾀ","ﾄｳﾎｸAﾔﾏｶﾞﾀ","48","","","","","0000-00-0000","","","1","20081001","","20080918",""
"06016","04/01/2016 00:00:00","12/31/9999 00:00:00","0","ips00023","03/29/2018 18:50:00","803001","ips00023","03/29/2018 18:50:00","803001","東邦薬品（株）山形営業部","東邦薬品（株）山形営業部","東邦薬品山形営業部","東邦山形","ﾄｳﾎｳ ﾔﾏｶﾞﾀ ｴｲｷﾞﾖｳﾌﾞ","ﾄｳﾎｳ ﾔﾏｶﾞﾀ","48","","","","","0000-00-0000","","","1","20101001","","20100907",""
"06888","04/01/2016 00:00:00","12/31/9999 00:00:00","0","ips00015","03/29/2018 18:50:00","803001","ips00015","03/29/2018 18:50:00","803001","山形の代理店","山形の代理店","山形の代理店","山・代理店","ﾔﾏｶﾞﾀﾉ ﾀﾞｲﾘﾃﾝ","ﾔﾏｶﾞﾀ","48","","","","","0000-00-0000","","","9","19000101","","19000101",""
"06889","04/01/2016 00:00:00","12/31/9999 00:00:00","0","","03/29/2018 18:50:00","803001","","03/29/2018 18:50:00","803001","山形の代理店","山形の代理店","山形の代理店","山・代理店","ﾔﾏｶﾞﾀﾉ ﾀﾞｲﾘﾃﾝ","ﾔﾏｶﾞﾀ","48","","","","","0000-00-0000","","","9","19000101","","19000101",""
"07001","04/01/2016 00:00:00","12/31/9999 00:00:00","0","ecld0918","03/29/2018 18:50:00","803001","ecld0918","03/29/2018 18:50:00","803001","（株）アスカム福島支店","（株）アスカム福島支店","アスカム福島支店","ＡＣ福島","KK ｱｽｶﾑ ﾌｸｼﾏｼﾃﾝ","ACﾌｸｼﾏ","48","","","","","0000-00-0000","","","1","19000101","","19000101",""
"07002","04/01/2026 00:00:00","12/31/9999 00:00:00","0","itg36186","03/12/2026 15:47:37","PVU_EX_1400","itg19647","03/12/2026 16:31:46","PVU_EX_1400","東北アルフレッサ（株）本社","東北アルフレッサ（株）本社","東北アルフレッサ本社","東北Ａ本社","ﾄｳﾎｸｱﾙﾌﾚﾂｻ ﾎﾝｼｬ","ﾄｳﾎｸAﾎﾝｼｬ","48","","","","","","","","1","","","20260401",""
"07004","04/18/2023 00:00:00","12/31/9999 00:00:00","0","itg39895","04/14/2023 14:15:27","PVU_EX_1400","itg39895","04/14/2023 14:15:27","PVU_EX_1400","東北アルフレッサ（株）","東北アルフレッサ（株）","東北アルフレッサ","東北Ａ","ﾄｳﾎｸｱﾙﾌﾚﾂｻ","ﾄｳﾎｸA","48","","","","","0000-00-0000","","","1","19000101","","19000101",""
"07005","04/01/2026 00:00:00","12/31/9999 00:00:00","0","itg37786","02/16/2026 16:39:56","PVU_EX_1400","itg37786","02/16/2026 16:39:56","PVU_EX_1400","東北アルフレッサ（株）福島営業部","東北アルフレッサ（株）福島","東北アルフレッサ福島","東北Ａ福島","ﾄｳﾎｸｱﾙﾌﾚﾂｻ ﾌｸｼﾏ","ﾄｳﾎｸAﾌｸｼﾏ","48","","","","","0000-00-0000","","","1","19000101","","20230418",""
"07020","10/01/2018 00:00:00","12/31/9999 00:00:00","0","itg04213","09/13/2018 16:21:02","PVU_EX_1400","itg04213","09/13/2018 16:21:02","PVU_EX_1400","（株）小田島福島","（株）小田島福島","小田島福島","小田島福島","KK ｵﾀﾞｼﾞﾏ ﾌｸｼﾏｴｲｷﾞﾖｳ","ｵﾀﾞｼﾞﾏﾌｸｼﾏ","48","","","","","0000-00-0000","","","1","19000101","20180930","19000101",""
"07022","04/01/2016 00:00:00","12/31/9999 00:00:00","0","ecl07868","03/29/2018 18:50:00","803001","ecl07868","03/29/2018 18:50:00","803001","（株）バイタルネット福島","（株）バイタルネット福島","バイタルネット福島","ＶＮ福島","(ｶﾌﾞ)ﾊﾞｲﾀﾙﾈﾂﾄ ﾌｸｼﾏ","VNﾌｸｼﾏ","48","","","","","0000-00-0000","","","1","20010101","","19990610",""
"07025","04/01/2016 00:00:00","12/31/9999 00:00:00","0","ecl07868","03/29/2018 18:50:00","803001","ecl07868","03/29/2018 18:50:00","803001","（株）スズケン福島営業部","（株）スズケン福島営業部","スズケン福島営業部","Ｓ・福島","KKｽｽﾞｹﾝﾌｸｼﾏｴｲｷﾞﾖｳﾌﾞ","SZﾌｸｼﾏ","48","","","","","024-525-1233","024-535-8467","","1","20001001","","20000927",""
"07027","02/08/2019 00:00:00","12/31/9999 00:00:00","0","itg40916","02/08/2019 15:48:42","PVU_EX_1400","itg40916","02/08/2019 15:48:42","PVU_EX_1400","シーエス薬品（株）東北営業","シーエス薬品（株）東北営業","シーエス東北営業部","ＣＳ東北","ｼ-ｴｽﾔｸﾋﾝ ﾄｳﾎｸｴｲｷﾞﾖｳ","ｼ-ｴｽ ﾄｳﾎｸ","48","","","","","03-3817-3967","","","1","20050926","20190208","20050926",""
"07028","04/01/2016 00:00:00","12/31/9999 00:00:00","0","ips00023","03/29/2018 18:50:00","803001","ips00023","03/29/2018 18:50:00","803001","東邦薬品（株）福島営業部","東邦薬品（株）福島営業部","東邦薬品福島営業部","東邦福島","ﾄｳﾎｳ ﾌｸｼﾏ ｴｲｷﾞﾖｳﾌﾞ","ﾄｳﾎｳ ﾌｸｼﾏ","48","","","","","0000-00-0000","","","1","20101001","","20100907",""
"07031","02/08/2019 00:00:00","12/31/9999 00:00:00","0","itg40916","02/08/2019 10:27:49","PVU_EX_1400","itg40916","02/08/2019 10:27:49","PVU_EX_1400","（株）杏栄薬品","（株）杏栄薬品","（株）杏栄薬品","（株）杏栄","ｷﾖｳｴｲﾔｸﾋﾝ","ｷﾖｳｴｲ","48","","","","","0242-23-1313","0242-23-1314","","2","20171002","20190208","20171002",""
"07888","04/01/2016 00:00:00","12/31/9999 00:00:00","0","ips00015","03/29/2018 18:50:00","803001","ips00015","03/29/2018 18:50:00","803001","福島の代理店","福島の代理店","福島の代理店","福・代理店","ﾌｸｼﾏﾉ ﾀﾞｲﾘﾃﾝ","ﾌｸｼﾏ","48","","","","","0000-00-0000","","","9","19000101","","19000101",""
"07889","04/01/2016 00:00:00","12/31/9999 00:00:00","0","","03/29/2018 18:50:00","803001","","03/29/2018 18:50:00","803001","福島の代理店","福島の代理店","福島の代理店","福・代理店","ﾌｸｼﾏﾉ ﾀﾞｲﾘﾃﾝ","ﾌｸｼﾏ","48","","","","","0000-00-0000","","","9","19000101","","19000101",""
"08007","02/08/2019 00:00:00","12/31/9999 00:00:00","0","itg40916","02/08/2019 10:02:06","PVU_EX_1400","itg40916","02/08/2019 10:02:06","PVU_EX_1400","岩渕薬品（株）水戸店","岩渕薬品（株）水戸店","岩渕薬品　　　水戸","岩渕水戸","ｲﾜﾌﾞﾁ ﾔｸﾋﾝ KK ﾐﾄﾃﾝ","ｲﾜﾌﾞﾁ ﾐﾄ","51","","","","","0000-00-0000","","","1","19000101","20190208","19000101",""
"08010","04/01/2016 00:00:00","12/31/9999 00:00:00","0","ecld0918","03/29/2018 18:50:00","803001","ecld0918","03/29/2018 18:50:00","803001","（株）スズケン茨城営業部","（株）スズケン茨城営業部","スズケン茨城営業部","Ｓ・茨城","KK ｽｽﾞｹﾝ ｲﾊﾞﾗｷ","KK ｽｽﾞｹﾝ ｲ","51","","","","","0000-00-0000","","","1","19000101","","19000101",""
"08021","04/03/2025 00:00:00","12/31/9999 00:00:00","0","itg45886","04/03/2025 08:53:54","PVU_EX_1400","itg45886","04/03/2025 08:53:54","PVU_EX_1400","（株）メディセオ北関東統括営業部","メディセオ北関東統括営業部","メディセオ北関東統括","ＭＣ北関東","ﾒﾃﾞｲｾｵ ｷﾀｶﾝﾄｳ ﾄｳｶﾂ","MCｷﾀｶﾝﾄｳ","51","","","","","0000-00-0000","","","1","20091001","","20090917",""
"08095","04/01/2016 00:00:00","12/31/9999 00:00:00","0","ips00023","03/29/2018 18:50:00","803001","ips00023","03/29/2018 18:50:00","803001","東邦薬品（株）茨城営業部","東邦薬品（株）茨城営業部","東邦薬品茨城営業部","東邦茨城","ﾄｳﾎｳﾔｸﾋﾝｲﾊﾞﾗｷﾞｴｲｷﾞﾖｳ","ﾄｳﾎｳｲﾊﾞﾗｷﾞ","51","","","","","0298-22-0821","0298-22-0831","","1","20131001","","20131001",""
"08504","04/01/2026 00:00:00","12/31/9999 00:00:00","0","itg37786","02/16/2026 16:49:30","PVU_EX_1400","itg37786","02/16/2026 16:49:30","PVU_EX_1400","アルフレッサ（株）北関東・甲信越営業本部","アルフレッサ北関東甲信越","アルフ北関東甲信越","北関東甲信","ｱﾙﾌﾚﾂｻ ｷﾀｶﾝﾄｳｺｳｼﾝｴﾂ","ｷﾀｶﾝﾄｳｺｳｼﾝ","51","","","","","0000-00-0000","","","1","19000101","","19000101",""
"08888","04/01/2016 00:00:00","12/31/9999 00:00:00","0","ecl04742","03/29/2018 18:50:00","803001","ecl04742","03/29/2018 18:50:00","803001","茨城の代理店","茨城の代理店","茨城の代理店","茨・代理店","ｲﾊﾞﾗｷﾞ ﾉ ﾀﾞｲﾘﾃﾝ","ｲﾊﾞﾗｷﾞ","51","","","","","0000-00-0000","","","9","19000101","","19000101",""
"08889","04/01/2016 00:00:00","12/31/9999 00:00:00","0","ecl04742","03/29/2018 18:50:00","803001","ecl04742","03/29/2018 18:50:00","803001","茨城の代理店","茨城の代理店","茨城の代理店","茨・代理店","ｲﾊﾞﾗｷﾞﾉ ﾀﾞｲﾘﾃﾝ","ｲﾊﾞﾗｷﾞ","51","","","","","0000-00-0000","","","9","19000101","","19000101",""
"09003","04/01/2016 00:00:00","12/31/9999 00:00:00","0","ecl07708","03/29/2018 18:50:00","803001","ecl07708","03/29/2018 18:50:00","803001","ナカノ薬品（株）","ナカノ薬品（株）","ナカノ薬品","ナカノ薬品","ﾅｶﾉ ﾔｸﾋﾝ KK","ﾅｶﾉ","51","","","","","0000-00-0000","","","1","19000101","","19000101",""
"09012","04/01/2016 00:00:00","12/31/9999 00:00:00","0","ips00023","03/29/2018 18:50:00","803001","ips00023","03/29/2018 18:50:00","803001","（株）バイタルネット栃木","（株）バイタルネット栃木","バイタルネット栃木","ＶＮ栃木","(ｶﾌﾞ)ﾊﾞｲﾀﾙﾈﾂﾄ ﾄﾁｷﾞ","ﾊﾞｲﾀﾙﾈﾂﾄﾄﾁ","51","","","","","028-689-0161","","","1","19000101","","19000101",""
"09013","04/01/2016 00:00:00","12/31/9999 00:00:00","0","ips00023","03/29/2018 18:50:00","803001","ips00023","03/29/2018 18:50:00","803001","東邦薬品（株）栃木営業部","東邦薬品（株）栃木営業部","東邦薬品栃木営業部","東邦栃木","ﾄｳﾎｳﾔｸﾋﾝ ﾄﾁｷﾞｴｲｷﾞﾖｳ","ﾄｳﾎｳ ﾄﾁｷﾞ","51","","","","","0000-00-0000","","","1","19000101","","19000101",""
"09015","04/01/2016 00:00:00","12/31/9999 00:00:00","0","ips00023","03/29/2018 18:50:00","803001","ips00023","03/29/2018 18:50:00","803001","アルフレッサ（株）栃木","アルフレッサ（株）栃木","アルフレッサ栃木","ＡＦ栃木","ｱﾙﾌﾚﾂｻ ﾄﾁｷﾞ","AF ﾄﾁｷﾞ","51","","","","","0000-00-0000","","","1","19000101","","19000101",""
"09016","04/01/2016 00:00:00","12/31/9999 00:00:00","0","ips00023","03/29/2018 18:50:00","803001","ips00023","03/29/2018 18:50:00","803001","東邦薬品（株）薬粧事業部","東邦薬品（株）薬粧事業部","東邦薬品薬粧事業部","東邦薬粧","ﾄｳﾎｳﾔｸﾋﾝ ﾔｸｼﾖｳｼﾞｷﾞﾖｳ","ﾄｳﾎｳﾔｸｼﾖｳ","51","","","","","028-657-8070","028-657-8062","","1","20081001","","20090310",""
"09888","04/01/2016 00:00:00","12/31/9999 00:00:00","0","ecl04742","03/29/2018 18:50:00","803001","ecl04742","03/29/2018 18:50:00","803001","栃木の代理店","栃木の代理店","栃木の代理店","栃・代理店","ﾄﾁｷﾞ ﾉ ﾀﾞｲﾘﾃﾝ","ﾄﾁｷﾞ","51","","","","","0000-00-0000","","","9","19000101","","19000101",""
"09889","04/01/2016 00:00:00","12/31/9999 00:00:00","0","ecld0913","03/29/2018 18:50:00","803001","ecld0913","03/29/2018 18:50:00","803001","栃木の代理店","栃木の代理店","栃木の代理店","栃・代理店","ﾄﾁｷﾞﾉ ﾀﾞｲﾘﾃﾝ","ﾄﾁｷﾞ","51","","","","","0000-00-0000","","","9","19000101","","19000101",""
"10002","04/01/2016 00:00:00","12/31/9999 00:00:00","0","ips00023","03/29/2018 18:50:00","803001","ips00023","03/29/2018 18:50:00","803001","東邦薬品（株）群馬営業部","東邦薬品（株）群馬営業部","東邦薬品群馬営業部","東邦群馬","ﾄｳﾎｳﾔｸﾋﾝｸﾞﾝﾏｴｲｷﾞﾖｳ","ﾄｳﾎｳｸﾞﾝﾏ","51","","","","","027-362-2122","","","1","19000101","","19000101",""
"10008","02/08/2019 00:00:00","12/31/9999 00:00:00","0","itg40916","02/08/2019 09:36:03","PVU_EX_1400","itg40916","02/08/2019 09:36:03","PVU_EX_1400","（株）Ｐａｌｔａｃ春日部","（株）Ｐａｌｔａｃ春日部","Ｐａｌｔａｃ春日部","ＰＴ春日部","KK ﾊﾟﾙﾀﾂｸｶｽｶﾍﾞ","ﾊﾟﾙｶｽｶﾍﾞ","51","","","","","048-754-2923","048-761-1196","","1","19000101","20190208","19000101",""
"10009","04/01/2016 00:00:00","12/31/9999 00:00:00","0","ips00023","03/29/2018 18:50:00","803001","ips00023","03/29/2018 18:50:00","803001","（株）スズケン群馬営業部","（株）スズケン群馬営業部","スズケン群馬営業部","Ｓ・群馬","KK ｽｽﾞｹﾝｸﾞﾝﾏｴｲｷﾞﾖｳﾌﾞ","KK ｽｽﾞｹﾝ ｸ","51","","","","","0000-00-0000","","","1","19000101","","19000101",""
"10018","04/01/2016 00:00:00","12/31/9999 00:00:00","0","ips00023","03/29/2018 18:50:00","803001","ips00023","03/29/2018 18:50:00","803001","アルフレッサ（株）群馬","アルフレッサ（株）群馬","アルフレッサ群馬","ＡＦ群馬","ｱﾙﾌﾚﾂｻｸﾞﾝﾏ","AF ｸﾞﾝﾏ","51","","","","","027-364-7111","027-364-1168","","1","20111001","","19990928",""
"10022","11/01/2016 00:00:00","12/31/9999 00:00:00","0","ecl05317","03/29/2018 18:50:00","803001","ecl05317","03/29/2018 18:50:00","803001","（株）ＰＡＬＴＡＣ東京支社　第二営業部","（株）ＰＡＬＴＡＣ東京第二","ＰＡＬＴＡＣ東京第二","ＰＴ東京二","KK ﾊﾟﾙﾀﾂｸﾄｳｷﾖｳﾀﾞｲﾆ","ﾊﾟﾙﾄｳｷﾖｳﾆ","51","","","","","03-6367-7904","03-6367-7924","","1","20060922","","20060922",""
"10023","11/01/2016 00:00:00","12/31/9999 00:00:00","0","ecl05317","03/29/2018 18:50:00","803001","ecl05317","03/29/2018 18:50:00","803001","（株）ＰＡＬＴＡＣ東京支社　第二営業部","（株）ＰＡＬＴＡＣ東京第二","ＰＡＬＴＡＣ東京第二","ＰＴ東京二","KK ﾊﾟﾙﾀﾂｸﾄｳｷﾖｳﾀﾞｲﾆ","ﾊﾟﾙﾄｳｷﾖｳﾆ","51","","","","","03-6367-7904","03-6367-7924","","1","20060922","","20061220",""
"10024","02/08/2019 00:00:00","12/31/9999 00:00:00","0","itg40916","02/08/2019 10:31:29","PVU_EX_1400","itg40916","02/08/2019 10:31:29","PVU_EX_1400","（株）須江薬品","（株）須江薬品","須江薬品","須江薬品","ｽｴﾔｸﾋﾝ","ｽｴﾔｸﾋﾝ","51","","","","","0277-76-6711","0277-76-6745","","1","20081101","20190208","20090310",""
"10888","04/01/2016 00:00:00","12/31/9999 00:00:00","0","ecl04742","03/29/2018 18:50:00","803001","ecl04742","03/29/2018 18:50:00","803001","群馬の代理店","群馬の代理店","群馬の代理店","群・代理店","ｸﾞﾝﾏ ﾉ ﾀﾞｲﾘﾃﾝ","ｸﾞﾝﾏ","51","","","","","0000-00-0000","","","9","19000101","","19000101",""
"10889","04/01/2016 00:00:00","12/31/9999 00:00:00","0","ecl04742","03/29/2018 18:50:00","803001","ecl04742","03/29/2018 18:50:00","803001","群馬の代理店","群馬の代理店","群馬の代理店","群・代理店","ｸﾞﾝﾏﾉ ﾀﾞｲﾘﾃﾝ","ｸﾞﾝﾏ","51","","","","","0000-00-0000","","","9","19000101","","19000101",""
"11004","04/01/2013 00:00:00","12/31/9999 00:00:00","0","ecl07868","03/29/2018 18:50:00","803001","ecl07868","03/29/2018 18:50:00","803001","（株）スズケン埼玉営業部","（株）スズケン埼玉営業部","スズケン埼玉営業部","Ｓ・埼玉","KK ｽｽﾞｹﾝｻｲﾀﾏｴｲｷﾞﾖｳﾌﾞ","ｽｽﾞｹﾝ ｻｲﾀﾏ","51","","","","","0000-00-0000","","","1","19000101","","19000101",""
"11008","04/01/2016 00:00:00","12/31/9999 00:00:00","0","ips00023","03/29/2018 18:50:00","803001","ips00023","03/29/2018 18:50:00","803001","東邦薬品（株）埼玉営業部","東邦薬品（株）埼玉営業部","東邦薬品埼玉営業部","東邦埼玉","ﾄｳﾎｳ ﾔｸﾋﾝ KK ｻｲﾀﾏ","ﾄｳﾎｳ ｻｲﾀﾏ","51","","","","","0000-00-0000","","","1","19000101","","19000101",""
"11009","04/01/2026 00:00:00","12/31/9999 00:00:00","0","itg37786","02/17/2026 16:28:13","PVU_EX_1400","itg37786","02/17/2026 16:28:13","PVU_EX_1400","アルフレッサ（株）首都圏営業本部","アルフレッサ首都圏","アルフレッサ首都圏","ＡＦ首都圏","ｱﾙﾌﾚﾂｻ ｼｭﾄｹﾝ","AF ｼｭﾄｹﾝ","51","","","","","0000-00-0000","","","1","19000101","","19000101",""
"11022","02/08/2019 00:00:00","12/31/9999 00:00:00","0","itg40916","02/08/2019 15:51:19","PVU_EX_1400","itg40916","02/08/2019 15:51:19","PVU_EX_1400","シーエス薬品（株）北関東営","シーエス薬品（株）北関東営","シーエス北関東営業部","ＣＳ北関東","ｼ-ｴｽｷﾀｶﾝﾄｳｴｲｷﾞﾖｳﾌﾞ","ｼ-ｴｽｷﾀｶﾝﾄｳ","51","","","","","048-528-0011","048-528-0015","","1","20060704","20190208","20060705",""
"11024","02/08/2019 00:00:00","12/31/9999 00:00:00","0","itg40916","02/08/2019 09:38:30","PVU_EX_1400","itg40916","02/08/2019 09:38:30","PVU_EX_1400","（株）カクサン","（株）カクサン","カクサン","カクサン","KKｶｸｻﾝ","ｶｸｻﾝ","51","","","","","0495-22-5251","0495-24-3155","","1","20080601","20190208","20080612",""
"11026","04/08/2019 00:00:00","12/31/9999 00:00:00","0","itg36186","04/08/2019 14:26:24","PVU_EX_1400","itg36186","04/08/2019 14:26:24","PVU_EX_1400","（株）メディセオ埼玉統括営業部","メディセオ埼玉統括営業部","メディセオ埼玉統括","ＭＣ埼玉","ﾒﾃﾞｲｾｵ ｻｲﾀﾏ ﾄｳｶﾂ","MCｻｲﾀﾏ","51","","","","","0000-00-0000","","","1","20091001","","20100928",""
"11111","02/01/2014 00:00:00","12/31/9999 00:00:00","0","ips00015","03/29/2018 18:50:00","803001","ips00015","03/29/2018 18:50:00","803001","実績振替用","実績振替用","実績振替用","実績振替用","ｼﾞﾂｾｷﾌﾘｶｴﾖｳ","ｼﾞﾂｾｷﾌﾘｶｴ","51","","","","","03-9999-9999","03-9999-9999","","9","20000101","","20000101",""
"11887","08/29/2016 00:00:00","12/31/9999 00:00:00","0","ITSP","03/30/2018 00:00:00","ENW","ITSP","03/30/2018 00:00:00","ENW","アイン一括購入","アイン一括購入","アイン一括購入","アイン一括","ｱｲﾝｲｯｶﾂｺｳﾆｭｳ","ｱｲﾝｲｯｶﾂ","51","","","","","0000-00-0000","","","9","20160829","","20160829",""
"11888","04/01/2013 00:00:00","12/31/9999 00:00:00","0","ecl04742","03/29/2018 18:50:00","803001","ecl04742","03/29/2018 18:50:00","803001","埼玉の代理店","埼玉の代理店","埼玉の代理店","埼・代理店","ｻｲﾀﾏ ﾉ ﾀﾞｲﾘﾃﾝ","ｻｲﾀﾏ","51","","","","","0000-00-0000","","","9","19000101","","19000101",""
"11889","04/01/2013 00:00:00","12/31/9999 00:00:00","0","ecl04742","03/29/2018 18:50:00","803001","ecl04742","03/29/2018 18:50:00","803001","埼玉の代理店","埼玉の代理店","埼玉の代理店","埼・代理店","ｻｲﾀﾏﾉ ﾀﾞｲﾘﾃﾝ","ｻｲﾀﾏ","51","","","","","0000-00-0000","","","9","19000101","","19000101",""
"11890","02/08/2019 00:00:00","12/31/9999 00:00:00","0","itg40916","02/08/2019 10:06:03","PVU_EX_1400","itg40916","02/08/2019 10:06:03","PVU_EX_1400","アルフレッサヘルスケア（株）関東支社","アルフレッサＨＣ関東支社","アルフレッサＨＣ関東","アルフ関東","ｱﾙﾌﾚﾂｻﾍﾙｽｹｱｶﾝﾄｳ","ｱﾙﾌｶﾝﾄｳ","51","","","","","048-528-0011","","","1","20110907","20190208","20110907",""
"12001","04/01/2013 00:00:00","12/31/9999 00:00:00","0","ecl05573","03/29/2018 18:50:00","803001","ecl05573","03/29/2018 18:50:00","803001","岩渕薬品（株）","岩渕薬品（株）","岩渕薬品","岩渕","ｲﾜﾌﾞﾁ ﾔｸﾋﾝ KK","ｲﾜﾌﾞﾁ","51","","","","","043-236-7707","043-236-6007","","1","19000101","","19000101",""
"12004","04/01/2013 00:00:00","12/31/9999 00:00:00","0","ecl07868","03/29/2018 18:50:00","803001","ecl07868","03/29/2018 18:50:00","803001","（株）スズケン千葉営業部","（株）スズケン千葉営業部","スズケン千葉営業部","Ｓ・千葉","KK ｽｽﾞｹﾝ ﾁﾊﾞｴｲｷﾞﾖｳﾌﾞ","ｽｽﾞｹﾝ ﾁﾊﾞ","51","","","","","043-254-4151","0472-54-3440","","1","19000101","","19000101",""
"12008","04/01/2016 00:00:00","12/31/9999 00:00:00","0","ips00023","03/29/2018 18:50:00","803001","ips00023","03/29/2018 18:50:00","803001","東邦薬品（株）千葉営業部","東邦薬品（株）千葉営業部","東邦薬品千葉営業部","東邦千葉","ﾄｳﾎｳ ﾔｸﾋﾝ KK ﾁﾊﾞ","ﾄｳﾎｳ ﾁﾊﾞ","51","","","","","043-254-2020","","","1","19000101","","19000101",""
"12010","04/01/2016 00:00:00","12/31/9999 00:00:00","0","ips00023","03/29/2018 18:50:00","803001","ips00023","03/29/2018 18:50:00","803001","アルフレッサ（株）千葉","アルフレッサ（株）千葉","アルフレッサ千葉","ＡＦ千葉","ｱﾙﾌﾚﾂｻ ﾁﾊﾞ","AF ﾁﾊﾞ","51","","","","","043-265-9690","","","1","19000101","","19000101",""
"12033","11/01/2016 00:00:00","12/31/9999 00:00:00","0","ecl05317","03/29/2018 18:50:00","803001","ecl05317","03/29/2018 18:50:00","803001","（株）ＰＡＬＴＡＣ東京支社　第一営業部","（株）ＰＡＬＴＡＣ東京第一","ＰＡＬＴＡＣ東京第一","ＰＴ東京一","ﾊﾟﾙﾀﾂｸﾄｳｷﾖｳﾀﾞｲｲﾁ","ﾊﾟﾙﾄｳｷﾖｳｲﾁ","51","","","","","03-6367-7904","03-6367-7924","","1","20030916","","20030924",""
"12037","04/01/2016 00:00:00","12/31/9999 00:00:00","0","ips00023","03/29/2018 18:50:00","803001","ips00023","03/29/2018 18:50:00","803001","（株）メディセオ千葉統括営業部","メディセオ千葉統括営業部","メディセオ千葉統括","ＭＣ千葉","ﾒﾃﾞｲｾｵ ﾁﾊﾞ ﾄｳｶﾂ","MCﾁﾊﾞ","51","","","","","0000-00-0000","","","1","20091001","","20090917",""
"12888","04/01/2013 00:00:00","12/31/9999 00:00:00","0","ecl04742","03/29/2018 18:50:00","803001","ecl04742","03/29/2018 18:50:00","803001","千葉の代理店","千葉の代理店","千葉の代理店","千・代理店","ﾁﾊﾞ ﾉ ﾀﾞｲﾘﾃﾝ","ﾁﾊﾞ","51","","","","","0000-00-0000","","","9","19000101","","19000101",""
"12889","04/01/2013 00:00:00","12/31/9999 00:00:00","0","ecl04742","03/29/2018 18:50:00","803001","ecl04742","03/29/2018 18:50:00","803001","千葉の代理店","千葉の代理店","千葉の代理店","千・代理店","ﾁﾊﾞﾉ ﾀﾞｲﾘﾃﾝ","ﾁﾊﾞ","51","","","","","0000-00-0000","","","9","19000101","","19000101",""
"13001","05/08/2019 00:00:00","12/31/9999 00:00:00","0","itg40916","05/08/2019 10:46:14","PVU_EX_1400","itg40916","05/08/2019 12:05:12","PVU_EX_1400","株式会社メッツ","株式会社メッツ","（株）メッツ","メッツ","ｶﾌﾞｼｷｶﾞｲｼｬﾒｯﾂ","ﾒｯﾂ","51","","","","","03-3888-8445","03-3888-8443","","1","20190508","","20190508",""
"13002","04/25/2022 00:00:00","12/31/9999 00:00:00","0","itg19647","04/25/2022 15:53:45","PVU_EX_1400","itg19647","04/25/2022 15:53:45","PVU_EX_1400","ＥＡファーマの代理店","ＥＡファーマの代理店","ＥＡファーマの代理店","ＥＡ代理店","EAﾌｧｰﾏﾉﾀﾞｲﾘﾃﾝ","EAﾉﾀﾞｲﾘﾃﾝ","51","","","","","","","","9","20220425","","20220425",""
"13003","04/01/2013 00:00:00","12/31/9999 00:00:00","0","ecld0918","03/29/2018 18:50:00","803001","ecld0918","03/29/2018 18:50:00","803001","イワキ株式会社","イワキ株式会社","イワキ","イワキ","ｲﾜｷ KK","ｲﾜｷ","51","","","","","0000-00-0000","","","1","19000101","","19000101",""
"13004","04/01/2026 00:00:00","12/31/9999 00:00:00","0","itg36186","03/03/2026 10:12:45","PVU_EX_1400","itg36186","03/03/2026 10:12:45","PVU_EX_1400","アルフレッサ（株）共同仕入部","アルフレッサ共同仕入部","アルフレッサ共同仕","ＡＦ共同仕","ｱﾙﾌﾚﾂｻ ｷﾖｳﾄﾞｳｼｲﾚ","AF ｷﾖｳﾄﾞｳｼ","51","","","","","","","","1","","","20260401",""
"13010","04/01/2013 00:00:00","12/31/9999 00:00:00","0","ecld0918","03/29/2018 18:50:00","803001","ecld0918","03/29/2018 18:50:00","803001","酒井薬品（株）","酒井薬品（株）","酒井薬品","酒井","ｻｶｲ ﾔｸﾋﾝ KK","ｻｶｲ","51","","","","","0000-00-0000","","","1","19000101","","19000101",""
"13012","04/01/2013 00:00:00","12/31/9999 00:00:00","0","ecl05317","03/29/2018 18:50:00","803001","ecl05317","03/29/2018 18:50:00","803001","アルフレッサヘルスケア（株）","アルフレッサヘルスケア（株","アルフレッサヘルスケ","アルフＨＣ","ｱﾙﾌﾚﾂｻﾍﾙｽｹｱ","ｱﾙﾌﾚﾂｻHC","51","","","","","03-3639-6286","","","1","19000101","","19000101",""
"13013","10/01/2025 00:00:00","12/31/9999 00:00:00","0","itg46273","09/12/2025 11:32:41","PVU_EX_1400","itg46273","09/12/2025 11:32:41","PVU_EX_1400","東邦薬品（株）東京営業部","東邦薬品（株）東京営業部","東邦薬品東京営業部","東邦東京","ﾄｳﾎｳ ﾔｸﾋﾝ KK ﾄｳｷﾖｳ","ﾄｳﾎｳﾄｳｷﾖｳ","51","","","","","0000-00-0000","","","1","19000101","","19000101",""
"13014","09/12/2025 00:00:00","12/31/9999 00:00:00","0","itg45886","09/12/2025 10:24:57","PVU_EX_1400","itg45886","09/12/2025 10:30:08","PVU_EX_1400","東邦薬品グループ","東邦薬品グループ","東邦薬品Ｇ","東邦Ｇ","ﾄｳﾎｳ ﾔｸﾋﾝ G","ﾄｳﾎｳ G","51","","","","","0000-00-0000","","","1","","","20241028",""
"13015","11/01/2024 00:00:00","12/31/9999 00:00:00","0","itg45886","10/28/2024 15:07:57","PVU_EX_1400","itg45886","10/28/2024 15:07:57","PVU_EX_1400","東邦薬品（株）","東邦薬品（株）","東邦薬品","東邦","ﾄｳﾎｳ ﾔｸﾋﾝ KK","ﾄｳﾎｳ","51","","","","","0000-00-0000","","","1","","","20241101",""
"13017","04/01/2026 00:00:00","12/31/9999 00:00:00","0","itg37786","02/16/2026 16:52:46","PVU_EX_1400","itg37786","02/16/2026 16:52:46","PVU_EX_1400","アルフレッサ（株）東京営業本部","アルフレッサ東京","アルフレッサ東京","ＡＦ東京","ｱﾙﾌﾚﾂｻ ﾄｳｷｮｳ","AF ﾄｳｷﾖｳ","51","","","","","0000-00-0000","","","1","19000101","","19000101",""
"13038","04/01/2013 00:00:00","12/31/9999 00:00:00","0","ecl04321","03/29/2018 18:50:00","803001","ecl04321","03/29/2018 18:50:00","803001","森川産業株式会社","森川産業株式会社","森川産業","森川産業","ﾓﾘｶﾜｻﾝｷﾞﾖｳ KK","ﾓﾘｶﾜｻﾝｷﾞﾖｳ","51","","","","","03-3866-8236","03-3864-4318","","3","19900801","","19900718",""
"13049","04/01/2017 00:00:00","12/31/9999 00:00:00","0","ecl07868","03/29/2018 18:50:00","803001","ecl07868","03/29/2018 18:50:00","803001","積水メディカル株式会社","積水メディカル株式会社","積水メディカル（株）","積水メディ","ｾｷｽｲﾒﾃﾞｲｶﾙｶﾌﾞｼｷｶｲｼﾔ","ｾｷｽｲ","88","","","","","03-3272-0689","","","1","19910301","","19910227",""
"13078","04/01/2016 00:00:00","12/31/9999 00:00:00","0","ips00023","03/29/2018 18:50:00","803001","ips00023","03/29/2018 18:50:00","803001","（株）バイタルネット東京","（株）バイタルネット東京","バイタルネット東京","ＶＮ東京","ﾊﾞｲﾀﾙﾈﾂﾄ ﾄｳｷﾖｳ","ﾊﾞｲﾀﾙﾈﾂﾄﾄｳ","51","","","","","03-5433-4511","","","1","20010101","","19980603",""
"13079","09/12/2025 00:00:00","12/31/9999 00:00:00","0","itg46273","09/12/2025 11:18:48","PVU_EX_1400","itg46273","09/12/2025 11:18:48","PVU_EX_1400","（株）バイタルケーエスケー・ホールディングス","バイタルケーエスケーＨＤ","バイタルケーエスケー","ＶＮＫＳＫ","ﾊﾞｲﾀﾙｹｰｴｽｹｰHD","ﾊﾞｲﾀﾙｹｰｴｽ","51","","","","","03-5433-4511","","","1","","","20250912",""
"13093","04/01/2013 00:00:00","12/31/9999 00:00:00","0","ecl04904","03/29/2018 18:50:00","803001","ecl04904","03/29/2018 18:50:00","803001","中央物産株式会社","中央物産株式会社","中央物産（株）","中央物産","ﾁﾕｳｵｳﾌﾞﾂｻﾝKK","ﾁﾕｳｵｳﾌﾞﾂｻﾝ","51","","","","","03-3796-5082","03-3401-0493","","3","19991001","","19990924",""
"13099","04/01/2016 00:00:00","12/31/9999 00:00:00","0","ips00023","03/29/2018 18:50:00","803001","ips00023","03/29/2018 18:50:00","803001","（株）マルタケ東京","（株）マルタケ東京","マルタケ東京支店","マルタケ東","KK ﾏﾙﾀｹ ﾄｳｷﾖｳｼﾃﾝ","ﾏﾙﾀｹ ﾄｳｷﾖｳ","51","","","","","03-3297-8611","03-3297-8601","","1","19000101","","19000101",""
"13147","09/12/2025 00:00:00","12/31/9999 00:00:00","0","itg45886","09/12/2025 10:25:50","PVU_EX_1400","itg45886","09/12/2025 10:25:50","PVU_EX_1400","アルフレッサグループ","アルフレッサグループ","アルフレッサＧ","アルフレッ","ｱﾙﾌﾚﾂｻ G","ｱﾙﾌﾚﾂｻ G","51","","","","","0000-00-0000","","","1","","","20241101",""
"13148","11/01/2024 00:00:00","12/31/9999 00:00:00","0","itg39895","10/28/2024 16:10:31","PVU_EX_1400","itg39895","10/28/2024 16:10:31","PVU_EX_1400","アルフレッサ（株）","アルフレッサ（株）","アルフレッサ","アルフレッ","ｱﾙﾌﾚﾂｻ KK","ｱﾙﾌﾚﾂｻ KK","51","","","","","0000-00-0000","","","1","","","20241101",""
"13149","04/01/2026 00:00:00","12/31/9999 00:00:00","0","itg37786","02/17/2026 16:38:08","PVU_EX_1400","itg37786","02/17/2026 16:38:08","PVU_EX_1400","アルフレッサ（株）医薬営業統括本部","アルフレッサ医薬営業","アルフレッサ医薬営業","ＡＦ医薬営","ｱﾙﾌﾚﾂｻ ｲﾔｸｴｲｷﾞｮｳ","AF ｲﾔｸ","51","","","","","0000-00-0000","","","1","20041001","","20040902",""
"13153","02/08/2019 00:00:00","12/31/9999 00:00:00","0","itg40916","02/08/2019 15:53:18","PVU_EX_1400","itg40916","02/08/2019 15:53:18","PVU_EX_1400","シ－エス薬品（株）関東営業","シ－エス薬品（株）関東営業","シーエス関東営業部","ＣＳ関東営","ｼ-ｴｽｶﾝﾄｳｴｲｷﾞﾖｳ","ｼ-ｴｽｶﾝﾄｳ","51","","","","","03-3817-3967","","","1","20050627","20190208","20050627",""
"13157","04/01/2013 00:00:00","12/31/9999 00:00:00","0","ecl04321","03/29/2018 18:50:00","803001","ecl04321","03/29/2018 18:50:00","803001","株式会社　大木","株式会社　大木","（株）大木","大木","KK ｵｵｷ","ｵｵｷ","51","","","","","0000-00-0000","","","1","20080808","","20080808",""
"13159","11/01/2024 00:00:00","12/31/9999 00:00:00","0","itg39895","10/28/2024 16:15:05","PVU_EX_1400","itg39895","10/28/2024 16:15:05","PVU_EX_1400","（株）メディセオ","（株）メディセオ","（株）メディセオ","ＭＣ","ﾒﾃﾞｲｾｵ","ﾒﾃﾞｲｾｵ","51","","","","","0000-00-0000","","","1","","","20241101",""
"13160","10/01/2025 00:00:00","12/31/9999 00:00:00","0","itg46273","09/12/2025 11:44:59","PVU_EX_1400","itg46273","09/12/2025 11:44:59","PVU_EX_1400","（株）メディセオ東京統括営業部","メディセオ東京統括営業部","メディセオ東京統括","ＭＣ東京","ﾒﾃﾞｲｾｵ ﾄｳｷﾖｳ ﾄｳｶﾂ","MCﾄｳｷﾖｳ","51","","","","","0000-00-0000","","","1","20091001","","20090917",""
"13161","04/01/2026 00:00:00","12/31/9999 00:00:00","0","itg37786","02/20/2026 14:45:01","PVU_EX_1400","itg37786","02/20/2026 14:45:01","PVU_EX_1400","（株）メディセオメディカル営業本部","メディセオメディカル営本部","メディカル営業本部","ＭＣメディ","ﾒﾃﾞｲｾｵ ﾒﾃﾞｨｶﾙｴｲｷﾞｮｳ","MCﾒﾃﾞｨｶﾙ","51","","","","","0000-00-0000","","","1","20091001","","20090917",""
"13162","04/01/2026 00:00:00","12/31/9999 00:00:00","0","itg37786","02/20/2026 14:55:02","PVU_EX_1400","itg37786","02/20/2026 14:55:02","PVU_EX_1400","メディセオ首都圏グループ営業部","メディセオ首都圏Ｇ営業部","メディセオ首都圏Ｇ","ＭＣ首都圏","ﾒﾃﾞｲｾｵ ｼﾕﾄｹﾝｸﾞﾙ-ﾌﾟ","MCｼﾕﾄｹﾝ","51","","","","","0000-00-0000","","","1","20091001","","20091001",""
"13163","04/01/2016 00:00:00","12/31/9999 00:00:00","0","ips00023","03/29/2018 18:50:00","803001","ips00023","03/29/2018 18:50:00","803001","（株）スズケン東京中央営業部","スズケン東京中央営業部","スズケン東京中央","Ｓ東京中央","ｽｽﾞｹﾝ ﾄｳｷﾖｳﾁﾕｳｵｳ","ｽｽﾞｹﾝﾄｳﾁﾕｳ","51","","","","","0000-00-0000","","","1","20101101","","20101012",""
"13164","04/01/2016 00:00:00","12/31/9999 00:00:00","0","ips00023","03/29/2018 18:50:00","803001","ips00023","03/29/2018 18:50:00","803001","（株）スズケン東京病院営業部","スズケン東京病院営業部","スズケン東京病院","Ｓ東京病院","ｽｽﾞｹﾝ ﾄｳｷﾖｳﾋﾞﾖｳｲﾝ","ｽｽﾞｹﾝﾄｳﾋﾞﾖ","51","","","","","0000-00-0000","","","1","20101101","","20101012",""
"13165","04/01/2016 00:00:00","12/31/9999 00:00:00","0","ips00023","03/29/2018 18:50:00","803001","ips00023","03/29/2018 18:50:00","803001","（株）スズケン東京多摩営業部","スズケン東京多摩営業部","スズケン東京多摩","Ｓ東京多摩","ｽｽﾞｹﾝ ﾄｳｷﾖｳﾀﾏ","ｽｽﾞｹﾝﾄｳﾀﾏ","51","","","","","0000-00-0000","","","1","20101101","","20101012",""
"13180","04/15/2019 00:00:00","12/31/9999 00:00:00","0","itg04213","04/15/2019 13:29:54","PVU_EX_1400","itg04213","04/15/2019 13:29:54","PVU_EX_1400","（株）メディセオ南東京統括営業部","メディセオ南東京統括営業部","メディセオ南東京統括","ＭＣ南東京","ﾒﾃﾞｲｾｵﾐﾅﾐﾄｳｷﾖｳ","ﾒﾃﾞｲｾｵﾐﾅﾐﾄ","51","","","","","044-740-8089","","","1","20130701","20190415","20130627",""
"13181","04/09/2019 00:00:00","12/31/9999 00:00:00","0","itg36186","04/09/2019 14:51:18","PVU_EX_1400","itg36186","04/09/2019 14:51:18","PVU_EX_1400","（株）リードＨＣ　首都圏営業部","（株）リードＨＣ　首都圏","リードＨＣ首都圏","ＲＨＣ首都","ﾘ-ﾄﾞﾍﾙｽｹｱｼﾕﾄｹﾝｴｲｷﾞﾖｳ","ﾘ-ﾄﾞｼﾕﾄｹﾝ","51","","","","","03-5614-5130","03-3249-3850","","1","20130930","","20130926",""
"13193","01/01/2017 00:00:00","12/31/9999 00:00:00","0","ecl07060","03/29/2018 18:50:00","803001","ecl07060","03/29/2018 18:50:00","803001","株式会社　全老健共済会","全老健共済会","全老健共済会","全老健共済","ｾﾞﾝﾛｳｹﾝｷﾖｳｻｲｶｲ","ｾﾞﾝﾛｳｹﾝｷﾖｳ","50","","","","","03-5425-6900","","","1","20160920","","20160920",""
"13200","09/01/2017 00:00:00","12/31/9999 00:00:00","0","ecl04750","03/29/2018 18:50:00","803001","ecl04750","03/29/2018 18:50:00","803001","ＨＳ","ＨＳ","ＨＳ","ＨＳ","ｴｲﾁｴｽ","ｴｲﾁｴｽ","49","","","","","03-3817-5000","","","1","20170920","","20170920",""
"13201","10/09/2019 00:00:00","12/31/9999 00:00:00","0","itg19647","10/09/2019 10:14:11","PVU_EX_1400","itg19647","10/09/2019 10:14:11","PVU_EX_1400","社会医療法人北斗会　メデックス","医）北斗会メデックス","ＢＢＯＳ１","ＢＢＯＳ１","ﾋﾞ-ﾎﾞｽ1","ﾋﾞ-ﾎﾞｽ1","50","","","","","06-6865-1203","","","1","20171001","20190930","20171004",""
"13214","04/01/2018 00:00:00","12/31/9999 00:00:00","0","itg04213","03/31/2018 16:23:32","PVU_EX_1400","itg04213","03/31/2018 16:23:32","PVU_EX_1400","ヘルシーフード株式会社","ヘルシーフード株式会社","ヘルシーフード株式会","ヘルシーフ","ﾍﾙｼ-ﾌ-ﾄﾞｶﾌﾞｼｷｶﾞｲｼﾔ","ﾍﾙｼ-ﾌ-ﾄﾞ","51","","","","","042-581-1191","","","1","20180401","","20180402",""
"13217","03/01/2019 00:00:00","12/31/9999 00:00:00","0","itg04213","02/15/2019 13:50:35","PVU_EX_1400","itg04213","02/15/2019 14:14:31","PVU_EX_1400","セコムメディファーマ株式会社","セコムメディファーマ（株）","ＳＭＰ","ＳＭＰ","ｴｽｴﾑﾋﾟ-","ｴｽｴﾑﾋﾟ-","50","","","","","03-5775-8158","03-5775-9005","","1","20190301","","20190301",""
"13777","04/01/2013 00:00:00","12/31/9999 00:00:00","0","eclbatch","03/29/2018 18:50:00","803001","eclbatch","03/29/2018 18:50:00","803001","自衛隊本部","自衛隊本部","自衛隊本部","自衛隊本部","ｼﾞｴｲﾀｲﾎﾝﾌﾞ","ｼﾞｴｲﾀｲﾎﾝﾌﾞ","51","","","","","0000-00-0000","","","1","20030911","","20030916",""
"13803","04/01/2013 00:00:00","12/31/9999 00:00:00","0","ecl04321","03/29/2018 18:50:00","803001","ecl04321","03/29/2018 18:50:00","803001","（株）井田両国堂","（株）井田両国堂","井田両国堂","井田両国堂","KK ｲﾀﾞ ﾘﾖｳｺﾞｸﾄﾞｳ","ｲﾀﾞﾘﾖｳｺﾞｸ","51","","","","","03-3866-9631","03-3866-9638","","3","19000101","","19000101",""
"13888","04/01/2013 00:00:00","12/31/9999 00:00:00","0","","03/29/2018 18:50:00","803001","","03/29/2018 18:50:00","803001","東京の代理店","東京の代理店","東京の代理店","東京","ﾄｳｷﾖｳﾉ ﾀﾞｲﾘﾃﾝ","ﾄｳｷﾖｳ","51","","","","","0000-00-0000","","","9","19000101","","19000101",""
"13889","04/01/2013 00:00:00","12/31/9999 00:00:00","0","","03/29/2018 18:50:00","803001","","03/29/2018 18:50:00","803001","東京の代理店","東京の代理店","東京の代理店","東・代理店","ﾄｳｷﾖｳﾉ ﾀﾞｲﾘﾃﾝ","ﾄｳｷﾖｳ","51","","","","","0000-00-0000","","","9","19000101","","19000101",""
"13982","02/08/2019 00:00:00","12/31/9999 00:00:00","0","itg40916","02/08/2019 10:07:37","PVU_EX_1400","itg40916","02/08/2019 10:07:37","PVU_EX_1400","丹平中田（株）新","丹平中田（株）新","丹平中田新","丹平中田新","ﾀﾝﾍﾟｲ ﾅｶﾀ KKｼﾝ","ﾀﾝﾍﾟｲ ﾅｶﾀｼ","51","","","","","0000-00-0000","","","1","20110811","20190208","20110811",""
"13983","04/03/2025 00:00:00","12/31/9999 00:00:00","0","itg19647","04/03/2025 13:42:09","PVU_EX_1400","itg19647","04/03/2025 13:42:09","PVU_EX_1400","アルフレッサヘルスケア（株）関東支社","アルフレッサＨＣ関東支社","アルフレッサＨＣ関東","アルフ関東","ｱﾙﾌﾚﾂｻﾍﾙｽｹｱｶﾝﾄｳ","ｱﾙﾌｶﾝﾄｳ","51","","","","","03-5673-2800","","","1","20110907","","20110907",""
"13984","04/01/2017 00:00:00","12/31/9999 00:00:00","0","ecl05317","03/29/2018 18:50:00","803001","ecl05317","03/29/2018 18:50:00","803001","アルフレッサヘルスケア（株）広域支社","アルフレッサＨＣ広域支社","アルフレッサ広域支社","アルフ広域","ｱﾙﾌﾚﾂｻﾍﾙｽｹｱｺｳｲｷｼｼﾔ","ｱﾙﾌｺｳｲｷ","51","","","","","03-5673-2800","","","1","20110907","","20110907",""
"13985","02/08/2019 00:00:00","12/31/9999 00:00:00","0","itg40916","02/08/2019 10:10:54","PVU_EX_1400","itg40916","02/08/2019 10:10:54","PVU_EX_1400","アルフレッサヘルスケア（株）広域第二支社","アルフレッサＨＣ広域第二","アルフレッサ広域第二","アルフ広二","ｱﾙﾌﾚﾂｻﾍﾙｽｹｱｺｳｲｷﾆ","ｱﾙﾌｺｲｷﾆ","51","","","","","03-3639-6287","","","1","20110907","20190208","20110909",""
"13986","02/08/2019 00:00:00","12/31/9999 00:00:00","0","itg40916","02/08/2019 10:13:37","PVU_EX_1400","itg40916","02/08/2019 10:13:37","PVU_EX_1400","アルフレッサヘルスケア（株）広域第三支社","アルフレッサＨＣ広域第三","アルフレッサ広域第三","アルフ広三","ｱﾙﾌﾚﾂｻﾍﾙｽｹｱｺｳｲｷｻﾝ","ｱﾙﾌｺｳｲｷｻﾝ","51","","","","","03-3639-6287","","","1","20110907","20190208","20110909",""
"13990","02/01/2014 00:00:00","12/31/9999 00:00:00","0","ips00015","03/29/2018 18:50:00","803001","ips00015","03/29/2018 18:50:00","803001","ＤＣＢ販路統計代理店","ＤＣＢ販路統計代理店","ＤＣＢ販路代理店","ＤＣＢ販路","DCBﾊﾝﾛﾀﾞｲﾘﾃﾝ","DCBﾊﾝﾛ","51","","","","","0000-00-0000","","","9","20140204","","20140130",""
"14001","05/08/2018 00:00:00","12/31/9999 00:00:00","0","itg04213","05/08/2018 15:13:25","PVU_EX_1400","itg04213","05/08/2018 15:42:19","PVU_EX_1400","神奈川東和薬品株式会社","神奈川東和薬品株式会社","神奈川東和薬品","神奈川東和","ｶﾅｶﾞﾜﾄｳﾜﾔｸﾋﾝ ｶﾌﾞ","ｶﾅｶﾞﾜﾄｳﾜ","51","","","","","0467-74-7091","0467-74-7094","","1","20180508","","20180508",""
"14002","05/08/2018 00:00:00","12/31/9999 00:00:00","0","itg04213","05/08/2018 15:24:46","PVU_EX_1400","itg04213","05/08/2018 15:40:22","PVU_EX_1400","相模薬品株式会社","相模薬品株式会社","相模薬品株式会社","相模薬品","ｻｶﾞﾐﾔｸﾋﾝｶﾌﾞｼｷｶｲｼﾔ","ｻｶﾞﾐﾔｸﾋﾝ","51","","","","","0463-79-6300","0463-23-9566","","1","20150508","","20180508",""
"14005","04/01/2013 00:00:00","12/31/9999 00:00:00","0","ecl07868","03/29/2018 18:50:00","803001","ecl07868","03/29/2018 18:50:00","803001","（株）スズケン横浜営業部","（株）スズケン横浜営業部","スズケン横浜営業部","Ｓ・横浜","KK ｽｽﾞｹﾝﾖｺﾊﾏｴｲｷﾞﾖｳﾌﾞ","ｽｽﾞｹﾝ ﾖｺﾊﾏ","51","","","","","0000-00-0000","","","1","19000101","","19000101",""
"14016","12/03/2018 00:00:00","12/31/9999 00:00:00","0","itg04213","12/03/2018 15:09:33","PVU_EX_1400","itg04213","12/03/2018 15:09:33","PVU_EX_1400","中北薬品（株）","中北薬品（株）","中北薬品","中北薬品","ﾅｶｷﾀ ﾔｸﾋﾝ KK","ﾅｶｷﾀ","51","","","","","0000-00-0000","","","1","19000101","20181202","19000101",""
"14025","04/01/2016 00:00:00","12/31/9999 00:00:00","0","ips00023","03/29/2018 18:50:00","803001","ips00023","03/29/2018 18:50:00","803001","東邦薬品（株）神奈川営業部","東邦薬品（株）神奈川営業部","東邦薬品神奈川営業部","東邦神奈川","ﾄｳﾎｳ ﾔｸﾋﾝ KK ｶﾅｶﾞﾜ","ﾄｳﾎｳ ｶﾅｶﾞﾜ","51","","","","","0000-00-0000","","","1","19000101","","19000101",""
"14027","04/01/2026 00:00:00","12/31/9999 00:00:00","0","itg37786","02/18/2026 11:22:02","PVU_EX_1400","itg37786","02/18/2026 11:22:02","PVU_EX_1400","アルフレッサ（株）メディカル営業本部","アルフレッサメディカル","メディカル営業本部","メディ営本","ｱﾙﾌﾚﾂｻ ﾒﾃﾞｨｶﾙｴｲｷﾞｮｳ","AFﾒﾃﾞｨｶﾙ","51","","","","","0000-00-0000","","","1","19000101","","19000101",""
"14034","04/01/2013 00:00:00","12/31/9999 00:00:00","0","ecl07868","03/29/2018 18:50:00","803001","ecl07868","03/29/2018 18:50:00","803001","（株）スズケン湘南営業部","（株）スズケン湘南営業部","スズケン湘南営業部","Ｓ・湘南","KKｽｽﾞｹﾝｼﾖｳﾅﾝｴｲｷﾞﾖｳﾌﾞ","ｽｽﾞｹﾝｼﾖｳﾅﾝ","51","","","","","0462-27-6311","0462-27-6204","","1","19960105","","19960125",""
"14053","04/01/2013 00:00:00","12/31/9999 00:00:00","0","ecl04960","03/29/2018 18:50:00","803001","ecl04960","03/29/2018 18:50:00","803001","（株）Ｐａｌｔａｃ横浜支社","（株）Ｐａｌｔａｃ横浜支社","Ｐａｌｔａｃ横浜支社","ＰＴ横浜","KK.ﾊﾟﾙﾀﾂｸﾖｺﾊﾏｼｼﾔ","KK.ﾊﾟﾙﾖｺﾊﾏ","51","","","","","046-252-2203","046-252-2211","","1","19981001","","20060922",""
"14056","04/01/2016 00:00:00","12/31/9999 00:00:00","0","ips00023","03/29/2018 18:50:00","803001","ips00023","03/29/2018 18:50:00","803001","（株）メディセオ神奈川統括営業部","メディセオ神奈川統括営業部","メディセオ神奈川統括","ＭＣ神奈川","ﾒﾃﾞｲｾｵ ｶﾅｶﾞﾜ ﾄｳｶﾂ","MCｶﾅｶﾞﾜ","51","","","","","0000-00-0000","","","1","20091001","","20100928",""
"14059","10/01/2017 00:00:00","12/31/9999 00:00:00","0","ecl05317","03/29/2018 18:50:00","803001","ecl05317","03/29/2018 18:50:00","803001","アルフレッサヘルスケア（株）神奈川甲信越支社","アルフレッサＨＣ神甲支社","アルフレッサＨＣ神甲","アルフ神甲","ｱﾙﾌﾚﾂｻﾍﾙｽｹｱｶﾅｺｳ","ｱﾙﾌｶﾅｺｳ","51","","","","","045-413-2296","045-413-2295","","1","20171001","","20171003",""
"14888","04/01/2013 00:00:00","12/31/9999 00:00:00","0","ecl04742","03/29/2018 18:50:00","803001","ecl04742","03/29/2018 18:50:00","803001","神奈川の代理店","神奈川の代理店","神奈川の代理店","神・代理店","ｶﾅｶﾞﾜ ﾉ ﾀﾞｲﾘﾃﾝ","ｶﾅｶﾞﾜ","51","","","","","0000-00-0000","","","9","19000101","","19000101",""
"14889","04/01/2013 00:00:00","12/31/9999 00:00:00","0","ecl04742","03/29/2018 18:50:00","803001","ecl04742","03/29/2018 18:50:00","803001","神奈川の代理店","神奈川の代理店","神奈川の代理店","神・代理店","ｶﾅｶﾞﾜﾉ ﾀﾞｲﾘﾃﾝ","ｶﾅｶﾞﾜ","51","","","","","0000-00-0000","","","9","19000101","","19000101",""
"15002","04/01/2016 00:00:00","12/31/9999 00:00:00","0","ips00023","03/29/2018 18:50:00","803001","ips00023","03/29/2018 18:50:00","803001","（株）バイタルネット新潟","（株）バイタルネット新潟","バイタルネット新潟","ＶＮ新潟","KK ﾊﾞｲﾀﾙﾈﾂﾄ ﾆｲｶﾞﾀ","ﾊﾞｲﾀﾙﾈﾂﾄﾆｲ","51","","","","","025-234-1111","","","1","20010101","","20010101",""
"15003","04/01/2016 00:00:00","12/31/9999 00:00:00","0","ips00023","03/29/2018 18:50:00","803001","ips00023","03/29/2018 18:50:00","803001","（株）マルタケ関越","（株）マルタケ関越","マルタケ","マルタケ","KK ﾏﾙﾀｹ ｶﾝｴﾂ","ﾏﾙﾀｹｶﾝｴﾂ","51","","","","","025-568-6311","025-268-6306","","1","19000101","","19000101",""
"15006","02/08/2019 00:00:00","12/31/9999 00:00:00","0","itg40916","02/08/2019 10:57:41","PVU_EX_1400","itg40916","02/08/2019 10:57:41","PVU_EX_1400","（株）井上誠昌堂　新潟","（株）井上誠昌堂　新潟","井上誠昌堂　新潟","井上新潟","KKｲﾉｳｴｾｲｼﾖｳﾄﾞｳ ﾆｲｶﾞﾀ","ｲﾉｳｴ ﾆｲｶﾞﾀ","51","","","","","0000-00-0000","","","1","19000101","20190208","19000101",""
"15012","04/15/2019 00:00:00","12/31/9999 00:00:00","0","itg04213","04/15/2019 13:12:24","PVU_EX_1400","itg04213","04/15/2019 13:12:24","PVU_EX_1400","（株）スズケン新潟営業部","（株）スズケン新潟営業部","スズケン新潟営業部","Ｓ・新潟","KK ｽｽﾞｹﾝ ﾆｲｶﾞﾀｴｲｷﾞﾖｳ","ｽｽﾞｹﾝﾆｲｶﾞﾀ","51","","","","","0000-00-0000","","","1","19000101","","19000101",""
"15013","04/01/2016 00:00:00","12/31/9999 00:00:00","0","ips00023","03/29/2018 18:50:00","803001","ips00023","03/29/2018 18:50:00","803001","東邦薬品（株）新潟営業部","東邦薬品（株）新潟営業部","東邦薬品新潟営業部","東邦新潟","ﾄｳﾎｳﾆｲｶﾞﾀｴｲｷﾞﾖｳﾌﾞ","ﾄｳﾎｳﾆｲｶﾞﾀ","51","","","","","025-285-8111","025-285-8593","","1","20131001","","19900920",""
"15020","04/01/2016 00:00:00","12/31/9999 00:00:00","0","ips00023","03/29/2018 18:50:00","803001","ips00023","03/29/2018 18:50:00","803001","アルフレッサ（株）新潟","アルフレッサ（株）新潟","アルフレッサ新潟","ＡＦ新潟","ｱﾙﾌﾚﾂｻ ﾆｲｶﾞﾀ","AF ﾆｲｶﾞﾀ","51","","","","","025-281-3331","025-281-3120","","1","19960201","","19960125",""
"15022","12/01/2023 00:00:00","12/31/9999 00:00:00","0","itg45886","11/30/2023 13:14:11","PVU_EX_1400","itg45886","11/30/2023 13:14:11","PVU_EX_1400","株式会社マルタケ","（株）マルタケ","（株）マルタケ","マルタケ","KK ﾏﾙﾀｹ","ﾏﾙﾀｹ","51","","","","","025-568-6311","025-268-6306","","1","19990401","","19990309",""
"15027","10/01/2020 00:00:00","12/31/9999 00:00:00","0","itg40916","02/08/2019 09:31:02","PVU_EX_1400","itg40916","02/08/2019 09:31:02","PVU_EX_1400","（株）バイタルネット新潟","（株）バイタルネット新潟","バイタルネットＨＣ","バイタルＮ","ﾊﾞｲﾀﾙﾈﾂﾄKK ﾍﾙｽｹｱﾆｲｶﾞ","ﾊﾞｲﾀﾙﾈﾂﾄKK","48","","","","","03-3817-3967","","","1","20010101","20121121","20001218",""
"15029","02/08/2019 00:00:00","12/31/9999 00:00:00","0","itg40916","02/08/2019 16:12:13","PVU_EX_1400","itg40916","02/08/2019 16:12:13","PVU_EX_1400","（株）ＰＡＬＴＡＣ新潟支店","（株）ＰＡＬＴＡＣ新潟支店","ＰＡＬＴＡＣ新潟支店","ＰＴ新潟","KK ﾊﾟﾙﾀﾂｸﾆｲｶﾞﾀ","ﾊﾟﾙﾆｲｶﾞﾀ","51","","","","","0258-61-2346","0258-61-2377","","1","20081028","20190208","20081028",""
"15888","04/01/2016 00:00:00","12/31/9999 00:00:00","0","ecl04742","03/29/2018 18:50:00","803001","ecl04742","03/29/2018 18:50:00","803001","新潟の代理店","新潟の代理店","新潟の代理店","新・代理店","ﾆｲｶﾞﾀ ﾉ ﾀﾞｲﾘﾃﾝ","ﾆｲｶﾞﾀ","51","","","","","0000-00-0000","","","9","19000101","","19000101",""
"15889","04/01/2016 00:00:00","12/31/9999 00:00:00","0","ecl04742","03/29/2018 18:50:00","803001","ecl04742","03/29/2018 18:50:00","803001","新潟の代理店","新潟の代理店","新潟の代理店","新・代理店","ﾆｲｶﾞﾀﾉ ﾀﾞｲﾘﾃﾝ","ﾆｲｶﾞﾀ","51","","","","","0000-00-0000","","","9","19000101","","19000101",""
"16001","02/08/2019 00:00:00","12/31/9999 00:00:00","0","itg40916","02/08/2019 10:59:40","PVU_EX_1400","itg40916","02/08/2019 10:59:40","PVU_EX_1400","（株）井上誠昌堂","（株）井上誠昌堂","井上誠昌堂","井上","KK ｲﾉｳｴ ｾｲｼﾖｳﾄﾞｳ","ｲﾉｳｴ","52","","","","","0000-00-0000","","","1","19000101","20190208","19000101",""
"16002","05/16/2019 00:00:00","12/31/9999 00:00:00","0","itg40916","05/16/2019 15:23:28","PVU_EX_1400","itg40916","05/16/2019 15:23:28","PVU_EX_1400","日医工株式会社","日医工株式会社","日医工（株）","日医工","ﾆﾁｲｺｳｶﾌﾞｼｷｶﾞｲｼﾔ","ﾆﾁｲｺｳ","52","","","","","076-432-2121","076-443-1666","","1","20190516","","20190516",""
"16003","04/01/2026 00:00:00","12/31/9999 00:00:00","0","itg37786","02/19/2026 16:24:14","PVU_EX_1400","itg37786","02/19/2026 16:24:14","PVU_EX_1400","明祥（株）富山営業部","明祥（株）富山営業部","明祥富山営業部","明祥富山","ﾒｲｼｮｳ ﾄﾔﾏｴｲｷﾞｮｳﾌﾞ","ﾒｲｼｮｳ ﾄﾔﾏ","52","","","","","","","","1","","","20260401",""
"16004","04/01/2018 00:00:00","12/31/9999 00:00:00","0","ecl02796","03/29/2018 18:50:00","803001","ecl02796","03/29/2018 18:50:00","803001","（株）ファイネス","（株）ファイネス","ファイネス","ファイネス","KK ﾌｱｲﾈｽ","ﾌｱｲﾈｽ","52","","","","","076-239-0613","","","1","20140101","","20140101",""
"16005","04/01/2018 00:00:00","12/31/9999 00:00:00","0","ecld0918","03/29/2018 18:50:00","803001","ecld0918","03/29/2018 18:50:00","803001","（株）スズケン富山営業部","（株）スズケン富山営業部","スズケン富山営業部","Ｓ・富山","KK ｽｽﾞｹﾝ ﾄﾔﾏ ｴｲｷﾞﾖｳ","ｽｽﾞｹﾝ ﾄﾔﾏ","52","","","","","0000-00-0000","","","1","19000101","","19000101",""
"16006","04/01/2026 00:00:00","12/31/9999 00:00:00","0","itg36186","03/02/2026 16:47:35","PVU_EX_1400","itg36186","03/05/2026 10:10:59","PVU_EX_1400","明祥　ＥＡ　富山営業部","明祥　ＥＡ　富山営業部","明祥ＥＡ富山営業部","明祥Ｅ富山","ﾒｲｼﾖｳEAﾄﾔﾏｴｲｷﾞﾖｳﾌﾞ","ﾒｲｼﾖｳEﾄﾔﾏ","52","","","","","","","","1","","","20260401",""
"16021","04/01/2024 00:00:00","12/31/9999 00:00:00","0","itg45886","04/01/2024 13:07:37","PVU_EX_1400","itg45886","04/01/2024 13:07:37","PVU_EX_1400","東邦薬品（株）北陸営業部","東邦薬品（株）北陸営業部","東邦薬品北陸営業部","東邦北陸","ﾄｳﾎｳﾎｸﾘｸｴｲｷﾞｮｳﾌﾞ","ﾄｳﾎｳﾎｸﾘｸ","52","","","","","076-424-9421","","","1","20170401","","20170323",""
"16888","04/01/2018 00:00:00","12/31/9999 00:00:00","0","ecl04742","03/29/2018 18:50:00","803001","ecl04742","03/29/2018 18:50:00","803001","富山の代理店","富山の代理店","富山の代理店","富・代理店","ﾄﾔﾏﾉ ﾀﾞｲﾘﾃﾝ","ﾄﾔﾏ","52","","","","","0000-00-0000","","","9","19000101","","19000101",""
"16889","04/01/2018 00:00:00","12/31/9999 00:00:00","0","ecl04742","03/29/2018 18:50:00","803001","ecl04742","03/29/2018 18:50:00","803001","富山の代理店","富山の代理店","富山の代理店","富・代理店","ﾄﾔﾏﾉ ﾀﾞｲﾘﾃﾝ","ﾄﾔﾏ","52","","","","","0000-00-0000","","","9","19000101","","19000101",""
"17001","04/01/2018 00:00:00","12/31/9999 00:00:00","0","ecl07868","03/29/2018 18:50:00","803001","ecl07868","03/29/2018 18:50:00","803001","明祥（株）","明祥（株）","明祥","明祥","ﾒｲｼﾖｳ KK","ﾒｲｼﾖｳ","52","","","","","0762-66-4141","0762-66-4111","","1","19000101","","19000101",""
"17002","04/01/2026 00:00:00","12/31/9999 00:00:00","0","itg36186","03/12/2026 15:55:12","PVU_EX_1400","itg19647","03/12/2026 16:37:07","PVU_EX_1400","明祥（株）石川営業部","明祥（株）石川営業部","明祥石川営業部","明祥石川","ﾒｲｼｮｳ ｲｼｶﾜｴｲｷﾞｮｳﾌﾞ","ﾒｲｼｮｳ ｲｼｶﾜ","52","","","","","","","","1","","","20260401",""
"17004","04/01/2018 00:00:00","12/31/9999 00:00:00","0","ips00015","03/29/2018 18:50:00","803001","ips00015","03/29/2018 18:50:00","803001","（株）スズケン金沢営業部","（株）スズケン金沢営業部","スズケン金沢営業部","Ｓ・金沢","KKｽｽﾞｹﾝ ｶﾅｻﾞﾜ ｴｲｷﾞﾖｳ","ｽｽﾞｹﾝ ｶﾅｻﾜ","52","","","","","0000-00-0000","","","1","19000101","","19000101",""
"17011","04/01/2018 00:00:00","12/31/9999 00:00:00","0","ecl05317","03/29/2018 18:50:00","803001","ecl05317","03/29/2018 18:50:00","803001","（株）ＰＡＬＴＡＣ北陸支社","（株）ＰＡＬＴＡＣ北陸支社","ＰＡＬＴＡＣ北陸支社","ＰＴ北陸","KK ﾊﾟﾙﾀﾂｸ ﾎｸﾘｸ ｼｼﾔ","ﾊﾟﾙ ﾎｸﾘｸ","52","","","","","0761-56-1509","0761-56-0420","","1","19980401","","19900918",""
"17022","04/15/2019 00:00:00","12/31/9999 00:00:00","0","itg04213","04/15/2019 13:31:12","PVU_EX_1400","itg04213","04/15/2019 13:31:12","PVU_EX_1400","（株）メディセオ北陸統括営業部","メディセオ北陸統括営業部","メディセオ北陸統括","ＭＣ北陸","ﾒﾃﾞｲｾｵ ﾎｸﾘｸ ﾄｳｶﾂ","MCﾎｸﾘｸ","52","","","","","0000-00-0000","","","1","20091001","20190415","20090917",""
"17024","04/01/2026 00:00:00","12/31/9999 00:00:00","0","itg36186","03/05/2026 10:05:14","PVU_EX_1400","itg36186","03/05/2026 10:05:14","PVU_EX_1400","明祥　ＥＡ　石川営業部","明祥　ＥＡ　石川営業部","明祥ＥＡ石川営業部","明祥Ｅ石川","ﾒｲｼﾖｳEAｲｼｶﾜｴｲｷﾞﾖｳﾌﾞ","ﾒｲｼﾖｳEｲｼｶﾜ","52","","","","","0762-66-4141","0762-66-4111","","1","20110501","","20110510",""
"17888","04/01/2018 00:00:00","12/31/9999 00:00:00","0","ips00015","03/29/2018 18:50:00","803001","ips00015","03/29/2018 18:50:00","803001","石川の代理店","石川の代理店","石川の代理店","石・代理店","ｲｼｶﾜﾉ ﾀﾞｲﾘﾃﾝ","ｲｼｶﾜ","52","","","","","0000-00-0000","","","9","19000101","","19000101",""
"17889","04/01/2018 00:00:00","12/31/9999 00:00:00","0","ecl04742","03/29/2018 18:50:00","803001","ecl04742","03/29/2018 18:50:00","803001","石川の代理店","石川の代理店","石川の代理店","石・代理店","ｲｼｶﾜﾉ ﾀﾞｲﾘﾃﾝ","ｲｼｶﾜ","52","","","","","0000-00-0000","","","9","19000101","","19000101",""
"18001","04/01/2026 00:00:00","12/31/9999 00:00:00","0","itg37786","02/19/2026 16:13:28","PVU_EX_1400","itg37786","02/19/2026 16:13:28","PVU_EX_1400","明祥（株）福井営業部","明祥（株）福井営業部","明祥福井営業部","明祥福井","ﾒｲｼｮｳ ﾌｸｲｴｲｷﾞｮｳﾌﾞ","ﾒｲｼｮｳ ﾌｸｲ","52","","","","","","","","1","","","20260401",""
"18002","04/01/2026 00:00:00","12/31/9999 00:00:00","0","itg36186","03/02/2026 16:39:04","PVU_EX_1400","itg36186","03/05/2026 10:07:58","PVU_EX_1400","明祥　ＥＡ　福井営業部","明祥　ＥＡ　福井営業部","明祥ＥＡ福井営業部","明祥Ｅ福井","ﾒｲｼﾖｳEAﾌｸｲｴｲｷﾞﾖｳﾌﾞ","ﾒｲｼﾖｳEﾌｸｲ","52","","","","","","","","1","","","20260401",""
"18009","04/01/2018 00:00:00","12/31/9999 00:00:00","0","ips00023","03/29/2018 18:50:00","803001","ips00023","03/29/2018 18:50:00","803001","（株）スズケン福井営業部","（株）スズケン福井営業部","スズケン福井営業部","Ｓ・福井","KK ｽｽﾞｹﾝ ﾌｸｲ ｴｲｷﾞﾖｳ","ｽｽﾞｹﾝ ﾌｸｲ","52","","","","","0000-00-0000","","","1","19000101","","19000101",""
"18888","04/01/2018 00:00:00","12/31/9999 00:00:00","0","ips00015","03/29/2018 18:50:00","803001","ips00015","03/29/2018 18:50:00","803001","福井の代理店","福井の代理店","福井の代理店","福・代理店","ﾌｸｲﾉ ﾀﾞｲﾘﾃﾝ","ﾌｸｲ","52","","","","","0000-00-0000","","","9","19000101","","19000101",""
"18889","04/01/2018 00:00:00","12/31/9999 00:00:00","0","ecl04742","03/29/2018 18:50:00","803001","ecl04742","03/29/2018 18:50:00","803001","福井の代理店","福井の代理店","福井の代理店","福・代理店","ﾌｸｲﾉ ﾀﾞｲﾘﾃﾝ","ﾌｸｲ","52","","","","","0000-00-0000","","","9","19000101","","19000101",""
"19003","04/01/2016 00:00:00","12/31/9999 00:00:00","0","ips00023","03/29/2018 18:50:00","803001","ips00023","03/29/2018 18:50:00","803001","（株）スズケン甲府営業部","（株）スズケン甲府営業部","スズケン甲府営業部","Ｓ・甲府","KK ｽｽﾞｹﾝ ｺｳﾌ ｴｲｷﾞﾖｳ","ｽｽﾞｹﾝ ｺｳﾌ","51","","","","","0000-00-0000","","","1","19000101","","19000101",""
"19011","04/01/2016 00:00:00","12/31/9999 00:00:00","0","ips00023","03/29/2018 18:50:00","803001","ips00023","03/29/2018 18:50:00","803001","東邦薬品（株）山梨営業部","東邦薬品（株）山梨営業部","東邦薬品山梨営業部","東邦山梨","ﾄｳﾎｳﾔｸﾋﾝ ﾔﾏﾅｼ","ﾄｳﾎｳﾔﾏﾅｼ","51","","","","","055-228-7211","055-228-1857","","1","20081001","","20090310",""
"19888","04/01/2016 00:00:00","12/31/9999 00:00:00","0","ecl04742","03/29/2018 18:50:00","803001","ecl04742","03/29/2018 18:50:00","803001","山梨の代理店","山梨の代理店","山梨の代理店","山・代理店","ﾔﾏﾅｼ ﾉ ﾀﾞｲﾘﾃﾝ","ﾔﾏﾅｼ","51","","","","","0000-00-0000","","","9","19000101","","19000101",""
"19889","04/01/2016 00:00:00","12/31/9999 00:00:00","0","ecl04742","03/29/2018 18:50:00","803001","ecl04742","03/29/2018 18:50:00","803001","山梨の代理店","山梨の代理店","山梨の代理店","山・代理店","ﾔﾏﾅｼﾉ ﾀﾞｲﾘﾃﾝ","ﾔﾏﾅｼ","51","","","","","0000-00-0000","","","9","19000101","","19000101",""
"20001","04/01/2016 00:00:00","12/31/9999 00:00:00","0","ecld0918","03/29/2018 18:50:00","803001","ecld0918","03/29/2018 18:50:00","803001","岡野薬品（株）","岡野薬品（株）","岡野薬品","岡野","ｵｶﾉ ﾔｸﾋﾝ KK","ｵｶﾉ","51","","","","","0000-00-0000","","","1","19000101","","19000101",""
"20004","04/01/2016 00:00:00","12/31/9999 00:00:00","0","ips00023","03/29/2018 18:50:00","803001","ips00023","03/29/2018 18:50:00","803001","アルフレッサ（株）長野山梨","アルフレッサ（株）長野山梨","アルフレッサ長野山梨","ＡＦ長野山","ｱﾙﾌﾚﾂｻ ﾅｶﾞﾉ ﾔﾏﾅｼ","AFﾅｶﾞﾉﾔﾏﾅｼ","51","","","","","026-283-6601","","","1","19000101","","19000101",""
"20005","04/01/2016 00:00:00","12/31/9999 00:00:00","0","ecld0918","03/29/2018 18:50:00","803001","ecld0918","03/29/2018 18:50:00","803001","鍋林（株）","鍋林（株）","鍋林","鍋林","ﾅﾍﾞﾘﾝ KK","ﾅﾍﾞﾘﾝ","51","","","","","0000-00-0000","","","1","19000101","","19000101",""
"20010","04/01/2016 00:00:00","12/31/9999 00:00:00","0","ips00023","03/29/2018 18:50:00","803001","ips00023","03/29/2018 18:50:00","803001","（株）スズケン長野営業部","（株）スズケン長野営業部","スズケン長野営業部","Ｓ・長野","KK ｽｽﾞｹﾝ ﾅｶﾞﾉ ｴｲｷﾞﾖｳ","ｽｽﾞｹﾝﾅｶﾞﾉ","51","","","","","0000-00-0000","","","1","19000101","","19000101",""
"20017","02/08/2019 00:00:00","12/31/9999 00:00:00","0","itg40916","02/08/2019 11:03:16","PVU_EX_1400","itg40916","02/08/2019 11:03:16","PVU_EX_1400","（株）アデックス","（株）アデックス","（株）アデックス","アデックス","KK.ｱﾃﾞﾂｸｽ","ｱﾃﾞﾂｸｽ","51","","","","","0263-27-7878","0263-25-6126","","1","19961001","20190208","19960905",""
"20022","04/01/2026 00:00:00","12/31/9999 00:00:00","0","itg37786","02/19/2026 16:44:05","PVU_EX_1400","itg37786","02/19/2026 16:44:05","PVU_EX_1400","（株）メディセオ甲信越統括営業部","メディセオ甲信越統括営業部","メディセオ甲信越","ＭＣ甲信越","ﾒﾃﾞｲｾｵ ｺｳｼﾝｴﾂ ﾄｳｶﾂ","MCｺｳｼﾝｴﾂ","51","","","","","0000-00-0000","","","1","20091001","","20090917",""
"20023","04/01/2016 00:00:00","12/31/9999 00:00:00","0","ips00023","03/29/2018 18:50:00","803001","ips00023","03/29/2018 18:50:00","803001","東邦薬品（株）長野営業部","東邦薬品（株）長野営業部","東邦薬品長野営業部","東邦長野","ﾄｳﾎｳﾔｸﾋﾝ ﾅｶﾞﾉｴｲｷﾞﾖｳ","ﾄｳﾎｳﾅｶﾞﾉ","51","","","","","0263-53-3388","0263-53-3366","","1","20131001","","20131021",""
"20888","04/01/2016 00:00:00","12/31/9999 00:00:00","0","ecl04742","03/29/2018 18:50:00","803001","ecl04742","03/29/2018 18:50:00","803001","長野の代理店","長野の代理店","長野の代理店","長・代理店","ﾅｶﾞﾉ ﾉ ﾀﾞｲﾘﾃﾝ","ﾅｶﾞﾉ","51","","","","","0000-00-0000","","","9","19000101","","19000101",""
"20889","04/01/2016 00:00:00","12/31/9999 00:00:00","0","ecl04742","03/29/2018 18:50:00","803001","ecl04742","03/29/2018 18:50:00","803001","長野の代理店","長野の代理店","長野の代理店","長・代理店","ﾅｶﾞﾉﾉ ﾀﾞｲﾘﾃﾝ","ﾅｶﾞﾉ","51","","","","","0000-00-0000","","","9","19000101","","19000101",""
"21002","04/01/2016 00:00:00","12/31/9999 00:00:00","0","ecl02796","03/29/2018 18:50:00","803001","ecl02796","03/29/2018 18:50:00","803001","アルフレッサ（株）岐阜","アルフレッサ（株）岐阜","アルフレッサ岐阜","ＡＦ岐阜","ｱﾙﾌﾚﾂｻ ｷﾞﾌ","AF ｷﾞﾌ","52","","","","","0000-00-0000","","","1","19000101","","19000101",""
"21004","04/01/2016 00:00:00","12/31/9999 00:00:00","0","ips00023","03/29/2018 18:50:00","803001","ips00023","03/29/2018 18:50:00","803001","（株）スズケン岐阜営業部","（株）スズケン岐阜営業部","スズケン岐阜営業部","Ｓ・岐阜","KK ｽｽﾞｹﾝ ｷﾞﾌｴｲｷﾞﾖｳﾌﾞ","ｽｽﾞｹﾝ ｷﾞﾌ","52","","","","","0000-00-0000","","","1","19000101","","19000101",""
"21888","04/01/2013 00:00:00","12/31/9999 00:00:00","0","ips00015","03/29/2018 18:50:00","803001","ips00015","03/29/2018 18:50:00","803001","岐阜の代理店","岐阜の代理店","岐阜の代理店","岐・代理店","ｷﾞﾌﾉ ﾀﾞｲﾘﾃﾝ","ｷﾞﾌ","52","","","","","0000-00-0000","","","9","19000101","","19000101",""
"21889","04/01/2013 00:00:00","12/31/9999 00:00:00","0","","03/29/2018 18:50:00","803001","","03/29/2018 18:50:00","803001","岐阜の代理店","岐阜の代理店","岐阜の代理店","岐・代理店","ｷﾞﾌﾉ ﾀﾞｲﾘﾃﾝ","ｷﾞﾌ","52","","","","","0000-00-0000","","","9","19000101","","19000101",""
"21890","04/01/2016 00:00:00","12/31/9999 00:00:00","0","ips00023","03/29/2018 18:50:00","803001","ips00023","03/29/2018 18:50:00","803001","東邦薬品（株）岐阜営業部","東邦薬品（株）岐阜営業部","東邦薬品岐阜営業部","東邦岐阜","ﾄｳﾎｳ ｷﾞﾌ","ﾄｳﾎｳ ｷﾞﾌ","52","","","","","0000-00-0000","","","1","20111001","","20110905",""
"22002","04/01/2013 00:00:00","12/31/9999 00:00:00","0","ips00015","03/29/2018 18:50:00","803001","ips00015","03/29/2018 18:50:00","803001","（株）スズケン静岡営業部","（株）スズケン静岡営業部","スズケン静岡営業部","Ｓ・静岡","KK ｽｽﾞｹﾝ ｼｽﾞｵｶｴｲｷﾞﾖｳ","ｽｽﾞｹﾝｼｽﾞｵｶ","52","","","","","0000-00-0000","","","1","19000101","","19000101",""
"22024","04/01/2026 00:00:00","12/31/9999 00:00:00","0","itg37786","02/17/2026 16:30:25","PVU_EX_1400","itg37786","02/17/2026 16:30:25","PVU_EX_1400","アルフレッサ（株）東海営業本部","アルフレッサ東海","アルフレッサ東海","ＡＦ東海","ｱﾙﾌﾚﾂｻ ﾄｳｶｲ","AF ﾄｳｶｲ","52","","","","","0000-00-0000","","","1","19981001","","19980925",""
"22888","04/01/2013 00:00:00","12/31/9999 00:00:00","0","ips00015","03/29/2018 18:50:00","803001","ips00015","03/29/2018 18:50:00","803001","静岡の代理店","静岡の代理店","静岡の代理店","静・代理店","ｼｽﾞｵｶﾉ ﾀﾞｲﾘﾃﾝ","ｼｽﾞｵｶ","52","","","","","0000-00-0000","","","9","19000101","","19000101",""
"22889","04/01/2013 00:00:00","12/31/9999 00:00:00","0","ecl04742","03/29/2018 18:50:00","803001","ecl04742","03/29/2018 18:50:00","803001","静岡の代理店","静岡の代理店","静岡の代理店","静・代理店","ｼｽﾞｵｶﾉ ﾀﾞｲﾘﾃﾝ","ｼｽﾞｵｶ","52","","","","","0000-00-0000","","","9","19000101","","19000101",""
"22890","04/01/2016 00:00:00","12/31/9999 00:00:00","0","ips00023","03/29/2018 18:50:00","803001","ips00023","03/29/2018 18:50:00","803001","東邦薬品（株）静岡営業部","東邦薬品（株）静岡営業部","東邦薬品静岡営業部","東邦静岡","ﾄｳﾎｳ ｼｽﾞｵｶ","ﾄｳﾎｳ ｼｽﾞｵｶ","52","","","","","0000-00-0000","","","1","20111001","","20110905",""
"23001","05/08/2018 00:00:00","12/31/9999 00:00:00","0","itg04213","05/08/2018 15:32:10","PVU_EX_1400","itg04213","05/08/2018 15:39:49","PVU_EX_1400","株式会社東海メディエイト","株式会社東海メディエイト","東海メディエイト","東海メディ","ｶﾌﾞｼｷｶｲｼﾔﾄｳｶｲﾒﾃﾞｲｴｲﾄ","ﾄｳｶｲﾒﾃﾞｲ","51","","","","","052-931-9195","052-931-9019","","1","20180508","","20180508",""
"23002","04/01/2013 00:00:00","12/31/9999 00:00:00","0","ecld0918","03/29/2018 18:50:00","803001","ecld0918","03/29/2018 18:50:00","803001","中北薬品（株）","中北薬品（株）","中北薬品","中北薬品","ﾅｶｷﾀ ﾔｸﾋﾝ","ﾅｶｷﾀ ﾔｸﾋﾝ","52","","","","","0000-00-0000","","","1","19000101","","19000101",""
"23003","04/10/2023 00:00:00","12/31/9999 00:00:00","0","itg45886","04/10/2023 11:00:12","PVU_EX_1400","itg45886","04/10/2023 11:00:12","PVU_EX_1400","（株）スズケン病院統轄部","（株）スズケン病院統轄部","スズケン病院統轄部","Ｓ病院統轄","KK ｽｽﾞｹﾝ ﾋﾞｮｳｲﾝﾄｳｶﾂﾌ","ﾋﾞｮｳｲﾝﾄｳｶﾂ","52","","","","","052-954-2672","","","1","20230410","","20230410",""
"23009","04/01/2013 00:00:00","12/31/9999 00:00:00","0","ips00015","03/29/2018 18:50:00","803001","ips00015","03/29/2018 18:50:00","803001","（株）スズケン名古屋営業部","（株）スズケン名古屋営業部","スズケン名古屋営業部","Ｓ・名古屋","KK ｽｽﾞｹﾝ ﾅｺﾞﾔｴｲｷﾞﾖｳﾌ","ｽｽﾞｹﾝ ﾅｺﾞﾔ","52","","","","","0000-00-0000","","","1","19000101","","19000101",""
"23017","02/08/2019 00:00:00","12/31/9999 00:00:00","0","itg40916","02/08/2019 15:55:03","PVU_EX_1400","itg40916","02/08/2019 15:55:03","PVU_EX_1400","シーエス薬品（株）","シーエス薬品（株）","シーエス薬品（株）","シーエス薬","ｼ-ｴｽ ﾔｸﾋﾝ ｶﾌﾞｼｷｶﾞｲｼﾔ","ｼ-ｴｽﾔｸﾋﾝ","52","","","","","03-3817-3967","","","1","19000101","20190208","19000101",""
"23047","09/12/2025 00:00:00","12/31/9999 00:00:00","0","itg45886","09/12/2025 10:26:44","PVU_EX_1400","itg45886","09/12/2025 10:26:44","PVU_EX_1400","スズケングループ","スズケングループ","スズケンＧ","スズケン","ｽｽﾞｹﾝ G","ｽｽﾞｹﾝ","52","","","","","052-950-6304","","","1","","","20241101",""
"23048","11/01/2024 00:00:00","12/31/9999 00:00:00","0","itg39895","10/28/2024 16:25:35","PVU_EX_1400","itg39895","10/28/2024 16:39:29","PVU_EX_1400","（株）スズケン","（株）スズケン","（株）スズケン","スズケン","KK ｽｽﾞｹﾝ","ｽｽﾞｹﾝ","52","","","","","052-950-6304","","","1","","","20241101",""
"23049","10/01/2025 00:00:00","12/31/9999 00:00:00","0","itg46273","09/12/2025 11:39:30","PVU_EX_1400","itg46273","09/12/2025 11:39:30","PVU_EX_1400","（株）スズケンその他","（株）スズケンその他","スズケンその他","Ｓ・その他","KK ｽｽﾞｹﾝ ｿﾉﾀ","ｽｽﾞｹﾝ ｿﾉﾀ","52","","","","","052-950-6304","","","1","19980401","","19980325",""
"23052","04/01/2016 00:00:00","12/31/9999 00:00:00","0","ips00023","03/29/2018 18:50:00","803001","ips00023","03/29/2018 18:50:00","803001","アルフレッサ（株）愛知","アルフレッサ（株）愛知","アルフレッサ愛知","ＡＦ愛知","ｱﾙﾌﾚﾂｻ ｱｲﾁ","AF ｱｲﾁ","52","","","","","0000-00-0000","","","1","19981001","","19980924",""
"23074","04/01/2013 00:00:00","12/31/9999 00:00:00","0","eclbatch","03/29/2018 18:50:00","803001","eclbatch","03/29/2018 18:50:00","803001","スズケン","スズケン","Ｓ","Ｓ","S","S","52","","","","","052-953-7498","052-953-6331","","1","20001205","20050601","20001205",""
"23075","02/08/2019 00:00:00","12/31/9999 00:00:00","0","itg40916","02/08/2019 15:40:45","PVU_EX_1400","itg40916","02/08/2019 15:40:45","PVU_EX_1400","株）スズケン西日本営業部東","株）スズケン西日本営業部東","スズケン西日本　東海","スズケン西","ｽｽﾞｹﾝﾆｼﾆﾎﾝｴｲｷﾞﾖｳﾄｳｶｲ","ｽｽﾞｹﾝﾆｼﾆﾎﾝ","52","","","","","052-953-7498","052-953-6331","","1","20001205","20190208","20001205",""
"23084","04/01/2016 00:00:00","12/31/9999 00:00:00","0","ecl05317","03/29/2018 18:50:00","803001","ecl05317","03/29/2018 18:50:00","803001","（株）ＰＡＬＴＡＣ名古屋支社","ＰＡＬＴＡＣ名古屋支社","ＰＡＬ名古屋支社","ＰＴ名古屋","ﾊﾟﾙﾀﾂｸﾅｺﾞﾔ","ﾊﾟﾙﾅｺﾞﾔﾞ","52","","","","","0568-86-5660","","","1","20060914","","20060914",""
"23100","04/03/2025 00:00:00","12/31/9999 00:00:00","0","itg45886","04/03/2025 08:56:32","PVU_EX_1400","itg45886","04/03/2025 08:56:32","PVU_EX_1400","（株）メディセオ中部統括営業部","メディセオ中部統括営業部","メディセオ中部統括","ＭＣ中部","ﾒﾃﾞｲｾｵ ﾁﾕｳﾌﾞﾄｳｶﾂ","MCﾁﾕｳﾌﾞ","52","","","","","0000-00-0000","","","1","20091001","","20100928",""
"23525","01/14/2021 00:00:00","12/31/9999 00:00:00","0","itg36186","01/14/2021 15:43:58","PVU_EX_1400","itg36186","01/14/2021 15:54:19","PVU_EX_1400","（株）井田両国堂　名古屋","（株）井田両国堂　名古屋","井田両国堂　名古屋","井田名古屋","ｲﾀﾞﾘﾖｳｺﾞｸﾄﾞｳ ﾅｺﾞﾔ","ｲﾀﾞ ﾅｺﾞﾔ","52","","","","","052-705-6422","","","3","19000101","","19000101",""
"23888","04/01/2013 00:00:00","12/31/9999 00:00:00","0","ips00015","03/29/2018 18:50:00","803001","ips00015","03/29/2018 18:50:00","803001","愛知の代理店","愛知の代理店","愛知の代理店","愛・代理店","ｱｲﾁﾉ ﾀﾞｲﾘﾃﾝ","ｱｲﾁ","52","","","","","0000-00-0000","","","9","19000101","","19000101",""
"23889","04/01/2013 00:00:00","12/31/9999 00:00:00","0","","03/29/2018 18:50:00","803001","","03/29/2018 18:50:00","803001","愛知の代理店","愛知の代理店","愛知の代理店","愛・代理店","ｱｲﾁﾉ ﾀﾞｲﾘﾃﾝ","ｱｲﾁ","52","","","","","0000-00-0000","","","9","19000101","","19000101",""
"23890","04/01/2016 00:00:00","12/31/9999 00:00:00","0","ips00023","03/29/2018 18:50:00","803001","ips00023","03/29/2018 18:50:00","803001","東邦薬品（株）愛知営業部","東邦薬品（株）愛知営業部","東邦薬品愛知営業部","東邦愛知","ﾄｳﾎｳ ｱｲﾁ","ﾄｳﾎｳ ｱｲﾁ","52","","","","","0000-00-0000","","","1","20111001","","20110905",""
"23891","04/01/2013 00:00:00","12/31/9999 00:00:00","0","ecl05317","03/29/2018 18:50:00","803001","ecl05317","03/29/2018 18:50:00","803001","アルフレッサヘルスケア（株）中部支社","アルフレッサＨＣ中部支社","アルフレッサＨＣ中部","アルフ中部","ｱﾙﾌﾚﾂｻﾍﾙｽｹｱﾁﾕｳﾌﾞ","ｱﾙﾌﾁﾕｳﾌﾞ","52","","","","","052-505-1881","","","1","20110907","","20110907",""
"24002","04/01/2016 00:00:00","12/31/9999 00:00:00","0","ips00023","03/29/2018 18:50:00","803001","ips00023","03/29/2018 18:50:00","803001","（株）スズケン三重営業部","（株）スズケン三重営業部","スズケン三重営業部","Ｓ・三重","KK ｽｽﾞｹﾝ ﾐｴｴｲｷﾞﾖｳﾌﾞ","ｽｽﾞｹﾝ ﾐｴ","52","","","","","0000-00-0000","","","1","19000101","","19000101",""
"24004","04/01/2013 00:00:00","12/31/9999 00:00:00","0","ecl04321","03/29/2018 18:50:00","803001","ecl04321","03/29/2018 18:50:00","803001","丹平中田（株）東海営業部","丹平中田（株）東海営業部","丹平中田　東海","丹平中田","ﾀﾝﾍﾟｲ ﾅｶﾀ KK","ﾀﾝﾍﾟｲ ﾅｶﾀ","52","","","","","03-3817-3967","","","1","19000101","20121121","19000101",""
"24011","04/01/2013 00:00:00","12/31/9999 00:00:00","0","ecld0918","03/29/2018 18:50:00","803001","ecld0918","03/29/2018 18:50:00","803001","神宮薬品（株）","神宮薬品（株）","神宮薬品（株）","神宮薬品","ｼﾞﾝｸﾞｳﾔｸﾋﾝ","ｼﾞﾝｸﾞｳﾔｸﾋﾝ","52","","","","","05965-2-5211","","","2","19930501","","19930423",""
"24012","04/01/2016 00:00:00","12/31/9999 00:00:00","0","ips00023","03/29/2018 18:50:00","803001","ips00023","03/29/2018 18:50:00","803001","アルフレッサ（株）三重","アルフレッサ（株）三重","アルフレッサ三重","ＡＦ三重","ｱﾙﾌﾚﾂｻ ﾐｴ","AF ﾐｴ","52","","","","","0000-00-0000","","","1","19981001","","19980924",""
"24888","04/01/2013 00:00:00","12/31/9999 00:00:00","0","ips00015","03/29/2018 18:50:00","803001","ips00015","03/29/2018 18:50:00","803001","三重の代理店","三重の代理店","三重の代理店","三・代理店","ﾐｴﾉ ﾀﾞｲﾘﾃﾝ","ﾐｴ","52","","","","","0000-00-0000","","","9","19000101","","19000101",""
"24889","04/01/2013 00:00:00","12/31/9999 00:00:00","0","","03/29/2018 18:50:00","803001","","03/29/2018 18:50:00","803001","三重の代理店","三重の代理店","三重の代理店","三・代理店","ﾐｴﾉ ﾀﾞｲﾘﾃﾝ","ﾐｴ","52","","","","","0000-00-0000","","","9","19000101","","19000101",""
"24890","04/01/2016 00:00:00","12/31/9999 00:00:00","0","ips00023","03/29/2018 18:50:00","803001","ips00023","03/29/2018 18:50:00","803001","東邦薬品（株）三重営業部","東邦薬品（株）三重営業部","東邦薬品三重営業部","東邦三重","ﾄｳﾎｳ  ﾐｴ","ﾄｳﾎｳ ﾐｴ","52","","","","","0000-00-0000","","","1","20111001","","20110905",""
"25002","04/01/2018 00:00:00","12/31/9999 00:00:00","0","ips00023","03/29/2018 18:50:00","803001","ips00023","03/29/2018 18:50:00","803001","（株）スズケン滋賀営業部","（株）スズケン滋賀営業部","スズケン滋賀営業部","Ｓ・滋賀","KK ｽｽﾞｹﾝ ｼｶﾞｴｲｷﾞﾖｳﾌﾞ","ｽｽﾞｹﾝ ｼｶﾞ","52","","","","","0775-46-3311","0775-46-3321","","1","19000101","","19000101",""
"25007","04/01/2018 00:00:00","12/31/9999 00:00:00","0","ECL02796","03/29/2018 18:50:00","803001","ECL02796","03/29/2018 18:50:00","803001","（株）大正堂","（株）大正堂","大正堂","大正堂","ﾀｲｼﾖｳﾄﾞｳ","ﾀｲｼﾖｳﾄﾞｳ","52","","","","","0748-65-3001","0748-65-3007","","2","20161001","","20160928",""
"25008","04/01/2018 00:00:00","12/31/9999 00:00:00","0","ecl07868","03/29/2018 18:50:00","803001","ecl07868","03/29/2018 18:50:00","803001","東邦薬品（株）滋賀営業部","東邦薬品（株）滋賀営業部","東邦薬品滋賀","東邦滋賀","ﾄｳﾎｳ KK ｼｶﾞ","ﾄｳﾎｳｼｶﾞ","52","","","","","077-569-4121","","","1","20170401","","20170510",""
"25888","04/01/2018 00:00:00","12/31/9999 00:00:00","0","ecl07091","03/29/2018 18:50:00","803001","ecl07091","03/29/2018 18:50:00","803001","滋賀の代理店","滋賀の代理店","滋賀の代理店","滋・代理店","ｼｶﾞﾉ ﾀﾞｲﾘﾃﾝ","ｼｶﾞ","52","","","","","0000-00-0000","","","9","19000101","","19000101",""
"25889","04/01/2018 00:00:00","12/31/9999 00:00:00","0","ecl04742","03/29/2018 18:50:00","803001","ecl04742","03/29/2018 18:50:00","803001","滋賀の代理店","滋賀の代理店","滋賀の代理店","滋・代理店","ｼｶﾞﾉ ﾀﾞｲﾘﾃﾝ","ｼｶﾞ","52","","","","","0000-00-0000","","","9","19000101","","19000101",""
"26008","04/01/2018 00:00:00","12/31/9999 00:00:00","0","ips00023","03/29/2018 18:50:00","803001","ips00023","03/29/2018 18:50:00","803001","アルフレッサ（株）京滋","アルフレッサ（株）京滋","アルフレッサ京滋","ＡＦ京滋","ｱﾙﾌﾚﾂｻ ｹｲｼﾞ","AF ｹｲｼﾞ","52","","","","","075-361-2111","075-365-0007","","1","19000101","","19000101",""
"26011","04/01/2018 00:00:00","12/31/9999 00:00:00","0","ips00023","03/29/2018 18:50:00","803001","ips00023","03/29/2018 18:50:00","803001","（株）スズケン京都営業部","（株）スズケン京都営業部","スズケン京都営業部","Ｓ・京都","KK ｽｽﾞｹﾝ ｷﾖｳﾄｴｲｷﾞﾖｳ","ｽｽﾞｹﾝ ｷﾖｳﾄ","52","","","","","075-313-3211","075-313-2141","","1","19940720","","19940628",""
"26014","04/01/2018 00:00:00","12/31/9999 00:00:00","0","ecl07868","03/29/2018 18:50:00","803001","ecl07868","03/29/2018 18:50:00","803001","（株）ケーエスケー京滋","（株）ケーエスケー京滋","ケーエスケー京滋","ＫＳＫ京滋","ｹ-ｴｽｹ- ｹｲｼﾞ","ｹ-ｴｽｹ-ｹｲｼﾞ","52","","","","","0000-00-0000","","","1","19991001","","19990908",""
"26023","04/03/2025 00:00:00","12/31/9999 00:00:00","0","itg45886","04/03/2025 09:01:09","PVU_EX_1400","itg45886","04/03/2025 09:01:09","PVU_EX_1400","（株）メディセオ京都統括営業部","メディセオ京都統括営業部","メディセオ京都統括","ＭＣ京都","ﾒﾃﾞｲｾｵ ｷﾖｳﾄ ﾄｳｶﾂ","MCｷﾖｳﾄ","52","","","","","0000-00-0000","","","1","20091001","","20090917",""
"26024","04/01/2018 00:00:00","12/31/9999 00:00:00","0","ecl07868","03/29/2018 18:50:00","803001","ecl07868","03/29/2018 18:50:00","803001","東邦薬品（株）京都営業部","東邦薬品（株）京都営業部","東邦薬品京都","東邦京都","ﾄｳﾎｳ KK ｷﾖｳﾄ","ﾄｳﾎｳｷﾖｳﾄ","52","","","","","075-646-1211","","","1","20170401","","20170510",""
"26888","04/01/2018 00:00:00","12/31/9999 00:00:00","0","ecl07091","03/29/2018 18:50:00","803001","ecl07091","03/29/2018 18:50:00","803001","京都の代理店","京都の代理店","京都の代理店","京・代理店","ｷﾖｳﾄﾉ ﾀﾞｲﾘﾃﾝ","ｷﾖｳﾄ","52","","","","","0000-00-0000","","","9","19000101","","19000101",""
"26889","04/01/2018 00:00:00","12/31/9999 00:00:00","0","ecl04742","03/29/2018 18:50:00","803001","ecl04742","03/29/2018 18:50:00","803001","京都の代理店","京都の代理店","京都の代理店","京・代理店","ｷﾖｳﾄﾉ ﾀﾞｲﾘﾃﾝ","ｷﾖｳﾄ","52","","","","","0000-00-0000","","","9","19000101","","19000101",""
"27001","04/01/2018 00:00:00","12/31/9999 00:00:00","0","ecl04321","03/29/2018 18:50:00","803001","ecl04321","03/29/2018 18:50:00","803001","丹平中田（株）西日本営業部","丹平中田（株）西日本営業部","丹平中田　西日本","丹平中田","ﾀﾝﾍﾟｲ ﾅｶﾀ KK","ﾀﾝﾍﾟｲ ﾅｶﾀ","52","","","","","03-3817-3967","","","1","19000101","20121121","19000101",""
"27004","04/01/2026 00:00:00","12/31/9999 00:00:00","0","itg37786","02/17/2026 16:32:40","PVU_EX_1400","itg37786","02/17/2026 16:32:40","PVU_EX_1400","アルフレッサ（株）関西営業本部","アルフレッサ関西","アルフレッサ関西","ＡＦ関西","ｱﾙﾌﾚﾂｻ ｶﾝｻｲ","AF ｶﾝｻｲ","52","","","","","0000-00-0000","","","1","19000101","","19000101",""
"27014","04/01/2018 00:00:00","12/31/9999 00:00:00","0","ips00023","03/29/2018 18:50:00","803001","ips00023","03/29/2018 18:50:00","803001","（株）スズケン大阪営業部","（株）スズケン大阪営業部","スズケン大阪営業部","Ｓ・大阪","KK ｽｽﾞｹﾝ ｵｵｻｶ ｴｲｷﾞﾖｳ","ｽｽﾞｹﾝ ｵｵｻｶ","52","","","","","0000-00-0000","","","1","19000101","","19000101",""
"27041","12/25/2025 00:00:00","12/31/9999 00:00:00","0","itg45886","12/25/2025 13:41:37","PVU_EX_1400","itg45886","12/25/2025 13:41:37","PVU_EX_1400","（株）ケーエスケー","（株）ケーエスケー","ケーエスケー","ＫＳＫ","ｹ-ｴｽｹ-","ｹ-ｴｽｹ-","52","","","","","06-6946-1352","06-6941-5400","","1","","","20241101",""
"27042","10/01/2025 00:00:00","12/31/9999 00:00:00","0","itg46273","09/12/2025 11:52:25","PVU_EX_1400","itg46273","09/12/2025 11:52:25","PVU_EX_1400","（株）ケーエスケー大阪","（株）ケーエスケー大阪","ケーエスケー大阪","ＫＳＫ大阪","ｹ-ｴｽｹ- ｵｵｻｶ","ｹ-ｴｽｹ-ｵｵｻｶ","52","","","","","06-6946-1352","06-6941-5400","","1","19991001","","19990908",""
"27068","02/08/2019 00:00:00","12/31/9999 00:00:00","0","itg40916","02/08/2019 15:57:19","PVU_EX_1400","itg40916","02/08/2019 15:57:19","PVU_EX_1400","シーエス薬品（株）関西営業","シーエス薬品（株）関西営業","シーエス関西営業部","ＣＳ関西","ｼ-ｴｽﾔｸﾋﾝｶﾝｻｲｴｲｷﾞﾖｳﾌﾞ","ｼ-ｴｽｶﾝｻｲ","52","","","","","03-3817-3967","","","1","20060705","20190208","20060705",""
"27070","04/01/2018 00:00:00","12/31/9999 00:00:00","0","ecld0918","03/29/2018 18:50:00","803001","ecld0918","03/29/2018 18:50:00","803001","（株）Ｐａｌｔａｃ近畿支社","（株）Ｐａｌｔａｃ近畿支社","Ｐａｌｔａｃ近畿支社","ＰＴ近畿","KKﾊﾟﾙﾀﾂｸ ｷﾝｷｼｼﾔ","ﾊﾟﾙｷﾝｷ","52","","","","","06-6262-1286","","","1","20060922","","20060922",""
"27073","04/01/2018 00:00:00","12/31/9999 00:00:00","0","ips00015","03/29/2018 18:50:00","803001","ips00015","03/29/2018 18:50:00","803001","メディセオ大阪・紀和統括","メディセオ大阪・紀和統括","メディセオ大阪・紀和","ＭＣ大・紀","ﾒﾃﾞｲｾｵ ｵｵｻｶ･ｷﾜ ﾄｳｶﾂ","MCｵｵｻｶ･ｷﾜ","52","","","","","0000-00-0000","","","1","20091001","","20090917",""
"27074","04/01/2026 00:00:00","12/31/9999 00:00:00","0","itg37786","02/24/2026 14:20:14","PVU_EX_1400","itg37786","02/24/2026 14:20:14","PVU_EX_1400","（株）メディセオ大阪・紀和統括営業部","メディセオ大阪紀和統括営業","メディセオ大阪紀和","ＭＣ大紀","ﾒﾃﾞｲｾｵ ｵｵｻｶｷﾜ ﾄｳｶﾂ","MCｵｵｻｶｷﾜ","52","","","","","0000-00-0000","","","1","20091001","","20100928",""
"27086","04/01/2018 00:00:00","12/31/9999 00:00:00","0","ecl07868","03/29/2018 18:50:00","803001","ecl07868","03/29/2018 18:50:00","803001","東邦薬品（株）大阪営業部","東邦薬品（株）大阪営業部","東邦薬品大阪営業部","東邦大阪","ﾄｳﾎｳ KK ｵｵｻｶｴｲｷﾞﾖｳﾌﾞ","ﾄｳﾎｳｵｵｻｶ","52","","","","","06-4392-5611","","","1","19000101","","19000101",""
"27091","01/14/2021 00:00:00","12/31/9999 00:00:00","0","itg36186","01/14/2021 15:39:04","PVU_EX_1400","itg36186","01/14/2021 15:41:53","PVU_EX_1400","（株）井田両国堂　千里店","（株）井田両国堂　千里店","井田両国堂　千里店","井田　千里","ｲﾀﾞﾘﾖｳｺﾞｸﾄﾞｳ ｾﾝﾘ","ｲﾀﾞ ｾﾝﾘ","52","","","","","072-643-4111","072-643-1444","","3","20151111","","20151111",""
"27100","04/01/2018 00:00:00","12/31/9999 00:00:00","0","itg04213","03/31/2018 16:11:28","PVU_EX_1400","itg04213","03/31/2018 16:11:28","PVU_EX_1400","株式会社アピスライフケア","株式会社アピスライフケア","株式会社アピスライフ","アピスライ","ｱﾋﾟｽﾗｲﾌ","ｱﾋﾟｽﾗｲﾌ","52","","","","","0726-26-5461","","","1","20180401","","20180402",""
"27194","10/08/2019 00:00:00","12/31/9999 00:00:00","0","itg19647","10/08/2019 11:33:21","PVU_EX_1400","itg19647","10/08/2019 11:33:21","PVU_EX_1400","社会医療法人北斗会ネオメデックス","医）北斗会ネオメデックス","ＭＤＸ","ＭＤＸ","ｴﾑﾃﾞｨｰｴｯｸｽ","ｴﾑﾃﾞｨｰｴｯｸｽ","50","","","","","06-6865-1251","","","1","20191001","","20191008",""
"27803","04/01/2018 00:00:00","12/31/9999 00:00:00","0","ecl04321","03/29/2018 18:50:00","803001","ecl04321","03/29/2018 18:50:00","803001","（株）Ｐａｌｔａｃ近畿","（株）Ｐａｌｔａｃ近畿","Ｐａｌｔａｃ近畿","ＰＴ近畿","KKﾊﾟﾙﾀﾂｸ ｷﾝｷ","ﾊﾟﾙｷﾝｷ","52","","","","","06-6262-1286","","","1","19000101","","19000101",""
"27806","01/14/2021 00:00:00","12/31/9999 00:00:00","0","itg36186","01/14/2021 15:45:05","PVU_EX_1400","itg36186","01/14/2021 15:55:06","PVU_EX_1400","（株）井田両国堂　大阪","（株）井田両国堂　大阪","井田両国堂　大阪","井田　大阪","ｲﾀﾞﾘﾖｳｺﾞｸﾄﾞｳ ｵｵｻｶ","ｲﾀﾞ ｵｵｻｶ","52","","","","","06-6460-1388","06-6460-1389","","3","19000101","","19000101",""
"27888","04/01/2018 00:00:00","12/31/9999 00:00:00","0","ips00015","03/29/2018 18:50:00","803001","ips00015","03/29/2018 18:50:00","803001","大阪の代理店","大阪の代理店","大阪の代理店","大・代理店","ｵｵｻｶﾉ ﾀﾞｲﾘﾃﾝ","ｵｵｻｶ","52","","","","","0000-00-0000","","","9","19000101","","19000101",""
"27889","04/01/2018 00:00:00","12/31/9999 00:00:00","0","","03/29/2018 18:50:00","803001","","03/29/2018 18:50:00","803001","大阪の代理店","大阪の代理店","大阪の代理店","大・代理店","ｵｵｻｶﾉ ﾀﾞｲﾘﾃﾝ","ｵｵｻｶ","52","","","","","0000-00-0000","","","9","19000101","","19000101",""
"27890","04/01/2018 00:00:00","12/31/9999 00:00:00","0","ecl05317","03/29/2018 18:50:00","803001","ecl05317","03/29/2018 18:50:00","803001","アルフレッサヘルスケア（株）関西支社","アルフレッサＨＣ関西支社","アルフレッサＨＣ関西","アルフ関西","ｱﾙﾌﾚﾂｻﾍﾙｽｹｱｶﾝｻｲ","ｱﾙﾌｶﾝｻｲ","52","","","","","0000-00-0000","","","1","20110907","","20110907",""
"28008","04/01/2018 00:00:00","12/31/9999 00:00:00","0","ips00023","03/29/2018 18:50:00","803001","ips00023","03/29/2018 18:50:00","803001","アルフレッサ（株）兵庫","アルフレッサ（株）兵庫","アルフレッサ兵庫","ＡＦ兵庫","ｱﾙﾌﾚﾂｻ ﾋﾖｳｺﾞ","AF ﾋﾖｳｺﾞ","52","","","","","0000-00-0000","","","1","19000101","","19000101",""
"28022","04/01/2018 00:00:00","12/31/9999 00:00:00","0","ips00023","03/29/2018 18:50:00","803001","ips00023","03/29/2018 18:50:00","803001","（株）スズケン兵庫営業部","（株）スズケン兵庫営業部","スズケン兵庫営業部","Ｓ・兵庫","KK ｽｽﾞｹﾝ ﾋﾖｳｺﾞｴｲｷﾞﾖｳ","ｽｽﾞｹﾝﾋﾖｳｺﾞ","52","","","","","0000-00-0000","","","1","19990401","","19990309",""
"28023","04/01/2018 00:00:00","12/31/9999 00:00:00","0","ecl07868","03/29/2018 18:50:00","803001","ecl07868","03/29/2018 18:50:00","803001","（株）ケーエスケー兵庫","（株）ケーエスケー兵庫","ケーエスケー兵庫","ＫＳＫ兵庫","ｹ-ｴｽｹ- ﾋﾖｳｺﾞ","ｹ-ｴｽｹ- ﾋﾖｳ","52","","","","","0000-00-0000","","","1","19991001","","19990908",""
"28026","04/05/2022 00:00:00","12/31/9999 00:00:00","0","itg19647","04/05/2022 16:13:12","PVU_EX_1400","itg19647","04/05/2022 16:13:12","PVU_EX_1400","メディパルＨＤ","メディパルＨＤ","メディパルＨＤ","ＭＣ","KK ﾒﾃﾞｲｾｵ","ﾒﾃﾞｲｾｵ","51","","","","","078-230-5208","078-230-5782","","1","20000401","","20000323",""
"28036","04/01/2018 00:00:00","12/31/9999 00:00:00","0","ips00023","03/29/2018 18:50:00","803001","ips00023","03/29/2018 18:50:00","803001","（株）メディセオ兵庫統括営業部","メディセオ兵庫統括営業部","メディセオ兵庫統括","ＭＣ兵庫","ﾒﾃﾞｲｾｵ ﾋﾖｳｺﾞ ﾄｳｶﾂ","MCﾋﾖｳｺﾞ","52","","","","","0000-00-0000","","","1","20091001","","20090917",""
"28037","04/01/2018 00:00:00","12/31/9999 00:00:00","0","ecl07868","03/29/2018 18:50:00","803001","ecl07868","03/29/2018 18:50:00","803001","東邦薬品（株）兵庫営業部","東邦薬品（株）兵庫営業部","東邦薬品兵庫","東邦兵庫","ﾄｳﾎｳ KKﾋﾖｳｺﾞ","ﾄｳﾎｳﾋﾖｳｺﾞ","52","","","","","0798-44-0411","","","1","20170401","","20170510",""
"28888","04/01/2018 00:00:00","12/31/9999 00:00:00","0","ecld0908","03/29/2018 18:50:00","803001","ecld0908","03/29/2018 18:50:00","803001","兵庫の代理店","兵庫の代理店","兵庫の代理店","兵・代理店","ﾋﾖｳｺﾞﾉ ﾀﾞｲﾘﾃﾝ","ﾋﾖｳｺﾞ","52","","","","","0000-00-0000","","","9","19000101","","19000101",""
"28889","04/01/2018 00:00:00","12/31/9999 00:00:00","0","ecld0908","03/29/2018 18:50:00","803001","ecld0908","03/29/2018 18:50:00","803001","兵庫の代理店","兵庫の代理店","兵庫の代理店","兵・代理店","ﾋﾖｳｺﾞﾉ ﾀﾞｲﾘﾃﾝ","ﾋﾖｳｺﾞ","52","","","","","0000-00-0000","","","9","19000101","","19000101",""
"29005","02/08/2019 00:00:00","12/31/9999 00:00:00","0","itg40916","02/08/2019 16:32:44","PVU_EX_1400","itg40916","02/08/2019 16:32:44","PVU_EX_1400","（株）神田大薬局","（株）神田大薬局","神田大薬局","神田","KK ｶﾝﾀﾞﾀﾞｲ ﾔﾂｷﾖｸ","ｶﾝﾀﾞﾀﾞｲ","52","","","","","0743-65-0086","","","1","20120201","20190208","20120201",""
"29010","04/01/2018 00:00:00","12/31/9999 00:00:00","0","ips00025","03/29/2018 18:50:00","803001","ips00025","03/29/2018 18:50:00","803001","アルフレッサ奈良","アルフレッサ奈良","アルフレッサ奈良","ＡＦ奈良","ｱﾙﾌﾚﾂｻ ﾅﾗ","AF ﾅﾗ","52","","","","","0000-00-0000","","","1","19000101","","19000101",""
"29012","04/01/2018 00:00:00","12/31/9999 00:00:00","0","ips00023","03/29/2018 18:50:00","803001","ips00023","03/29/2018 18:50:00","803001","（株）スズケン奈良営業部","（株）スズケン奈良営業部","スズケン奈良営業部","Ｓ・奈良","KK ｽｽﾞｹﾝ ﾅﾗｴｲｷﾞﾖｳﾌﾞ","ｽｽﾞｹﾝ ﾅﾗ","52","","","","","0000-00-0000","","","1","19000101","","19000101",""
"29015","04/01/2018 00:00:00","12/31/9999 00:00:00","0","ips00023","03/29/2018 18:50:00","803001","ips00023","03/29/2018 18:50:00","803001","アルフレッサ（株）紀和","アルフレッサ（株）紀和","アルフレッサ紀和","ＡＦ紀和","ｱﾙﾌﾚﾂｻ ｷﾜ","AF ｷﾜ","52","","","","","0000-00-0000","","","1","20100401","","20100310",""
"29016","04/01/2018 00:00:00","12/31/9999 00:00:00","0","ecl07868","03/29/2018 18:50:00","803001","ecl07868","03/29/2018 18:50:00","803001","東邦薬品（株）奈良営業部","東邦薬品（株）奈良営業部","東邦薬品奈良","東邦奈良","ﾄｳﾎｳ KK ﾅﾗ","ﾄｳﾎｳﾅﾗ","52","","","","","0742-61-2600","","","1","20170401","","20170510",""
"29888","04/01/2018 00:00:00","12/31/9999 00:00:00","0","ips00015","03/29/2018 18:50:00","803001","ips00015","03/29/2018 18:50:00","803001","奈良の代理店","奈良の代理店","奈良の代理店","奈・代理店","ﾅﾗﾉ ﾀﾞｲﾘﾃﾝ","ﾅﾗ","52","","","","","0000-00-0000","","","9","19000101","","19000101",""
"29889","04/01/2018 00:00:00","12/31/9999 00:00:00","0","","03/29/2018 18:50:00","803001","","03/29/2018 18:50:00","803001","奈良の代理店","奈良の代理店","奈良の代理店","奈・代理店","ﾅﾗﾉ ﾀﾞｲﾘﾃﾝ","ﾅﾗ","52","","","","","0000-00-0000","","","9","19000101","","19000101",""
"30008","04/01/2018 00:00:00","12/31/9999 00:00:00","0","ips00025","03/29/2018 18:50:00","803001","ips00025","03/29/2018 18:50:00","803001","アルフレッサ和歌山","アルフレッサ和歌山","アルフレッサ和歌山","ＡＦ和歌山","ｱﾙﾌﾚﾂｻ ﾜｶﾔﾏ","AF ﾜｶﾔﾏ","52","","","","","0000-00-0000","","","1","19000101","","19000101",""
"30016","04/01/2018 00:00:00","12/31/9999 00:00:00","0","ips00023","03/29/2018 18:50:00","803001","ips00023","03/29/2018 18:50:00","803001","（株）ケーエスケー紀和","（株）ケーエスケー紀和","ケーエスケー紀和","ＫＳＫ紀和","ｹ-ｴｽｹ- ｷﾜ","ｹ-ｴｽｹ- ｷﾜ","52","","","","","0000-00-0000","","","1","20090401","","20090327",""
"30017","02/08/2019 00:00:00","12/31/9999 00:00:00","0","itg40916","02/08/2019 10:39:18","PVU_EX_1400","itg40916","02/08/2019 10:39:18","PVU_EX_1400","（株）ナカヤマ","（株）ナカヤマ","（株）ナカヤマ","ナカヤマ","KKﾅｶﾔﾏ","ﾅｶﾔﾏ","52","","","","","073-471-5294","","","2","20160201","20190208","20160205",""
"30018","04/01/2018 00:00:00","12/31/9999 00:00:00","0","ecl07868","03/29/2018 18:50:00","803001","ecl07868","03/29/2018 18:50:00","803001","東邦薬品（株）和歌山営業部","東邦薬品（株）和歌山営業部","東邦薬品和歌山","東邦和歌山","ﾄｳﾎｳ KK ﾜｶﾔﾏ","ﾄｳﾎｳﾜｶﾔﾏ","52","","","","","073-465-4590","","","1","20170401","","20170510",""
"30502","04/01/2018 00:00:00","12/31/9999 00:00:00","0","ips00023","03/29/2018 18:50:00","803001","ips00023","03/29/2018 18:50:00","803001","（株）スズケン和歌山営業部","（株）スズケン和歌山営業部","スズケン和歌山営業部","Ｓ・和歌山","KK ｽｽﾞｹﾝ ﾜｶﾔﾏｴｲｷﾞﾖｳ","ｽｽﾞｹﾝﾜｶﾔﾏ","52","","","","","0000-00-0000","","","1","19000101","","19000101",""
"30888","04/01/2018 00:00:00","12/31/9999 00:00:00","0","ips00015","03/29/2018 18:50:00","803001","ips00015","03/29/2018 18:50:00","803001","和歌山の代理店","和歌山の代理店","和歌山の代理店","和・代理店","ﾜｶﾔﾏﾉ ﾀﾞｲﾘﾃﾝ","ﾜｶﾔﾏ","52","","","","","0000-00-0000","","","9","19000101","","19000101",""
"30889","04/01/2018 00:00:00","12/31/9999 00:00:00","0","","03/29/2018 18:50:00","803001","","03/29/2018 18:50:00","803001","和歌山の代理店","和歌山の代理店","和歌山の代理店","和・代理店","ﾜｶﾔﾏﾉ ﾀﾞｲﾘﾃﾝ","ﾜｶﾔﾏ","52","","","","","0000-00-0000","","","9","19000101","","19000101",""
"31888","04/01/2013 00:00:00","12/31/9999 00:00:00","0","ips00015","03/29/2018 18:50:00","803001","ips00015","03/29/2018 18:50:00","803001","鳥取の代理店","鳥取の代理店","鳥取の代理店","鳥・代理店","ﾄﾂﾄﾘﾉ ﾀﾞｲﾘﾃﾝ","ﾄﾂﾄﾘ","54","","","","","0000-00-0000","","","9","19000101","","19000101",""
"31889","04/01/2013 00:00:00","12/31/9999 00:00:00","0","ecl04742","03/29/2018 18:50:00","803001","ecl04742","03/29/2018 18:50:00","803001","鳥取の代理店","鳥取の代理店","鳥取の代理店","鳥・代理店","ﾄﾂﾄﾘﾉ ﾀﾞｲﾘﾃﾝ","ﾄﾂﾄﾘ","54","","","","","0000-00-0000","","","9","19000101","","19000101",""
"32001","04/01/2026 00:00:00","12/31/9999 00:00:00","0","itg37786","02/18/2026 16:25:49","PVU_EX_1400","itg37786","02/18/2026 16:25:49","PVU_EX_1400","ティーエスアルフレッサ山陰","ティーエスアルフレッサ山陰","ＴＳアルフレッサ山陰","ＴＳ山陰","ﾃｨｰｴｽｱﾙﾌﾚﾂｻ ｻﾝｲﾝ","TSｱﾙﾌ ｻﾝｲﾝ","54","","","","","","","","1","","","20260401",""
"32888","04/01/2013 00:00:00","12/31/9999 00:00:00","0","ips00015","03/29/2018 18:50:00","803001","ips00015","03/29/2018 18:50:00","803001","島根の代理店","島根の代理店","島根の代理店","島・代理店","ｼﾏﾈﾉ ﾀﾞｲﾘﾃﾝ","ｼﾏﾈ","54","","","","","0000-00-0000","","","9","19000101","","19000101",""
"32889","04/01/2013 00:00:00","12/31/9999 00:00:00","0","ecl04742","03/29/2018 18:50:00","803001","ecl04742","03/29/2018 18:50:00","803001","島根の代理店","島根の代理店","島根の代理店","島・代理店","ｼﾏﾈﾉ ﾀﾞｲﾘﾃﾝ","ｼﾏﾈ","54","","","","","0000-00-0000","","","9","19000101","","19000101",""
"33001","04/01/2026 00:00:00","12/31/9999 00:00:00","0","itg37786","02/19/2026 11:55:58","PVU_EX_1400","itg37786","02/19/2026 11:55:58","PVU_EX_1400","ティーエスアルフレッサ岡山","ティーエスアルフレッサ岡山","ＴＳアルフレッサ岡山","ＴＳ岡山","ﾃｨｰｴｽｱﾙﾌﾚﾂｻ ｵｶﾔﾏ","TSｱﾙﾌ ｵｶﾔﾏ","54","","","","","","","","1","","","20260401",""
"33888","04/01/2013 00:00:00","12/31/9999 00:00:00","0","ips00015","03/29/2018 18:50:00","803001","ips00015","03/29/2018 18:50:00","803001","岡山の代理店","岡山の代理店","岡山の代理店","岡・代理店","ｵｶﾔﾏﾉ ﾀﾞｲﾘﾃﾝ","ｵｶﾔﾏ","54","","","","","0000-00-0000","","","9","19000101","","19000101",""
"33889","04/01/2013 00:00:00","12/31/9999 00:00:00","0","ecl04742","03/29/2018 18:50:00","803001","ecl04742","03/29/2018 18:50:00","803001","岡山の代理店","岡山の代理店","岡山の代理店","岡・代理店","ｵｶﾔﾏﾉ ﾀﾞｲﾘﾃﾝ","ｵｶﾔﾏ","54","","","","","0000-00-0000","","","9","19000101","","19000101",""
"34001","04/01/2026 00:00:00","12/31/9999 00:00:00","0","itg37786","02/24/2026 14:28:17","PVU_EX_1400","itg37786","02/24/2026 14:28:17","PVU_EX_1400","（株）エバルス","（株）エバルスＥＶ営業本部","エバルスＥＶ営業本部","エバルス","ｴﾊﾞﾙｽｴｲｷﾞｮｳﾎﾝﾌﾞ","ｴﾊﾞﾙｽｴｲ","54","","","","","","","","1","","","20260401",""
"34002","04/01/2026 00:00:00","12/31/9999 00:00:00","0","itg36186","03/12/2026 15:50:18","PVU_EX_1400","itg19647","03/12/2026 16:33:39","PVU_EX_1400","ティーエスアルフレッサ広島","ティーエスアルフレッサ広島","ＴＳアルフレッサ広島","ＴＳ広島","ﾃｨｰｴｽｱﾙﾌﾚﾂｻ ﾋﾛｼﾏ","TSｱﾙﾌ ﾋﾛｼﾏ","54","","","","","","","","1","","","20260401",""
"34003","04/01/2016 00:00:00","12/31/9999 00:00:00","0","ips00023","03/29/2018 18:50:00","803001","ips00023","03/29/2018 18:50:00","803001","（株）サンキ","（株）サンキ","サンキ","サンキ","KK ｻﾝｷ","ｻﾝｷ","54","","","","","082-501-0800","082-501-0824","","1","19000101","","19000101",""
"34010","12/01/2023 00:00:00","12/31/9999 00:00:00","0","itg45886","11/30/2023 13:09:11","PVU_EX_1400","itg45886","11/30/2023 13:09:11","PVU_EX_1400","ティーエスアルフレッサ（株）","ティーエスアルフレッサ（株","ＴＳアルフレッサ","ＴＳアルフ","ﾃｲ-ｴｽｱﾙﾌﾚﾂｻ","ﾃｲ-ｴｽｱﾙﾌ","54","","","","","082-501-0222","082-276-3010","","1","19000101","","19000101",""
"34012","04/01/2016 00:00:00","12/31/9999 00:00:00","0","ips00023","03/29/2018 18:50:00","803001","ips00023","03/29/2018 18:50:00","803001","（株）エバルス","（株）エバルス","エバルス","エバルス","KK ｴﾊﾞﾙｽ","KKｴﾊﾞﾙｽ","54","","","","","082-544-8301","082-544-8350","","1","19000101","","19000101",""
"34019","02/08/2019 00:00:00","12/31/9999 00:00:00","0","itg40916","02/08/2019 16:34:04","PVU_EX_1400","itg40916","02/08/2019 16:34:04","PVU_EX_1400","（株）健翔","（株）健翔","（株）健翔","健翔","KK ｹﾝｼﾖｳ","KKｹﾝｼﾖｳ","54","","","","","0829-40-0200","0829-74-3055","","1","19990901","20190208","19990830",""
"34031","04/01/2013 00:00:00","12/31/9999 00:00:00","0","ecl04321","03/29/2018 18:50:00","803001","ecl04321","03/29/2018 18:50:00","803001","（株）Ｐａｌｔａｃ広島","（株）Ｐａｌｔａｃ広島","Ｐａｌｔａｃ広島","ＰＴ広島","KKﾊﾟﾙﾀﾂｸ ﾋﾛｼﾏｼﾃﾝ","ﾊﾟﾙﾋﾛｼﾏ","54","","","","","082-278-2727","085-277-2530","","1","20011001","20111125","20011003",""
"34037","04/01/2013 00:00:00","12/31/9999 00:00:00","0","ecld0918","03/29/2018 18:50:00","803001","ecld0918","03/29/2018 18:50:00","803001","（株）Ｐａｌｔａｃ中国支社","（株）Ｐａｌｔａｃ中国支社","Ｐａｌｔａｃ中国支社","ＰＴ中国","KKﾊﾟﾙﾀﾂｸ ﾁﾕｳｺﾞｸｼｼﾔ","ﾊﾟﾙﾁﾕｳｺﾞｸ","54","","","","","082-278-2727","085-277-2530","","1","20060914","","20060914",""
"34039","01/14/2021 00:00:00","12/31/9999 00:00:00","0","itg36186","01/14/2021 15:45:51","PVU_EX_1400","itg36186","01/14/2021 15:45:51","PVU_EX_1400","（株）井田両国堂　広島店","（株）井田両国堂　広島店","井田両国堂　広島店","井田　広島","ｲﾀﾞﾘﾖｳｺﾞｸﾄﾞｳ ﾋﾛｼﾏ","ｲﾀﾞ ﾋﾛｼﾏ","54","","","","","082-503-3100","","","3","20210108","","20210108",""
"34040","04/01/2016 00:00:00","12/31/9999 00:00:00","0","ips00023","03/29/2018 18:50:00","803001","ips00023","03/29/2018 18:50:00","803001","（株）アステム広島営業部","（株）アステム広島営業部","アステム広島営業部","ＡＳ広島","ｱｽﾃﾑ ﾋﾛｼﾏ ｴｲｷﾞﾖｳﾌﾞ","ｱｽﾃﾑ ﾋﾛｼﾏ","54","","","","","0000-00-0000","","","1","20081001","","20080918",""
"34041","04/01/2016 00:00:00","12/31/9999 00:00:00","0","ips00023","03/29/2018 18:50:00","803001","ips00023","03/29/2018 18:50:00","803001","（株）セイエル","（株）セイエル","セイエル","セイエル","KK ｾｲｴﾙ","ｾｲｴﾙ","54","","","","","082-278-1912","082-277-9482","","1","20100101","","20091202",""
"34044","02/08/2019 00:00:00","12/31/9999 00:00:00","0","itg40916","02/08/2019 10:41:01","PVU_EX_1400","itg40916","02/08/2019 10:41:01","PVU_EX_1400","共創未来広島薬品（株）","共創未来広島薬品（株）","共創未来広島","共創広島","ｷﾖｳｿｳﾐﾗｲ ﾋﾛｼﾏ","ｷﾖｳｿｳﾋﾛｼﾏ","54","","","","","082-420-2122","082-425-2002","","2","20170501","20190208","20170525",""
"34888","04/01/2013 00:00:00","12/31/9999 00:00:00","0","ips00015","03/29/2018 18:50:00","803001","ips00015","03/29/2018 18:50:00","803001","広島の代理店","広島の代理店","広島の代理店","広・代理店","ﾋﾛｼﾏﾉ ﾀﾞｲﾘﾃﾝ","ﾋﾛｼﾏ","54","","","","","0000-00-0000","","","9","19000101","","19000101",""
"34889","04/01/2013 00:00:00","12/31/9999 00:00:00","0","","03/29/2018 18:50:00","803001","","03/29/2018 18:50:00","803001","広島の代理店","広島の代理店","広島の代理店","広・代理店","ﾋﾛｼﾏﾉ ﾀﾞｲﾘﾃﾝ","ﾋﾛｼﾏ","54","","","","","0000-00-0000","","","9","19000101","","19000101",""
"34890","09/01/2013 00:00:00","12/31/9999 00:00:00","0","ecl04321","03/29/2018 18:50:00","803001","ecl04321","03/29/2018 18:50:00","803001","アルフレッサヘルスケア（株）西日本支社","アルフレッサＨＣ西日本支社","アルフレッサＨＣ西日","アルフ西日","ｱﾙﾌﾚﾂｻﾍﾙｽｹｱﾆｼﾆﾎﾝ","ｱﾙﾌﾆｼﾆﾎﾝ","54","","","","","082-567-2790","082-262-2675","","1","20110907","","20110907",""
"35001","04/01/2026 00:00:00","12/31/9999 00:00:00","0","itg37786","02/18/2026 11:33:14","PVU_EX_1400","itg37786","02/18/2026 11:33:14","PVU_EX_1400","ティーエスアルフレッサ山口","ティーエスアルフレッサ山口","ＴＳアルフレッサ山口","ＴＳ山口","ﾃｨｰｴｽｱﾙﾌﾚﾂｻ ﾔﾏｸﾞﾁ","TSｱﾙﾌﾔﾏｸﾞﾁ","54","","","","","","","","1","","","20260401",""
"35002","02/08/2019 00:00:00","12/31/9999 00:00:00","0","itg40916","02/08/2019 16:51:59","PVU_EX_1400","itg40916","02/08/2019 16:51:59","PVU_EX_1400","常盤薬品（株）","常盤薬品（株）","常盤薬品","常盤","ﾄｷﾜ ﾔｸﾋﾝ KK","ﾄｷﾜ","54","","","","","0836-41-6111","0836-44-6000","","1","19000101","20190208","19000101",""
"35003","04/01/2016 00:00:00","12/31/9999 00:00:00","0","ips00023","03/29/2018 18:50:00","803001","ips00023","03/29/2018 18:50:00","803001","（株）アステム山口営業部","（株）アステム山口営業部","アステム山口営業部","ＡＳ山口","ｱｽﾃﾑ ﾔﾏｸﾞﾁｴｲｷﾞﾖｳﾌﾞ","ｱｽﾃﾑﾔﾏｸﾞﾁ","54","","","","","0000-00-0000","","","1","19000101","","19000101",""
"35013","04/01/2013 00:00:00","12/31/9999 00:00:00","0","ecl03580","03/29/2018 18:50:00","803001","ecl03580","03/29/2018 18:50:00","803001","（株）リードヘルスケア中国","（株）リードヘルスケア中国","リードヘルスケア中国","ＲＨＣ中国","ﾘ-ﾄﾞﾍﾙｽｹｱﾁﾕｳｺﾞｸ","RHCﾁﾕｳｺﾞｸ","54","","","","","08397-3-1234","","","1","19911101","","19911018",""
"35019","04/01/2015 00:00:00","12/31/9999 00:00:00","0","ecl05317","03/29/2018 18:50:00","803001","ecl05317","03/29/2018 18:50:00","803001","（株）リードＨＣ中国営業部","（株）リードＨＣ中国営業部","リードＨＣ中国営業部","ＲＨＣ中国","ﾘ-ﾄﾞﾍﾙｽｹｱﾁﾕｳｺﾞｸ","RHCﾁﾕｳｺﾞｸ","54","","","","","082-849-6377","082-848-9326","","1","20100617","","20100617",""
"35022","02/08/2019 00:00:00","12/31/9999 00:00:00","0","itg40916","02/08/2019 10:42:32","PVU_EX_1400","itg40916","02/08/2019 10:42:32","PVU_EX_1400","共創未来山口薬品（株）","共創未来山口薬品（株）","共創未来山口","共創山口","ｷﾖｳｿｳﾐﾗｲ ﾔﾏｸﾞﾁ","ｷﾖｳｿｳﾔﾏｸﾞﾁ","54","","","","","0833-71-2649","","","2","20170101","20190208","20161226",""
"35888","04/01/2013 00:00:00","12/31/9999 00:00:00","0","ips00015","03/29/2018 18:50:00","803001","ips00015","03/29/2018 18:50:00","803001","山口の代理店","山口の代理店","山口の代理店","山・代理店","ﾔﾏｸﾞﾁﾉ ﾀﾞｲﾘﾃﾝ","ﾔﾏｸﾞﾁ","54","","","","","0000-00-0000","","","9","19000101","","19000101",""
"35889","04/01/2013 00:00:00","12/31/9999 00:00:00","0","","03/29/2018 18:50:00","803001","","03/29/2018 18:50:00","803001","山口の代理店","山口の代理店","山口の代理店","山・代理店","ﾔﾏｸﾞﾁﾉ ﾀﾞｲﾘﾃﾝ","ﾔﾏｸﾞﾁ","54","","","","","0000-00-0000","","","9","19000101","","19000101",""
"36888","04/01/2013 00:00:00","12/31/9999 00:00:00","0","ips00015","03/29/2018 18:50:00","803001","ips00015","03/29/2018 18:50:00","803001","徳島の代理店","徳島の代理店","徳島の代理店","徳・代理店","ﾄｸｼﾏﾉ ﾀﾞｲﾘﾃﾝ","ﾄｸｼﾏ","54","","","","","0000-00-0000","","","9","19000101","","19000101",""
"36889","04/01/2013 00:00:00","12/31/9999 00:00:00","0","ecl04742","03/29/2018 18:50:00","803001","ecl04742","03/29/2018 18:50:00","803001","徳島の代理店","徳島の代理店","徳島の代理店","徳・代理店","ﾄｸｼﾏﾉ ﾀﾞｲﾘﾃﾝ","ﾄｸｼﾏ","54","","","","","0000-00-0000","","","9","19000101","","19000101",""
"37001","04/01/2013 00:00:00","12/31/9999 00:00:00","0","ips00025","03/29/2018 18:50:00","803001","ips00025","03/29/2018 18:50:00","803001","四国アルフレッサ（株）","四国アルフレッサ（株）","四国アルフレッサ","四国ＡＦ","ｼｺｸｱﾙﾌﾚﾂｻ KK","ｼｺｸAF","54","","","","","087-832-0100","087-832-0050","","1","19000101","","19000101",""
"37002","04/01/2026 00:00:00","12/31/9999 00:00:00","0","itg36186","03/12/2026 15:52:56","PVU_EX_1400","itg19647","03/12/2026 16:35:24","PVU_EX_1400","四国アルフレッサ（株）香川・高知統括部","四国アルフレッサ香川・高知","四国ＡＦ香川・高知","四ＡＦ香高","ｼｺｸｱﾙﾌﾚﾂｻ ｶｶﾞﾜ･ｺｳﾁ","ｼｺｸAF ｶ･ｺｳ","54","","","","","","","","1","","","20260401",""
"37010","05/21/2018 00:00:00","12/31/9999 00:00:00","0","itg04213","05/21/2018 11:13:26","PVU_EX_1400","itg04213","05/21/2018 11:13:26","PVU_EX_1400","（株）よんやく","（株）よんやく","よんやく","よんやく","KK ﾖﾝﾔｸ","ﾖﾝﾔｸ","54","","","","","089-990-4141","089-990-4170","","1","19991001","","19990917",""
"37011","04/10/2019 00:00:00","12/31/9999 00:00:00","0","itg04213","04/10/2019 09:01:59","PVU_EX_1400","itg04213","04/10/2019 09:01:59","PVU_EX_1400","（株）よんやくその他","（株）よんやくその他","よんやくその他","よんやく他","KK ﾖﾝﾔｸ ｿﾉﾀ","ﾖﾝﾔｸ ｿﾉﾀ","54","","","","","089-990-4141","089-990-4170","","1","20190401","","20190404",""
"37017","05/21/2018 00:00:00","12/31/9999 00:00:00","0","itg04213","05/21/2018 11:08:12","PVU_EX_1400","itg04213","05/21/2018 11:08:12","PVU_EX_1400","四国薬業（株）","四国薬業（株）","四国薬業（株）","四国薬業","ｼｺｸﾔｸｷﾞﾖｳ KK","ｼｺｸﾔｸｷﾞﾖｳ","54","","","","","089-990-4175","089-990-4176","","1","20041001","","20040902",""
"37021","04/01/2016 00:00:00","12/31/9999 00:00:00","0","ips00023","03/29/2018 18:50:00","803001","ips00023","03/29/2018 18:50:00","803001","（株）幸燿","（株）幸燿","幸燿","幸燿","KK ｺｳﾖｳ(ｲ)","ｺｳﾖｳ(ｲ)","54","","","","","087-867-2525","087-865-6976","","1","20050502","","20050426",""
"37023","07/01/2015 00:00:00","12/31/9999 00:00:00","0","ecl05317","03/29/2018 18:50:00","803001","ecl05317","03/29/2018 18:50:00","803001","（株）ＰＡＬＴＡＣ四国","（株）ＰＡＬＴＡＣ四国","ＰＡＬＴＡＣ　四国","ＰＴ四国","ﾊﾟﾙﾀﾂｸｼｺｸｼｼﾔ","PTｼｺｸ","54","","","","","082-849-5434","","","1","20040301","","20080319",""
"37888","04/01/2013 00:00:00","12/31/9999 00:00:00","0","ips00015","03/29/2018 18:50:00","803001","ips00015","03/29/2018 18:50:00","803001","香川の代理店","香川の代理店","香川の代理店","香・代理店","ｶｶﾞﾜﾉ ﾀﾞｲﾘﾃﾝ","ｶｶﾞﾜ","54","","","","","0000-00-0000","","","9","19000101","","19000101",""
"37889","04/01/2013 00:00:00","12/31/9999 00:00:00","0","ecl04742","03/29/2018 18:50:00","803001","ecl04742","03/29/2018 18:50:00","803001","香川の代理店","香川の代理店","香川の代理店","香・代理店","ｶｶﾞﾜﾉ ﾀﾞｲﾘﾃﾝ","ｶｶﾞﾜ","54","","","","","0000-00-0000","","","9","19000101","","19000101",""
"38001","04/01/2026 00:00:00","12/31/9999 00:00:00","0","itg37786","02/19/2026 14:34:02","PVU_EX_1400","itg37786","02/19/2026 14:34:02","PVU_EX_1400","四国アルフレッサ（株）愛媛・徳島統括部","四国アルフレッサ愛媛・徳島","四国ＡＦ愛媛・徳島","四ＡＦ愛徳","ｼｺｸｱﾙﾌﾚﾂｻ ｴﾋﾒ･ﾄｸｼﾏ","ｼｺｸAF ｴ･ﾄｸ","54","","","","","","","","1","","","20260401",""
"38010","04/01/2016 00:00:00","12/31/9999 00:00:00","0","ips00023","03/29/2018 18:50:00","803001","ips00023","03/29/2018 18:50:00","803001","（株）アスティス","（株）アスティス","アスティス","アスティス","KK ｱｽﾃｲｽ","KK ｱｽﾃｲｽ","54","","","","","0897-46-2500","0897-46-0350","","1","20000401","","19911127",""
"38019","04/01/2015 00:00:00","12/31/9999 00:00:00","0","ecl05317","03/29/2018 18:50:00","803001","ecl05317","03/29/2018 18:50:00","803001","（株）リードＨＣ四国営業部","（株）リードＨＣ四国営業部","リードＨＣ四国営業部","ＲＨＣ四国","KK ﾘ-ﾄﾞﾍﾙｽｹｱｼｺｸ","ﾘ-ﾄﾞHCｼｺｸ","54","","","","","089-955-8111","089-955-8282","","1","20071210","","20100617",""
"38888","04/01/2013 00:00:00","12/31/9999 00:00:00","0","ips00015","03/29/2018 18:50:00","803001","ips00015","03/29/2018 18:50:00","803001","愛媛の代理店","愛媛の代理店","愛媛の代理店","愛・代理店","ｴﾋﾒﾉ ﾀﾞｲﾘﾃﾝ","ｴﾋﾒ","54","","","","","0000-00-0000","","","9","19000101","","19000101",""
"38889","04/01/2013 00:00:00","12/31/9999 00:00:00","0","ecl04742","03/29/2018 18:50:00","803001","ecl04742","03/29/2018 18:50:00","803001","愛媛の代理店","愛媛の代理店","愛媛の代理店","愛・代理店","ｴﾋﾒﾉ ﾀﾞｲﾘﾃﾝ","ｴﾋﾒ","54","","","","","0000-00-0000","","","9","19000101","","19000101",""
"39001","04/01/2016 00:00:00","12/31/9999 00:00:00","0","ips00023","03/29/2018 18:50:00","803001","ips00023","03/29/2018 18:50:00","803001","中澤氏家薬業（株）","中澤氏家薬業（株）","中澤氏家薬業","中澤氏家","ﾅｶｻﾞﾜ ｳｼﾞｹﾔｸｷﾞﾖｳKK","ﾅｶｻﾞﾜ ｳｼﾞｹ","54","","","","","0000-00-0000","","","1","19000101","","19000101",""
"39017","05/01/2017 00:00:00","12/31/9999 00:00:00","0","ecl07189","03/29/2018 18:50:00","803001","ecl07189","03/29/2018 18:50:00","803001","中澤氏家薬業（株）","中澤氏家薬業（株）","中澤氏家薬業（株）","中澤氏家薬","ﾅｶｻﾞﾜ ｳｼﾞｹﾔｸｷﾞﾖｳKKﾔｸ","ﾅｶｻﾞﾜ ｳｼﾞｹ","54","","","","","088-802-5111","088-878-2111","","1","20071210","","20071210",""
"39888","04/01/2013 00:00:00","12/31/9999 00:00:00","0","ips00015","03/29/2018 18:50:00","803001","ips00015","03/29/2018 18:50:00","803001","高知の代理店","高知の代理店","高知の代理店","高・代理店","ｺｳﾁﾉ ﾀﾞｲﾘﾃﾝ","ｺｳﾁ","54","","","","","0000-00-0000","","","9","19000101","","19000101",""
"39889","04/01/2013 00:00:00","12/31/9999 00:00:00","0","ecl04742","03/29/2018 18:50:00","803001","ecl04742","03/29/2018 18:50:00","803001","高知の代理店","高知の代理店","高知の代理店","高・代理店","ｺｳﾁﾉ ﾀﾞｲﾘﾃﾝ","ｺｳﾁ","54","","","","","0000-00-0000","","","9","19000101","","19000101",""
"40001","04/01/2026 00:00:00","12/31/9999 00:00:00","0","itg37786","02/25/2026 13:29:44","PVU_EX_1400","itg37786","02/25/2026 13:29:44","PVU_EX_1400","（株）アトル福岡統括営業部","（株）アトル福岡統括営業部","アトル福岡統括営業部","アトル福岡","ｱﾄﾙﾌｸｵｶﾄｳｶﾂｴｲｷﾞｮｳﾌﾞ","ｱﾄﾙﾌｸｵｶ","55","","","","","092-451-8772","092-451-8839","","1","19000101","","19000101",""
"40002","10/06/2022 00:00:00","12/31/9999 00:00:00","0","itg19647","10/06/2022 14:02:04","PVU_EX_1400","itg19647","10/06/2022 14:02:04","PVU_EX_1400","（株）アトル福岡病院営業部","（株）アトル福岡病院営業部","アトル福岡病院","アトル福病","KK ｱﾄﾙ ﾌｸｵｶﾋﾞﾖｳｲﾝ","ｱﾄﾙﾌｸｵｶﾋﾞﾖ","55","","","","","","","","1","20221001","","20221006",""
"40003","02/12/2019 00:00:00","12/31/9999 00:00:00","0","itg40916","02/12/2019 09:32:19","PVU_EX_1400","itg40916","02/12/2019 09:32:19","PVU_EX_1400","富田薬品（株）福岡支店","富田薬品（株）福岡支店","富田薬品　福岡支店","富田福岡","ﾄﾐﾀ ﾔｸﾋﾝ KK ﾌｸｵｶﾃﾝ","ﾄﾐﾀ ﾌｸｵｶ","55","","","","","092-431-8811","","","1","19000101","20190212","19000101",""
"40004","10/01/2025 00:00:00","12/31/9999 00:00:00","0","itg46273","09/12/2025 11:42:03","PVU_EX_1400","itg46273","09/12/2025 11:42:03","PVU_EX_1400","（株）翔薬福岡営業部","（株）翔薬福岡営業部","翔薬福岡営業部","翔薬福岡","KK ｼﾖｳﾔｸ ﾌｸｵｶ","ｼﾖｳﾔｸﾌｸｵｶ","55","","","","","092-471-2200","","","1","19000101","","19000101",""
"40005","04/01/2013 00:00:00","12/31/9999 00:00:00","0","ecld0918","03/29/2018 18:50:00","803001","ecld0918","03/29/2018 18:50:00","803001","（株）アステム北九州営業部","（株）アステム北九州営業部","アステム北九州営業部","ＡＳ北九州","KK ｱｽﾃﾑ ｷﾀｷﾕｳｼﾕｳ","ASｷﾀｷﾕｳｼﾕｳ","55","","","","","093-471-1981","093-417-1862","","1","19000101","","19000101",""
"40006","04/01/2026 00:00:00","12/31/9999 00:00:00","0","itg37786","02/25/2026 13:44:39","PVU_EX_1400","itg37786","02/25/2026 13:44:39","PVU_EX_1400","（株）アトル南九州統括営業部","（株）アトル南九州統括営業","アトル南九州統括","アトル南九","ｱﾄﾙﾐﾅﾐｷｭｳｼｭｳﾄｳｶﾂ","ｱﾄﾙﾐﾅﾐｷｭｳｼ","55","","","","","","","","1","","","20260401",""
"40007","04/01/2013 00:00:00","12/31/9999 00:00:00","0","ecld0918","03/29/2018 18:50:00","803001","ecld0918","03/29/2018 18:50:00","803001","（株）アステム筑後営業部","（株）アステム筑後営業部","アステム筑後営業部","ＡＳ筑後","KK ｱｽﾃﾑ ﾁｸｺﾞｴｲｷﾞﾖｳﾌﾞ","ASﾁｸｺﾞ","55","","","","","0942-32-1188","0942-31-7272","","1","19000101","","19000101",""
"40010","04/01/2016 00:00:00","12/31/9999 00:00:00","0","ips00023","03/29/2018 18:50:00","803001","ips00023","03/29/2018 18:50:00","803001","（株）翔薬北九州営業部","（株）翔薬北九州営業部","翔薬北九州営業部","翔薬北九州","KK ｼﾖｳﾔｸ ｷﾀｷﾕｳｼﾕｳｼｼﾔ","ｼﾖｳﾔｸｷﾀｷﾕｳ","55","","","","","093-571-1681","","","1","19000101","","19000101",""
"40014","04/01/2016 00:00:00","12/31/9999 00:00:00","0","ips00023","03/29/2018 18:50:00","803001","ips00023","03/29/2018 18:50:00","803001","（株）翔薬筑後営業部","（株）翔薬筑後営業部","翔薬筑後営業部","翔薬筑後","KKｼﾖｳﾔｸﾁｸｺﾞ","ｼﾖｳﾔｸﾁｸｺﾞ","55","","","","","0942-32-6285","0942-39-3462","","1","19000101","","19000101",""
"40016","04/01/2013 00:00:00","12/31/9999 00:00:00","0","ecld0918","03/29/2018 18:50:00","803001","ecld0918","03/29/2018 18:50:00","803001","（株）アトル北九州営業部","（株）アトル北九州営業部","アトル北九州営業部","アトル北九","KK ｱﾄﾙ ｷﾀｷﾕｳｼﾕｳｴｲｷﾞ","ｱﾄﾙ ｷﾀｷﾕｳ","55","","","","","093-571-3333","093-571-3331","","1","19000101","","19000101",""
"40018","04/01/2013 00:00:00","12/31/9999 00:00:00","0","ecl04321","03/29/2018 18:50:00","803001","ecl04321","03/29/2018 18:50:00","803001","（株）Ｐａｌｔａｃ九州営業","（株）Ｐａｌｔａｃ九州営業","Ｐａｌｔａｃ九州営業","ＰＴ九州営","KK ﾊﾟﾙ ｷﾕｳｼﾕｳ ｴｲｷﾞﾖｳ","ﾊﾟﾙ ｷﾕｳ ｴｲ","55","","","","","03-3817-3967","","","1","19000101","20111125","19000101",""
"40022","04/01/2013 00:00:00","12/31/9999 00:00:00","0","ecl03580","03/29/2018 18:50:00","803001","ecl03580","03/29/2018 18:50:00","803001","（株）アステム福岡営業部","（株）アステム福岡営業部","アステム福岡営業部","ＡＳ福岡","KK ｱｽﾃﾑﾌｸｵｶｴｲｷﾞﾖｳﾌﾞ","ASﾌｸｵｶ","55","","","","","092-626-8460","092-612-2500","","1","19000101","","19000101",""
"40024","04/06/2022 00:00:00","12/31/9999 00:00:00","0","itg36186","04/06/2022 16:26:34","PVU_EX_1400","itg36186","04/06/2022 16:26:34","PVU_EX_1400","（株）アステムＤＸ営業部","（株）アステムＤＸ営業部","アステムＤＸ営業部","ＡＳＤＸ","KK ｱｽﾃﾑDXｴｲｷﾞﾖｳﾌﾞ","ASDX","55","","","","","","","","1","20220406","","20220406",""
"40026","04/01/2016 00:00:00","12/31/9999 00:00:00","0","ips00023","03/29/2018 18:50:00","803001","ips00023","03/29/2018 18:50:00","803001","（株）アトル筑後営業部","（株）アトル筑後営業部","アトル筑後営業部","アトル筑後","KK ｱﾄﾙ ﾁｸｺﾞ","ｱﾄﾙ ﾁｸｺﾞ","55","","","","","0942-45-8451","0942-45-8444","","1","19000101","","19000101",""
"40035","04/01/2013 00:00:00","12/31/9999 00:00:00","0","ecl04321","03/29/2018 18:50:00","803001","ecl04321","03/29/2018 18:50:00","803001","（株）リードヘルスケア北九","（株）リードヘルスケア北九","リードＨＣ　北九州","ＲＨＣ北九","KK ﾘ-ﾄﾞﾍﾙｽｹｱｷﾀｷﾕｳｼﾕｳ","ﾘ-ﾄﾞﾀｷﾕｳｼﾕ","55","","","","","093-471-1981","093-417-1862","","1","19901101","","19901023",""
"40044","11/01/2024 00:00:00","12/31/9999 00:00:00","0","itg42390","10/28/2024 16:01:39","PVU_EX_1400","itg42390","10/28/2024 16:01:39","PVU_EX_1400","（株）翔薬","（株）翔薬","翔薬","翔薬","KK ｼﾖｳﾔｸ","ｼﾖｳﾔｸ","55","","","","","092-471-2200","","","1","","","20241101",""
"40046","07/01/2015 00:00:00","12/31/9999 00:00:00","0","ecl05317","03/29/2018 18:50:00","803001","ecl05317","03/29/2018 18:50:00","803001","（株）ＰＡＬＴＡＣ　九州支社","（株）ＰＡＬＴＡＣ九州支社","ＰＡＬＴＡＣ九州支社","ＰＴ九州","KK ﾊﾟﾙﾀﾂｸｷﾕｳｼﾕｳ","ﾊﾟﾙﾀﾂｸｷﾕｳｼ","55","","","","","092-957-7740","","","1","19911001","","19910911",""
"40047","02/08/2019 00:00:00","12/31/9999 00:00:00","0","itg40916","02/08/2019 16:14:00","PVU_EX_1400","itg40916","02/08/2019 16:14:00","PVU_EX_1400","（株）ＰＡＬＴＡＣ北九州","（株）ＰＡＬＴＡＣ北九州","ＰＡＬＴＡＣ北九州","ＰＴ北九州","KK ﾊﾟﾙﾀﾂｸHCｷﾀｷﾕｳｼﾕｳ","ﾊﾟﾙｷﾀｷﾕｳｼﾕ","55","","","","","093-882-6900","","","1","19911001","20190208","19910912",""
"40048","07/01/2015 00:00:00","12/31/9999 00:00:00","0","ecl05317","03/29/2018 18:50:00","803001","ecl05317","03/29/2018 18:50:00","803001","（株）ＰＡＬＴＡＣ九州支社","（株）ＰＡＬＴＡＣ九州支社","ＰＡＬＴＡＣ九州","ＰＴ九州","KK ﾊﾟﾙﾀﾂｸｷﾕｳｼﾕｳ","KK ﾊﾟﾙｷﾕ","55","","","","","0942-72-1133","","","1","19911001","","19910913",""
"40051","04/01/2017 00:00:00","12/31/9999 00:00:00","0","ecl05317","03/29/2018 18:50:00","803001","ecl05317","03/29/2018 18:50:00","803001","（株）リードヘルスケア西日本営業部","（株）リードＨＣ西日本営業","リードＨＣ西日本営業","ＲＨ西日営","ﾘ-ﾄﾞﾍﾙｽｹｱﾆｼﾆﾎﾝｴｲｷﾞﾖｳ","ﾘ-ﾄﾞﾆｼﾆﾎﾝｴ","55","","","","","092-883-6155","092-883-6132","","1","19940501","","19940421",""
"40054","01/14/2021 00:00:00","12/31/9999 00:00:00","0","itg36186","01/14/2021 15:47:20","PVU_EX_1400","itg36186","01/14/2021 15:48:38","PVU_EX_1400","（株）井田両国堂　福岡店","（株）井田両国堂　福岡店","井田両国堂　福岡店","井田　福岡","ｲﾀﾞﾘﾖｳｺﾞｸﾄﾞｳ ﾌｸｵｶ","ｲﾀﾞ ﾌｸｵｶ","55","","","","","092-931-7272","092-931-7273","","3","19970401","","19970326",""
"40061","12/01/2023 00:00:00","12/31/9999 00:00:00","0","itg45886","11/30/2023 13:12:10","PVU_EX_1400","itg45886","11/30/2023 13:12:10","PVU_EX_1400","株式会社アトル","（株）アトル","アトル","アトル","KKｱﾄﾙ","ｱﾄﾙ","55","","","","","092-451-8771","092-451-8754","","1","19991001","","19990909",""
"40079","04/06/2022 00:00:00","12/31/9999 00:00:00","0","itg36186","04/06/2022 16:39:30","PVU_EX_1400","itg36186","04/06/2022 16:39:30","PVU_EX_1400","（株）リードヘルスケア九州営業部","株）リードＨＣ九州営業部","リードＨＣ九州営業部","ＲＨＣ九州","KK ﾘ-ﾄﾞﾍﾙｽｹｱｷﾕｳｼﾕｳ","ﾘ-ﾄﾞｷﾕｳｼﾕｳ","55","","","","","","","","1","20220406","","20220406",""
"40080","04/07/2021 00:00:00","12/31/9999 00:00:00","0","itg36186","04/07/2021 13:55:56","PVU_EX_1400","itg36186","04/07/2021 13:55:56","PVU_EX_1400","（株）リードヘルスケア広域営業部","株）リードヘルスケア広域営","リードＨＣ広域営業部","ＲＨＣ広営","KK ﾘ-ﾄﾞﾍﾙｽｹｱｺｳｲｷｴｲｷﾞ","ﾘｰﾄﾞｺｳｲｷｴｲ","55","","","","","093-473-0321","093-475-0250","","1","19910401","","20050406",""
"40081","04/01/2013 00:00:00","12/31/9999 00:00:00","0","ecl04321","03/29/2018 18:50:00","803001","ecl04321","03/29/2018 18:50:00","803001","（株）トミタＨＣ第二支店","（株）トミタＨＣ第二支店","トミタＨＣ第二支店","トミタ第二","ﾄﾐﾀﾍﾙｽｹｱ ﾀﾞｲﾆｼﾃﾝ","ﾄﾐﾀHCﾀﾞｲﾆ","55","","","","","092-935-6262","092-936-0388","","1","20051221","20111129","20051221",""
"40082","04/01/2013 00:00:00","12/31/9999 00:00:00","0","ecl04321","03/29/2018 18:50:00","803001","ecl04321","03/29/2018 18:50:00","803001","（株）トミタＨＣ第一支店","（株）トミタＨＣ第一支店","トミタＨＣ第一支店","トミタ第一","ﾄﾐﾀﾍﾙｽｹｱ ﾀﾞｲｲﾁｼﾃﾝ","ﾄﾐﾀHCﾌｸｵｶ","55","","","","","092-935-6262","092-936-0388","","1","20051221","20121121","20060622",""
"40083","04/01/2026 00:00:00","12/31/9999 00:00:00","0","itg37786","02/19/2026 13:25:17","PVU_EX_1400","itg37786","02/19/2026 13:25:17","PVU_EX_1400","アルフレッサ（株）九州営業本部","アルフレッサ九州","アルフレッサ九州","ＡＦ九州","ｱﾙﾌﾚﾂｻ ｷｭｳｼｭｳ","AFｷｭｳｼｭｳ","55","","","","","092-626-9011","092-626-9019","","1","20080101","","20080317",""
"40084","02/08/2019 00:00:00","12/31/9999 00:00:00","0","itg40916","02/08/2019 16:00:27","PVU_EX_1400","itg40916","02/08/2019 16:00:27","PVU_EX_1400","シーエス薬品（株）九州営業","シーエス薬品（株）九州営業","シーエス薬品九州営業","シーエス九","ｼ-ｴｽﾔｸﾋﾝ ｷﾕｳｼﾕｳｴｲｷﾞﾖ","ｼ-ｴｽｷﾕｳｼﾕｳ","55","","","","","092-931-2210","092-931-2220","","1","20091228","20190208","20091228",""
"40085","04/06/2022 00:00:00","12/31/9999 00:00:00","0","itg36186","04/06/2022 16:32:14","PVU_EX_1400","itg36186","04/06/2022 16:34:30","PVU_EX_1400","（株）リードヘルスケア九州ＰＳ営業部","株）リードＨＣ九州ＰＳ営業","リードＨＣ九州ＰＳ営","ＲＨＣ九Ｐ","KK ﾘ-ﾄﾞﾍﾙｽｹｱｷﾕｳｼﾕｳPS","ﾘｰﾄﾞｷﾕｳPS","55","","","","","092-883-6155","092-883-6132","","1","20100617","","20100617",""
"40090","02/08/2019 00:00:00","12/31/9999 00:00:00","0","itg40916","02/08/2019 10:44:13","PVU_EX_1400","itg40916","02/08/2019 10:44:13","PVU_EX_1400","共創未来福岡薬品（株）","共創未来福岡薬品（株）","共創未来福岡","共創福岡","ｷﾖｳｿｳﾐﾗｲ ﾌｸｵｶ","ｷﾖｳｿｳﾌｸｵｶ","55","","","","","093-472-2727","093-473-5471","","2","20170501","20190208","20170525",""
"40091","12/01/2023 00:00:00","12/31/9999 00:00:00","0","itg39895","12/04/2023 09:38:34","PVU_EX_1400","itg39895","12/04/2023 09:38:34","PVU_EX_1400","（株）スカイメディカル九州","（株）スカイメディカル九州","スカイメディカル九州","スカイメデ","(ｶ)ｽｶｲﾒﾃﾞｲｶﾙｷﾕｳｼﾕｳ","ｽｶｲﾒﾃﾞｲｶﾙｷ","55","","","","","0942-48-8010","0942-48-8070","","2","20170701","","20170614",""
"40098","04/01/2013 00:00:00","12/31/9999 00:00:00","0","ecld0918","03/29/2018 18:50:00","803001","ecld0918","03/29/2018 18:50:00","803001","正晃（株）","正晃（株）","正晃","正晃","ｾｲｺｳ KK","ｾｲｺｳ","55","","","","","0000-00-0000","","","2","19000101","","19000101",""
"40888","04/01/2013 00:00:00","12/31/9999 00:00:00","0","ips00015","03/29/2018 18:50:00","803001","ips00015","03/29/2018 18:50:00","803001","福岡の代理店","福岡の代理店","福岡の代理店","福・代理店","ﾌｸｵｶﾉ ﾀﾞｲﾘﾃﾝ","ﾌｸｵｶ","55","","","","","0000-00-0000","","","9","19000101","","19000101",""
"40889","04/01/2013 00:00:00","12/31/9999 00:00:00","0","","03/29/2018 18:50:00","803001","","03/29/2018 18:50:00","803001","福岡の代理店","福岡の代理店","福岡の代理店","福・代理店","ﾌｸｵｶﾉ ﾀﾞｲﾘﾃﾝ","ﾌｸｵｶ","55","","","","","0000-00-0000","","","9","19000101","","19000101",""
"40890","04/12/2019 00:00:00","12/31/9999 00:00:00","0","itg36186","04/12/2019 14:03:33","PVU_EX_1400","itg36186","04/12/2019 14:03:33","PVU_EX_1400","アルフレッサヘルスケア（株）九州沖縄支社","アルフレッサＨＣ九州沖縄","アルフレッサＨＣ九沖","アルフ九沖","ｱﾙﾌﾚﾂｻHCｷﾕｳｼﾕｳｵｷﾅﾜ","ｱﾙﾌｷﾕｳ ｵｷ","55","","","","","092-931-2211","","","1","20110907","","20110907",""
"41001","04/07/2022 00:00:00","12/31/9999 00:00:00","0","itg36186","04/07/2022 07:38:25","PVU_EX_1400","itg36186","04/07/2022 07:38:25","PVU_EX_1400","（株）アステム佐賀筑後営業部","（株）アステム佐賀筑後営","アステム佐賀筑後営","ＡＳ佐筑","KK ｱｽﾃﾑ ｻｶﾞﾁｸｺﾞ","ASｻｶﾞﾁｸｺﾞ","55","","","","","0952-72-8000","0952-72-1843","","1","19000101","","19000101",""
"41002","04/22/2020 00:00:00","12/31/9999 00:00:00","0","itg19647","04/22/2020 08:30:54","PVU_EX_1400","itg19647","04/22/2020 08:30:54","PVU_EX_1400","（株）アトル西九州営業部","（株）アトル西九州営業部","アトル西九州営業部","アトル西九","KKｱﾄﾙ ﾆｼｷﾕｳｼﾕｳｴｲｷﾞﾖｳ","ｱﾄﾙ ﾆｼｷﾕｳ","55","","","","","0952-29-7161","0952-24-2621","","1","20161001","","20161001",""
"41003","04/01/2016 00:00:00","12/31/9999 00:00:00","0","ips00023","03/29/2018 18:50:00","803001","ips00023","03/29/2018 18:50:00","803001","（株）翔薬佐賀営業部","（株）翔薬佐賀営業部","翔薬佐賀営業部","翔薬佐賀","KK ｼﾖｳﾔｸ ｻｶﾞ","ｼﾖｳﾔｸ ｻｶﾞ","55","","","","","0952-30-3211","","","1","19000101","","19000101",""
"41005","09/12/2025 00:00:00","12/31/9999 00:00:00","0","itg45886","09/12/2025 10:29:10","PVU_EX_1400","itg45886","09/12/2025 10:29:10","PVU_EX_1400","フォレストグループ","フォレストグループ","フォレストＧ","フォレスト","ﾌｫﾚｽﾄ G","ﾌｫﾚｽﾄ G","55","","","","","0942-87-7311","0942-87-7313","","1","","","20241101",""
"41006","11/01/2024 00:00:00","12/31/9999 00:00:00","0","itg42390","10/28/2024 16:28:50","PVU_EX_1400","itg42390","10/28/2024 16:28:50","PVU_EX_1400","（株）アステム","（株）アステム","アステム","アステム","KK ｱｽﾃﾑ","KK ｱｽﾃﾑ","55","","","","","0942-87-7311","0942-87-7313","","1","","","20241101",""
"41007","10/01/2025 00:00:00","12/31/9999 00:00:00","0","itg45886","09/29/2025 11:39:02","PVU_EX_1400","itg45886","09/29/2025 11:39:02","PVU_EX_1400","（株）宮崎温仙堂商店佐賀支店","（株）宮崎温仙堂商店佐賀","宮崎温仙堂佐賀支店","温仙堂佐賀","KK ﾐﾔｻﾞｷ ｵﾝｾﾝﾄﾞｳ ｻｶﾞ","ｵﾝｾﾝﾄﾞｳ ｻｶ","55","","","","","0000-00-0000","","","1","19000101","","19000101",""
"41010","02/08/2019 00:00:00","12/31/9999 00:00:00","0","itg40916","02/08/2019 16:15:50","PVU_EX_1400","itg40916","02/08/2019 16:15:50","PVU_EX_1400","（株）ＰＡＬＴＡＣ佐賀","（株）ＰＡＬＴＡＣ佐賀","ＰＡＬＴＡＣ佐賀","ＰＴ佐賀","KK ﾊﾟﾙﾀﾂｸｻｶﾞｼﾃﾝ","ﾊﾟCｻｶﾞｴｲ","55","","","","","093-882-6900","","","1","19911001","20190208","19910912",""
"41888","04/01/2013 00:00:00","12/31/9999 00:00:00","0","ips00015","03/29/2018 18:50:00","803001","ips00015","03/29/2018 18:50:00","803001","佐賀の代理店","佐賀の代理店","佐賀の代理店","佐・代理店","ｻｶﾞﾉ ﾀﾞｲﾘﾃﾝ","ｻｶﾞ","55","","","","","0000-00-0000","","","9","19000101","","19000101",""
"41889","04/01/2013 00:00:00","12/31/9999 00:00:00","0","","03/29/2018 18:50:00","803001","","03/29/2018 18:50:00","803001","佐賀の代理店","佐賀の代理店","佐賀の代理店","佐・代理店","ｻｶﾞﾉ ﾀﾞｲﾘﾃﾝ","ｻｶﾞ","55","","","","","0000-00-0000","","","9","19000101","","19000101",""
"42001","04/01/2024 00:00:00","12/31/9999 00:00:00","0","itg45886","03/25/2024 13:26:35","PVU_EX_1400","itg45886","03/25/2024 13:26:35","PVU_EX_1400","東七（株）","東七（株）","東七（株）","東七","ﾄｳｼﾁ","ﾄｳｼﾁ","55","","","","","0956-41-0777","","","1","19000101","","19000101",""
"42002","04/01/2026 00:00:00","12/31/9999 00:00:00","0","itg37786","02/16/2026 15:49:09","PVU_EX_1400","itg37786","02/16/2026 15:49:09","PVU_EX_1400","（株）宮崎温仙堂商店医薬事業部","（株）宮崎温仙堂商店医薬","宮崎温仙堂医薬事業部","宮崎温仙堂","ﾐﾔｻﾞｷｵﾝｾﾝﾄﾞｳ ｲﾔｸ","ｵﾝｾﾝﾄﾞｳ","55","","","","","0957-22-3350","","","1","19000101","","19000101",""
"42003","04/01/2026 00:00:00","12/31/9999 00:00:00","0","itg37786","02/24/2026 14:38:19","PVU_EX_1400","itg19647","03/12/2026 16:40:00","PVU_EX_1400","東七（株）ＴＳ営業本部","東七（株）ＴＳ営業本部","東七ＴＳ営業本部","東七","ﾄｳｼﾁｴｲｷﾞｮｳﾎﾝﾌﾞ","ﾄｳｼﾁｴｲｷﾞｮｳ","55","","","","","","","","1","","","20260401",""
"42004","04/01/2016 00:00:00","12/31/9999 00:00:00","0","ips00023","03/29/2018 18:50:00","803001","ips00023","03/29/2018 18:50:00","803001","（株）翔薬長崎営業部","（株）翔薬長崎営業部","翔薬長崎営業部","翔薬長崎","KK ｼﾖｳﾔｸ ﾅｶﾞｻｷ","ｼﾖｳﾔｸﾅｶﾞｻｷ","55","","","","","0958-23-2121","","","1","19000101","","19000101",""
"42009","04/05/2022 00:00:00","12/31/9999 00:00:00","0","itg19647","04/05/2022 16:07:44","PVU_EX_1400","itg19647","04/05/2022 16:07:44","PVU_EX_1400","藤村薬品（株）","藤村薬品（株）","藤村薬品（株）","藤村薬品","ﾌｼﾞﾑﾗ ﾔｸﾋﾝ KK","ﾌｼﾞﾑﾗ ﾔｸﾋﾝ","55","","","","","0958-37-8331","","","1","19000101","","19000101",""
"42017","02/12/2019 00:00:00","12/31/9999 00:00:00","0","itg40916","02/12/2019 09:34:24","PVU_EX_1400","itg40916","02/12/2019 09:34:24","PVU_EX_1400","富田薬品（株）長崎支店","富田薬品（株）長崎支店","富田薬品　長崎支店","富田長崎","ﾄﾐﾀﾔｸﾋﾝ KK ﾅｶﾞｻｷｼﾃﾝ","ﾄﾐﾀ ﾅｶﾞｻｷ","55","","","","","0000-00-0000","","","1","19000101","20190212","19000101",""
"42018","02/08/2019 00:00:00","12/31/9999 00:00:00","0","itg40916","02/08/2019 16:17:10","PVU_EX_1400","itg40916","02/08/2019 16:17:10","PVU_EX_1400","（株）ＰＡＬＴＡＣ長崎","（株）ＰＡＬＴＡＣ長崎","ＰＡＬＴＡＣ長崎","ＰＴ長崎","KK ﾊﾟﾙﾀﾂｸﾅｶﾞｻｷｴｲｷﾞ","ﾊﾟﾙﾅｶﾞｻｷ","55","","","","","0942-72-1133","","","1","19911001","20190208","19910912",""
"42019","02/08/2019 00:00:00","12/31/9999 00:00:00","0","itg40916","02/08/2019 10:54:26","PVU_EX_1400","itg40916","02/08/2019 10:54:26","PVU_EX_1400","（株）アトル長崎営業部","（株）アトル長崎営業部","アトル長崎営業部","アトル長崎","KK ｱﾄﾙ ﾅｶﾞｻｷ","ｱﾄﾙ ﾅｶﾞｻｷ","55","","","","","0958-22-0303","0958-22-0304","","1","19960405","20190208","19960405",""
"42102","11/01/2024 00:00:00","12/31/9999 00:00:00","0","itg42390","10/28/2024 16:06:22","PVU_EX_1400","itg42390","10/28/2024 16:06:22","PVU_EX_1400","（株）宮崎温仙堂商店","（株）宮崎温仙堂商店","宮崎温仙堂","宮崎温仙堂","KK ﾐﾔｻﾞｷ ｵﾝｾﾝﾄﾞｳ","ｵﾝｾﾝﾄﾞｳ","55","","","","","0957-22-3350","","","1","","","20241101",""
"42888","04/01/2013 00:00:00","12/31/9999 00:00:00","0","ips00015","03/29/2018 18:50:00","803001","ips00015","03/29/2018 18:50:00","803001","長崎の代理店","長崎の代理店","長崎の代理店","長・代理店","ﾅｶﾞｻｷﾉ ﾀﾞｲﾘﾃﾝ","ﾅｶﾞｻｷ","55","","","","","0000-00-0000","","","9","19000101","","19000101",""
"42889","04/01/2013 00:00:00","12/31/9999 00:00:00","0","","03/29/2018 18:50:00","803001","","03/29/2018 18:50:00","803001","長崎の代理店","長崎の代理店","長崎の代理店","長・代理店","ﾅｶﾞｻｷﾉ ﾀﾞｲﾘﾃﾝ","ﾅｶﾞｻｷ","55","","","","","0000-00-0000","","","9","19000101","","19000101",""
"43001","06/01/2014 00:00:00","12/31/9999 00:00:00","0","ecl07868","03/29/2018 18:50:00","803001","ecl07868","03/29/2018 18:50:00","803001","九州東邦（株）","九州東邦（株）","九州東邦","九州東邦","ｷﾕｳｼﾕｳﾄｳﾎｳKK","ｷﾕｳｼﾕｳﾄｳﾎｳ","55","","","","","0000-00-0000","","","1","19000101","","19000101",""
"43002","10/01/2014 00:00:00","12/31/9999 00:00:00","0","ecl07868","03/29/2018 18:50:00","803001","ecl07868","03/29/2018 18:50:00","803001","富田薬品（株）","富田薬品（株）","富田薬品","富田薬品","ﾄﾐﾀ ﾔｸﾋﾝ KK","ﾄﾐﾀ ﾔｸﾋﾝ","55","","","","","0000-00-0000","","","1","19000101","","19000101",""
"43003","04/01/2013 00:00:00","12/31/9999 00:00:00","0","ecl07868","03/29/2018 18:50:00","803001","ecl07868","03/29/2018 18:50:00","803001","（株）アステム熊本営業部","（株）アステム熊本営業部","アステム熊本営業部","ＡＳ熊本","KK ｱｽﾃﾑ ｸﾏﾓﾄｴｲｷﾞﾖｳﾌﾞ","ｱｽﾃﾑ ｸﾏﾓﾄ","55","","","","","096-378-9111","096-379-1148","","1","19000101","","19000101",""
"43004","04/01/2013 00:00:00","12/31/9999 00:00:00","0","ecld0918","03/29/2018 18:50:00","803001","ecld0918","03/29/2018 18:50:00","803001","（株）アトル熊本営業部","（株）アトル熊本営業部","アトル熊本営業部","アトル熊本","KK ｱﾄﾙ ｸﾏﾓﾄ","ｱﾄﾙ ｸﾏﾓﾄ","55","","","","","096-377-2711","096-378-4300","","1","19000101","","19000101",""
"43006","04/01/2013 00:00:00","12/31/9999 00:00:00","0","ecld0918","03/29/2018 18:50:00","803001","ecld0918","03/29/2018 18:50:00","803001","（株）新生堂","（株）新生堂","新生堂","新生堂","KK ｼﾝｾｲﾄﾞｳ","ｼﾝｾｲﾄﾞｳ","55","","","","","0000-00-0000","","","1","19000101","","19000101",""
"43007","04/01/2013 00:00:00","12/31/9999 00:00:00","0","ecl03580","03/29/2018 18:50:00","803001","ecl03580","03/29/2018 18:50:00","803001","徳光屋本店","徳光屋本店","徳光屋本店","徳光屋","ﾄｸﾐﾂﾔ ﾎﾝﾃﾝ","ﾄｸﾐﾂﾔ","55","","","","","0000-00-0000","","","2","19000101","","19000101",""
"43011","10/01/2025 00:00:00","12/31/9999 00:00:00","0","itg39895","09/16/2025 14:50:10","PVU_EX_1400","itg45886","09/29/2025 11:40:59","PVU_EX_1400","（株）宮崎温仙堂商店熊本支店","（株）宮崎温仙堂商店熊本","宮崎温仙堂熊本支店","温仙堂熊本","KK ﾐﾔｻﾞｷｵﾝｾﾝﾄﾞｳ ｸﾏﾓﾄ","ｵﾝｾﾝﾄﾞｳｸﾏﾓ","55","","","","","0000-00-0000","","","1","19000101","","19000101",""
"43014","02/08/2019 00:00:00","12/31/9999 00:00:00","0","itg40916","02/08/2019 16:21:36","PVU_EX_1400","itg40916","02/08/2019 16:21:36","PVU_EX_1400","（株）ＰＡＬＴＡＣ熊本","（株）ＰＡＬＴＡＣ熊本","ＰＡＬＴＡＣ熊本","ＰＴ熊本","KK ﾊﾟﾙﾀﾂｸｸﾏﾓﾄｼﾃﾝ","ﾊﾟﾙﾀﾂｸｸﾏ","55","","","","","096-312-1106","","","1","19911001","20190208","19910913",""
"43022","04/01/2013 00:00:00","12/31/9999 00:00:00","0","ecl04321","03/29/2018 18:50:00","803001","ecl04321","03/29/2018 18:50:00","803001","（株）トミタヘルスケア","（株）トミタヘルスケア","トミタヘルスケア","トミタＨＣ","KKﾄﾐﾀﾍﾙｽｹｱ","ﾄﾐﾀﾍﾙｽｹｱ","55","","","","","03-3817-3967","","","1","20051221","20111129","20051221",""
"43023","04/01/2016 00:00:00","12/31/9999 00:00:00","0","ips00023","03/29/2018 18:50:00","803001","ips00023","03/29/2018 18:50:00","803001","（株）翔薬熊本営業部","（株）翔薬熊本営業部","翔薬熊本営業部","翔薬熊本","KK ｼﾖｳﾔｸ ｸﾏﾓﾄ","ｼﾖｳﾔｸ ｸﾏﾓﾄ","55","","","","","096-370-3411","096-370-3412","","1","20070101","","20061219",""
"43024","02/08/2019 00:00:00","12/31/9999 00:00:00","0","itg40916","02/08/2019 10:45:50","PVU_EX_1400","itg40916","02/08/2019 10:45:50","PVU_EX_1400","共創未来熊本薬品（株）","共創未来熊本薬品（株）","共創未来熊本","共創熊本","ｷﾖｳｿｳﾐﾗｲ ｸﾏﾓﾄ","ｷﾖｳｿｳｸﾏﾓﾄ","55","","","","","096-382-3309","096-382-3359","","2","20170501","20190208","20170525",""
"43066","09/12/2025 00:00:00","12/31/9999 00:00:00","0","itg46273","09/12/2025 11:26:04","PVU_EX_1400","itg46273","09/12/2025 11:26:04","PVU_EX_1400","（株）新生堂","（株）新生堂","新生堂","新生堂","KK ｼﾝｾｲﾄﾞｳ","ｼﾝｾｲﾄﾞｳ","55","","","","","0000-00-0000","","","1","","","20250912",""
"43099","04/01/2013 00:00:00","12/31/9999 00:00:00","0","ecld0918","03/29/2018 18:50:00","803001","ecld0918","03/29/2018 18:50:00","803001","ツツミ化学","ツツミ化学","ツツミ化学","ツツミ","ﾂﾂﾐ ｶｶﾞｸ","ﾂﾂﾐ ｶｶﾞｸ","55","","","","","0000-00-0000","","","2","19000101","","19000101",""
"43888","04/01/2013 00:00:00","12/31/9999 00:00:00","0","ips00015","03/29/2018 18:50:00","803001","ips00015","03/29/2018 18:50:00","803001","熊本の代理店","熊本の代理店","熊本の代理店","熊・代理店","ｸﾏﾓﾄﾉ ﾀﾞｲﾘﾃﾝ","ｸﾏﾓﾄ","55","","","","","0000-00-0000","","","9","19000101","","19000101",""
"43889","04/01/2013 00:00:00","12/31/9999 00:00:00","0","","03/29/2018 18:50:00","803001","","03/29/2018 18:50:00","803001","熊本の代理店","熊本の代理店","熊本の代理店","熊・代理店","ｸﾏﾓﾄﾉ ﾀﾞｲﾘﾃﾝ","ｸﾏﾓﾄ","55","","","","","0000-00-0000","","","9","19000101","","19000101",""
"44001","10/01/2025 00:00:00","12/31/9999 00:00:00","0","itg46273","09/12/2025 11:47:51","PVU_EX_1400","itg46273","09/12/2025 11:47:51","PVU_EX_1400","（株）アステム大分営業部","（株）アステム大分営業部","アステム大分営業部","ＡＳ大分","KK ｱｽﾃﾑ ｵｵｲﾀｴｲｷﾞﾖｳﾌﾞ","ｱｽﾃﾑ ｵｵｲﾀ","55","","","","","0942-87-7311","0942-87-7313","","1","19000101","","19000101",""
"44002","04/01/2013 00:00:00","12/31/9999 00:00:00","0","ecld0918","03/29/2018 18:50:00","803001","ecld0918","03/29/2018 18:50:00","803001","（株）アトル大分営業部","（株）アトル大分営業部","アトル大分営業部","アトル大分","KKｱﾄﾙ ｵｵｲﾀ","ｱﾄﾙ ｵｵｲﾀ","55","","","","","097-524-5111","097-524-5210","","1","19000101","","19000101",""
"44003","04/01/2016 00:00:00","12/31/9999 00:00:00","0","ips00023","03/29/2018 18:50:00","803001","ips00023","03/29/2018 18:50:00","803001","（株）翔薬大分営業部","（株）翔薬大分営業部","翔薬大分営業部","翔薬大分","KK ｼﾖｳﾔｸ ｵｵｲﾀ","ｼﾖｳﾔｸｵｵｲﾀ","55","","","","","0000-00-0000","","","1","19000101","","19000101",""
"44013","02/08/2019 00:00:00","12/31/9999 00:00:00","0","itg40916","02/08/2019 16:22:53","PVU_EX_1400","itg40916","02/08/2019 16:22:53","PVU_EX_1400","（株）Ｐａｌｔａｃ大分","（株）Ｐａｌｔａｃ大分","Ｐａｌｔａｃ大分","ＰＴ大分","ﾊﾟﾙﾀﾂｸｵｵｲﾀｼﾃﾝ","ﾊﾟﾙﾀｸｵｵｲ","55","","","","","0975-44-6131","0975-46-4096","","1","19950401","20190208","19950322",""
"44014","02/12/2019 00:00:00","12/31/9999 00:00:00","0","itg40916","02/12/2019 09:35:56","PVU_EX_1400","itg40916","02/12/2019 09:35:56","PVU_EX_1400","富田薬品（株）大分支店","富田薬品（株）大分支店","富田薬品　大分","富田大分","ﾄﾐﾀ ﾔｸﾋﾝ KK ｵｵｲﾀｼﾃﾝ","ﾄﾐﾀ ｵｵｲﾀ","55","","","","","0975-23-5600","0975-23-3710","","1","19950501","20190212","19950425",""
"44018","02/08/2019 00:00:00","12/31/9999 00:00:00","0","itg40916","02/08/2019 10:47:42","PVU_EX_1400","itg40916","02/08/2019 10:47:42","PVU_EX_1400","共創未来大分薬品（株）","共創未来大分薬品（株）","共創未来大分","共創大分","ｷﾖｳｿｳﾐﾗｲ ｵｵｲﾀ","ｷﾖｳｿｳｵｵｲﾀ","55","","","","","0977-24-6611","0977-24-6613","","2","20170501","20190208","20170525",""
"44888","04/01/2013 00:00:00","12/31/9999 00:00:00","0","ips00015","03/29/2018 18:50:00","803001","ips00015","03/29/2018 18:50:00","803001","大分の代理店","大分の代理店","大分の代理店","大・代理店","ｵｵｲﾀﾉ ﾀﾞｲﾘﾃﾝ","ｵｵｲﾀ","55","","","","","0000-00-0000","","","9","19000101","","19000101",""
"44889","04/01/2013 00:00:00","12/31/9999 00:00:00","0","","03/29/2018 18:50:00","803001","","03/29/2018 18:50:00","803001","大分の代理店","大分の代理店","大分の代理店","大・代理店","ｵｵｲﾀﾉ ﾀﾞｲﾘﾃﾝ","ｵｵｲﾀ","55","","","","","0000-00-0000","","","9","19000101","","19000101",""
"45001","04/01/2013 00:00:00","12/31/9999 00:00:00","0","ecld0918","03/29/2018 18:50:00","803001","ecld0918","03/29/2018 18:50:00","803001","（株）アステム宮崎営業部","（株）アステム宮崎営業部","アステム宮崎営業部","ＡＳ宮崎","KK ｱｽﾃﾑﾐﾔｻﾞｷｴｲｷﾞﾖｳﾌﾞ","ｱｽﾃﾑﾐﾔｻﾞｷ","55","","","","","0985-24-3111","0985-28-9721","","1","19000101","","19000101",""
"45002","04/01/2013 00:00:00","12/31/9999 00:00:00","0","ecld0918","03/29/2018 18:50:00","803001","ecld0918","03/29/2018 18:50:00","803001","（株）アトル宮崎営業部","（株）アトル宮崎営業部","アトル宮崎営業部","アトル宮崎","KK ｱﾄﾙ ﾐﾔｻﾞｷ","ｱﾄﾙ ﾐﾔｻﾞｷ","55","","","","","0985-62-3321","0985-62-3321","","1","19000101","","19000101",""
"45008","02/08/2019 00:00:00","12/31/9999 00:00:00","0","itg40916","02/08/2019 16:24:08","PVU_EX_1400","itg40916","02/08/2019 16:24:08","PVU_EX_1400","（株）ＰＡＬＴＡＣ　宮崎","（株）ＰＡＬＴＡＣ宮崎","ＰＡＬＴＡＣ　宮崎","ＰＴ宮崎","KK ﾊﾟﾙﾀﾂｸﾐﾔｻﾞｷｴｲｷﾞ","ﾊﾟﾙﾐﾔｻﾞｷ","55","","","","","0985-63-0236","","","1","19911001","20190208","19910913",""
"45009","02/12/2019 00:00:00","12/31/9999 00:00:00","0","itg40916","02/12/2019 09:37:26","PVU_EX_1400","itg40916","02/12/2019 09:37:26","PVU_EX_1400","富田薬品（株）宮崎支店","富田薬品（株）宮崎支店","富田薬品　宮崎","富田宮崎","ﾄﾐﾀ ﾔｸﾋﾝ KK ﾐﾔｻﾞｷｼﾃﾝ","ﾄﾐﾀ ﾐﾔｻﾞｷ","55","","","","","0985-24-3231","0985-29-6357","","1","19950501","20190212","19950425",""
"45012","04/01/2016 00:00:00","12/31/9999 00:00:00","0","ips00023","03/29/2018 18:50:00","803001","ips00023","03/29/2018 18:50:00","803001","（株）翔薬宮崎営業部","（株）翔薬宮崎営業部","翔薬宮崎営業部","翔薬宮崎","KK ｼﾖｳﾔｸ ﾐﾔｻﾞｷ","ｼﾖｳﾔｸﾐﾔｻﾞｷ","55","","","","","0000-00-0000","","","1","20001001","","20000913",""
"45017","06/29/2018 00:00:00","12/31/9999 00:00:00","0","itg04213","06/29/2018 13:16:43","PVU_EX_1400","itg04213","06/29/2018 13:16:43","PVU_EX_1400","（有）日豊メディック","（有）日豊メディック","日豊メディック","日豊メディ","ﾆﾂﾎﾟｳﾒﾃﾞｲﾂｸ","ﾆﾂﾎﾟｳﾒﾃﾞｲﾂ","55","","","","","0985-33-9702","0985-33-9703","","2","20170701","","20170614",""
"45888","04/01/2013 00:00:00","12/31/9999 00:00:00","0","ips00015","03/29/2018 18:50:00","803001","ips00015","03/29/2018 18:50:00","803001","宮崎の代理店","宮崎の代理店","宮崎の代理店","宮・代理店","ﾐﾔｻﾞｷﾉ ﾀﾞｲﾘﾃﾝ","ﾐﾔｻﾞｷ","55","","","","","0000-00-0000","","","9","19000101","","19000101",""
"46001","02/12/2019 00:00:00","12/31/9999 00:00:00","0","itg40916","02/12/2019 09:38:45","PVU_EX_1400","itg40916","02/12/2019 09:38:45","PVU_EX_1400","富田薬品（株）鹿児島店","富田薬品（株）鹿児島店","富田薬品　鹿児島支店","富田鹿児島","ﾄﾐﾀ ﾔｸﾋﾝ KK ｶｺﾞｼﾏﾃﾝ","ﾄﾐﾀ ｶｺﾞｼﾏ","55","","","","","099-257-6511","","","1","19000101","20190212","19000101",""
"46002","04/01/2013 00:00:00","12/31/9999 00:00:00","0","ecld0918","03/29/2018 18:50:00","803001","ecld0918","03/29/2018 18:50:00","803001","（株）アトル鹿児島営業部","（株）アトル鹿児島営業部","アトル鹿児島営業部","アトル鹿児","KK ｱﾄﾙ ｶｺﾞｼﾏｴｲｷﾞﾖｳﾌﾞ","ｱﾄﾙ ｶｺﾞｼﾏ","55","","","","","0000-00-0000","","","1","19000101","","19000101",""
"46005","04/01/2016 00:00:00","12/31/9999 00:00:00","0","ips00023","03/29/2018 18:50:00","803001","ips00023","03/29/2018 18:50:00","803001","（株）翔薬鹿児島営業部","（株）翔薬鹿児島営業部","翔薬鹿児島営業部","翔薬鹿児島","KK ｼﾖｳﾔｸ ｶｺﾞｼﾏ","ｼﾖｳﾔｸｶｺﾞｼﾏ","55","","","","","0000-00-0000","","","1","19000101","","19000101",""
"46007","04/01/2013 00:00:00","12/31/9999 00:00:00","0","ecld0918","03/29/2018 18:50:00","803001","ecld0918","03/29/2018 18:50:00","803001","（株）アステム鹿児島営業部","（株）アステム鹿児島営業部","アステム鹿児島営業部","ＡＳ鹿児島","KK ｱｽﾃﾑｶｺﾞｼﾏｴｲｷﾞﾖｳﾌﾞ","ｱｽﾃﾑｶｺﾞｼﾏ","55","","","","","099-260-2671","099-260-2825","","1","19000101","","19000101",""
"46015","02/08/2019 00:00:00","12/31/9999 00:00:00","0","itg40916","02/08/2019 16:25:44","PVU_EX_1400","itg40916","02/08/2019 16:25:44","PVU_EX_1400","（株）Ｐａｌｔａｃ鹿児島","（株）Ｐａｌｔａｃ鹿児島","Ｐａｌｔａｃ鹿児島","ＰＴ鹿児島","KK ﾊﾟﾙﾀﾂｸｶｺﾞｼﾏｼﾃﾝ","ﾊﾟﾙｶｺﾞｼﾏ","55","","","","","099-246-9160","","","1","19911001","20190208","19910913",""
"46026","04/01/2013 00:00:00","12/31/9999 00:00:00","0","ecl04321","03/29/2018 18:50:00","803001","ecl04321","03/29/2018 18:50:00","803001","（株）トミタＨＣ第三支店","（株）トミタＨＣ第三支店","トミタＨＣ第三支店","トミタ第三","ﾄﾐﾀﾍﾙｽｹｱ ﾀﾞｲｻﾝｼﾃﾝ","ﾄﾐﾀ ﾀﾞｲｻﾝ","55","","","","","099-257-6511","099-259-0111","","1","20051221","20111129","20051221",""
"46027","02/08/2019 00:00:00","12/31/9999 00:00:00","0","itg40916","02/08/2019 10:50:01","PVU_EX_1400","itg40916","02/08/2019 10:50:01","PVU_EX_1400","共創未来鹿児島薬品（株）","共創未来鹿児島薬品（株）","共創未来鹿児島","共創鹿児島","ｷﾖｳｿｳﾐﾗｲ ｶｺﾞｼﾏ","ｷﾖｳｿｳｶｺﾞｼﾏ","55","","","","","099-248-0105","099-248-6405","","2","20170501","20190208","20170525",""
"46888","04/01/2013 00:00:00","12/31/9999 00:00:00","0","ips00015","03/29/2018 18:50:00","803001","ips00015","03/29/2018 18:50:00","803001","鹿児島の代理店","鹿児島の代理店","鹿児島の代理店","鹿・代理店","ｶｺﾞｼﾏﾉ ﾀﾞｲﾘﾃﾝ","ｶｺﾞｼﾏ","55","","","","","0000-00-0000","","","9","19000101","","19000101",""
"46889","04/01/2013 00:00:00","12/31/9999 00:00:00","0","","03/29/2018 18:50:00","803001","","03/29/2018 18:50:00","803001","鹿児島の代理店","鹿児島の代理店","鹿児島の代理店","鹿・代理店","ｶｺﾞｼﾏﾉ ﾀﾞｲﾘﾃﾝ","ｶｺﾞｼﾏ","55","","","","","0000-00-0000","","","9","19000101","","19000101",""
"47001","08/01/2016 00:00:00","12/31/9999 00:00:00","0","ecl07868","03/29/2018 18:50:00","803001","ecl07868","03/29/2018 18:50:00","803001","（株）スズケン沖縄薬品","（株）スズケン沖縄薬品","スズケン沖縄薬品","Ｓ沖縄薬品","KK ｽｽﾞｹﾝ ｵｷﾅﾜ","ｽｽﾞｹﾝ ｵｷﾅﾜ","55","","","","","098-835-6363","098-835-6767","","1","19000101","","19000101",""
"47002","11/01/2016 00:00:00","12/31/9999 00:00:00","0","ips00015","03/29/2018 18:50:00","803001","ips00015","03/29/2018 18:50:00","803001","（株）ダイコー沖縄","（株）ダイコー沖縄","ダイコー沖縄","ダイコー沖","KK ﾀﾞｲｺ- ｵｷﾅﾜ","ﾀﾞｲｺ- ｵｷﾅﾜ","55","","","","","098-890-2111","098-890-2171","","1","19000101","","19000101",""
"47003","04/01/2026 00:00:00","12/31/9999 00:00:00","0","itg37786","02/19/2026 14:47:47","PVU_EX_1400","itg37786","02/19/2026 14:47:47","PVU_EX_1400","（株）琉薬沖縄第二営業部","（株）琉薬沖縄第二営業部","琉薬沖縄第二営業部","琉薬沖縄２","ﾘｭｳﾔｸｵｷﾅﾜﾀﾞｲ2ｴｲｷﾞｮｳ","ﾘｭｳﾔｸｵｷﾅﾜ2","55","","","","","","","","1","","","20260401",""
"47004","04/01/2026 00:00:00","12/31/9999 00:00:00","0","itg37786","02/19/2026 14:51:39","PVU_EX_1400","itg37786","02/19/2026 14:51:39","PVU_EX_1400","（株）琉薬沖縄病院部","（株）琉薬沖縄病院部","琉薬沖縄病院部","琉薬沖縄病","ﾘｭｳﾔｸｵｷﾅﾜﾋﾞｮｳｲﾝﾌﾞ","ｵｷﾅﾜﾋﾞｮｳｲﾝ","55","","","","","","","","1","","","20260401",""
"47005","04/01/2026 00:00:00","12/31/9999 00:00:00","0","itg36186","03/12/2026 15:57:32","PVU_EX_1400","itg19647","03/12/2026 16:38:37","PVU_EX_1400","（株）琉薬沖縄第一営業部","（株）琉薬沖縄第一営業部","琉薬沖縄第一営業部","琉薬沖縄１","ﾘｭｳﾔｸｵｷﾅﾜﾀﾞｲ1ｴｲｷﾞｮｳ","ﾘｭｳﾔｸｵｷﾅﾜ1","55","","","","","","","","1","","","20260401",""
"47007","04/05/2022 00:00:00","12/31/9999 00:00:00","0","itg19647","04/05/2022 16:01:47","PVU_EX_1400","itg19647","04/05/2022 16:01:47","PVU_EX_1400","（株）琉薬","（株）琉薬","（株）琉薬","琉薬","ﾘﾕｳﾔｸ","ﾘﾕｳﾔｸ","55","","","","","098-878-3111","098-878-1199","","1","20080101","","20080317",""
"47008","02/08/2019 00:00:00","12/31/9999 00:00:00","0","itg40916","02/08/2019 16:27:42","PVU_EX_1400","itg40916","02/08/2019 16:27:42","PVU_EX_1400","（株）Ｐａｌｔａｃ沖縄支店","（株）Ｐａｌｔａｃ沖縄支店","Ｐａｌｔａｃ沖縄支店","ＰＴ沖縄","KK ﾊﾟﾙ ｵｷﾅﾜｼﾃﾝ","ﾊﾟﾙ ｵｷﾅﾜﾅ","55","","","","","098-879-2277","098-879-4582","","1","20010720","20190208","20080411",""
"47010","10/12/2022 00:00:00","12/31/9999 00:00:00","0","itg39895","10/12/2022 09:40:58","PVU_EX_1400","itg39895","10/12/2022 09:40:58","PVU_EX_1400","（株）アトル琉球営業部","（株）アトル琉球営業部","アトル琉球営業部","アトル琉球","KK ｱﾄﾙ ﾘﾕｳｷﾕｳ","ｱﾄﾙ ﾘﾕｳｷﾕｳ","55","","","","","098-882-8811","098-882-8821","","1","20081201","","20081127",""
"47011","04/01/2013 00:00:00","12/31/9999 00:00:00","0","ipsips240511","03/29/2018 18:50:00","803001","ipsips240511","03/29/2018 18:50:00","803001","沖縄東邦（株）","沖縄東邦（株）","沖縄東邦","沖縄東邦","ｵｷﾅﾜ ﾄｳﾎｳ KK","ｵｷﾅﾜﾄｳﾎｳ","55","","","","","098-946-6000","098-946-1040","","1","20100701","","20100708",""
"47014","04/01/2013 00:00:00","12/31/9999 00:00:00","0","ecl05317","03/29/2018 18:50:00","803001","ecl05317","03/29/2018 18:50:00","803001","アルフレッサヘルスケア（株）沖縄支社","アルフレッサＨＣ沖縄支社","アルフレッサＨＣ沖縄","アルフ沖縄","ｱﾙﾌﾚﾂｻﾍﾙｽｹｱｵｷﾅﾜ","ｱﾙﾌｵｷﾅﾜ","55","","","","","098-878-9030","098-878-9077","","1","20110921","","20120921",""
"47016","02/08/2019 00:00:00","12/31/9999 00:00:00","0","itg40916","02/08/2019 10:51:51","PVU_EX_1400","itg40916","02/08/2019 10:51:51","PVU_EX_1400","共創未来沖縄薬品（株）","共創未来沖縄薬品（株）","共創未来沖縄","共創沖縄","ｷﾖｳｿｳﾐﾗｲ ｵｷﾅﾜ","ｷﾖｳｿｳｵｷﾅﾜ","55","","","","","098-875-3272","098-876-6880","","2","20170501","20190208","20170525",""
"47888","04/01/2013 00:00:00","12/31/9999 00:00:00","0","","03/29/2018 18:50:00","803001","","03/29/2018 18:50:00","803001","沖縄の代理店","沖縄の代理店","沖縄の代理店","沖・代理店","ｵｷﾅﾜﾉ ﾀﾞｲﾘﾃﾝ","ｵｷﾅﾜ","55","","","","","0000-00-0000","","","9","19000101","","19000101",""
"47889","04/01/2013 00:00:00","12/31/9999 00:00:00","0","","03/29/2018 18:50:00","803001","","03/29/2018 18:50:00","803001","沖縄の代理店","沖縄の代理店","沖縄の代理店","沖・代理店","ｵｷﾅﾜﾉ ﾀﾞｲﾘﾃﾝ","ｵｷﾅﾜ","55","","","","","0000-00-0000","","","9","19000101","","19000101",""
