"TekiyoKaishi_DT","TekiyoShuryo_DT","Del_FLG","Sakuseisha_ID","Sakusei_DT","Koshinsha_ID","Koshin_DT","KoshinProgram_ID","Layout_KBN","NijiIryoken_Ken_CD","NijiIryoken_Iryoken_CD","Shusei_KBN","Maintenance_DT","Tenso_DT","Nijiiryo_Meisho","Sanji_CD","KijunByosho","KizonByosho","KizonByosho_DT","KafusokuByoshosu"
"12/01/2012 00:00:00","02/17/2013 00:00:00","False","Batch","12/27/2012 13:16:52","BATCH","02/18/2013 00:00:00","PVS_XP_2061","123","01","01","A","20121127","20121203","南渡島圏","1","5020","5933","20100101","913"
"12/01/2012 00:00:00","02/17/2013 00:00:00","False","Batch","12/27/2012 13:16:52","BATCH","02/18/2013 00:00:00","PVS_XP_2061","123","01","02","A","20121127","20121203","南檜山圏","1","216","391","20100101","175"
"12/01/2012 00:00:00","02/17/2013 00:00:00","False","Batch","12/27/2012 13:16:52","BATCH","02/18/2013 00:00:00","PVS_XP_2061","123","01","03","A","20121127","20121203","北渡島檜山圏","1","484","722","20100101","238"
"12/01/2012 00:00:00","02/17/2013 00:00:00","False","Batch","12/27/2012 13:16:52","BATCH","02/18/2013 00:00:00","PVS_XP_2061","123","01","04","A","20121127","20121203","札幌圏","2","28225","33788","20100101","5563"
"12/01/2012 00:00:00","02/17/2013 00:00:00","False","Batch","12/27/2012 13:16:52","BATCH","02/18/2013 00:00:00","PVS_XP_2061","123","01","05","A","20121127","20121203","後志圏","2","2323","3189","20100101","866"
"12/01/2012 00:00:00","02/17/2013 00:00:00","False","Batch","12/27/2012 13:16:52","BATCH","02/18/2013 00:00:00","PVS_XP_2061","123","01","06","A","20121127","20121203","南空知圏","2","1820","2137","20100101","317"
"12/01/2012 00:00:00","02/17/2013 00:00:00","False","Batch","12/27/2012 13:16:52","BATCH","02/18/2013 00:00:00","PVS_XP_2061","123","01","07","A","20121127","20121203","中空知圏","2","1403","2063","20100101","660"
"12/01/2012 00:00:00","02/17/2013 00:00:00","False","Batch","12/27/2012 13:16:52","BATCH","02/18/2013 00:00:00","PVS_XP_2061","123","01","08","A","20121127","20121203","北空知圏","2","515","747","20100101","232"
"12/01/2012 00:00:00","02/17/2013 00:00:00","False","Batch","12/27/2012 13:16:52","BATCH","02/18/2013 00:00:00","PVS_XP_2061","123","01","09","A","20121127","20121203","西胆振圏","2","2907","3983","20100101","1076"
"12/01/2012 00:00:00","02/17/2013 00:00:00","False","Batch","12/27/2012 13:16:52","BATCH","02/18/2013 00:00:00","PVS_XP_2061","123","01","10","A","20121127","20121203","東胆振圏","2","2198","2360","20100101","162"
"12/01/2012 00:00:00","02/17/2013 00:00:00","False","Batch","12/27/2012 13:16:52","BATCH","02/18/2013 00:00:00","PVS_XP_2061","123","01","11","A","20121127","20121203","日高圏","2","548","779","20100101","231"
"12/01/2012 00:00:00","02/17/2013 00:00:00","False","Batch","12/27/2012 13:16:52","BATCH","02/18/2013 00:00:00","PVS_XP_2061","123","01","12","A","20121127","20121203","上川中部圏","3","5799","6386","20100101","587"
"12/01/2012 00:00:00","02/17/2013 00:00:00","False","Batch","12/27/2012 13:16:52","BATCH","02/18/2013 00:00:00","PVS_XP_2061","123","01","13","A","20121127","20121203","上川北部圏","3","720","1005","20100101","285"
"12/01/2012 00:00:00","02/17/2013 00:00:00","False","Batch","12/27/2012 13:16:52","BATCH","02/18/2013 00:00:00","PVS_XP_2061","123","01","14","A","20121127","20121203","富良野圏","3","392","500","20100101","108"
"12/01/2012 00:00:00","02/17/2013 00:00:00","False","Batch","12/27/2012 13:16:52","BATCH","02/18/2013 00:00:00","PVS_XP_2061","123","01","15","A","20121127","20121203","留萌圏","3","399","752","20100101","353"
"12/01/2012 00:00:00","02/17/2013 00:00:00","False","Batch","12/27/2012 13:16:52","BATCH","02/18/2013 00:00:00","PVS_XP_2061","123","01","16","A","20121127","20121203","宗谷圏","3","592","778","20100101","186"
"12/01/2012 00:00:00","02/17/2013 00:00:00","False","Batch","12/27/2012 13:16:52","BATCH","02/18/2013 00:00:00","PVS_XP_2061","123","01","17","A","20121127","20121203","北網圏","4","2589","3182","20100101","593"
"12/01/2012 00:00:00","02/17/2013 00:00:00","False","Batch","12/27/2012 13:16:52","BATCH","02/18/2013 00:00:00","PVS_XP_2061","123","01","18","A","20121127","20121203","遠紋圏","4","850","1260","20100101","410"
"12/01/2012 00:00:00","02/17/2013 00:00:00","False","Batch","12/27/2012 13:16:52","BATCH","02/18/2013 00:00:00","PVS_XP_2061","123","01","19","A","20121127","20121203","十勝圏","5","3745","4496","20100101","751"
"12/01/2012 00:00:00","02/17/2013 00:00:00","False","Batch","12/27/2012 13:16:52","BATCH","02/18/2013 00:00:00","PVS_XP_2061","123","01","20","A","20121127","20121203","釧路圏","6","3138","3541","20100101","403"
"12/01/2012 00:00:00","02/17/2013 00:00:00","False","Batch","12/27/2012 13:16:52","BATCH","02/18/2013 00:00:00","PVS_XP_2061","123","01","21","A","20121127","20121203","根室圏","6","520","690","20100101","170"
"12/01/2012 00:00:00","02/17/2013 00:00:00","False","Batch","12/27/2012 13:16:52","BATCH","02/18/2013 00:00:00","PVS_XP_2061","123","02","01","A","20121127","20121203","津軽地域圏","","3137","3755","20091201","618"
"12/01/2012 00:00:00","02/17/2013 00:00:00","False","Batch","12/27/2012 13:16:52","BATCH","02/18/2013 00:00:00","PVS_XP_2061","123","02","02","A","20121127","20121203","八戸地域圏","","3098","2999","20091201","-99"
"12/01/2012 00:00:00","02/17/2013 00:00:00","False","Batch","12/27/2012 13:16:52","BATCH","02/18/2013 00:00:00","PVS_XP_2061","123","02","03","A","20121127","20121203","青森地域圏","","3031","3143","20091201","112"
"12/01/2012 00:00:00","02/17/2013 00:00:00","False","Batch","12/27/2012 13:16:52","BATCH","02/18/2013 00:00:00","PVS_XP_2061","123","02","04","A","20121127","20121203","西北五地域圏","","1005","1476","20091201","471"
"12/01/2012 00:00:00","02/17/2013 00:00:00","False","Batch","12/27/2012 13:16:52","BATCH","02/18/2013 00:00:00","PVS_XP_2061","123","02","05","A","20121127","20121203","上十三地域圏","","932","1286","20091201","354"
"12/01/2012 00:00:00","02/17/2013 00:00:00","False","Batch","12/27/2012 13:16:52","BATCH","02/18/2013 00:00:00","PVS_XP_2061","123","02","06","A","20121127","20121203","下北地域圏","","476","563","20091201","87"
"12/01/2012 00:00:00","02/17/2013 00:00:00","False","Batch","12/27/2012 13:16:52","BATCH","02/18/2013 00:00:00","PVS_XP_2061","123","03","01","A","20121127","20121203","盛岡圏","","5723","6425","20070930","702"
"12/01/2012 00:00:00","02/17/2013 00:00:00","False","Batch","12/27/2012 13:16:52","BATCH","02/18/2013 00:00:00","PVS_XP_2061","123","03","02","A","20121127","20121203","岩手中部圏","","1828","2097","20070930","269"
"12/01/2012 00:00:00","02/17/2013 00:00:00","False","Batch","12/27/2012 13:16:52","BATCH","02/18/2013 00:00:00","PVS_XP_2061","123","03","03","A","20121127","20121203","胆江圏","","1743","1537","20070930","-206"
"12/01/2012 00:00:00","02/17/2013 00:00:00","False","Batch","12/27/2012 13:16:52","BATCH","02/18/2013 00:00:00","PVS_XP_2061","123","03","04","A","20121127","20121203","両磐圏","","1357","1227","20070930","-130"
"12/01/2012 00:00:00","02/17/2013 00:00:00","False","Batch","12/27/2012 13:16:52","BATCH","02/18/2013 00:00:00","PVS_XP_2061","123","03","05","A","20121127","20121203","気仙圏","","721","640","20070930","-81"
"12/01/2012 00:00:00","02/17/2013 00:00:00","False","Batch","12/27/2012 13:16:52","BATCH","02/18/2013 00:00:00","PVS_XP_2061","123","03","06","A","20121127","20121203","釜石圏","","519","826","20070930","307"
"12/01/2012 00:00:00","02/17/2013 00:00:00","False","Batch","12/27/2012 13:16:52","BATCH","02/18/2013 00:00:00","PVS_XP_2061","123","03","07","A","20121127","20121203","宮古圏","","766","821","20070930","55"
"12/01/2012 00:00:00","02/17/2013 00:00:00","False","Batch","12/27/2012 13:16:52","BATCH","02/18/2013 00:00:00","PVS_XP_2061","123","03","08","A","20121127","20121203","久慈圏","","395","588","20070930","193"
"12/01/2012 00:00:00","02/17/2013 00:00:00","False","Batch","12/27/2012 13:16:52","BATCH","02/18/2013 00:00:00","PVS_XP_2061","123","03","09","A","20121127","20121203","二戸圏","","399","582","20070930","183"
"12/01/2012 00:00:00","02/17/2013 00:00:00","False","Batch","12/27/2012 13:16:52","BATCH","02/18/2013 00:00:00","PVS_XP_2061","123","04","01","A","20121127","20121203","仙南圏","","1409","1399","20070930","-10"
"12/01/2012 00:00:00","02/17/2013 00:00:00","False","Batch","12/27/2012 13:16:52","BATCH","02/18/2013 00:00:00","PVS_XP_2061","123","04","02","A","20121127","20121203","仙台圏","","11436","12687","20070930","1251"
"12/01/2012 00:00:00","02/17/2013 00:00:00","False","Batch","12/27/2012 13:16:52","BATCH","02/18/2013 00:00:00","PVS_XP_2061","123","04","03","A","20121127","20121203","大崎圏","","1741","1821","20070930","80"
"12/01/2012 00:00:00","02/17/2013 00:00:00","False","Batch","12/27/2012 13:16:52","BATCH","02/18/2013 00:00:00","PVS_XP_2061","123","04","04","A","20121127","20121203","栗原圏","","630","723","20070930","93"
"12/01/2012 00:00:00","02/17/2013 00:00:00","False","Batch","12/27/2012 13:16:52","BATCH","02/18/2013 00:00:00","PVS_XP_2061","123","04","05","A","20121127","20121203","登米圏","","766","603","20070930","-163"
"12/01/2012 00:00:00","02/17/2013 00:00:00","False","Batch","12/27/2012 13:16:52","BATCH","02/18/2013 00:00:00","PVS_XP_2061","123","04","06","A","20121127","20121203","石巻圏","","1619","1597","20070930","-22"
"12/01/2012 00:00:00","02/17/2013 00:00:00","False","Batch","12/27/2012 13:16:52","BATCH","02/18/2013 00:00:00","PVS_XP_2061","123","04","07","A","20121127","20121203","気仙沼圏","","801","805","20070930","4"
"12/01/2012 00:00:00","02/17/2013 00:00:00","False","Batch","12/27/2012 13:16:52","BATCH","02/18/2013 00:00:00","PVS_XP_2061","123","05","01","A","20121127","20121203","鹿角・大館圏","","1128","1600","20070331","472"
"12/01/2012 00:00:00","02/17/2013 00:00:00","False","Batch","12/27/2012 13:16:52","BATCH","02/18/2013 00:00:00","PVS_XP_2061","123","05","02","A","20121127","20121203","北秋田圏","","321","463","20070331","142"
"12/01/2012 00:00:00","02/17/2013 00:00:00","False","Batch","12/27/2012 13:16:52","BATCH","02/18/2013 00:00:00","PVS_XP_2061","123","05","03","A","20121127","20121203","能代・山本圏","","1097","1274","20070331","177"
"12/01/2012 00:00:00","02/17/2013 00:00:00","False","Batch","12/27/2012 13:16:52","BATCH","02/18/2013 00:00:00","PVS_XP_2061","123","05","04","A","20121127","20121203","秋田周辺圏","","3629","4605","20070331","976"
"12/01/2012 00:00:00","02/17/2013 00:00:00","False","Batch","12/27/2012 13:16:52","BATCH","02/18/2013 00:00:00","PVS_XP_2061","123","05","05","A","20121127","20121203","由利本荘・にかほ圏","","1298","1275","20070331","-23"
"12/01/2012 00:00:00","02/17/2013 00:00:00","False","Batch","12/27/2012 13:16:52","BATCH","02/18/2013 00:00:00","PVS_XP_2061","123","05","06","A","20121127","20121203","大仙・仙北圏","","1254","1234","20070331","-20"
"12/01/2012 00:00:00","02/17/2013 00:00:00","False","Batch","12/27/2012 13:16:52","BATCH","02/18/2013 00:00:00","PVS_XP_2061","123","05","07","A","20121127","20121203","横手圏","","1197","1056","20070331","-141"
"12/01/2012 00:00:00","02/17/2013 00:00:00","False","Batch","12/27/2012 13:16:52","BATCH","02/18/2013 00:00:00","PVS_XP_2061","123","05","08","A","20121127","20121203","湯沢・雄勝圏","","712","687","20070331","-25"
"12/01/2012 00:00:00","02/17/2013 00:00:00","False","Batch","12/27/2012 13:16:52","BATCH","02/18/2013 00:00:00","PVS_XP_2061","123","06","01","A","20121127","20121203","村山圏","","6131","5718","20071201","-413"
"12/01/2012 00:00:00","02/17/2013 00:00:00","False","Batch","12/27/2012 13:16:52","BATCH","02/18/2013 00:00:00","PVS_XP_2061","123","06","02","A","20121127","20121203","最上圏","","580","908","20071201","328"
"12/01/2012 00:00:00","02/17/2013 00:00:00","False","Batch","12/27/2012 13:16:52","BATCH","02/18/2013 00:00:00","PVS_XP_2061","123","06","03","A","20121127","20121203","置賜圏","","2056","2162","20071201","106"
"12/01/2012 00:00:00","02/17/2013 00:00:00","False","Batch","12/27/2012 13:16:52","BATCH","02/18/2013 00:00:00","PVS_XP_2061","123","06","04","A","20121127","20121203","庄内圏","","2784","2890","20071201","106"
"12/01/2012 00:00:00","02/17/2013 00:00:00","False","Batch","12/27/2012 13:16:52","BATCH","02/18/2013 00:00:00","PVS_XP_2061","123","07","01","A","20121127","20121203","県北圏（福島）","","3890","4884","20070331","994"
"12/01/2012 00:00:00","02/17/2013 00:00:00","False","Batch","12/27/2012 13:16:52","BATCH","02/18/2013 00:00:00","PVS_XP_2061","123","07","02","A","20121127","20121203","県中圏（福島）","","4756","5751","20070331","995"
"12/01/2012 00:00:00","02/17/2013 00:00:00","False","Batch","12/27/2012 13:16:52","BATCH","02/18/2013 00:00:00","PVS_XP_2061","123","07","03","A","20121127","20121203","県南圏（福島）","","978","1491","20070331","513"
"12/01/2012 00:00:00","02/17/2013 00:00:00","False","Batch","12/27/2012 13:16:52","BATCH","02/18/2013 00:00:00","PVS_XP_2061","123","07","04","A","20121127","20121203","会津圏","","2353","3612","20070331","1259"
"12/01/2012 00:00:00","02/17/2013 00:00:00","False","Batch","12/27/2012 13:16:52","BATCH","02/18/2013 00:00:00","PVS_XP_2061","123","07","05","A","20121127","20121203","南会津圏","","216","184","20070331","-32"
"12/01/2012 00:00:00","02/17/2013 00:00:00","False","Batch","12/27/2012 13:16:52","BATCH","02/18/2013 00:00:00","PVS_XP_2061","123","07","06","A","20121127","20121203","相双圏","","1329","1874","20070331","545"
"12/01/2012 00:00:00","02/17/2013 00:00:00","False","Batch","12/27/2012 13:16:52","BATCH","02/18/2013 00:00:00","PVS_XP_2061","123","07","07","A","20121127","20121203","いわき圏","","3357","3874","20070331","517"
"12/01/2012 00:00:00","02/17/2013 00:00:00","False","Batch","12/27/2012 13:16:52","BATCH","02/18/2013 00:00:00","PVS_XP_2061","123","08","01","A","20121127","20121203","水戸圏","","4859","5227","20080118","368"
"12/01/2012 00:00:00","02/17/2013 00:00:00","False","Batch","12/27/2012 13:16:52","BATCH","02/18/2013 00:00:00","PVS_XP_2061","123","08","02","A","20121127","20121203","日立圏","","2124","2624","20080118","500"
"12/01/2012 00:00:00","02/17/2013 00:00:00","False","Batch","12/27/2012 13:16:52","BATCH","02/18/2013 00:00:00","PVS_XP_2061","123","08","03","A","20121127","20121203","常陸太田・ひたちなか圏","","2227","2268","20080118","41"
"12/01/2012 00:00:00","02/17/2013 00:00:00","False","Batch","12/27/2012 13:16:52","BATCH","02/18/2013 00:00:00","PVS_XP_2061","123","08","04","A","20121127","20121203","鹿行圏","","1544","1908","20080118","364"
"12/01/2012 00:00:00","02/17/2013 00:00:00","False","Batch","12/27/2012 13:16:52","BATCH","02/18/2013 00:00:00","PVS_XP_2061","123","08","05","A","20121127","20121203","土浦圏","","1894","2646","20080118","752"
"12/01/2012 00:00:00","02/17/2013 00:00:00","False","Batch","12/27/2012 13:16:52","BATCH","02/18/2013 00:00:00","PVS_XP_2061","123","08","06","A","20121127","20121203","つくば圏","","3013","3378","20080118","365"
"12/01/2012 00:00:00","02/17/2013 00:00:00","False","Batch","12/27/2012 13:16:52","BATCH","02/18/2013 00:00:00","PVS_XP_2061","123","08","07","A","20121127","20121203","取手・竜ケ崎圏","","3475","3923","20080118","448"
"12/01/2012 00:00:00","02/17/2013 00:00:00","False","Batch","12/27/2012 13:16:52","BATCH","02/18/2013 00:00:00","PVS_XP_2061","123","08","08","A","20121127","20121203","筑西・下妻圏","","1959","2119","20080118","160"
"12/01/2012 00:00:00","02/17/2013 00:00:00","False","Batch","12/27/2012 13:16:52","BATCH","02/18/2013 00:00:00","PVS_XP_2061","123","08","09","A","20121127","20121203","古河・坂東圏","","1492","1483","20080118","-9"
"12/01/2012 00:00:00","02/17/2013 00:00:00","False","Batch","12/27/2012 13:16:52","BATCH","02/18/2013 00:00:00","PVS_XP_2061","123","09","01","A","20121127","20121203","県北圏（栃木）","","2770","2824","20080101","54"
"12/01/2012 00:00:00","02/17/2013 00:00:00","False","Batch","12/27/2012 13:16:52","BATCH","02/18/2013 00:00:00","PVS_XP_2061","123","09","02","A","20121127","20121203","県西圏（栃木）","","1282","1741","20080101","459"
"12/01/2012 00:00:00","02/17/2013 00:00:00","False","Batch","12/27/2012 13:16:52","BATCH","02/18/2013 00:00:00","PVS_XP_2061","123","09","03","A","20121127","20121203","県東・央圏（栃木）","","4676","5221","20080101","545"
"12/01/2012 00:00:00","02/17/2013 00:00:00","False","Batch","12/27/2012 13:16:52","BATCH","02/18/2013 00:00:00","PVS_XP_2061","123","09","04","A","20121127","20121203","県南圏（栃木）","","4563","4752","20080101","189"
"12/01/2012 00:00:00","02/17/2013 00:00:00","False","Batch","12/27/2012 13:16:52","BATCH","02/18/2013 00:00:00","PVS_XP_2061","123","09","05","A","20121127","20121203","両毛圏","","2127","2236","20080101","109"
"12/01/2012 00:00:00","02/17/2013 00:00:00","False","Batch","12/27/2012 13:16:52","BATCH","02/18/2013 00:00:00","PVS_XP_2061","123","10","01","A","20121127","20121203","前橋圏","","3587","3638","20100331","51"
"12/01/2012 00:00:00","02/17/2013 00:00:00","False","Batch","12/27/2012 13:16:52","BATCH","02/18/2013 00:00:00","PVS_XP_2061","123","10","02","A","20121127","20121203","高崎・安中圏","","3458","3505","20100331","47"
"12/01/2012 00:00:00","02/17/2013 00:00:00","False","Batch","12/27/2012 13:16:52","BATCH","02/18/2013 00:00:00","PVS_XP_2061","123","10","03","A","20121127","20121203","桐生圏","","1314","1892","20100331","578"
"12/01/2012 00:00:00","02/17/2013 00:00:00","False","Batch","12/27/2012 13:16:52","BATCH","02/18/2013 00:00:00","PVS_XP_2061","123","10","04","A","20121127","20121203","伊勢崎圏","","1690","1929","20100331","239"
"12/01/2012 00:00:00","02/17/2013 00:00:00","False","Batch","12/27/2012 13:16:52","BATCH","02/18/2013 00:00:00","PVS_XP_2061","123","10","05","A","20121127","20121203","太田・館林圏","","2671","3238","20100331","567"
"12/01/2012 00:00:00","02/17/2013 00:00:00","False","Batch","12/27/2012 13:16:52","BATCH","02/18/2013 00:00:00","PVS_XP_2061","123","10","06","A","20121127","20121203","渋川圏","","915","1165","20100331","250"
"12/01/2012 00:00:00","02/17/2013 00:00:00","False","Batch","12/27/2012 13:16:52","BATCH","02/18/2013 00:00:00","PVS_XP_2061","123","10","07","A","20121127","20121203","藤岡圏","","782","908","20100331","126"
"12/01/2012 00:00:00","02/17/2013 00:00:00","False","Batch","12/27/2012 13:16:52","BATCH","02/18/2013 00:00:00","PVS_XP_2061","123","10","08","A","20121127","20121203","富岡圏","","869","916","20100331","47"
"12/01/2012 00:00:00","02/17/2013 00:00:00","False","Batch","12/27/2012 13:16:52","BATCH","02/18/2013 00:00:00","PVS_XP_2061","123","10","09","A","20121127","20121203","吾妻圏","","752","886","20100331","134"
"12/01/2012 00:00:00","02/17/2013 00:00:00","False","Batch","12/27/2012 13:16:52","BATCH","02/18/2013 00:00:00","PVS_XP_2061","123","10","10","A","20121127","20121203","沼田圏","","960","1037","20100331","77"
"12/01/2012 00:00:00","02/17/2013 00:00:00","False","Batch","12/27/2012 13:16:52","BATCH","02/18/2013 00:00:00","PVS_XP_2061","123","11","01","A","20121127","20121203","南部圏（埼玉）","","4004","4254","20091231","250"
"12/01/2012 00:00:00","02/17/2013 00:00:00","False","Batch","12/27/2012 13:16:52","BATCH","02/18/2013 00:00:00","PVS_XP_2061","123","11","02","A","20121127","20121203","南西部圏（埼玉）","","3589","3886","20091231","297"
"12/01/2012 00:00:00","02/17/2013 00:00:00","False","Batch","12/27/2012 13:16:52","BATCH","02/18/2013 00:00:00","PVS_XP_2061","123","11","03","A","20121127","20121203","東部（埼玉）","","7280","7188","20091231","-92"
"12/01/2012 00:00:00","02/17/2013 00:00:00","False","Batch","12/27/2012 13:16:52","BATCH","02/18/2013 00:00:00","PVS_XP_2061","123","11","04","A","20121127","20121203","さいたま圏","","6500","6978","20091231","478"
"12/01/2012 00:00:00","02/17/2013 00:00:00","False","Batch","12/27/2012 13:16:52","BATCH","02/18/2013 00:00:00","PVS_XP_2061","123","11","05","A","20121127","20121203","県央圏（埼玉）","","2604","3196","20091231","592"
"12/01/2012 00:00:00","02/17/2013 00:00:00","False","Batch","12/27/2012 13:16:52","BATCH","02/18/2013 00:00:00","PVS_XP_2061","123","11","06","A","20121127","20121203","川越比企圏","","6967","6743","20091231","-224"
"12/01/2012 00:00:00","02/17/2013 00:00:00","False","Batch","12/27/2012 13:16:52","BATCH","02/18/2013 00:00:00","PVS_XP_2061","123","11","07","A","20121127","20121203","西部圏（埼玉）","","6541","7152","20091231","611"
"12/01/2012 00:00:00","02/17/2013 00:00:00","False","Batch","12/27/2012 13:16:52","BATCH","02/18/2013 00:00:00","PVS_XP_2061","123","11","08","A","20121127","20121203","利根圏","","4210","4169","20091231","-41"
"12/01/2012 00:00:00","02/17/2013 00:00:00","False","Batch","12/27/2012 13:16:52","BATCH","02/18/2013 00:00:00","PVS_XP_2061","123","11","09","A","20121127","20121203","北部圏（埼玉）","","3753","3596","20091231","-157"
"12/01/2012 00:00:00","02/17/2013 00:00:00","False","Batch","12/27/2012 13:16:52","BATCH","02/18/2013 00:00:00","PVS_XP_2061","123","11","10","A","20121127","20121203","秩父圏","","585","754","20091231","169"
"12/01/2012 00:00:00","02/17/2013 00:00:00","False","Batch","12/27/2012 13:16:52","BATCH","02/18/2013 00:00:00","PVS_XP_2061","123","13","01","A","20121127","20121203","区中央部圏（東京）","","6208","14394","20070401","8186"
"12/01/2012 00:00:00","02/17/2013 00:00:00","False","Batch","12/27/2012 13:16:52","BATCH","02/18/2013 00:00:00","PVS_XP_2061","123","13","02","A","20121127","20121203","区南部圏（東京）","","7930","7791","20070401","-139"
"12/01/2012 00:00:00","02/17/2013 00:00:00","False","Batch","12/27/2012 13:16:52","BATCH","02/18/2013 00:00:00","PVS_XP_2061","123","13","03","A","20121127","20121203","区西南部圏（東京）","","9733","9543","20070401","-190"
"12/01/2012 00:00:00","02/17/2013 00:00:00","False","Batch","12/27/2012 13:16:52","BATCH","02/18/2013 00:00:00","PVS_XP_2061","123","13","04","A","20121127","20121203","区西部圏（東京）","","10556","10556","20070401","0"
"12/01/2012 00:00:00","02/17/2013 00:00:00","False","Batch","12/27/2012 13:16:52","BATCH","02/18/2013 00:00:00","PVS_XP_2061","123","13","05","A","20121127","20121203","区西北部圏（東京）","","13865","13626","20070401","-239"
"12/01/2012 00:00:00","01/15/2013 00:00:00","False","Batch","12/27/2012 13:16:52","BATCH","02/07/2013 00:00:00","PVS_XP_2061","123","12","01","A","20121127","20121203","千葉圏","","7794","7125","20100401","-669"
"12/01/2012 00:00:00","01/15/2013 00:00:00","False","Batch","12/27/2012 13:16:52","BATCH","02/07/2013 00:00:00","PVS_XP_2061","123","12","02","A","20121127","20121203","東葛南部圏","","11133","10660","20100401","-473"
"12/01/2012 00:00:00","01/15/2013 00:00:00","False","Batch","12/27/2012 13:16:52","BATCH","02/07/2013 00:00:00","PVS_XP_2061","123","12","03","A","20121127","20121203","東葛北部圏","","9600","9071","20100401","-529"
"12/01/2012 00:00:00","01/15/2013 00:00:00","False","Batch","12/27/2012 13:16:52","BATCH","02/07/2013 00:00:00","PVS_XP_2061","123","12","04","A","20121127","20121203","印旛圏","","5827","5586","20100401","-241"
"12/01/2012 00:00:00","02/17/2013 00:00:00","False","Batch","12/27/2012 13:16:52","BATCH","02/18/2013 00:00:00","PVS_XP_2061","123","13","06","A","20121127","20121203","区東北部圏（東京）","","9152","9015","20070401","-137"
"12/01/2012 00:00:00","02/17/2013 00:00:00","False","Batch","12/27/2012 13:16:52","BATCH","02/18/2013 00:00:00","PVS_XP_2061","123","13","07","A","20121127","20121203","区東部圏（東京）","","8042","7818","20070401","-224"
"12/01/2012 00:00:00","02/17/2013 00:00:00","False","Batch","12/27/2012 13:16:52","BATCH","02/18/2013 00:00:00","PVS_XP_2061","123","13","08","A","20121127","20121203","西多摩圏","","3083","4185","20070401","1102"
"12/01/2012 00:00:00","02/17/2013 00:00:00","False","Batch","12/27/2012 13:16:52","BATCH","02/18/2013 00:00:00","PVS_XP_2061","123","13","09","A","20121127","20121203","南多摩圏","","10016","10016","20070401","0"
"12/01/2012 00:00:00","02/17/2013 00:00:00","False","Batch","12/27/2012 13:16:52","BATCH","02/18/2013 00:00:00","PVS_XP_2061","123","13","10","A","20121127","20121203","北多摩西部圏","","4227","4223","20070401","-4"
"12/01/2012 00:00:00","02/17/2013 00:00:00","False","Batch","12/27/2012 13:16:52","BATCH","02/18/2013 00:00:00","PVS_XP_2061","123","13","11","A","20121127","20121203","北多摩南部圏","","7486","7470","20070401","-16"
"12/01/2012 00:00:00","02/17/2013 00:00:00","False","Batch","12/27/2012 13:16:52","BATCH","02/18/2013 00:00:00","PVS_XP_2061","123","13","12","A","20121127","20121203","北多摩北部圏","","5250","5741","20070401","491"
"12/01/2012 00:00:00","02/17/2013 00:00:00","False","Batch","12/27/2012 13:16:52","BATCH","02/18/2013 00:00:00","PVS_XP_2061","123","13","13","A","20121127","20121203","島しょ圏（東京）","","196","55","20070401","-141"
"12/01/2012 00:00:00","02/17/2013 00:00:00","False","Batch","12/27/2012 13:16:52","BATCH","02/18/2013 00:00:00","PVS_XP_2061","123","14","01","A","20121127","20121203","横浜北部圏","","8260","7974","20080101","-286"
"12/01/2012 00:00:00","02/17/2013 00:00:00","False","Batch","12/27/2012 13:16:52","BATCH","02/18/2013 00:00:00","PVS_XP_2061","123","14","02","A","20121127","20121203","横浜西部圏","","7105","7361","20080101","256"
"12/01/2012 00:00:00","02/17/2013 00:00:00","False","Batch","12/27/2012 13:16:52","BATCH","02/18/2013 00:00:00","PVS_XP_2061","123","14","03","A","20121127","20121203","横浜南部圏","","6953","6710","20080101","-243"
"12/01/2012 00:00:00","02/17/2013 00:00:00","False","Batch","12/27/2012 13:16:52","BATCH","02/18/2013 00:00:00","PVS_XP_2061","123","14","04","A","20121127","20121203","川崎北部圏","","4011","3676","20080101","-335"
"12/01/2012 00:00:00","02/17/2013 00:00:00","False","Batch","12/27/2012 13:16:52","BATCH","02/18/2013 00:00:00","PVS_XP_2061","123","14","05","A","20121127","20121203","川崎南部圏","","3998","4851","20080101","853"
"12/01/2012 00:00:00","02/17/2013 00:00:00","False","Batch","12/27/2012 13:16:52","BATCH","02/18/2013 00:00:00","PVS_XP_2061","123","14","06","A","20121127","20121203","横須賀・三浦圏","","4545","5333","20080101","788"
"12/01/2012 00:00:00","02/17/2013 00:00:00","False","Batch","12/27/2012 13:16:52","BATCH","02/18/2013 00:00:00","PVS_XP_2061","123","14","07","A","20121127","20121203","湘南東部圏","","3873","3712","20080101","-161"
"12/01/2012 00:00:00","02/17/2013 00:00:00","False","Batch","12/27/2012 13:16:52","BATCH","02/18/2013 00:00:00","PVS_XP_2061","123","14","08","A","20121127","20121203","湘南西部圏","","4838","4840","20080101","2"
"12/01/2012 00:00:00","02/17/2013 00:00:00","False","Batch","12/27/2012 13:16:52","BATCH","02/18/2013 00:00:00","PVS_XP_2061","123","14","09","A","20121127","20121203","県央圏（神奈川）","","4750","4785","20080101","35"
"12/01/2012 00:00:00","02/17/2013 00:00:00","False","Batch","12/27/2012 13:16:52","BATCH","02/18/2013 00:00:00","PVS_XP_2061","123","14","10","A","20121127","20121203","相模原圏","","6625","6578","20080101","-47"
"12/01/2012 00:00:00","02/17/2013 00:00:00","False","Batch","12/27/2012 13:16:52","BATCH","02/18/2013 00:00:00","PVS_XP_2061","123","14","11","A","20121127","20121203","県西圏（神奈川）","","2445","3214","20080101","769"
"12/01/2012 00:00:00","02/17/2013 00:00:00","False","Batch","12/27/2012 13:16:52","BATCH","02/18/2013 00:00:00","PVS_XP_2061","123","15","01","A","20121127","20121203","下越圏","","2216","1860","20101001","-356"
"12/01/2012 00:00:00","02/17/2013 00:00:00","False","Batch","12/27/2012 13:16:52","BATCH","02/18/2013 00:00:00","PVS_XP_2061","123","15","02","A","20121127","20121203","新潟圏","","7029","9342","20101001","2313"
"12/01/2012 00:00:00","02/17/2013 00:00:00","False","Batch","12/27/2012 13:16:52","BATCH","02/18/2013 00:00:00","PVS_XP_2061","123","15","03","A","20121127","20121203","県央圏（新潟）","","2134","2056","20101001","-78"
"12/01/2012 00:00:00","02/17/2013 00:00:00","False","Batch","12/27/2012 13:16:52","BATCH","02/18/2013 00:00:00","PVS_XP_2061","123","15","04","A","20121127","20121203","中越圏","","4294","3549","20101001","-745"
"12/01/2012 00:00:00","02/17/2013 00:00:00","False","Batch","12/27/2012 13:16:52","BATCH","02/18/2013 00:00:00","PVS_XP_2061","123","15","05","A","20121127","20121203","魚沼圏","","2351","2257","20101001","-94"
"12/01/2012 00:00:00","02/17/2013 00:00:00","False","Batch","12/27/2012 13:16:52","BATCH","02/18/2013 00:00:00","PVS_XP_2061","123","15","06","A","20121127","20121203","上越圏","","2344","2306","20101001","-38"
"12/01/2012 00:00:00","02/17/2013 00:00:00","False","Batch","12/27/2012 13:16:52","BATCH","02/18/2013 00:00:00","PVS_XP_2061","123","15","07","A","20121127","20121203","佐渡圏","","683","648","20101001","-35"
"12/01/2012 00:00:00","02/17/2013 00:00:00","False","Batch","12/27/2012 13:16:52","BATCH","02/18/2013 00:00:00","PVS_XP_2061","123","16","01","A","20121127","20121203","新川圏","","1361","2009","20060701","648"
"12/01/2012 00:00:00","02/17/2013 00:00:00","False","Batch","12/27/2012 13:16:52","BATCH","02/18/2013 00:00:00","PVS_XP_2061","123","16","02","A","20121127","20121203","富山圏","","5547","7393","20060701","1846"
"12/01/2012 00:00:00","02/17/2013 00:00:00","False","Batch","12/27/2012 13:16:52","BATCH","02/18/2013 00:00:00","PVS_XP_2061","123","16","03","A","20121127","20121203","高岡圏","","2958","4018","20060701","1060"
"12/01/2012 00:00:00","02/17/2013 00:00:00","False","Batch","12/27/2012 13:16:52","BATCH","02/18/2013 00:00:00","PVS_XP_2061","123","16","04","A","20121127","20121203","砺波圏","","1595","2009","20060701","414"
"12/01/2012 00:00:00","02/17/2013 00:00:00","False","Batch","12/27/2012 13:16:52","BATCH","02/18/2013 00:00:00","PVS_XP_2061","123","17","01","A","20121127","20121203","南加賀圏","","2105","2837","20080331","732"
"12/01/2012 00:00:00","02/17/2013 00:00:00","False","Batch","12/27/2012 13:16:52","BATCH","02/18/2013 00:00:00","PVS_XP_2061","123","17","02","A","20121127","20121203","石川中央圏","","8401","9855","20080331","1454"
"12/01/2012 00:00:00","02/17/2013 00:00:00","False","Batch","12/27/2012 13:16:52","BATCH","02/18/2013 00:00:00","PVS_XP_2061","123","17","03","A","20121127","20121203","能登中部圏","","1402","1831","20080331","429"
"12/01/2012 00:00:00","02/17/2013 00:00:00","False","Batch","12/27/2012 13:16:52","BATCH","02/18/2013 00:00:00","PVS_XP_2061","123","17","04","A","20121127","20121203","能登北部圏","","726","1089","20080331","363"
"12/01/2012 00:00:00","02/17/2013 00:00:00","False","Batch","12/27/2012 13:16:52","BATCH","02/18/2013 00:00:00","PVS_XP_2061","123","18","01","A","20121127","20121203","福井・坂井圏","","4913","5915","20071001","1002"
"12/01/2012 00:00:00","02/17/2013 00:00:00","False","Batch","12/27/2012 13:16:52","BATCH","02/18/2013 00:00:00","PVS_XP_2061","123","18","02","A","20121127","20121203","奥越圏","","434","457","20071001","23"
"12/01/2012 00:00:00","02/17/2013 00:00:00","False","Batch","12/27/2012 13:16:52","BATCH","02/18/2013 00:00:00","PVS_XP_2061","123","18","03","A","20121127","20121203","丹南圏","","1488","1965","20071001","477"
"12/01/2012 00:00:00","02/17/2013 00:00:00","False","Batch","12/27/2012 13:16:52","BATCH","02/18/2013 00:00:00","PVS_XP_2061","123","18","04","A","20121127","20121203","嶺南圏","","1389","1432","20071001","43"
"12/01/2012 00:00:00","02/17/2013 00:00:00","False","Batch","12/27/2012 13:16:52","BATCH","02/18/2013 00:00:00","PVS_XP_2061","123","19","01","A","20121127","20121203","中北圏","","4036","4971","20071201","935"
"12/01/2012 00:00:00","02/17/2013 00:00:00","False","Batch","12/27/2012 13:16:52","BATCH","02/18/2013 00:00:00","PVS_XP_2061","123","19","02","A","20121127","20121203","峡東圏","","1931","2258","20071201","327"
"12/01/2012 00:00:00","02/17/2013 00:00:00","False","Batch","12/27/2012 13:16:52","BATCH","02/18/2013 00:00:00","PVS_XP_2061","123","19","03","A","20121127","20121203","峡南圏","","471","555","20071201","84"
"12/01/2012 00:00:00","02/17/2013 00:00:00","False","Batch","12/27/2012 13:16:52","BATCH","02/18/2013 00:00:00","PVS_XP_2061","123","19","04","A","20121127","20121203","富士・東部圏","","1035","1218","20071201","183"
"12/01/2012 00:00:00","02/17/2013 00:00:00","False","Batch","12/27/2012 13:16:52","BATCH","02/18/2013 00:00:00","PVS_XP_2061","123","20","01","A","20121127","20121203","佐久圏","","2288","2194","20080401","-94"
"12/01/2012 00:00:00","02/17/2013 00:00:00","False","Batch","12/27/2012 13:16:52","BATCH","02/18/2013 00:00:00","PVS_XP_2061","123","20","02","A","20121127","20121203","上小圏","","1864","2315","20080401","451"
"12/01/2012 00:00:00","02/17/2013 00:00:00","False","Batch","12/27/2012 13:16:52","BATCH","02/18/2013 00:00:00","PVS_XP_2061","123","20","03","A","20121127","20121203","諏訪圏","","1873","1820","20080401","-53"
"12/01/2012 00:00:00","02/17/2013 00:00:00","False","Batch","12/27/2012 13:16:52","BATCH","02/18/2013 00:00:00","PVS_XP_2061","123","20","04","A","20121127","20121203","上伊那圏","","1359","1429","20080401","70"
"12/01/2012 00:00:00","02/17/2013 00:00:00","False","Batch","12/27/2012 13:16:52","BATCH","02/18/2013 00:00:00","PVS_XP_2061","123","20","05","A","20121127","20121203","飯伊圏","","1771","1526","20080401","-245"
"12/01/2012 00:00:00","02/17/2013 00:00:00","False","Batch","12/27/2012 13:16:52","BATCH","02/18/2013 00:00:00","PVS_XP_2061","123","20","06","A","20121127","20121203","木曽圏","","283","255","20080401","-28"
"12/01/2012 00:00:00","02/17/2013 00:00:00","False","Batch","12/27/2012 13:16:52","BATCH","02/18/2013 00:00:00","PVS_XP_2061","123","20","07","A","20121127","20121203","松本圏","","3935","3954","20080401","19"
"12/01/2012 00:00:00","02/17/2013 00:00:00","False","Batch","12/27/2012 13:16:52","BATCH","02/18/2013 00:00:00","PVS_XP_2061","123","20","08","A","20121127","20121203","大北圏","","506","512","20080401","6"
"12/01/2012 00:00:00","02/17/2013 00:00:00","False","Batch","12/27/2012 13:16:52","BATCH","02/18/2013 00:00:00","PVS_XP_2061","123","20","09","A","20121127","20121203","長野圏","","5069","4759","20080401","-310"
"12/01/2012 00:00:00","02/17/2013 00:00:00","False","Batch","12/27/2012 13:16:52","BATCH","02/18/2013 00:00:00","PVS_XP_2061","123","20","10","A","20121127","20121203","北信圏","","867","850","20080401","-17"
"12/01/2012 00:00:00","02/17/2013 00:00:00","False","Batch","12/27/2012 13:16:52","BATCH","02/18/2013 00:00:00","PVS_XP_2061","123","21","01","A","20121127","20121203","岐阜圏","","7565","7298","20090401","-267"
"12/01/2012 00:00:00","02/17/2013 00:00:00","False","Batch","12/27/2012 13:16:52","BATCH","02/18/2013 00:00:00","PVS_XP_2061","123","21","02","A","20121127","20121203","西濃圏","","3049","2830","20090401","-219"
"12/01/2012 00:00:00","02/17/2013 00:00:00","False","Batch","12/27/2012 13:16:52","BATCH","02/18/2013 00:00:00","PVS_XP_2061","123","21","03","A","20121127","20121203","中濃圏","","2974","2731","20090401","-243"
"12/01/2012 00:00:00","02/17/2013 00:00:00","False","Batch","12/27/2012 13:16:52","BATCH","02/18/2013 00:00:00","PVS_XP_2061","123","21","04","A","20121127","20121203","東濃圏","","2895","2570","20090401","-325"
"12/01/2012 00:00:00","02/17/2013 00:00:00","False","Batch","12/27/2012 13:16:52","BATCH","02/18/2013 00:00:00","PVS_XP_2061","123","21","05","A","20121127","20121203","飛騨圏","","1667","1534","20090401","-133"
"12/01/2012 00:00:00","02/17/2013 00:00:00","False","Batch","12/27/2012 13:16:52","BATCH","02/18/2013 00:00:00","PVS_XP_2061","123","22","01","A","20121127","20121203","賀茂圏","","978","1140","20091231","162"
"12/01/2012 00:00:00","02/17/2013 00:00:00","False","Batch","12/27/2012 13:16:52","BATCH","02/18/2013 00:00:00","PVS_XP_2061","123","22","02","A","20121127","20121203","熱海伊東圏","","1126","1124","20091231","-2"
"12/01/2012 00:00:00","02/17/2013 00:00:00","False","Batch","12/27/2012 13:16:52","BATCH","02/18/2013 00:00:00","PVS_XP_2061","123","22","03","A","20121127","20121203","駿東田方圏","","6555","6776","20091231","221"
"12/01/2012 00:00:00","02/17/2013 00:00:00","False","Batch","12/27/2012 13:16:52","BATCH","02/18/2013 00:00:00","PVS_XP_2061","123","22","04","A","20121127","20121203","富士圏","","3023","2921","20091231","-102"
"12/01/2012 00:00:00","02/17/2013 00:00:00","False","Batch","12/27/2012 13:16:52","BATCH","02/18/2013 00:00:00","PVS_XP_2061","123","22","05","A","20121127","20121203","静岡圏","","7189","6457","20091231","-732"
"12/01/2012 00:00:00","02/17/2013 00:00:00","False","Batch","12/27/2012 13:16:52","BATCH","02/18/2013 00:00:00","PVS_XP_2061","123","22","06","A","20121127","20121203","志太榛原圏","","4244","3368","20091231","-876"
"12/01/2012 00:00:00","02/17/2013 00:00:00","False","Batch","12/27/2012 13:16:52","BATCH","02/18/2013 00:00:00","PVS_XP_2061","123","22","07","A","20121127","20121203","中東遠圏","","3186","2894","20091231","-292"
"12/01/2012 00:00:00","02/17/2013 00:00:00","False","Batch","12/27/2012 13:16:52","BATCH","02/18/2013 00:00:00","PVS_XP_2061","123","22","08","A","20121127","20121203","西部圏（静岡）","","7825","8085","20091231","260"
"12/01/2012 00:00:00","02/17/2013 00:00:00","False","Batch","12/27/2012 13:16:52","BATCH","02/18/2013 00:00:00","PVS_XP_2061","123","23","01","A","20121127","20121203","名古屋圏","","15388","20382","20100930","4994"
"12/01/2012 00:00:00","02/17/2013 00:00:00","False","Batch","12/27/2012 13:16:52","BATCH","02/18/2013 00:00:00","PVS_XP_2061","123","23","02","A","20121127","20121203","海部圏","","1964","1949","20100930","-15"
"12/01/2012 00:00:00","02/17/2013 00:00:00","False","Batch","12/27/2012 13:16:52","BATCH","02/18/2013 00:00:00","PVS_XP_2061","123","23","03","A","20121127","20121203","尾張中部圏","","862","720","20100930","-142"
"12/01/2012 00:00:00","02/17/2013 00:00:00","False","Batch","12/27/2012 13:16:52","BATCH","02/18/2013 00:00:00","PVS_XP_2061","123","23","04","A","20121127","20121203","尾張東部圏","","3558","4676","20100930","1118"
"12/01/2012 00:00:00","02/17/2013 00:00:00","False","Batch","12/27/2012 13:16:52","BATCH","02/18/2013 00:00:00","PVS_XP_2061","123","23","05","A","20121127","20121203","尾張西部圏","","3586","3018","20100930","-568"
"12/01/2012 00:00:00","02/17/2013 00:00:00","False","Batch","12/27/2012 13:16:52","BATCH","02/18/2013 00:00:00","PVS_XP_2061","123","23","06","A","20121127","20121203","尾張北部圏","","4854","4419","20100930","-435"
"12/01/2012 00:00:00","02/17/2013 00:00:00","False","Batch","12/27/2012 13:16:52","BATCH","02/18/2013 00:00:00","PVS_XP_2061","123","23","07","A","20121127","20121203","知多半島圏","","3473","3168","20100930","-305"
"12/01/2012 00:00:00","02/17/2013 00:00:00","False","Batch","12/27/2012 13:16:52","BATCH","02/18/2013 00:00:00","PVS_XP_2061","123","23","08","A","20121127","20121203","西三河北部圏","","2900","2358","20100930","-542"
"12/01/2012 00:00:00","02/17/2013 00:00:00","False","Batch","12/27/2012 13:16:52","BATCH","02/18/2013 00:00:00","PVS_XP_2061","123","23","09","A","20121127","20121203","西三河南部東圏","","2860","2176","20100930","-684"
"12/01/2012 00:00:00","02/17/2013 00:00:00","False","Batch","12/27/2012 13:16:52","BATCH","02/18/2013 00:00:00","PVS_XP_2061","123","23","10","A","20121127","20121203","西三河南部西圏","","4676","4256","20100930","-420"
"12/01/2012 00:00:00","02/17/2013 00:00:00","False","Batch","12/27/2012 13:16:52","BATCH","02/18/2013 00:00:00","PVS_XP_2061","123","23","11","A","20121127","20121203","東三河北部圏","","630","555","20100930","-75"
"12/01/2012 00:00:00","02/17/2013 00:00:00","False","Batch","12/27/2012 13:16:52","BATCH","02/18/2013 00:00:00","PVS_XP_2061","123","23","12","A","20121127","20121203","東三河南部圏","","6444","6164","20100930","-280"
"12/01/2012 00:00:00","02/17/2013 00:00:00","False","Batch","12/27/2012 13:16:52","BATCH","02/18/2013 00:00:00","PVS_XP_2061","123","24","01","A","20121127","20121203","北勢圏","","6074","6138","20080901","64"
"12/01/2012 00:00:00","02/17/2013 00:00:00","False","Batch","12/27/2012 13:16:52","BATCH","02/18/2013 00:00:00","PVS_XP_2061","123","24","02","A","20121127","20121203","中勢伊賀圏","","4014","4806","20080901","792"
"12/01/2012 00:00:00","02/17/2013 00:00:00","False","Batch","12/27/2012 13:16:52","BATCH","02/18/2013 00:00:00","PVS_XP_2061","123","24","03","A","20121127","20121203","南勢志摩圏","","3575","4401","20080901","826"
"12/01/2012 00:00:00","02/17/2013 00:00:00","False","Batch","12/27/2012 13:16:52","BATCH","02/18/2013 00:00:00","PVS_XP_2061","123","24","04","A","20121127","20121203","東紀州圏","","657","909","20080901","252"
"12/01/2012 00:00:00","02/17/2013 00:00:00","False","Batch","12/27/2012 13:16:52","BATCH","02/18/2013 00:00:00","PVS_XP_2061","123","25","01","A","20121127","20121203","大津圏","","2997","3251","20070401","254"
"12/01/2012 00:00:00","02/17/2013 00:00:00","False","Batch","12/27/2012 13:16:52","BATCH","02/18/2013 00:00:00","PVS_XP_2061","123","25","02","A","20121127","20121203","湖南圏","","2320","2572","20070401","252"
"12/01/2012 00:00:00","02/17/2013 00:00:00","False","Batch","12/27/2012 13:16:52","BATCH","02/18/2013 00:00:00","PVS_XP_2061","123","25","03","A","20121127","20121203","甲賀圏","","1237","1172","20070401","-65"
"12/01/2012 00:00:00","02/17/2013 00:00:00","False","Batch","12/27/2012 13:16:52","BATCH","02/18/2013 00:00:00","PVS_XP_2061","123","25","04","A","20121127","20121203","東近江圏","","1877","2340","20070401","463"
"12/01/2012 00:00:00","02/17/2013 00:00:00","False","Batch","12/27/2012 13:16:52","BATCH","02/18/2013 00:00:00","PVS_XP_2061","123","25","05","A","20121127","20121203","湖東圏","","1110","1181","20070401","71"
"12/01/2012 00:00:00","02/17/2013 00:00:00","False","Batch","12/27/2012 13:16:52","BATCH","02/18/2013 00:00:00","PVS_XP_2061","123","25","06","A","20121127","20121203","湖北圏","","1218","1337","20070401","119"
"12/01/2012 00:00:00","02/17/2013 00:00:00","False","Batch","12/27/2012 13:16:52","BATCH","02/18/2013 00:00:00","PVS_XP_2061","123","25","07","A","20121127","20121203","湖西圏","","391","451","20070401","60"
"12/01/2012 00:00:00","02/17/2013 00:00:00","False","Batch","12/27/2012 13:16:52","BATCH","02/18/2013 00:00:00","PVS_XP_2061","123","26","01","A","20121127","20121203","丹後圏","","1299","1103","20061001","-196"
"12/01/2012 00:00:00","02/17/2013 00:00:00","False","Batch","12/27/2012 13:16:52","BATCH","02/18/2013 00:00:00","PVS_XP_2061","123","26","02","A","20121127","20121203","中丹圏","","2546","2407","20061001","-139"
"12/01/2012 00:00:00","02/17/2013 00:00:00","False","Batch","12/27/2012 13:16:52","BATCH","02/18/2013 00:00:00","PVS_XP_2061","123","26","03","A","20121127","20121203","南丹圏","","1400","1328","20061001","-72"
"12/01/2012 00:00:00","02/17/2013 00:00:00","False","Batch","12/27/2012 13:16:52","BATCH","02/18/2013 00:00:00","PVS_XP_2061","123","26","04","A","20121127","20121203","京都・乙訓圏","","16357","20320","20061001","3963"
"12/01/2012 00:00:00","02/17/2013 00:00:00","False","Batch","12/27/2012 13:16:52","BATCH","02/18/2013 00:00:00","PVS_XP_2061","123","26","05","A","20121127","20121203","山城北圏","","3816","3683","20061001","-133"
"12/01/2012 00:00:00","02/17/2013 00:00:00","False","Batch","12/27/2012 13:16:52","BATCH","02/18/2013 00:00:00","PVS_XP_2061","123","26","06","A","20121127","20121203","山城南圏","","784","666","20061001","-118"
"12/01/2012 00:00:00","02/17/2013 00:00:00","False","Batch","12/27/2012 13:16:52","BATCH","02/18/2013 00:00:00","PVS_XP_2061","123","27","01","A","20121127","20121203","豊能圏","","7517","7981","20071001","464"
"12/01/2012 00:00:00","02/17/2013 00:00:00","False","Batch","12/27/2012 13:16:52","BATCH","02/18/2013 00:00:00","PVS_XP_2061","123","27","02","A","20121127","20121203","三島圏","","5474","6579","20071001","1105"
"12/01/2012 00:00:00","02/17/2013 00:00:00","False","Batch","12/27/2012 13:16:52","BATCH","02/18/2013 00:00:00","PVS_XP_2061","123","27","03","A","20121127","20121203","北河内圏","","7864","9810","20071001","1946"
"12/01/2012 00:00:00","02/17/2013 00:00:00","False","Batch","12/27/2012 13:16:52","BATCH","02/18/2013 00:00:00","PVS_XP_2061","123","27","04","A","20121127","20121203","中河内圏","","5418","6086","20071001","668"
"12/01/2012 00:00:00","02/17/2013 00:00:00","False","Batch","12/27/2012 13:16:52","BATCH","02/18/2013 00:00:00","PVS_XP_2061","123","27","05","A","20121127","20121203","南河内圏","","5591","6845","20071001","1254"
"12/01/2012 00:00:00","02/17/2013 00:00:00","False","Batch","12/27/2012 13:16:52","BATCH","02/18/2013 00:00:00","PVS_XP_2061","123","27","06","A","20121127","20121203","堺市圏","","8590","9661","20071001","1071"
"12/01/2012 00:00:00","02/17/2013 00:00:00","False","Batch","12/27/2012 13:16:52","BATCH","02/18/2013 00:00:00","PVS_XP_2061","123","27","07","A","20121127","20121203","泉州圏","","6985","8860","20071001","1875"
"12/01/2012 00:00:00","02/17/2013 00:00:00","False","Batch","12/27/2012 13:16:52","BATCH","02/18/2013 00:00:00","PVS_XP_2061","123","27","08","A","20121127","20121203","大阪市圏","","22148","33434","20071001","11286"
"12/01/2012 00:00:00","02/17/2013 00:00:00","False","Batch","12/27/2012 13:16:52","BATCH","02/18/2013 00:00:00","PVS_XP_2061","123","28","01","A","20121127","20121203","神戸圏","","15522","15004","20101001","-518"
"12/01/2012 00:00:00","02/17/2013 00:00:00","False","Batch","12/27/2012 13:16:52","BATCH","02/18/2013 00:00:00","PVS_XP_2061","123","28","02","A","20121127","20121203","阪神南圏","","8778","8433","20101001","-345"
"12/01/2012 00:00:00","02/17/2013 00:00:00","False","Batch","12/27/2012 13:16:52","BATCH","02/18/2013 00:00:00","PVS_XP_2061","123","28","03","A","20121127","20121203","阪神北圏","","6775","6335","20101001","-440"
"12/01/2012 00:00:00","02/17/2013 00:00:00","False","Batch","12/27/2012 13:16:52","BATCH","02/18/2013 00:00:00","PVS_XP_2061","123","28","04","A","20121127","20121203","東播磨圏","","6339","6234","20101001","-105"
"12/01/2012 00:00:00","02/17/2013 00:00:00","False","Batch","12/27/2012 13:16:52","BATCH","02/18/2013 00:00:00","PVS_XP_2061","123","28","05","A","20121127","20121203","北播磨圏","","3342","3374","20101001","32"
"12/01/2012 00:00:00","02/17/2013 00:00:00","False","Batch","12/27/2012 13:16:52","BATCH","02/18/2013 00:00:00","PVS_XP_2061","123","28","06","A","20121127","20121203","中播磨圏","","5576","5502","20101001","-74"
"12/01/2012 00:00:00","02/17/2013 00:00:00","False","Batch","12/27/2012 13:16:52","BATCH","02/18/2013 00:00:00","PVS_XP_2061","123","28","07","A","20121127","20121203","西播磨圏","","2811","2975","20101001","164"
"12/01/2012 00:00:00","02/17/2013 00:00:00","False","Batch","12/27/2012 13:16:52","BATCH","02/18/2013 00:00:00","PVS_XP_2061","123","28","08","A","20121127","20121203","但馬圏","","1838","1657","20101001","-181"
"12/01/2012 00:00:00","02/17/2013 00:00:00","False","Batch","12/27/2012 13:16:52","BATCH","02/18/2013 00:00:00","PVS_XP_2061","123","28","09","A","20121127","20121203","丹波圏","","1368","1308","20101001","-60"
"12/01/2012 00:00:00","02/17/2013 00:00:00","False","Batch","12/27/2012 13:16:52","BATCH","02/18/2013 00:00:00","PVS_XP_2061","123","28","10","A","20121127","20121203","淡路圏","","1733","1705","20101001","-28"
"12/01/2012 00:00:00","02/17/2013 00:00:00","False","Batch","12/27/2012 13:16:52","BATCH","02/18/2013 00:00:00","PVS_XP_2061","123","29","01","A","20121127","20121203","奈良圏","","3608","3350","20100409","-258"
"12/01/2012 00:00:00","02/17/2013 00:00:00","False","Batch","12/27/2012 13:16:52","BATCH","02/18/2013 00:00:00","PVS_XP_2061","123","29","02","A","20121127","20121203","東和圏","","2484","2713","20100409","229"
"12/01/2012 00:00:00","02/17/2013 00:00:00","False","Batch","12/27/2012 13:16:52","BATCH","02/18/2013 00:00:00","PVS_XP_2061","123","29","03","A","20121127","20121203","西和圏","","3275","3274","20100409","-1"
"12/01/2012 00:00:00","02/17/2013 00:00:00","False","Batch","12/27/2012 13:16:52","BATCH","02/18/2013 00:00:00","PVS_XP_2061","123","29","04","A","20121127","20121203","中和圏","","3495","3441","20100409","-54"
"12/01/2012 00:00:00","02/17/2013 00:00:00","False","Batch","12/27/2012 13:16:52","BATCH","02/18/2013 00:00:00","PVS_XP_2061","123","29","05","A","20121127","20121203","南和圏","","885","787","20100409","-98"
"12/01/2012 00:00:00","02/17/2013 00:00:00","False","Batch","12/27/2012 13:16:52","BATCH","02/18/2013 00:00:00","PVS_XP_2061","123","30","01","A","20121127","20121203","和歌山圏","","4958","5902","20080131","944"
"12/01/2012 00:00:00","02/17/2013 00:00:00","False","Batch","12/27/2012 13:16:52","BATCH","02/18/2013 00:00:00","PVS_XP_2061","123","30","02","A","20121127","20121203","那賀圏","","527","885","20080131","358"
"12/01/2012 00:00:00","02/17/2013 00:00:00","False","Batch","12/27/2012 13:16:52","BATCH","02/18/2013 00:00:00","PVS_XP_2061","123","30","03","A","20121127","20121203","橋本圏","","734","938","20080131","204"
"12/01/2012 00:00:00","02/17/2013 00:00:00","False","Batch","12/27/2012 13:16:52","BATCH","02/18/2013 00:00:00","PVS_XP_2061","123","30","04","A","20121127","20121203","有田圏","","501","720","20080131","219"
"12/01/2012 00:00:00","02/17/2013 00:00:00","False","Batch","12/27/2012 13:16:52","BATCH","02/18/2013 00:00:00","PVS_XP_2061","123","30","05","A","20121127","20121203","御坊圏","","601","808","20080131","207"
"12/01/2012 00:00:00","02/17/2013 00:00:00","False","Batch","12/27/2012 13:16:52","BATCH","02/18/2013 00:00:00","PVS_XP_2061","123","30","06","A","20121127","20121203","田辺圏","","1192","1585","20080131","393"
"12/01/2012 00:00:00","02/17/2013 00:00:00","False","Batch","12/27/2012 13:16:52","BATCH","02/18/2013 00:00:00","PVS_XP_2061","123","30","07","A","20121127","20121203","新宮圏","","754","994","20080131","240"
"12/01/2012 00:00:00","02/17/2013 00:00:00","False","Batch","12/27/2012 13:16:52","BATCH","02/18/2013 00:00:00","PVS_XP_2061","123","31","01","A","20121127","20121203","東部圏（鳥取）","","2667","2850","20080401","183"
"12/01/2012 00:00:00","02/17/2013 00:00:00","False","Batch","12/27/2012 13:16:52","BATCH","02/18/2013 00:00:00","PVS_XP_2061","123","31","02","A","20121127","20121203","中部圏（鳥取）","","1117","1399","20080401","282"
"12/01/2012 00:00:00","02/17/2013 00:00:00","False","Batch","12/27/2012 13:16:52","BATCH","02/18/2013 00:00:00","PVS_XP_2061","123","31","03","A","20121127","20121203","西部圏（鳥取）","","2367","3057","20080401","690"
"12/01/2012 00:00:00","02/17/2013 00:00:00","False","Batch","12/27/2012 13:16:52","BATCH","02/18/2013 00:00:00","PVS_XP_2061","123","32","01","A","20121127","20121203","松江圏","","3348","3164","20080201","-184"
"12/01/2012 00:00:00","02/17/2013 00:00:00","False","Batch","12/27/2012 13:16:52","BATCH","02/18/2013 00:00:00","PVS_XP_2061","123","32","02","A","20121127","20121203","雲南圏","","585","621","20080201","36"
"12/01/2012 00:00:00","02/17/2013 00:00:00","False","Batch","12/27/2012 13:16:52","BATCH","02/18/2013 00:00:00","PVS_XP_2061","123","32","03","A","20121127","20121203","出雲圏","","2297","2396","20080201","99"
"12/01/2012 00:00:00","02/17/2013 00:00:00","False","Batch","12/27/2012 13:16:52","BATCH","02/18/2013 00:00:00","PVS_XP_2061","123","32","04","A","20121127","20121203","大田圏","","649","672","20080201","23"
"12/01/2012 00:00:00","02/17/2013 00:00:00","False","Batch","12/27/2012 13:16:52","BATCH","02/18/2013 00:00:00","PVS_XP_2061","123","32","05","A","20121127","20121203","浜田圏","","1068","1081","20080201","13"
"12/01/2012 00:00:00","02/17/2013 00:00:00","False","Batch","12/27/2012 13:16:52","BATCH","02/18/2013 00:00:00","PVS_XP_2061","123","32","06","A","20121127","20121203","益田圏","","991","1098","20080201","107"
"12/01/2012 00:00:00","02/17/2013 00:00:00","False","Batch","12/27/2012 13:16:52","BATCH","02/18/2013 00:00:00","PVS_XP_2061","123","32","07","A","20121127","20121203","隠岐圏","","137","154","20080201","17"
"12/01/2012 00:00:00","02/17/2013 00:00:00","False","Batch","12/27/2012 13:16:52","BATCH","02/18/2013 00:00:00","PVS_XP_2061","123","33","01","A","20121127","20121203","県南東部圏（岡山）","","9790","10160","20110301","370"
"12/01/2012 00:00:00","02/17/2013 00:00:00","False","Batch","12/27/2012 13:16:52","BATCH","02/18/2013 00:00:00","PVS_XP_2061","123","33","02","A","20121127","20121203","県南西部圏（岡山）","","8043","8606","20110301","563"
"12/01/2012 00:00:00","02/17/2013 00:00:00","False","Batch","12/27/2012 13:16:52","BATCH","02/18/2013 00:00:00","PVS_XP_2061","123","33","03","A","20121127","20121203","高梁・新見圏","","666","860","20110301","194"
"12/01/2012 00:00:00","02/17/2013 00:00:00","False","Batch","12/27/2012 13:16:52","BATCH","02/18/2013 00:00:00","PVS_XP_2061","123","33","04","A","20121127","20121203","真庭圏","","628","784","20110301","156"
"12/01/2012 00:00:00","02/17/2013 00:00:00","False","Batch","12/27/2012 13:16:52","BATCH","02/18/2013 00:00:00","PVS_XP_2061","123","33","05","A","20121127","20121203","津山・英田圏","","2045","2013","20110301","-32"
"12/01/2012 00:00:00","02/17/2013 00:00:00","False","Batch","12/27/2012 13:16:52","BATCH","02/18/2013 00:00:00","PVS_XP_2061","123","34","01","A","20121127","20121203","広島圏","","12881","14056","20110101","1175"
"12/01/2012 00:00:00","02/17/2013 00:00:00","False","Batch","12/27/2012 13:16:52","BATCH","02/18/2013 00:00:00","PVS_XP_2061","123","34","02","A","20121127","20121203","広島西圏","","1923","1822","20110101","-101"
"12/01/2012 00:00:00","02/17/2013 00:00:00","False","Batch","12/27/2012 13:16:52","BATCH","02/18/2013 00:00:00","PVS_XP_2061","123","34","03","A","20121127","20121203","呉圏","","2981","3395","20110101","414"
"12/01/2012 00:00:00","02/17/2013 00:00:00","False","Batch","12/27/2012 13:16:52","BATCH","02/18/2013 00:00:00","PVS_XP_2061","123","34","04","A","20121127","20121203","広島中央圏","","1802","2268","20110101","466"
"12/01/2012 00:00:00","02/17/2013 00:00:00","False","Batch","12/27/2012 13:16:52","BATCH","02/18/2013 00:00:00","PVS_XP_2061","123","34","05","A","20121127","20121203","尾三圏","","3373","3796","20110101","423"
"12/01/2012 00:00:00","02/17/2013 00:00:00","False","Batch","12/27/2012 13:16:52","BATCH","02/18/2013 00:00:00","PVS_XP_2061","123","34","06","A","20121127","20121203","福山・府中圏","","5243","5371","20110101","128"
"12/01/2012 00:00:00","02/17/2013 00:00:00","False","Batch","12/27/2012 13:16:52","BATCH","02/18/2013 00:00:00","PVS_XP_2061","123","34","07","A","20121127","20121203","備北圏","","1316","1660","20110101","344"
"12/01/2012 00:00:00","02/17/2013 00:00:00","False","Batch","12/27/2012 13:16:52","BATCH","02/18/2013 00:00:00","PVS_XP_2061","123","35","01","A","20121127","20121203","岩国圏","","1420","1869","20051201","449"
"12/01/2012 00:00:00","02/17/2013 00:00:00","False","Batch","12/27/2012 13:16:52","BATCH","02/18/2013 00:00:00","PVS_XP_2061","123","35","02","A","20121127","20121203","柳井圏","","1546","1895","20051201","349"
"12/01/2012 00:00:00","02/17/2013 00:00:00","False","Batch","12/27/2012 13:16:52","BATCH","02/18/2013 00:00:00","PVS_XP_2061","123","35","03","A","20121127","20121203","周南圏","","2685","3100","20051201","415"
"12/01/2012 00:00:00","02/17/2013 00:00:00","False","Batch","12/27/2012 13:16:52","BATCH","02/18/2013 00:00:00","PVS_XP_2061","123","35","04","A","20121127","20121203","山口・防府圏","","3159","3999","20051201","840"
"12/01/2012 00:00:00","02/17/2013 00:00:00","False","Batch","12/27/2012 13:16:52","BATCH","02/18/2013 00:00:00","PVS_XP_2061","123","35","05","A","20121127","20121203","宇部・小野田圏","","3867","4821","20051201","954"
"12/01/2012 00:00:00","02/17/2013 00:00:00","False","Batch","12/27/2012 13:16:52","BATCH","02/18/2013 00:00:00","PVS_XP_2061","123","35","06","A","20121127","20121203","下関圏","","3420","4819","20051201","1399"
"12/01/2012 00:00:00","02/17/2013 00:00:00","False","Batch","12/27/2012 13:16:52","BATCH","02/18/2013 00:00:00","PVS_XP_2061","123","35","07","A","20121127","20121203","長門圏","","420","705","20051201","285"
"12/01/2012 00:00:00","02/17/2013 00:00:00","False","Batch","12/27/2012 13:16:52","BATCH","02/18/2013 00:00:00","PVS_XP_2061","123","35","08","A","20121127","20121203","萩圏","","517","920","20051201","403"
"12/01/2012 00:00:00","02/17/2013 00:00:00","False","Batch","12/27/2012 13:16:52","BATCH","02/18/2013 00:00:00","PVS_XP_2061","123","36","01","A","20121127","20121203","東部Ⅰ（徳島）","","4674","7263","20070331","2589"
"12/01/2012 00:00:00","02/17/2013 00:00:00","False","Batch","12/27/2012 13:16:52","BATCH","02/18/2013 00:00:00","PVS_XP_2061","123","36","02","A","20121127","20121203","東部Ⅱ（徳島）","","763","1357","20070331","594"
"12/01/2012 00:00:00","02/17/2013 00:00:00","False","Batch","12/27/2012 13:16:52","BATCH","02/18/2013 00:00:00","PVS_XP_2061","123","36","03","A","20121127","20121203","南部Ⅰ（徳島）","","1238","1870","20070331","632"
"12/01/2012 00:00:00","02/17/2013 00:00:00","False","Batch","12/27/2012 13:16:52","BATCH","02/18/2013 00:00:00","PVS_XP_2061","123","36","04","A","20121127","20121203","南部Ⅱ（徳島）","","88","227","20070331","139"
"12/01/2012 00:00:00","02/17/2013 00:00:00","False","Batch","12/27/2012 13:16:52","BATCH","02/18/2013 00:00:00","PVS_XP_2061","123","36","05","A","20121127","20121203","西部Ⅰ（徳島）","","182","651","20070331","469"
"12/01/2012 00:00:00","02/17/2013 00:00:00","False","Batch","12/27/2012 13:16:52","BATCH","02/18/2013 00:00:00","PVS_XP_2061","123","36","06","A","20121127","20121203","西部Ⅱ（徳島）","","409","768","20070331","359"
"12/01/2012 00:00:00","02/17/2013 00:00:00","False","Batch","12/27/2012 13:16:52","BATCH","02/18/2013 00:00:00","PVS_XP_2061","123","37","01","A","20121127","20121203","大川圏","","505","879","20071231","374"
"12/01/2012 00:00:00","02/17/2013 00:00:00","False","Batch","12/27/2012 13:16:52","BATCH","02/18/2013 00:00:00","PVS_XP_2061","123","37","02","A","20121127","20121203","小豆圏","","237","405","20071231","168"
"12/01/2012 00:00:00","02/17/2013 00:00:00","False","Batch","12/27/2012 13:16:52","BATCH","02/18/2013 00:00:00","PVS_XP_2061","123","37","03","A","20121127","20121203","高松圏","","4634","5552","20071231","918"
"12/01/2012 00:00:00","02/17/2013 00:00:00","False","Batch","12/27/2012 13:16:52","BATCH","02/18/2013 00:00:00","PVS_XP_2061","123","37","04","A","20121127","20121203","中讃圏","","2926","3664","20071231","738"
"12/01/2012 00:00:00","02/17/2013 00:00:00","False","Batch","12/27/2012 13:16:52","BATCH","02/18/2013 00:00:00","PVS_XP_2061","123","37","05","A","20121127","20121203","三豊圏","","1176","2166","20071231","990"
"12/01/2012 00:00:00","02/17/2013 00:00:00","False","Batch","12/27/2012 13:16:52","BATCH","02/18/2013 00:00:00","PVS_XP_2061","123","38","01","A","20121127","20121203","宇摩圏","","661","1032","20080131","371"
"12/01/2012 00:00:00","02/17/2013 00:00:00","False","Batch","12/27/2012 13:16:52","BATCH","02/18/2013 00:00:00","PVS_XP_2061","123","38","02","A","20121127","20121203","新居浜・西条圏","","2643","3046","20080131","403"
"12/01/2012 00:00:00","02/17/2013 00:00:00","False","Batch","12/27/2012 13:16:52","BATCH","02/18/2013 00:00:00","PVS_XP_2061","123","38","03","A","20121127","20121203","今治圏","","1573","2248","20080131","675"
"12/01/2012 00:00:00","02/17/2013 00:00:00","False","Batch","12/27/2012 13:16:52","BATCH","02/18/2013 00:00:00","PVS_XP_2061","123","38","04","A","20121127","20121203","松山圏","","7876","8264","20080131","388"
"12/01/2012 00:00:00","02/17/2013 00:00:00","False","Batch","12/27/2012 13:16:52","BATCH","02/18/2013 00:00:00","PVS_XP_2061","123","38","05","A","20121127","20121203","八幡浜・大洲圏","","1582","2077","20080131","495"
"12/01/2012 00:00:00","02/17/2013 00:00:00","False","Batch","12/27/2012 13:16:52","BATCH","02/18/2013 00:00:00","PVS_XP_2061","123","38","06","A","20121127","20121203","宇和島圏","","1630","2023","20080131","393"
"12/01/2012 00:00:00","02/17/2013 00:00:00","False","Batch","12/27/2012 13:16:52","BATCH","02/18/2013 00:00:00","PVS_XP_2061","123","39","01","A","20121127","20121203","安芸圏","","509","580","20070930","71"
"12/01/2012 00:00:00","02/17/2013 00:00:00","False","Batch","12/27/2012 13:16:52","BATCH","02/18/2013 00:00:00","PVS_XP_2061","123","39","02","A","20121127","20121203","中央圏（高知）","","7145","11902","20070930","4757"
"12/01/2012 00:00:00","02/17/2013 00:00:00","False","Batch","12/27/2012 13:16:52","BATCH","02/18/2013 00:00:00","PVS_XP_2061","123","39","03","A","20121127","20121203","高幡圏","","707","808","20070930","101"
"12/01/2012 00:00:00","02/17/2013 00:00:00","False","Batch","12/27/2012 13:16:52","BATCH","02/18/2013 00:00:00","PVS_XP_2061","123","39","04","A","20121127","20121203","幡多圏","","1186","1679","20070930","493"
"12/01/2012 00:00:00","02/17/2013 00:00:00","False","Batch","12/27/2012 13:16:52","BATCH","02/18/2013 00:00:00","PVS_XP_2061","123","40","01","A","20121127","20121203","福岡・糸島圏","","15618","18823","20070801","3205"
"12/01/2012 00:00:00","02/17/2013 00:00:00","False","Batch","12/27/2012 13:16:52","BATCH","02/18/2013 00:00:00","PVS_XP_2061","123","40","02","A","20121127","20121203","糟屋圏","","2979","3346","20070801","367"
"12/01/2012 00:00:00","02/17/2013 00:00:00","False","Batch","12/27/2012 13:16:52","BATCH","02/18/2013 00:00:00","PVS_XP_2061","123","40","03","A","20121127","20121203","宗像圏","","1369","1598","20070801","229"
"12/01/2012 00:00:00","02/17/2013 00:00:00","False","Batch","12/27/2012 13:16:52","BATCH","02/18/2013 00:00:00","PVS_XP_2061","123","40","04","A","20121127","20121203","筑紫圏","","3247","3730","20070801","483"
"12/01/2012 00:00:00","02/17/2013 00:00:00","False","Batch","12/27/2012 13:16:52","BATCH","02/18/2013 00:00:00","PVS_XP_2061","123","40","05","A","20121127","20121203","朝倉圏","","538","1167","20070801","629"
"12/01/2012 00:00:00","02/17/2013 00:00:00","False","Batch","12/27/2012 13:16:52","BATCH","02/18/2013 00:00:00","PVS_XP_2061","123","40","06","A","20121127","20121203","久留米圏","","6047","7281","20070801","1234"
"12/01/2012 00:00:00","02/17/2013 00:00:00","False","Batch","12/27/2012 13:16:52","BATCH","02/18/2013 00:00:00","PVS_XP_2061","123","40","07","A","20121127","20121203","八女・筑後圏","","1523","1919","20070801","396"
"12/01/2012 00:00:00","02/17/2013 00:00:00","False","Batch","12/27/2012 13:16:52","BATCH","02/18/2013 00:00:00","PVS_XP_2061","123","40","08","A","20121127","20121203","有明圏","","2533","4140","20070801","1607"
"12/01/2012 00:00:00","02/17/2013 00:00:00","False","Batch","12/27/2012 13:16:52","BATCH","02/18/2013 00:00:00","PVS_XP_2061","123","40","09","A","20121127","20121203","飯塚圏","","1826","3062","20070801","1236"
"12/01/2012 00:00:00","02/17/2013 00:00:00","False","Batch","12/27/2012 13:16:52","BATCH","02/18/2013 00:00:00","PVS_XP_2061","123","40","10","A","20121127","20121203","直方・鞍手圏","","767","1303","20070801","536"
"12/01/2012 00:00:00","02/17/2013 00:00:00","False","Batch","12/27/2012 13:16:52","BATCH","02/18/2013 00:00:00","PVS_XP_2061","123","40","11","A","20121127","20121203","田川圏","","806","1397","20070801","591"
"12/01/2012 00:00:00","02/17/2013 00:00:00","False","Batch","12/27/2012 13:16:52","BATCH","02/18/2013 00:00:00","PVS_XP_2061","123","40","12","A","20121127","20121203","北九州圏","","12810","16566","20070801","3756"
"12/01/2012 00:00:00","02/17/2013 00:00:00","False","Batch","12/27/2012 13:16:52","BATCH","02/18/2013 00:00:00","PVS_XP_2061","123","40","13","A","20121127","20121203","京築圏","","1575","1992","20070801","417"
"12/01/2012 00:00:00","02/17/2013 00:00:00","False","Batch","12/27/2012 13:16:52","BATCH","02/18/2013 00:00:00","PVS_XP_2061","123","41","01","A","20121127","20121203","中部圏（佐賀）","","3945","4511","20080331","566"
"12/01/2012 00:00:00","02/17/2013 00:00:00","False","Batch","12/27/2012 13:16:52","BATCH","02/18/2013 00:00:00","PVS_XP_2061","123","41","02","A","20121127","20121203","東部圏（佐賀）","","1249","1419","20080331","170"
"12/01/2012 00:00:00","02/17/2013 00:00:00","False","Batch","12/27/2012 13:16:52","BATCH","02/18/2013 00:00:00","PVS_XP_2061","123","41","03","A","20121127","20121203","北部圏（佐賀）","","1416","1619","20080331","203"
"12/01/2012 00:00:00","02/17/2013 00:00:00","False","Batch","12/27/2012 13:16:52","BATCH","02/18/2013 00:00:00","PVS_XP_2061","123","41","04","A","20121127","20121203","西部圏（佐賀）","","972","1103","20080331","131"
"12/01/2012 00:00:00","02/17/2013 00:00:00","False","Batch","12/27/2012 13:16:52","BATCH","02/18/2013 00:00:00","PVS_XP_2061","123","41","05","A","20121127","20121203","南部圏（佐賀）","","2070","2433","20080331","363"
"12/01/2012 00:00:00","02/17/2013 00:00:00","False","Batch","12/27/2012 13:16:52","BATCH","02/18/2013 00:00:00","PVS_XP_2061","123","42","01","A","20121127","20121203","長崎圏","","6477","7814","20100930","1337"
"12/01/2012 00:00:00","02/17/2013 00:00:00","False","Batch","12/27/2012 13:16:52","BATCH","02/18/2013 00:00:00","PVS_XP_2061","123","42","02","A","20121127","20121203","佐世保県北圏","","4213","4646","20100930","433"
"12/01/2012 00:00:00","02/17/2013 00:00:00","False","Batch","12/27/2012 13:16:52","BATCH","02/18/2013 00:00:00","PVS_XP_2061","123","42","03","A","20121127","20121203","県央圏（長崎）","","3410","3424","20100930","14"
"12/01/2012 00:00:00","02/17/2013 00:00:00","False","Batch","12/27/2012 13:16:52","BATCH","02/18/2013 00:00:00","PVS_XP_2061","123","42","04","A","20121127","20121203","県南圏（長崎）","","1455","1743","20100930","288"
"12/01/2012 00:00:00","02/17/2013 00:00:00","False","Batch","12/27/2012 13:16:52","BATCH","02/18/2013 00:00:00","PVS_XP_2061","123","42","05","A","20121127","20121203","五島圏","","477","508","20100930","31"
"12/01/2012 00:00:00","02/17/2013 00:00:00","False","Batch","12/27/2012 13:16:52","BATCH","02/18/2013 00:00:00","PVS_XP_2061","123","42","06","A","20121127","20121203","上五島圏","","233","244","20100930","11"
"12/01/2012 00:00:00","02/17/2013 00:00:00","False","Batch","12/27/2012 13:16:52","BATCH","02/18/2013 00:00:00","PVS_XP_2061","123","42","07","A","20121127","20121203","壱岐圏","","319","480","20100930","161"
"12/01/2012 00:00:00","02/17/2013 00:00:00","False","Batch","12/27/2012 13:16:52","BATCH","02/18/2013 00:00:00","PVS_XP_2061","123","42","08","A","20121127","20121203","対馬圏","","288","365","20100930","77"
"12/01/2012 00:00:00","02/17/2013 00:00:00","False","Batch","12/27/2012 13:16:52","BATCH","02/18/2013 00:00:00","PVS_XP_2061","123","43","01","A","20121127","20121203","熊本圏","","10415","12601","20090401","2186"
"12/01/2012 00:00:00","02/17/2013 00:00:00","False","Batch","12/27/2012 13:16:52","BATCH","02/18/2013 00:00:00","PVS_XP_2061","123","43","02","A","20121127","20121203","宇城圏","","819","1251","20090401","432"
"12/01/2012 00:00:00","02/17/2013 00:00:00","False","Batch","12/27/2012 13:16:52","BATCH","02/18/2013 00:00:00","PVS_XP_2061","123","43","03","A","20121127","20121203","有明圏","","1380","1729","20090401","349"
"12/01/2012 00:00:00","02/17/2013 00:00:00","False","Batch","12/27/2012 13:16:52","BATCH","02/18/2013 00:00:00","PVS_XP_2061","123","43","04","A","20121127","20121203","鹿本圏","","583","620","20090401","37"
"12/01/2012 00:00:00","02/17/2013 00:00:00","False","Batch","12/27/2012 13:16:52","BATCH","02/18/2013 00:00:00","PVS_XP_2061","123","43","05","A","20121127","20121203","菊池圏","","1423","1777","20090401","354"
"12/01/2012 00:00:00","02/17/2013 00:00:00","False","Batch","12/27/2012 13:16:52","BATCH","02/18/2013 00:00:00","PVS_XP_2061","123","43","06","A","20121127","20121203","阿蘇圏","","313","757","20090401","444"
"12/01/2012 00:00:00","02/17/2013 00:00:00","False","Batch","12/27/2012 13:16:52","BATCH","02/18/2013 00:00:00","PVS_XP_2061","123","43","07","A","20121127","20121203","上益城圏","","474","924","20090401","450"
"12/01/2012 00:00:00","02/17/2013 00:00:00","False","Batch","12/27/2012 13:16:52","BATCH","02/18/2013 00:00:00","PVS_XP_2061","123","43","08","A","20121127","20121203","八代圏","","1358","2087","20090401","729"
"12/01/2012 00:00:00","02/17/2013 00:00:00","False","Batch","12/27/2012 13:16:52","BATCH","02/18/2013 00:00:00","PVS_XP_2061","123","43","09","A","20121127","20121203","芦北圏","","701","1042","20090401","341"
"12/01/2012 00:00:00","02/17/2013 00:00:00","False","Batch","12/27/2012 13:16:52","BATCH","02/18/2013 00:00:00","PVS_XP_2061","123","43","10","A","20121127","20121203","球磨圏","","966","1294","20090401","328"
"12/01/2012 00:00:00","02/17/2013 00:00:00","False","Batch","12/27/2012 13:16:52","BATCH","02/18/2013 00:00:00","PVS_XP_2061","123","43","11","A","20121127","20121203","天草圏","","1284","2141","20090401","857"
"12/01/2012 00:00:00","02/17/2013 00:00:00","False","Batch","12/27/2012 13:16:52","BATCH","02/18/2013 00:00:00","PVS_XP_2061","123","44","01","A","20121127","20121203","東部圏（大分）","","3329","3770","20080201","441"
"12/01/2012 00:00:00","02/17/2013 00:00:00","False","Batch","12/27/2012 13:16:52","BATCH","02/18/2013 00:00:00","PVS_XP_2061","123","44","02","A","20121127","20121203","中部圏（大分）","","6334","6634","20080201","300"
"12/01/2012 00:00:00","02/17/2013 00:00:00","False","Batch","12/27/2012 13:16:52","BATCH","02/18/2013 00:00:00","PVS_XP_2061","123","44","03","A","20121127","20121203","南部圏（大分）","","663","1071","20080201","408"
"12/01/2012 00:00:00","02/17/2013 00:00:00","False","Batch","12/27/2012 13:16:52","BATCH","02/18/2013 00:00:00","PVS_XP_2061","123","44","04","A","20121127","20121203","豊肥圏","","418","882","20080201","464"
"12/01/2012 00:00:00","02/17/2013 00:00:00","False","Batch","12/27/2012 13:16:52","BATCH","02/18/2013 00:00:00","PVS_XP_2061","123","44","05","A","20121127","20121203","西部圏（大分）","","737","1096","20080201","359"
"12/01/2012 00:00:00","02/17/2013 00:00:00","False","Batch","12/27/2012 13:16:52","BATCH","02/18/2013 00:00:00","PVS_XP_2061","123","44","06","A","20121127","20121203","北部圏（大分）","","1615","2036","20080201","421"
"12/01/2012 00:00:00","02/17/2013 00:00:00","False","Batch","12/27/2012 13:16:52","BATCH","02/18/2013 00:00:00","PVS_XP_2061","123","45","01","A","20121127","20121203","宮崎東諸県圏","","4887","5524","20080229","637"
"12/01/2012 00:00:00","02/17/2013 00:00:00","False","Batch","12/27/2012 13:16:52","BATCH","02/18/2013 00:00:00","PVS_XP_2061","123","45","02","A","20121127","20121203","都城北諸県圏","","2443","2535","20080229","92"
"12/01/2012 00:00:00","02/17/2013 00:00:00","False","Batch","12/27/2012 13:16:52","BATCH","02/18/2013 00:00:00","PVS_XP_2061","123","45","03","A","20121127","20121203","宮崎県北部圏","","1504","1915","20080229","411"
"12/01/2012 00:00:00","02/17/2013 00:00:00","False","Batch","12/27/2012 13:16:52","BATCH","02/18/2013 00:00:00","PVS_XP_2061","123","45","04","A","20121127","20121203","日南・串間圏","","627","1196","20080229","569"
"12/01/2012 00:00:00","02/17/2013 00:00:00","False","Batch","12/27/2012 13:16:52","BATCH","02/18/2013 00:00:00","PVS_XP_2061","123","45","05","A","20121127","20121203","西諸圏","","794","1133","20080229","339"
"12/01/2012 00:00:00","02/17/2013 00:00:00","False","Batch","12/27/2012 13:16:52","BATCH","02/18/2013 00:00:00","PVS_XP_2061","123","45","06","A","20121127","20121203","西都児湯圏","","762","1152","20080229","390"
"12/01/2012 00:00:00","02/17/2013 00:00:00","False","Batch","12/27/2012 13:16:52","BATCH","02/18/2013 00:00:00","PVS_XP_2061","123","45","07","A","20121127","20121203","日向入郷圏","","718","1041","20080229","323"
"12/01/2012 00:00:00","02/17/2013 00:00:00","False","Batch","12/27/2012 13:16:52","BATCH","02/18/2013 00:00:00","PVS_XP_2061","123","46","01","A","20121127","20121203","鹿児島圏","","9143","11040","20080101","1897"
"12/01/2012 00:00:00","02/17/2013 00:00:00","False","Batch","12/27/2012 13:16:52","BATCH","02/18/2013 00:00:00","PVS_XP_2061","123","46","02","A","20121127","20121203","南薩圏","","1453","2546","20080101","1093"
"12/01/2012 00:00:00","02/17/2013 00:00:00","False","Batch","12/27/2012 13:16:52","BATCH","02/18/2013 00:00:00","PVS_XP_2061","123","46","03","A","20121127","20121203","川薩圏","","1052","1662","20080101","610"
"12/01/2012 00:00:00","02/17/2013 00:00:00","False","Batch","12/27/2012 13:16:52","BATCH","02/18/2013 00:00:00","PVS_XP_2061","123","46","04","A","20121127","20121203","出水圏","","940","1117","20080101","177"
"12/01/2012 00:00:00","02/17/2013 00:00:00","False","Batch","12/27/2012 13:16:52","BATCH","02/18/2013 00:00:00","PVS_XP_2061","123","46","05","A","20121127","20121203","姶良・伊佐圏","","2688","3531","20080101","843"
"12/01/2012 00:00:00","02/17/2013 00:00:00","False","Batch","12/27/2012 13:16:52","BATCH","02/18/2013 00:00:00","PVS_XP_2061","123","46","06","A","20121127","20121203","曽於圏","","482","1019","20080101","537"
"12/01/2012 00:00:00","02/17/2013 00:00:00","False","Batch","12/27/2012 13:16:52","BATCH","02/18/2013 00:00:00","PVS_XP_2061","123","46","07","A","20121127","20121203","肝属圏","","1732","2182","20080101","450"
"12/01/2012 00:00:00","02/17/2013 00:00:00","False","Batch","12/27/2012 13:16:52","BATCH","02/18/2013 00:00:00","PVS_XP_2061","123","46","08","A","20121127","20121203","熊毛圏","","207","483","20080101","276"
"12/01/2012 00:00:00","02/17/2013 00:00:00","False","Batch","12/27/2012 13:16:52","BATCH","02/18/2013 00:00:00","PVS_XP_2061","123","46","09","A","20121127","20121203","奄美圏","","978","1775","20080101","797"
"12/01/2012 00:00:00","02/17/2013 00:00:00","False","Batch","12/27/2012 13:16:52","BATCH","02/18/2013 00:00:00","PVS_XP_2061","123","47","01","A","20121127","20121203","北部圏（沖縄）","","608","1044","20070331","436"
"12/01/2012 00:00:00","02/17/2013 00:00:00","False","Batch","12/27/2012 13:16:52","BATCH","02/18/2013 00:00:00","PVS_XP_2061","123","47","02","A","20121127","20121203","中部圏（沖縄）","","3143","3784","20070331","641"
"12/01/2012 00:00:00","02/17/2013 00:00:00","False","Batch","12/27/2012 13:16:52","BATCH","02/18/2013 00:00:00","PVS_XP_2061","123","47","03","A","20121127","20121203","南部圏（沖縄）","","5404","6736","20070331","1332"
"12/01/2012 00:00:00","02/17/2013 00:00:00","False","Batch","12/27/2012 13:16:52","BATCH","02/18/2013 00:00:00","PVS_XP_2061","123","47","04","A","20121127","20121203","宮古圏","","463","585","20070331","122"
"12/01/2012 00:00:00","02/17/2013 00:00:00","False","Batch","12/27/2012 13:16:52","BATCH","02/18/2013 00:00:00","PVS_XP_2061","123","47","05","A","20121127","20121203","八重山圏","","243","446","20070331","203"
"01/16/2013 00:00:00","02/17/2013 00:00:00","False","Batch","02/06/2013 19:10:48","BATCH","02/18/2013 00:00:00","PVS_XP_2061","123","12","01","B","20121225","20130112","千葉圏","","7794","7125","20100401","-669"
"01/16/2013 00:00:00","02/17/2013 00:00:00","False","Batch","02/06/2013 19:10:48","BATCH","02/18/2013 00:00:00","PVS_XP_2061","123","12","02","B","20121225","20130112","東葛南部圏","","11133","10660","20100401","-473"
"01/16/2013 00:00:00","02/17/2013 00:00:00","False","Batch","02/06/2013 19:10:48","BATCH","02/18/2013 00:00:00","PVS_XP_2061","123","12","03","B","20121225","20130112","東葛北部圏","","9600","9071","20100401","-529"
"01/16/2013 00:00:00","02/17/2013 00:00:00","False","Batch","02/06/2013 19:10:48","BATCH","02/18/2013 00:00:00","PVS_XP_2061","123","12","04","B","20121225","20130112","印旛圏","","5827","5586","20100401","-241"
"01/16/2013 00:00:00","02/17/2013 00:00:00","False","Batch","02/06/2013 19:10:48","BATCH","02/18/2013 00:00:00","PVS_XP_2061","123","12","05","B","20121225","20130112","香取海匝圏","","3369","3077","20100401","-292"
"01/16/2013 00:00:00","02/17/2013 00:00:00","False","Batch","02/06/2013 19:10:48","BATCH","02/18/2013 00:00:00","PVS_XP_2061","123","12","06","B","20121225","20130112","山武長生夷隅圏","","4017","3809","20100401","-208"
"12/01/2012 00:00:00","01/15/2013 00:00:00","False","Batch","12/27/2012 13:16:52","BATCH","02/07/2013 00:00:00","PVS_XP_2061","123","12","05","A","20121127","20121203","香取海匝圏","","3369","3077","20100401","-292"
"12/01/2012 00:00:00","01/15/2013 00:00:00","False","Batch","12/27/2012 13:16:52","BATCH","02/07/2013 00:00:00","PVS_XP_2061","123","12","06","A","20121127","20121203","山武長生夷隅圏","","4017","3809","20100401","-208"
"12/01/2012 00:00:00","01/15/2013 00:00:00","False","Batch","12/27/2012 13:16:52","BATCH","02/07/2013 00:00:00","PVS_XP_2061","123","12","07","A","20121127","20121203","安房圏","","2039","2023","20100401","-16"
"12/01/2012 00:00:00","01/15/2013 00:00:00","False","Batch","12/27/2012 13:16:52","BATCH","02/07/2013 00:00:00","PVS_XP_2061","123","12","08","A","20121127","20121203","君津圏","","2508","2268","20100401","-240"
"12/01/2012 00:00:00","01/15/2013 00:00:00","False","Batch","12/27/2012 13:16:52","BATCH","02/07/2013 00:00:00","PVS_XP_2061","123","12","09","A","20121127","20121203","市原圏","","2195","2040","20100401","-155"
"01/16/2013 00:00:00","02/17/2013 00:00:00","False","Batch","02/06/2013 19:10:48","BATCH","02/18/2013 00:00:00","PVS_XP_2061","123","12","07","B","20121225","20130112","安房圏","","2039","2023","20100401","-16"
"01/16/2013 00:00:00","02/17/2013 00:00:00","False","Batch","02/06/2013 19:10:48","BATCH","02/18/2013 00:00:00","PVS_XP_2061","123","12","08","B","20121225","20130112","君津圏","","2508","2268","20100401","-240"
"01/16/2013 00:00:00","02/17/2013 00:00:00","False","Batch","02/06/2013 19:10:48","BATCH","02/18/2013 00:00:00","PVS_XP_2061","123","12","09","B","20121225","20130112","市原圏","","2195","2040","20100401","-155"
"02/18/2013 00:00:00","04/23/2013 00:00:00","False","Batch","02/16/2013 06:07:23","BATCH","04/24/2013 00:00:00","PVS_XP_2061","123","01","01","A","20130215","20130218","南渡島圏","1","5020","5933","20100101","913"
"02/18/2013 00:00:00","04/23/2013 00:00:00","False","Batch","02/16/2013 06:07:23","BATCH","04/24/2013 00:00:00","PVS_XP_2061","123","01","02","A","20130215","20130218","南檜山圏","1","216","391","20100101","175"
"02/18/2013 00:00:00","04/23/2013 00:00:00","False","Batch","02/16/2013 06:07:23","BATCH","04/24/2013 00:00:00","PVS_XP_2061","123","01","03","A","20130215","20130218","北渡島檜山圏","1","484","722","20100101","238"
"02/18/2013 00:00:00","04/23/2013 00:00:00","False","Batch","02/16/2013 06:07:23","BATCH","04/24/2013 00:00:00","PVS_XP_2061","123","01","04","A","20130215","20130218","札幌圏","2","28225","33788","20100101","5563"
"02/18/2013 00:00:00","04/23/2013 00:00:00","False","Batch","02/16/2013 06:07:23","BATCH","04/24/2013 00:00:00","PVS_XP_2061","123","01","05","A","20130215","20130218","後志圏","2","2323","3189","20100101","866"
"02/18/2013 00:00:00","04/23/2013 00:00:00","False","Batch","02/16/2013 06:07:23","BATCH","04/24/2013 00:00:00","PVS_XP_2061","123","01","06","A","20130215","20130218","南空知圏","2","1820","2137","20100101","317"
"02/18/2013 00:00:00","04/23/2013 00:00:00","False","Batch","02/16/2013 06:07:23","BATCH","04/24/2013 00:00:00","PVS_XP_2061","123","03","07","A","20130215","20130218","宮古圏","","766","821","20070930","55"
"02/18/2013 00:00:00","04/23/2013 00:00:00","False","Batch","02/16/2013 06:07:23","BATCH","04/24/2013 00:00:00","PVS_XP_2061","123","03","08","A","20130215","20130218","久慈圏","","395","588","20070930","193"
"02/18/2013 00:00:00","04/23/2013 00:00:00","False","Batch","02/16/2013 06:07:23","BATCH","04/24/2013 00:00:00","PVS_XP_2061","123","03","09","A","20130215","20130218","二戸圏","","399","582","20070930","183"
"02/18/2013 00:00:00","04/23/2013 00:00:00","False","Batch","02/16/2013 06:07:23","BATCH","04/24/2013 00:00:00","PVS_XP_2061","123","04","01","A","20130215","20130218","仙南圏","","1409","1399","20070930","-10"
"02/18/2013 00:00:00","04/23/2013 00:00:00","False","Batch","02/16/2013 06:07:23","BATCH","04/24/2013 00:00:00","PVS_XP_2061","123","04","02","A","20130215","20130218","仙台圏","","11436","12687","20070930","1251"
"02/18/2013 00:00:00","04/23/2013 00:00:00","False","Batch","02/16/2013 06:07:23","BATCH","04/24/2013 00:00:00","PVS_XP_2061","123","04","03","A","20130215","20130218","大崎圏","","1741","1821","20070930","80"
"02/18/2013 00:00:00","04/23/2013 00:00:00","False","Batch","02/16/2013 06:07:23","BATCH","04/24/2013 00:00:00","PVS_XP_2061","123","04","04","A","20130215","20130218","栗原圏","","630","723","20070930","93"
"02/18/2013 00:00:00","04/23/2013 00:00:00","False","Batch","02/16/2013 06:07:23","BATCH","04/24/2013 00:00:00","PVS_XP_2061","123","04","05","A","20130215","20130218","登米圏","","766","603","20070930","-163"
"02/18/2013 00:00:00","04/23/2013 00:00:00","False","Batch","02/16/2013 06:07:23","BATCH","04/24/2013 00:00:00","PVS_XP_2061","123","04","06","A","20130215","20130218","石巻圏","","1619","1597","20070930","-22"
"02/18/2013 00:00:00","04/23/2013 00:00:00","False","Batch","02/16/2013 06:07:23","BATCH","04/24/2013 00:00:00","PVS_XP_2061","123","04","07","A","20130215","20130218","気仙沼圏","","801","805","20070930","4"
"02/18/2013 00:00:00","04/23/2013 00:00:00","False","Batch","02/16/2013 06:07:23","BATCH","04/24/2013 00:00:00","PVS_XP_2061","123","05","01","A","20130215","20130218","鹿角・大館圏","","1128","1600","20070331","472"
"02/18/2013 00:00:00","04/23/2013 00:00:00","False","Batch","02/16/2013 06:07:23","BATCH","04/24/2013 00:00:00","PVS_XP_2061","123","05","02","A","20130215","20130218","北秋田圏","","321","463","20070331","142"
"02/18/2013 00:00:00","04/23/2013 00:00:00","False","Batch","02/16/2013 06:07:23","BATCH","04/24/2013 00:00:00","PVS_XP_2061","123","05","03","A","20130215","20130218","能代・山本圏","","1097","1274","20070331","177"
"02/18/2013 00:00:00","05/25/2016 00:00:00","False","Batch","02/16/2013 06:07:23","BATCH","05/26/2016 00:00:00","PVS_XP_2061","123","02","01","A","20130215","20130218","津軽地域圏","","3137","3755","20091201","618"
"02/18/2013 00:00:00","05/25/2016 00:00:00","False","Batch","02/16/2013 06:07:23","BATCH","05/26/2016 00:00:00","PVS_XP_2061","123","02","02","A","20130215","20130218","八戸地域圏","","3098","2999","20091201","-99"
"02/18/2013 00:00:00","05/25/2016 00:00:00","False","Batch","02/16/2013 06:07:23","BATCH","05/26/2016 00:00:00","PVS_XP_2061","123","02","03","A","20130215","20130218","青森地域圏","","3031","3143","20091201","112"
"02/18/2013 00:00:00","05/25/2016 00:00:00","False","Batch","02/16/2013 06:07:23","BATCH","05/26/2016 00:00:00","PVS_XP_2061","123","02","04","A","20130215","20130218","西北五地域圏","","1005","1476","20091201","471"
"02/18/2013 00:00:00","05/25/2016 00:00:00","False","Batch","02/16/2013 06:07:23","BATCH","05/26/2016 00:00:00","PVS_XP_2061","123","02","05","A","20130215","20130218","上十三地域圏","","932","1286","20091201","354"
"02/18/2013 00:00:00","05/25/2016 00:00:00","False","Batch","02/16/2013 06:07:23","BATCH","05/26/2016 00:00:00","PVS_XP_2061","123","02","06","A","20130215","20130218","下北地域圏","","476","563","20091201","87"
"02/18/2013 00:00:00","04/23/2013 00:00:00","False","Batch","02/16/2013 06:07:23","BATCH","04/24/2013 00:00:00","PVS_XP_2061","123","05","04","A","20130215","20130218","秋田周辺圏","","3629","4605","20070331","976"
"02/18/2013 00:00:00","04/23/2013 00:00:00","False","Batch","02/16/2013 06:07:23","BATCH","04/24/2013 00:00:00","PVS_XP_2061","123","05","05","A","20130215","20130218","由利本荘・にかほ圏","","1298","1275","20070331","-23"
"02/18/2013 00:00:00","04/23/2013 00:00:00","False","Batch","02/16/2013 06:07:23","BATCH","04/24/2013 00:00:00","PVS_XP_2061","123","05","06","A","20130215","20130218","大仙・仙北圏","","1254","1234","20070331","-20"
"02/18/2013 00:00:00","04/23/2013 00:00:00","False","Batch","02/16/2013 06:07:23","BATCH","04/24/2013 00:00:00","PVS_XP_2061","123","05","07","A","20130215","20130218","横手圏","","1197","1056","20070331","-141"
"02/18/2013 00:00:00","04/23/2013 00:00:00","False","Batch","02/16/2013 06:07:23","BATCH","04/24/2013 00:00:00","PVS_XP_2061","123","05","08","A","20130215","20130218","湯沢・雄勝圏","","712","687","20070331","-25"
"02/18/2013 00:00:00","04/23/2013 00:00:00","False","Batch","02/16/2013 06:07:23","BATCH","04/24/2013 00:00:00","PVS_XP_2061","123","06","01","A","20130215","20130218","村山圏","","6131","5718","20071201","-413"
"02/18/2013 00:00:00","04/23/2013 00:00:00","False","Batch","02/16/2013 06:07:23","BATCH","04/24/2013 00:00:00","PVS_XP_2061","123","06","02","A","20130215","20130218","最上圏","","580","908","20071201","328"
"02/18/2013 00:00:00","04/23/2013 00:00:00","False","Batch","02/16/2013 06:07:23","BATCH","04/24/2013 00:00:00","PVS_XP_2061","123","06","03","A","20130215","20130218","置賜圏","","2056","2162","20071201","106"
"02/18/2013 00:00:00","04/23/2013 00:00:00","False","Batch","02/16/2013 06:07:23","BATCH","04/24/2013 00:00:00","PVS_XP_2061","123","06","04","A","20130215","20130218","庄内圏","","2784","2890","20071201","106"
"02/18/2013 00:00:00","04/23/2013 00:00:00","False","Batch","02/16/2013 06:07:23","BATCH","04/24/2013 00:00:00","PVS_XP_2061","123","01","07","A","20130215","20130218","中空知圏","2","1403","2063","20100101","660"
"02/18/2013 00:00:00","04/23/2013 00:00:00","False","Batch","02/16/2013 06:07:23","BATCH","04/24/2013 00:00:00","PVS_XP_2061","123","01","08","A","20130215","20130218","北空知圏","2","515","747","20100101","232"
"02/18/2013 00:00:00","04/23/2013 00:00:00","False","Batch","02/16/2013 06:07:23","BATCH","04/24/2013 00:00:00","PVS_XP_2061","123","01","09","A","20130215","20130218","西胆振圏","2","2907","3983","20100101","1076"
"02/18/2013 00:00:00","04/23/2013 00:00:00","False","Batch","02/16/2013 06:07:23","BATCH","04/24/2013 00:00:00","PVS_XP_2061","123","01","10","A","20130215","20130218","東胆振圏","2","2198","2360","20100101","162"
"02/18/2013 00:00:00","04/23/2013 00:00:00","False","Batch","02/16/2013 06:07:23","BATCH","04/24/2013 00:00:00","PVS_XP_2061","123","01","11","A","20130215","20130218","日高圏","2","548","779","20100101","231"
"02/18/2013 00:00:00","04/23/2013 00:00:00","False","Batch","02/16/2013 06:07:23","BATCH","04/24/2013 00:00:00","PVS_XP_2061","123","01","12","A","20130215","20130218","上川中部圏","3","5799","6386","20100101","587"
"02/18/2013 00:00:00","04/23/2013 00:00:00","False","Batch","02/16/2013 06:07:23","BATCH","04/24/2013 00:00:00","PVS_XP_2061","123","01","13","A","20130215","20130218","上川北部圏","3","720","1005","20100101","285"
"02/18/2013 00:00:00","04/23/2013 00:00:00","False","Batch","02/16/2013 06:07:23","BATCH","04/24/2013 00:00:00","PVS_XP_2061","123","01","14","A","20130215","20130218","富良野圏","3","392","500","20100101","108"
"02/18/2013 00:00:00","04/23/2013 00:00:00","False","Batch","02/16/2013 06:07:23","BATCH","04/24/2013 00:00:00","PVS_XP_2061","123","01","15","A","20130215","20130218","留萌圏","3","399","752","20100101","353"
"02/18/2013 00:00:00","04/23/2013 00:00:00","False","Batch","02/16/2013 06:07:23","BATCH","04/24/2013 00:00:00","PVS_XP_2061","123","01","16","A","20130215","20130218","宗谷圏","3","592","778","20100101","186"
"02/18/2013 00:00:00","04/23/2013 00:00:00","False","Batch","02/16/2013 06:07:23","BATCH","04/24/2013 00:00:00","PVS_XP_2061","123","01","17","A","20130215","20130218","北網圏","4","2589","3182","20100101","593"
"02/18/2013 00:00:00","04/23/2013 00:00:00","False","Batch","02/16/2013 06:07:23","BATCH","04/24/2013 00:00:00","PVS_XP_2061","123","01","18","A","20130215","20130218","遠紋圏","4","850","1260","20100101","410"
"02/18/2013 00:00:00","04/23/2013 00:00:00","False","Batch","02/16/2013 06:07:23","BATCH","04/24/2013 00:00:00","PVS_XP_2061","123","01","19","A","20130215","20130218","十勝圏","5","3745","4496","20100101","751"
"02/18/2013 00:00:00","04/23/2013 00:00:00","False","Batch","02/16/2013 06:07:23","BATCH","04/24/2013 00:00:00","PVS_XP_2061","123","01","20","A","20130215","20130218","釧路圏","6","3138","3541","20100101","403"
"02/18/2013 00:00:00","04/23/2013 00:00:00","False","Batch","02/16/2013 06:07:23","BATCH","04/24/2013 00:00:00","PVS_XP_2061","123","01","21","A","20130215","20130218","根室圏","6","520","690","20100101","170"
"02/18/2013 00:00:00","04/23/2013 00:00:00","False","Batch","02/16/2013 06:07:23","BATCH","04/24/2013 00:00:00","PVS_XP_2061","123","03","01","A","20130215","20130218","盛岡圏","","5723","6425","20070930","702"
"02/18/2013 00:00:00","04/23/2013 00:00:00","False","Batch","02/16/2013 06:07:23","BATCH","04/24/2013 00:00:00","PVS_XP_2061","123","03","02","A","20130215","20130218","岩手中部圏","","1828","2097","20070930","269"
"02/18/2013 00:00:00","04/23/2013 00:00:00","False","Batch","02/16/2013 06:07:23","BATCH","04/24/2013 00:00:00","PVS_XP_2061","123","03","03","A","20130215","20130218","胆江圏","","1743","1537","20070930","-206"
"02/18/2013 00:00:00","04/23/2013 00:00:00","False","Batch","02/16/2013 06:07:23","BATCH","04/24/2013 00:00:00","PVS_XP_2061","123","03","04","A","20130215","20130218","両磐圏","","1357","1227","20070930","-130"
"02/18/2013 00:00:00","04/23/2013 00:00:00","False","Batch","02/16/2013 06:07:23","BATCH","04/24/2013 00:00:00","PVS_XP_2061","123","03","05","A","20130215","20130218","気仙圏","","721","640","20070930","-81"
"02/18/2013 00:00:00","04/23/2013 00:00:00","False","Batch","02/16/2013 06:07:23","BATCH","04/24/2013 00:00:00","PVS_XP_2061","123","03","06","A","20130215","20130218","釜石圏","","519","826","20070930","307"
"04/24/2013 00:00:00","05/29/2018 00:00:00","False","Batch","04/23/2013 18:40:28","BATCH","05/30/2018 00:00:00","PVS_XP_2061","123","01","01","B","20130422","20130423","南渡島圏","1","4475","5020","20130201","545"
"04/24/2013 00:00:00","05/29/2018 00:00:00","False","Batch","04/23/2013 18:40:28","BATCH","05/30/2018 00:00:00","PVS_XP_2061","123","01","02","B","20130422","20130423","南檜山圏","1","213","216","20130201","3"
"04/24/2013 00:00:00","05/29/2018 00:00:00","False","Batch","04/23/2013 18:40:28","BATCH","05/30/2018 00:00:00","PVS_XP_2061","123","01","03","B","20130422","20130423","北渡島檜山圏","1","389","484","20130201","95"
"02/18/2013 00:00:00","04/23/2013 00:00:00","False","Batch","02/16/2013 06:07:23","BATCH","04/24/2013 00:00:00","PVS_XP_2061","123","07","01","A","20130215","20130218","県北圏（福島）","","3890","4884","20070331","994"
"02/18/2013 00:00:00","04/23/2013 00:00:00","False","Batch","02/16/2013 06:07:23","BATCH","04/24/2013 00:00:00","PVS_XP_2061","123","07","02","A","20130215","20130218","県中圏（福島）","","4756","5751","20070331","995"
"04/24/2013 00:00:00","03/25/2014 00:00:00","False","Batch","04/23/2013 18:40:28","BATCH","03/26/2014 00:00:00","PVS_XP_2061","123","09","01","B","20130422","20130423","県北圏（栃木）","","1770","2695","20121201","925"
"04/24/2013 00:00:00","03/25/2014 00:00:00","False","Batch","04/23/2013 18:40:28","BATCH","03/26/2014 00:00:00","PVS_XP_2061","123","09","02","B","20130422","20130423","県西圏（栃木）","","682","1471","20121201","789"
"04/24/2013 00:00:00","03/25/2014 00:00:00","False","Batch","04/23/2013 18:40:28","BATCH","03/26/2014 00:00:00","PVS_XP_2061","123","09","03","B","20130422","20130423","宇都宮圏","","3480","4385","20121201","905"
"04/24/2013 00:00:00","12/24/2015 00:00:00","False","Batch","04/23/2013 18:40:28","BATCH","12/25/2015 00:00:00","PVS_XP_2061","123","11","01","B","20130422","20130423","南部圏（埼玉）","","4354","4168","20120331","-186"
"04/24/2013 00:00:00","12/24/2015 00:00:00","False","Batch","04/23/2013 18:40:28","BATCH","12/25/2015 00:00:00","PVS_XP_2061","123","11","02","B","20130422","20130423","南西部圏（埼玉）","","4205","3780","20120331","-425"
"04/24/2013 00:00:00","12/24/2015 00:00:00","False","Batch","04/23/2013 18:40:28","BATCH","12/25/2015 00:00:00","PVS_XP_2061","123","11","03","B","20130422","20130423","東部（埼玉）","","6804","7243","20120331","439"
"04/24/2013 00:00:00","12/24/2015 00:00:00","False","Batch","04/23/2013 18:40:28","BATCH","12/25/2015 00:00:00","PVS_XP_2061","123","11","04","B","20130422","20130423","さいたま圏","","6968","6954","20120331","-14"
"04/24/2013 00:00:00","12/24/2015 00:00:00","False","Batch","04/23/2013 18:40:28","BATCH","12/25/2015 00:00:00","PVS_XP_2061","123","11","05","B","20130422","20130423","県央圏（埼玉）","","2389","3300","20120331","911"
"04/24/2013 00:00:00","12/24/2015 00:00:00","False","Batch","04/23/2013 18:40:28","BATCH","12/25/2015 00:00:00","PVS_XP_2061","123","11","06","B","20130422","20130423","川越比企圏","","5332","6758","20120331","1426"
"04/24/2013 00:00:00","12/24/2015 00:00:00","False","Batch","04/23/2013 18:40:28","BATCH","12/25/2015 00:00:00","PVS_XP_2061","123","11","07","B","20130422","20130423","西部圏（埼玉）","","6456","7282","20120331","826"
"04/24/2013 00:00:00","12/24/2015 00:00:00","False","Batch","04/23/2013 18:40:28","BATCH","12/25/2015 00:00:00","PVS_XP_2061","123","11","08","B","20130422","20130423","利根圏","","2806","4170","20120331","1364"
"04/24/2013 00:00:00","12/24/2015 00:00:00","False","Batch","04/23/2013 18:40:28","BATCH","12/25/2015 00:00:00","PVS_XP_2061","123","11","09","B","20130422","20130423","北部圏（埼玉）","","2973","3501","20120331","528"
"04/24/2013 00:00:00","12/24/2015 00:00:00","False","Batch","04/23/2013 18:40:28","BATCH","12/25/2015 00:00:00","PVS_XP_2061","123","11","10","B","20130422","20130423","秩父圏","","420","754","20120331","334"
"05/29/2013 00:00:00","05/29/2018 00:00:00","False","Batch","05/28/2013 18:18:53","BATCH","05/30/2018 00:00:00","PVS_XP_2061","123","30","03","B","20130527","20130528","橋本圏","","535","849","20130305","314"
"02/18/2013 00:00:00","09/28/2015 00:00:00","False","Batch","02/16/2013 06:07:23","BATCH","09/29/2015 00:00:00","PVS_XP_2061","123","10","01","A","20130215","20130218","前橋圏","","3587","3638","20100331","51"
"02/18/2013 00:00:00","09/28/2015 00:00:00","False","Batch","02/16/2013 06:07:23","BATCH","09/29/2015 00:00:00","PVS_XP_2061","123","10","02","A","20130215","20130218","高崎・安中圏","","3458","3505","20100331","47"
"02/18/2013 00:00:00","09/28/2015 00:00:00","False","Batch","02/16/2013 06:07:23","BATCH","09/29/2015 00:00:00","PVS_XP_2061","123","10","03","A","20130215","20130218","桐生圏","","1314","1892","20100331","578"
"02/18/2013 00:00:00","09/28/2015 00:00:00","False","Batch","02/16/2013 06:07:23","BATCH","09/29/2015 00:00:00","PVS_XP_2061","123","10","04","A","20130215","20130218","伊勢崎圏","","1690","1929","20100331","239"
"02/18/2013 00:00:00","09/28/2015 00:00:00","False","Batch","02/16/2013 06:07:23","BATCH","09/29/2015 00:00:00","PVS_XP_2061","123","10","05","A","20130215","20130218","太田・館林圏","","2671","3238","20100331","567"
"02/18/2013 00:00:00","09/28/2015 00:00:00","False","Batch","02/16/2013 06:07:23","BATCH","09/29/2015 00:00:00","PVS_XP_2061","123","10","06","A","20130215","20130218","渋川圏","","915","1165","20100331","250"
"02/18/2013 00:00:00","09/28/2015 00:00:00","False","Batch","02/16/2013 06:07:23","BATCH","09/29/2015 00:00:00","PVS_XP_2061","123","10","07","A","20130215","20130218","藤岡圏","","782","908","20100331","126"
"02/18/2013 00:00:00","09/28/2015 00:00:00","False","Batch","02/16/2013 06:07:23","BATCH","09/29/2015 00:00:00","PVS_XP_2061","123","10","08","A","20130215","20130218","富岡圏","","869","916","20100331","47"
"02/18/2013 00:00:00","09/28/2015 00:00:00","False","Batch","02/16/2013 06:07:23","BATCH","09/29/2015 00:00:00","PVS_XP_2061","123","10","09","A","20130215","20130218","吾妻圏","","752","886","20100331","134"
"02/18/2013 00:00:00","09/28/2015 00:00:00","False","Batch","02/16/2013 06:07:23","BATCH","09/29/2015 00:00:00","PVS_XP_2061","123","10","10","A","20130215","20130218","沼田圏","","960","1037","20100331","77"
"05/29/2013 00:00:00","05/29/2018 00:00:00","False","Batch","05/28/2013 18:18:53","BATCH","05/30/2018 00:00:00","PVS_XP_2061","123","30","04","B","20130527","20130528","有田圏","","501","661","20130305","160"
"05/29/2013 00:00:00","05/29/2018 00:00:00","False","Batch","05/28/2013 18:18:53","BATCH","05/30/2018 00:00:00","PVS_XP_2061","123","30","05","B","20130527","20130528","御坊圏","","534","812","20130305","278"
"04/24/2013 00:00:00","05/29/2018 00:00:00","False","Batch","04/23/2013 18:40:28","BATCH","05/30/2018 00:00:00","PVS_XP_2061","123","17","01","B","20130422","20130423","南加賀圏","","1505","2667","20130331","1162"
"04/24/2013 00:00:00","05/29/2018 00:00:00","False","Batch","04/23/2013 18:40:28","BATCH","05/30/2018 00:00:00","PVS_XP_2061","123","17","02","B","20130422","20130423","石川中央圏","","7132","9612","20130331","2480"
"04/24/2013 00:00:00","05/29/2018 00:00:00","False","Batch","04/23/2013 18:40:28","BATCH","05/30/2018 00:00:00","PVS_XP_2061","123","17","03","B","20130422","20130423","能登中部圏","","897","1778","20130331","881"
"04/24/2013 00:00:00","05/29/2018 00:00:00","False","Batch","04/23/2013 18:40:28","BATCH","05/30/2018 00:00:00","PVS_XP_2061","123","17","04","B","20130422","20130423","能登北部圏","","376","944","20130331","568"
"04/24/2013 00:00:00","05/29/2018 00:00:00","False","Batch","04/23/2013 18:40:28","BATCH","05/30/2018 00:00:00","PVS_XP_2061","123","19","01","B","20130422","20130423","中北圏","","3576","4682","20130131","1106"
"04/24/2013 00:00:00","05/29/2018 00:00:00","False","Batch","04/23/2013 18:40:28","BATCH","05/30/2018 00:00:00","PVS_XP_2061","123","19","02","B","20130422","20130423","峡東圏","","1468","2069","20130131","601"
"04/24/2013 00:00:00","05/29/2018 00:00:00","False","Batch","04/23/2013 18:40:28","BATCH","05/30/2018 00:00:00","PVS_XP_2061","123","19","03","B","20130422","20130423","峡南圏","","326","555","20130131","229"
"04/24/2013 00:00:00","05/29/2018 00:00:00","False","Batch","04/23/2013 18:40:28","BATCH","05/30/2018 00:00:00","PVS_XP_2061","123","19","04","B","20130422","20130423","富士・東部圏","","774","1143","20130131","369"
"09/29/2015 00:00:00","05/25/2016 00:00:00","False","Batch","09/28/2015 18:33:29","BATCH","05/26/2016 00:00:00","PVS_XP_2061","123","28","09","B","20150925","20150928","丹波圏","","1368","1304","20121001","-64"
"09/29/2015 00:00:00","05/25/2016 00:00:00","False","Batch","09/28/2015 18:33:29","BATCH","05/26/2016 00:00:00","PVS_XP_2061","123","28","10","B","20150925","20150928","淡路圏","","1733","1733","20121001","0"
"09/29/2015 00:00:00","05/25/2016 00:00:00","False","Batch","09/28/2015 18:33:29","BATCH","05/26/2016 00:00:00","PVS_XP_2061","123","23","04","B","20150925","20150928","尾張東部圏","","3558","4541","20120930","983"
"09/29/2015 00:00:00","05/25/2016 00:00:00","False","Batch","09/28/2015 18:33:29","BATCH","05/26/2016 00:00:00","PVS_XP_2061","123","23","03","B","20150925","20150928","尾張中部圏","","862","751","20120930","-111"
"09/29/2015 00:00:00","05/25/2016 00:00:00","False","Batch","09/28/2015 18:33:29","BATCH","05/26/2016 00:00:00","PVS_XP_2061","123","23","02","B","20150925","20150928","海部圏","","1964","1961","20120930","-3"
"09/29/2015 00:00:00","05/25/2016 00:00:00","False","Batch","09/28/2015 18:33:29","BATCH","05/26/2016 00:00:00","PVS_XP_2061","123","23","01","B","20150925","20150928","名古屋圏","","15388","20326","20120930","4938"
"04/24/2013 00:00:00","05/29/2018 00:00:00","False","Batch","04/23/2013 18:40:28","BATCH","05/30/2018 00:00:00","PVS_XP_2061","123","21","01","B","20130422","20130423","岐阜圏","","6215","7486","20120930","1271"
"04/24/2013 00:00:00","05/29/2018 00:00:00","False","Batch","04/23/2013 18:40:28","BATCH","05/30/2018 00:00:00","PVS_XP_2061","123","21","02","B","20130422","20130423","西濃圏","","1804","2807","20120930","1003"
"04/24/2013 00:00:00","05/29/2018 00:00:00","False","Batch","04/23/2013 18:40:28","BATCH","05/30/2018 00:00:00","PVS_XP_2061","123","21","03","B","20130422","20130423","中濃圏","","2484","2727","20120930","243"
"04/24/2013 00:00:00","05/29/2018 00:00:00","False","Batch","04/23/2013 18:40:28","BATCH","05/30/2018 00:00:00","PVS_XP_2061","123","21","04","B","20130422","20130423","東濃圏","","2756","2644","20120930","-112"
"04/24/2013 00:00:00","05/29/2018 00:00:00","False","Batch","04/23/2013 18:40:28","BATCH","05/30/2018 00:00:00","PVS_XP_2061","123","21","05","B","20130422","20130423","飛騨圏","","1293","1430","20120930","137"
"04/24/2013 00:00:00","05/29/2018 00:00:00","False","Batch","04/23/2013 18:40:28","BATCH","05/30/2018 00:00:00","PVS_XP_2061","123","24","01","B","20130422","20130423","北勢圏","","5542","6103","20121201","561"
"04/24/2013 00:00:00","05/29/2018 00:00:00","False","Batch","04/23/2013 18:40:28","BATCH","05/30/2018 00:00:00","PVS_XP_2061","123","24","02","B","20130422","20130423","中勢伊賀圏","","3796","4541","20121201","745"
"04/24/2013 00:00:00","05/29/2018 00:00:00","False","Batch","04/23/2013 18:40:28","BATCH","05/30/2018 00:00:00","PVS_XP_2061","123","24","03","B","20130422","20130423","南勢志摩圏","","3510","4203","20121201","693"
"04/24/2013 00:00:00","05/29/2018 00:00:00","False","Batch","04/23/2013 18:40:28","BATCH","05/30/2018 00:00:00","PVS_XP_2061","123","24","04","B","20130422","20130423","東紀州圏","","764","909","20121201","145"
"04/24/2013 00:00:00","05/29/2018 00:00:00","False","Batch","04/23/2013 18:40:28","BATCH","05/30/2018 00:00:00","PVS_XP_2061","123","25","01","B","20130422","20130423","大津圏","","2935","3110","20120401","175"
"04/24/2013 00:00:00","05/29/2018 00:00:00","False","Batch","04/23/2013 18:40:28","BATCH","05/30/2018 00:00:00","PVS_XP_2061","123","25","02","B","20130422","20130423","湖南圏","","2192","2621","20120401","429"
"04/24/2013 00:00:00","05/29/2018 00:00:00","False","Batch","04/23/2013 18:40:28","BATCH","05/30/2018 00:00:00","PVS_XP_2061","123","25","03","B","20130422","20130423","甲賀圏","","1057","1076","20120401","19"
"04/24/2013 00:00:00","05/29/2018 00:00:00","False","Batch","04/23/2013 18:40:28","BATCH","05/30/2018 00:00:00","PVS_XP_2061","123","25","04","B","20130422","20130423","東近江圏","","1644","2281","20120401","637"
"04/24/2013 00:00:00","05/29/2018 00:00:00","False","Batch","04/23/2013 18:40:28","BATCH","05/30/2018 00:00:00","PVS_XP_2061","123","25","05","B","20130422","20130423","湖東圏","","1005","1200","20120401","195"
"04/24/2013 00:00:00","05/29/2018 00:00:00","False","Batch","04/23/2013 18:40:28","BATCH","05/30/2018 00:00:00","PVS_XP_2061","123","25","06","B","20130422","20130423","湖北圏","","1097","1207","20120401","110"
"04/24/2013 00:00:00","05/29/2018 00:00:00","False","Batch","04/23/2013 18:40:28","BATCH","05/30/2018 00:00:00","PVS_XP_2061","123","25","07","B","20130422","20130423","湖西圏","","349","406","20120401","57"
"04/24/2013 00:00:00","05/29/2018 00:00:00","False","Batch","04/23/2013 18:40:28","BATCH","05/30/2018 00:00:00","PVS_XP_2061","123","26","01","B","20130422","20130423","丹後圏","","1257","1180","20121201","-77"
"04/24/2013 00:00:00","05/29/2018 00:00:00","False","Batch","04/23/2013 18:40:28","BATCH","05/30/2018 00:00:00","PVS_XP_2061","123","26","02","B","20130422","20130423","中丹圏","","2143","2119","20121201","-24"
"04/24/2013 00:00:00","05/29/2018 00:00:00","False","Batch","04/23/2013 18:40:28","BATCH","05/30/2018 00:00:00","PVS_XP_2061","123","26","03","B","20130422","20130423","南丹圏","","1392","1370","20121201","-22"
"04/24/2013 00:00:00","05/29/2018 00:00:00","False","Batch","04/23/2013 18:40:28","BATCH","05/30/2018 00:00:00","PVS_XP_2061","123","26","04","B","20130422","20130423","京都・乙訓圏","","15370","19694","20121201","4324"
"05/26/2016 00:00:00","05/29/2018 00:00:00","False","Batch","05/25/2016 18:27:06","BATCH","05/30/2018 00:00:00","PVS_XP_2061","123","28","03","B","20160524","20160525","阪神北圏","","6748","6758","20151001","10"
"05/26/2016 00:00:00","05/29/2018 00:00:00","False","Batch","05/25/2016 18:27:06","BATCH","05/30/2018 00:00:00","PVS_XP_2061","123","28","04","B","20160524","20160525","東播磨圏","","6438","6323","20151001","-115"
"05/26/2016 00:00:00","05/29/2018 00:00:00","False","Batch","05/25/2016 18:27:06","BATCH","05/30/2018 00:00:00","PVS_XP_2061","123","28","05","B","20160524","20160525","北播磨圏","","3335","3317","20151001","-18"
"05/26/2016 00:00:00","05/29/2018 00:00:00","False","Batch","05/25/2016 18:27:06","BATCH","05/30/2018 00:00:00","PVS_XP_2061","123","28","06","B","20160524","20160525","中播磨圏","","5521","5395","20151001","-126"
"05/26/2016 00:00:00","05/29/2018 00:00:00","False","Batch","05/25/2016 18:27:06","BATCH","05/30/2018 00:00:00","PVS_XP_2061","123","28","07","B","20160524","20160525","西播磨圏","","2716","2721","20151001","5"
"05/26/2016 00:00:00","05/29/2018 00:00:00","False","Batch","05/25/2016 18:27:06","BATCH","05/30/2018 00:00:00","PVS_XP_2061","123","28","08","B","20160524","20160525","但馬圏","","1474","1493","20151001","19"
"04/24/2013 00:00:00","12/24/2015 00:00:00","False","Batch","04/23/2013 18:40:28","BATCH","12/25/2015 00:00:00","PVS_XP_2061","123","05","01","B","20130422","20130423","鹿角・大館圏","","901","1499","20120331","598"
"04/24/2013 00:00:00","05/25/2017 00:00:00","False","Batch","04/23/2013 18:40:28","BATCH","05/26/2017 00:00:00","PVS_XP_2061","123","47","01","B","20130422","20130423","北部圏（沖縄）","","647","1057","20130401","410"
"05/26/2016 00:00:00","05/29/2018 00:00:00","False","Batch","05/25/2016 18:27:06","BATCH","05/30/2018 00:00:00","PVS_XP_2061","123","28","09","B","20160524","20160525","丹波圏","","1267","1249","20151001","-18"
"05/26/2016 00:00:00","05/29/2018 00:00:00","False","Batch","05/25/2016 18:27:06","BATCH","05/30/2018 00:00:00","PVS_XP_2061","123","28","10","B","20160524","20160525","淡路圏","","1699","1726","20151001","27"
"05/26/2016 00:00:00","05/29/2018 00:00:00","False","Batch","05/25/2016 18:27:06","BATCH","05/30/2018 00:00:00","PVS_XP_2061","123","33","01","B","20160524","20160525","県南東部圏（岡山）","","8940","10031","20150401","1091"
"05/26/2016 00:00:00","05/29/2018 00:00:00","False","Batch","05/25/2016 18:27:06","BATCH","05/30/2018 00:00:00","PVS_XP_2061","123","33","02","B","20160524","20160525","県南西部圏（岡山）","","7463","8449","20150401","986"
"05/26/2016 00:00:00","05/29/2018 00:00:00","False","Batch","05/25/2016 18:27:06","BATCH","05/30/2018 00:00:00","PVS_XP_2061","123","33","03","B","20160524","20160525","高梁・新見圏","","310","794","20150401","484"
"05/26/2016 00:00:00","05/29/2018 00:00:00","False","Batch","05/25/2016 18:27:06","BATCH","05/30/2018 00:00:00","PVS_XP_2061","123","33","04","B","20160524","20160525","真庭圏","","450","718","20150401","268"
"05/26/2016 00:00:00","05/29/2018 00:00:00","False","Batch","05/25/2016 18:27:06","BATCH","05/30/2018 00:00:00","PVS_XP_2061","123","33","05","B","20160524","20160525","津山・英田圏","","1618","1984","20150401","366"
"05/26/2016 00:00:00","05/29/2018 00:00:00","False","Batch","05/25/2016 18:27:06","BATCH","05/30/2018 00:00:00","PVS_XP_2061","123","23","07","B","20160524","20160525","知多半島圏","","3131","3093","20150930","-38"
"05/26/2016 00:00:00","05/29/2018 00:00:00","False","Batch","05/25/2016 18:27:06","BATCH","05/30/2018 00:00:00","PVS_XP_2061","123","23","06","B","20160524","20160525","尾張北部圏","","5412","4852","20150930","-560"
"04/24/2013 00:00:00","05/25/2017 00:00:00","False","Batch","04/23/2013 18:40:28","BATCH","05/26/2017 00:00:00","PVS_XP_2061","123","47","02","B","20130422","20130423","中部圏（沖縄）","","3370","3787","20130401","417"
"04/24/2013 00:00:00","05/25/2017 00:00:00","False","Batch","04/23/2013 18:40:28","BATCH","05/26/2017 00:00:00","PVS_XP_2061","123","47","03","B","20130422","20130423","南部圏（沖縄）","","5230","6512","20130401","1282"
"04/24/2013 00:00:00","05/25/2017 00:00:00","False","Batch","04/23/2013 18:40:28","BATCH","05/26/2017 00:00:00","PVS_XP_2061","123","47","04","B","20130422","20130423","宮古圏","","476","609","20130401","133"
"04/24/2013 00:00:00","05/25/2017 00:00:00","False","Batch","04/23/2013 18:40:28","BATCH","05/26/2017 00:00:00","PVS_XP_2061","123","47","05","B","20130422","20130423","八重山圏","","279","453","20130401","174"
"02/18/2013 00:00:00","04/23/2013 00:00:00","False","Batch","02/16/2013 06:07:23","BATCH","04/24/2013 00:00:00","PVS_XP_2061","123","13","04","A","20130215","20130218","区西部圏（東京）","","10556","10556","20070401","0"
"02/18/2013 00:00:00","04/23/2013 00:00:00","False","Batch","02/16/2013 06:07:23","BATCH","04/24/2013 00:00:00","PVS_XP_2061","123","13","05","A","20130215","20130218","区西北部圏（東京）","","13865","13626","20070401","-239"
"02/18/2013 00:00:00","04/23/2013 00:00:00","False","Batch","02/16/2013 06:07:23","BATCH","04/24/2013 00:00:00","PVS_XP_2061","123","13","06","A","20130215","20130218","区東北部圏（東京）","","9152","9015","20070401","-137"
"02/18/2013 00:00:00","04/23/2013 00:00:00","False","Batch","02/16/2013 06:07:23","BATCH","04/24/2013 00:00:00","PVS_XP_2061","123","13","07","A","20130215","20130218","区東部圏（東京）","","8042","7818","20070401","-224"
"02/18/2013 00:00:00","04/23/2013 00:00:00","False","Batch","02/16/2013 06:07:23","BATCH","04/24/2013 00:00:00","PVS_XP_2061","123","13","08","A","20130215","20130218","西多摩圏","","3083","4185","20070401","1102"
"02/18/2013 00:00:00","04/23/2013 00:00:00","False","Batch","02/16/2013 06:07:23","BATCH","04/24/2013 00:00:00","PVS_XP_2061","123","13","09","A","20130215","20130218","南多摩圏","","10016","10016","20070401","0"
"02/18/2013 00:00:00","04/23/2013 00:00:00","False","Batch","02/16/2013 06:07:23","BATCH","04/24/2013 00:00:00","PVS_XP_2061","123","13","10","A","20130215","20130218","北多摩西部圏","","4227","4223","20070401","-4"
"02/18/2013 00:00:00","04/23/2013 00:00:00","False","Batch","02/16/2013 06:07:23","BATCH","04/24/2013 00:00:00","PVS_XP_2061","123","13","11","A","20130215","20130218","北多摩南部圏","","7486","7470","20070401","-16"
"02/18/2013 00:00:00","04/23/2013 00:00:00","False","Batch","02/16/2013 06:07:23","BATCH","04/24/2013 00:00:00","PVS_XP_2061","123","13","12","A","20130215","20130218","北多摩北部圏","","5250","5741","20070401","491"
"02/18/2013 00:00:00","04/23/2013 00:00:00","False","Batch","02/16/2013 06:07:23","BATCH","04/24/2013 00:00:00","PVS_XP_2061","123","13","13","A","20130215","20130218","島しょ圏（東京）","","196","55","20070401","-141"
"02/18/2013 00:00:00","04/23/2013 00:00:00","False","Batch","02/16/2013 06:07:23","BATCH","04/24/2013 00:00:00","PVS_XP_2061","123","14","01","A","20130215","20130218","横浜北部圏","","8260","7974","20080101","-286"
"02/18/2013 00:00:00","04/23/2013 00:00:00","False","Batch","02/16/2013 06:07:23","BATCH","04/24/2013 00:00:00","PVS_XP_2061","123","14","02","A","20130215","20130218","横浜西部圏","","7105","7361","20080101","256"
"02/18/2013 00:00:00","04/23/2013 00:00:00","False","Batch","02/16/2013 06:07:23","BATCH","04/24/2013 00:00:00","PVS_XP_2061","123","14","03","A","20130215","20130218","横浜南部圏","","6953","6710","20080101","-243"
"02/18/2013 00:00:00","04/23/2013 00:00:00","False","Batch","02/16/2013 06:07:23","BATCH","04/24/2013 00:00:00","PVS_XP_2061","123","14","04","A","20130215","20130218","川崎北部圏","","4011","3676","20080101","-335"
"02/18/2013 00:00:00","04/23/2013 00:00:00","False","Batch","02/16/2013 06:07:23","BATCH","04/24/2013 00:00:00","PVS_XP_2061","123","14","05","A","20130215","20130218","川崎南部圏","","3998","4851","20080101","853"
"02/18/2013 00:00:00","04/23/2013 00:00:00","False","Batch","02/16/2013 06:07:23","BATCH","04/24/2013 00:00:00","PVS_XP_2061","123","14","06","A","20130215","20130218","横須賀・三浦圏","","4545","5333","20080101","788"
"02/18/2013 00:00:00","04/23/2013 00:00:00","False","Batch","02/16/2013 06:07:23","BATCH","04/24/2013 00:00:00","PVS_XP_2061","123","14","07","A","20130215","20130218","湘南東部圏","","3873","3712","20080101","-161"
"02/18/2013 00:00:00","04/23/2013 00:00:00","False","Batch","02/16/2013 06:07:23","BATCH","04/24/2013 00:00:00","PVS_XP_2061","123","14","08","A","20130215","20130218","湘南西部圏","","4838","4840","20080101","2"
"02/18/2013 00:00:00","04/23/2013 00:00:00","False","Batch","02/16/2013 06:07:23","BATCH","04/24/2013 00:00:00","PVS_XP_2061","123","14","09","A","20130215","20130218","県央圏（神奈川）","","4750","4785","20080101","35"
"02/18/2013 00:00:00","04/23/2013 00:00:00","False","Batch","02/16/2013 06:07:23","BATCH","04/24/2013 00:00:00","PVS_XP_2061","123","14","10","A","20130215","20130218","相模原圏","","6625","6578","20080101","-47"
"02/18/2013 00:00:00","04/23/2013 00:00:00","False","Batch","02/16/2013 06:07:23","BATCH","04/24/2013 00:00:00","PVS_XP_2061","123","14","11","A","20130215","20130218","県西圏（神奈川）","","2445","3214","20080101","769"
"02/18/2013 00:00:00","04/23/2013 00:00:00","False","Batch","02/16/2013 06:07:23","BATCH","04/24/2013 00:00:00","PVS_XP_2061","123","15","01","A","20130215","20130218","下越圏","","2216","1860","20101001","-356"
"02/18/2013 00:00:00","04/23/2013 00:00:00","False","Batch","02/16/2013 06:07:23","BATCH","04/24/2013 00:00:00","PVS_XP_2061","123","15","02","A","20130215","20130218","新潟圏","","7029","9342","20101001","2313"
"02/18/2013 00:00:00","04/23/2013 00:00:00","False","Batch","02/16/2013 06:07:23","BATCH","04/24/2013 00:00:00","PVS_XP_2061","123","15","03","A","20130215","20130218","県央圏（新潟）","","2134","2056","20101001","-78"
"02/18/2013 00:00:00","04/23/2013 00:00:00","False","Batch","02/16/2013 06:07:23","BATCH","04/24/2013 00:00:00","PVS_XP_2061","123","15","04","A","20130215","20130218","中越圏","","4294","3549","20101001","-745"
"02/18/2013 00:00:00","04/23/2013 00:00:00","False","Batch","02/16/2013 06:07:23","BATCH","04/24/2013 00:00:00","PVS_XP_2061","123","15","05","A","20130215","20130218","魚沼圏","","2351","2257","20101001","-94"
"02/18/2013 00:00:00","04/23/2013 00:00:00","False","Batch","02/16/2013 06:07:23","BATCH","04/24/2013 00:00:00","PVS_XP_2061","123","15","06","A","20130215","20130218","上越圏","","2344","2306","20101001","-38"
"02/18/2013 00:00:00","04/23/2013 00:00:00","False","Batch","02/16/2013 06:07:23","BATCH","04/24/2013 00:00:00","PVS_XP_2061","123","15","07","A","20130215","20130218","佐渡圏","","683","648","20101001","-35"
"02/18/2013 00:00:00","04/23/2013 00:00:00","False","Batch","02/16/2013 06:07:23","BATCH","04/24/2013 00:00:00","PVS_XP_2061","123","16","01","A","20130215","20130218","新川圏","","1361","2009","20060701","648"
"02/18/2013 00:00:00","04/23/2013 00:00:00","False","Batch","02/16/2013 06:07:23","BATCH","04/24/2013 00:00:00","PVS_XP_2061","123","16","02","A","20130215","20130218","富山圏","","5547","7393","20060701","1846"
"02/18/2013 00:00:00","04/23/2013 00:00:00","False","Batch","02/16/2013 06:07:23","BATCH","04/24/2013 00:00:00","PVS_XP_2061","123","16","03","A","20130215","20130218","高岡圏","","2958","4018","20060701","1060"
"02/18/2013 00:00:00","04/23/2013 00:00:00","False","Batch","02/16/2013 06:07:23","BATCH","04/24/2013 00:00:00","PVS_XP_2061","123","16","04","A","20130215","20130218","砺波圏","","1595","2009","20060701","414"
"02/18/2013 00:00:00","04/23/2013 00:00:00","False","Batch","02/16/2013 06:07:23","BATCH","04/24/2013 00:00:00","PVS_XP_2061","123","17","01","A","20130215","20130218","南加賀圏","","2105","2837","20080331","732"
"02/18/2013 00:00:00","04/23/2013 00:00:00","False","Batch","02/16/2013 06:07:23","BATCH","04/24/2013 00:00:00","PVS_XP_2061","123","17","02","A","20130215","20130218","石川中央圏","","8401","9855","20080331","1454"
"02/18/2013 00:00:00","04/23/2013 00:00:00","False","Batch","02/16/2013 06:07:23","BATCH","04/24/2013 00:00:00","PVS_XP_2061","123","17","03","A","20130215","20130218","能登中部圏","","1402","1831","20080331","429"
"02/18/2013 00:00:00","04/23/2013 00:00:00","False","Batch","02/16/2013 06:07:23","BATCH","04/24/2013 00:00:00","PVS_XP_2061","123","17","04","A","20130215","20130218","能登北部圏","","726","1089","20080331","363"
"02/18/2013 00:00:00","04/23/2013 00:00:00","False","Batch","02/16/2013 06:07:23","BATCH","04/24/2013 00:00:00","PVS_XP_2061","123","18","01","A","20130215","20130218","福井・坂井圏","","4913","5915","20071001","1002"
"02/18/2013 00:00:00","04/23/2013 00:00:00","False","Batch","02/16/2013 06:07:23","BATCH","04/24/2013 00:00:00","PVS_XP_2061","123","18","02","A","20130215","20130218","奥越圏","","434","457","20071001","23"
"02/18/2013 00:00:00","04/23/2013 00:00:00","False","Batch","02/16/2013 06:07:23","BATCH","04/24/2013 00:00:00","PVS_XP_2061","123","18","03","A","20130215","20130218","丹南圏","","1488","1965","20071001","477"
"02/18/2013 00:00:00","04/23/2013 00:00:00","False","Batch","02/16/2013 06:07:23","BATCH","04/24/2013 00:00:00","PVS_XP_2061","123","18","04","A","20130215","20130218","嶺南圏","","1389","1432","20071001","43"
"02/18/2013 00:00:00","04/23/2013 00:00:00","False","Batch","02/16/2013 06:07:23","BATCH","04/24/2013 00:00:00","PVS_XP_2061","123","19","01","A","20130215","20130218","中北圏","","4036","4971","20071201","935"
"02/18/2013 00:00:00","04/23/2013 00:00:00","False","Batch","02/16/2013 06:07:23","BATCH","04/24/2013 00:00:00","PVS_XP_2061","123","19","02","A","20130215","20130218","峡東圏","","1931","2258","20071201","327"
"02/18/2013 00:00:00","04/23/2013 00:00:00","False","Batch","02/16/2013 06:07:23","BATCH","04/24/2013 00:00:00","PVS_XP_2061","123","19","03","A","20130215","20130218","峡南圏","","471","555","20071201","84"
"02/18/2013 00:00:00","04/23/2013 00:00:00","False","Batch","02/16/2013 06:07:23","BATCH","04/24/2013 00:00:00","PVS_XP_2061","123","19","04","A","20130215","20130218","富士・東部圏","","1035","1218","20071201","183"
"02/18/2013 00:00:00","04/23/2013 00:00:00","False","Batch","02/16/2013 06:07:23","BATCH","04/24/2013 00:00:00","PVS_XP_2061","123","20","01","A","20130215","20130218","佐久圏","","2288","2194","20080401","-94"
"02/18/2013 00:00:00","04/23/2013 00:00:00","False","Batch","02/16/2013 06:07:23","BATCH","04/24/2013 00:00:00","PVS_XP_2061","123","20","02","A","20130215","20130218","上小圏","","1864","2315","20080401","451"
"02/18/2013 00:00:00","04/23/2013 00:00:00","False","Batch","02/16/2013 06:07:23","BATCH","04/24/2013 00:00:00","PVS_XP_2061","123","20","03","A","20130215","20130218","諏訪圏","","1873","1820","20080401","-53"
"02/18/2013 00:00:00","04/23/2013 00:00:00","False","Batch","02/16/2013 06:07:23","BATCH","04/24/2013 00:00:00","PVS_XP_2061","123","20","04","A","20130215","20130218","上伊那圏","","1359","1429","20080401","70"
"02/18/2013 00:00:00","04/23/2013 00:00:00","False","Batch","02/16/2013 06:07:23","BATCH","04/24/2013 00:00:00","PVS_XP_2061","123","20","05","A","20130215","20130218","飯伊圏","","1771","1526","20080401","-245"
"02/18/2013 00:00:00","04/23/2013 00:00:00","False","Batch","02/16/2013 06:07:23","BATCH","04/24/2013 00:00:00","PVS_XP_2061","123","20","06","A","20130215","20130218","木曽圏","","283","255","20080401","-28"
"02/18/2013 00:00:00","04/23/2013 00:00:00","False","Batch","02/16/2013 06:07:23","BATCH","04/24/2013 00:00:00","PVS_XP_2061","123","20","07","A","20130215","20130218","松本圏","","3935","3954","20080401","19"
"02/18/2013 00:00:00","04/23/2013 00:00:00","False","Batch","02/16/2013 06:07:23","BATCH","04/24/2013 00:00:00","PVS_XP_2061","123","20","08","A","20130215","20130218","大北圏","","506","512","20080401","6"
"02/18/2013 00:00:00","04/23/2013 00:00:00","False","Batch","02/16/2013 06:07:23","BATCH","04/24/2013 00:00:00","PVS_XP_2061","123","20","09","A","20130215","20130218","長野圏","","5069","4759","20080401","-310"
"02/18/2013 00:00:00","04/23/2013 00:00:00","False","Batch","02/16/2013 06:07:23","BATCH","04/24/2013 00:00:00","PVS_XP_2061","123","20","10","A","20130215","20130218","北信圏","","867","850","20080401","-17"
"05/26/2016 00:00:00","05/29/2018 00:00:00","False","Batch","05/25/2016 18:27:06","BATCH","05/30/2018 00:00:00","PVS_XP_2061","123","23","05","B","20160524","20160525","尾張西部圏","","3676","3554","20150930","-122"
"05/26/2016 00:00:00","05/29/2018 00:00:00","False","Batch","05/25/2016 18:27:06","BATCH","05/30/2018 00:00:00","PVS_XP_2061","123","23","04","B","20160524","20160525","尾張東部圏","","3952","4555","20150930","603"
"05/26/2016 00:00:00","05/29/2018 00:00:00","False","Batch","05/25/2016 18:27:06","BATCH","05/30/2018 00:00:00","PVS_XP_2061","123","23","03","B","20160524","20160525","尾張中部圏","","1070","862","20150930","-208"
"05/26/2016 00:00:00","05/29/2018 00:00:00","False","Batch","05/25/2016 18:27:06","BATCH","05/30/2018 00:00:00","PVS_XP_2061","123","23","02","B","20160524","20160525","海部圏","","1614","1940","20150930","326"
"05/26/2016 00:00:00","05/29/2018 00:00:00","False","Batch","05/25/2016 18:27:06","BATCH","05/30/2018 00:00:00","PVS_XP_2061","123","23","01","B","20160524","20160525","名古屋圏","","16828","20030","20150930","3202"
"02/18/2013 00:00:00","04/23/2013 00:00:00","False","Batch","02/16/2013 06:07:23","BATCH","04/24/2013 00:00:00","PVS_XP_2061","123","21","01","A","20130215","20130218","岐阜圏","","7565","7298","20090401","-267"
"02/18/2013 00:00:00","04/23/2013 00:00:00","False","Batch","02/16/2013 06:07:23","BATCH","04/24/2013 00:00:00","PVS_XP_2061","123","21","02","A","20130215","20130218","西濃圏","","3049","2830","20090401","-219"
"02/18/2013 00:00:00","04/23/2013 00:00:00","False","Batch","02/16/2013 06:07:23","BATCH","04/24/2013 00:00:00","PVS_XP_2061","123","21","03","A","20130215","20130218","中濃圏","","2974","2731","20090401","-243"
"02/18/2013 00:00:00","04/23/2013 00:00:00","False","Batch","02/16/2013 06:07:23","BATCH","04/24/2013 00:00:00","PVS_XP_2061","123","21","04","A","20130215","20130218","東濃圏","","2895","2570","20090401","-325"
"02/18/2013 00:00:00","04/23/2013 00:00:00","False","Batch","02/16/2013 06:07:23","BATCH","04/24/2013 00:00:00","PVS_XP_2061","123","21","05","A","20130215","20130218","飛騨圏","","1667","1534","20090401","-133"
"02/18/2013 00:00:00","04/23/2013 00:00:00","False","Batch","02/16/2013 06:07:23","BATCH","04/24/2013 00:00:00","PVS_XP_2061","123","24","01","A","20130215","20130218","北勢圏","","6074","6138","20080901","64"
"02/18/2013 00:00:00","04/23/2013 00:00:00","False","Batch","02/16/2013 06:07:23","BATCH","04/24/2013 00:00:00","PVS_XP_2061","123","24","02","A","20130215","20130218","中勢伊賀圏","","4014","4806","20080901","792"
"02/18/2013 00:00:00","04/23/2013 00:00:00","False","Batch","02/16/2013 06:07:23","BATCH","04/24/2013 00:00:00","PVS_XP_2061","123","24","03","A","20130215","20130218","南勢志摩圏","","3575","4401","20080901","826"
"02/18/2013 00:00:00","04/23/2013 00:00:00","False","Batch","02/16/2013 06:07:23","BATCH","04/24/2013 00:00:00","PVS_XP_2061","123","24","04","A","20130215","20130218","東紀州圏","","657","909","20080901","252"
"02/18/2013 00:00:00","04/23/2013 00:00:00","False","Batch","02/16/2013 06:07:23","BATCH","04/24/2013 00:00:00","PVS_XP_2061","123","25","01","A","20130215","20130218","大津圏","","2997","3251","20070401","254"
"02/18/2013 00:00:00","04/23/2013 00:00:00","False","Batch","02/16/2013 06:07:23","BATCH","04/24/2013 00:00:00","PVS_XP_2061","123","25","02","A","20130215","20130218","湖南圏","","2320","2572","20070401","252"
"02/18/2013 00:00:00","04/23/2013 00:00:00","False","Batch","02/16/2013 06:07:23","BATCH","04/24/2013 00:00:00","PVS_XP_2061","123","25","03","A","20130215","20130218","甲賀圏","","1237","1172","20070401","-65"
"02/18/2013 00:00:00","04/23/2013 00:00:00","False","Batch","02/16/2013 06:07:23","BATCH","04/24/2013 00:00:00","PVS_XP_2061","123","25","04","A","20130215","20130218","東近江圏","","1877","2340","20070401","463"
"02/18/2013 00:00:00","04/23/2013 00:00:00","False","Batch","02/16/2013 06:07:23","BATCH","04/24/2013 00:00:00","PVS_XP_2061","123","25","05","A","20130215","20130218","湖東圏","","1110","1181","20070401","71"
"02/18/2013 00:00:00","04/23/2013 00:00:00","False","Batch","02/16/2013 06:07:23","BATCH","04/24/2013 00:00:00","PVS_XP_2061","123","25","06","A","20130215","20130218","湖北圏","","1218","1337","20070401","119"
"02/18/2013 00:00:00","04/23/2013 00:00:00","False","Batch","02/16/2013 06:07:23","BATCH","04/24/2013 00:00:00","PVS_XP_2061","123","25","07","A","20130215","20130218","湖西圏","","391","451","20070401","60"
"02/18/2013 00:00:00","04/23/2013 00:00:00","False","Batch","02/16/2013 06:07:23","BATCH","04/24/2013 00:00:00","PVS_XP_2061","123","26","01","A","20130215","20130218","丹後圏","","1299","1103","20061001","-196"
"02/18/2013 00:00:00","04/23/2013 00:00:00","False","Batch","02/16/2013 06:07:23","BATCH","04/24/2013 00:00:00","PVS_XP_2061","123","26","02","A","20130215","20130218","中丹圏","","2546","2407","20061001","-139"
"02/18/2013 00:00:00","04/23/2013 00:00:00","False","Batch","02/16/2013 06:07:23","BATCH","04/24/2013 00:00:00","PVS_XP_2061","123","26","03","A","20130215","20130218","南丹圏","","1400","1328","20061001","-72"
"02/18/2013 00:00:00","04/23/2013 00:00:00","False","Batch","02/16/2013 06:07:23","BATCH","04/24/2013 00:00:00","PVS_XP_2061","123","26","04","A","20130215","20130218","京都・乙訓圏","","16357","20320","20061001","3963"
"02/18/2013 00:00:00","04/23/2013 00:00:00","False","Batch","02/16/2013 06:07:23","BATCH","04/24/2013 00:00:00","PVS_XP_2061","123","26","05","A","20130215","20130218","山城北圏","","3816","3683","20061001","-133"
"02/18/2013 00:00:00","04/23/2013 00:00:00","False","Batch","02/16/2013 06:07:23","BATCH","04/24/2013 00:00:00","PVS_XP_2061","123","26","06","A","20130215","20130218","山城南圏","","784","666","20061001","-118"
"02/18/2013 00:00:00","04/23/2013 00:00:00","False","Batch","02/16/2013 06:07:23","BATCH","04/24/2013 00:00:00","PVS_XP_2061","123","27","01","A","20130215","20130218","豊能圏","","7517","7981","20071001","464"
"02/18/2013 00:00:00","04/23/2013 00:00:00","False","Batch","02/16/2013 06:07:23","BATCH","04/24/2013 00:00:00","PVS_XP_2061","123","27","02","A","20130215","20130218","三島圏","","5474","6579","20071001","1105"
"02/18/2013 00:00:00","04/23/2013 00:00:00","False","Batch","02/16/2013 06:07:23","BATCH","04/24/2013 00:00:00","PVS_XP_2061","123","27","03","A","20130215","20130218","北河内圏","","7864","9810","20071001","1946"
"02/18/2013 00:00:00","04/23/2013 00:00:00","False","Batch","02/16/2013 06:07:23","BATCH","04/24/2013 00:00:00","PVS_XP_2061","123","27","04","A","20130215","20130218","中河内圏","","5418","6086","20071001","668"
"02/18/2013 00:00:00","04/23/2013 00:00:00","False","Batch","02/16/2013 06:07:23","BATCH","04/24/2013 00:00:00","PVS_XP_2061","123","27","05","A","20130215","20130218","南河内圏","","5591","6845","20071001","1254"
"02/18/2013 00:00:00","04/23/2013 00:00:00","False","Batch","02/16/2013 06:07:23","BATCH","04/24/2013 00:00:00","PVS_XP_2061","123","27","06","A","20130215","20130218","堺市圏","","8590","9661","20071001","1071"
"02/18/2013 00:00:00","04/23/2013 00:00:00","False","Batch","02/16/2013 06:07:23","BATCH","04/24/2013 00:00:00","PVS_XP_2061","123","27","07","A","20130215","20130218","泉州圏","","6985","8860","20071001","1875"
"02/18/2013 00:00:00","04/23/2013 00:00:00","False","Batch","02/16/2013 06:07:23","BATCH","04/24/2013 00:00:00","PVS_XP_2061","123","27","08","A","20130215","20130218","大阪市圏","","22148","33434","20071001","11286"
"05/26/2016 00:00:00","05/29/2018 00:00:00","False","Batch","05/25/2016 18:27:06","BATCH","05/30/2018 00:00:00","PVS_XP_2061","123","12","09","B","20160524","20160525","市原圏","","2077","2135","20160101","58"
"05/26/2016 00:00:00","05/29/2018 00:00:00","False","Batch","05/25/2016 18:27:06","BATCH","05/30/2018 00:00:00","PVS_XP_2061","123","12","08","B","20160524","20160525","君津圏","","2029","2472","20160101","443"
"05/26/2016 00:00:00","05/29/2018 00:00:00","False","Batch","05/25/2016 18:27:06","BATCH","05/30/2018 00:00:00","PVS_XP_2061","123","12","07","B","20160524","20160525","安房圏","","1577","2022","20160101","445"
"05/26/2016 00:00:00","05/29/2018 00:00:00","False","Batch","05/25/2016 18:27:06","BATCH","05/30/2018 00:00:00","PVS_XP_2061","123","12","06","B","20160524","20160525","山武長生夷隅圏","","3203","3603","20160101","400"
"05/26/2016 00:00:00","05/29/2018 00:00:00","False","Batch","05/25/2016 18:27:06","BATCH","05/30/2018 00:00:00","PVS_XP_2061","123","12","05","B","20160524","20160525","香取海匝圏","","2731","3209","20160101","478"
"05/26/2016 00:00:00","05/29/2018 00:00:00","False","Batch","05/25/2016 18:27:06","BATCH","05/30/2018 00:00:00","PVS_XP_2061","123","12","04","B","20160524","20160525","印旛圏","","5251","5679","20160101","428"
"02/18/2013 00:00:00","04/23/2013 00:00:00","False","Batch","02/16/2013 06:07:23","BATCH","04/24/2013 00:00:00","PVS_XP_2061","123","29","01","A","20130215","20130218","奈良圏","","3608","3350","20100409","-258"
"02/18/2013 00:00:00","04/23/2013 00:00:00","False","Batch","02/16/2013 06:07:23","BATCH","04/24/2013 00:00:00","PVS_XP_2061","123","29","02","A","20130215","20130218","東和圏","","2484","2713","20100409","229"
"02/18/2013 00:00:00","04/23/2013 00:00:00","False","Batch","02/16/2013 06:07:23","BATCH","04/24/2013 00:00:00","PVS_XP_2061","123","29","03","A","20130215","20130218","西和圏","","3275","3274","20100409","-1"
"02/18/2013 00:00:00","04/23/2013 00:00:00","False","Batch","02/16/2013 06:07:23","BATCH","04/24/2013 00:00:00","PVS_XP_2061","123","29","04","A","20130215","20130218","中和圏","","3495","3441","20100409","-54"
"02/18/2013 00:00:00","04/23/2013 00:00:00","False","Batch","02/16/2013 06:07:23","BATCH","04/24/2013 00:00:00","PVS_XP_2061","123","29","05","A","20130215","20130218","南和圏","","885","787","20100409","-98"
"02/18/2013 00:00:00","04/23/2013 00:00:00","False","Batch","02/16/2013 06:07:23","BATCH","04/24/2013 00:00:00","PVS_XP_2061","123","36","01","A","20130215","20130218","東部Ⅰ（徳島）","","4674","7263","20070331","2589"
"02/18/2013 00:00:00","04/23/2013 00:00:00","False","Batch","02/16/2013 06:07:23","BATCH","04/24/2013 00:00:00","PVS_XP_2061","123","36","02","A","20130215","20130218","東部Ⅱ（徳島）","","763","1357","20070331","594"
"02/18/2013 00:00:00","04/23/2013 00:00:00","False","Batch","02/16/2013 06:07:23","BATCH","04/24/2013 00:00:00","PVS_XP_2061","123","36","03","A","20130215","20130218","南部Ⅰ（徳島）","","1238","1870","20070331","632"
"02/18/2013 00:00:00","04/23/2013 00:00:00","False","Batch","02/16/2013 06:07:23","BATCH","04/24/2013 00:00:00","PVS_XP_2061","123","36","04","A","20130215","20130218","南部Ⅱ（徳島）","","88","227","20070331","139"
"02/18/2013 00:00:00","04/23/2013 00:00:00","False","Batch","02/16/2013 06:07:23","BATCH","04/24/2013 00:00:00","PVS_XP_2061","123","36","05","A","20130215","20130218","西部Ⅰ（徳島）","","182","651","20070331","469"
"02/18/2013 00:00:00","04/23/2013 00:00:00","False","Batch","02/16/2013 06:07:23","BATCH","04/24/2013 00:00:00","PVS_XP_2061","123","36","06","A","20130215","20130218","西部Ⅱ（徳島）","","409","768","20070331","359"
"09/28/2016 00:00:00","05/29/2018 00:00:00","False","Batch","09/27/2016 18:33:36","BATCH","05/30/2018 00:00:00","PVS_XP_2061","123","04","01","B","20160926","20160927","仙南圏","","1450","1326","20120930","-124"
"09/28/2016 00:00:00","05/29/2018 00:00:00","False","Batch","09/27/2016 18:33:36","BATCH","05/30/2018 00:00:00","PVS_XP_2061","123","04","02","B","20160926","20160927","仙台圏","","9878","12258","20120930","2380"
"09/28/2016 00:00:00","05/29/2018 00:00:00","False","Batch","09/27/2016 18:33:36","BATCH","05/30/2018 00:00:00","PVS_XP_2061","123","04","03","B","20160926","20160927","大崎・栗原圏","","2855","2402","20120930","-453"
"05/26/2016 00:00:00","05/29/2018 00:00:00","False","Batch","05/25/2016 18:27:06","BATCH","05/30/2018 00:00:00","PVS_XP_2061","123","12","03","B","20160524","20160525","東葛北部圏","","9999","9366","20160101","-633"
"05/26/2016 00:00:00","05/29/2018 00:00:00","False","Batch","05/25/2016 18:27:06","BATCH","05/30/2018 00:00:00","PVS_XP_2061","123","12","02","B","20160524","20160525","東葛南部圏","","11403","10876","20160101","-527"
"02/18/2013 00:00:00","04/23/2013 00:00:00","False","Batch","02/16/2013 06:07:23","BATCH","04/24/2013 00:00:00","PVS_XP_2061","123","37","01","A","20130215","20130218","大川圏","","505","879","20071231","374"
"02/18/2013 00:00:00","04/23/2013 00:00:00","False","Batch","02/16/2013 06:07:23","BATCH","04/24/2013 00:00:00","PVS_XP_2061","123","37","02","A","20130215","20130218","小豆圏","","237","405","20071231","168"
"02/18/2013 00:00:00","04/23/2013 00:00:00","False","Batch","02/16/2013 06:07:23","BATCH","04/24/2013 00:00:00","PVS_XP_2061","123","37","03","A","20130215","20130218","高松圏","","4634","5552","20071231","918"
"02/18/2013 00:00:00","04/23/2013 00:00:00","False","Batch","02/16/2013 06:07:23","BATCH","04/24/2013 00:00:00","PVS_XP_2061","123","37","04","A","20130215","20130218","中讃圏","","2926","3664","20071231","738"
"02/18/2013 00:00:00","04/23/2013 00:00:00","False","Batch","02/16/2013 06:07:23","BATCH","04/24/2013 00:00:00","PVS_XP_2061","123","37","05","A","20130215","20130218","三豊圏","","1176","2166","20071231","990"
"02/18/2013 00:00:00","04/23/2013 00:00:00","False","Batch","02/16/2013 06:07:23","BATCH","04/24/2013 00:00:00","PVS_XP_2061","123","38","01","A","20130215","20130218","宇摩圏","","661","1032","20080131","371"
"02/18/2013 00:00:00","04/23/2013 00:00:00","False","Batch","02/16/2013 06:07:23","BATCH","04/24/2013 00:00:00","PVS_XP_2061","123","38","02","A","20130215","20130218","新居浜・西条圏","","2643","3046","20080131","403"
"02/18/2013 00:00:00","04/23/2013 00:00:00","False","Batch","02/16/2013 06:07:23","BATCH","04/24/2013 00:00:00","PVS_XP_2061","123","38","03","A","20130215","20130218","今治圏","","1573","2248","20080131","675"
"02/18/2013 00:00:00","04/23/2013 00:00:00","False","Batch","02/16/2013 06:07:23","BATCH","04/24/2013 00:00:00","PVS_XP_2061","123","38","04","A","20130215","20130218","松山圏","","7876","8264","20080131","388"
"02/18/2013 00:00:00","04/23/2013 00:00:00","False","Batch","02/16/2013 06:07:23","BATCH","04/24/2013 00:00:00","PVS_XP_2061","123","38","05","A","20130215","20130218","八幡浜・大洲圏","","1582","2077","20080131","495"
"02/18/2013 00:00:00","04/23/2013 00:00:00","False","Batch","02/16/2013 06:07:23","BATCH","04/24/2013 00:00:00","PVS_XP_2061","123","38","06","A","20130215","20130218","宇和島圏","","1630","2023","20080131","393"
"02/18/2013 00:00:00","04/23/2013 00:00:00","False","Batch","02/16/2013 06:07:23","BATCH","04/24/2013 00:00:00","PVS_XP_2061","123","39","01","A","20130215","20130218","安芸圏","","509","580","20070930","71"
"02/18/2013 00:00:00","04/23/2013 00:00:00","False","Batch","02/16/2013 06:07:23","BATCH","04/24/2013 00:00:00","PVS_XP_2061","123","39","02","A","20130215","20130218","中央圏（高知）","","7145","11902","20070930","4757"
"02/18/2013 00:00:00","04/23/2013 00:00:00","False","Batch","02/16/2013 06:07:23","BATCH","04/24/2013 00:00:00","PVS_XP_2061","123","39","03","A","20130215","20130218","高幡圏","","707","808","20070930","101"
"02/18/2013 00:00:00","04/23/2013 00:00:00","False","Batch","02/16/2013 06:07:23","BATCH","04/24/2013 00:00:00","PVS_XP_2061","123","39","04","A","20130215","20130218","幡多圏","","1186","1679","20070930","493"
"02/18/2013 00:00:00","04/23/2013 00:00:00","False","Batch","02/16/2013 06:07:23","BATCH","04/24/2013 00:00:00","PVS_XP_2061","123","40","01","A","20130215","20130218","福岡・糸島圏","","15618","18823","20070801","3205"
"02/18/2013 00:00:00","04/23/2013 00:00:00","False","Batch","02/16/2013 06:07:23","BATCH","04/24/2013 00:00:00","PVS_XP_2061","123","40","02","A","20130215","20130218","糟屋圏","","2979","3346","20070801","367"
"02/18/2013 00:00:00","04/23/2013 00:00:00","False","Batch","02/16/2013 06:07:23","BATCH","04/24/2013 00:00:00","PVS_XP_2061","123","40","03","A","20130215","20130218","宗像圏","","1369","1598","20070801","229"
"02/18/2013 00:00:00","04/23/2013 00:00:00","False","Batch","02/16/2013 06:07:23","BATCH","04/24/2013 00:00:00","PVS_XP_2061","123","40","04","A","20130215","20130218","筑紫圏","","3247","3730","20070801","483"
"02/18/2013 00:00:00","04/23/2013 00:00:00","False","Batch","02/16/2013 06:07:23","BATCH","04/24/2013 00:00:00","PVS_XP_2061","123","40","05","A","20130215","20130218","朝倉圏","","538","1167","20070801","629"
"02/18/2013 00:00:00","04/23/2013 00:00:00","False","Batch","02/16/2013 06:07:23","BATCH","04/24/2013 00:00:00","PVS_XP_2061","123","40","06","A","20130215","20130218","久留米圏","","6047","7281","20070801","1234"
"02/18/2013 00:00:00","04/23/2013 00:00:00","False","Batch","02/16/2013 06:07:23","BATCH","04/24/2013 00:00:00","PVS_XP_2061","123","40","07","A","20130215","20130218","八女・筑後圏","","1523","1919","20070801","396"
"02/18/2013 00:00:00","04/23/2013 00:00:00","False","Batch","02/16/2013 06:07:23","BATCH","04/24/2013 00:00:00","PVS_XP_2061","123","40","08","A","20130215","20130218","有明圏","","2533","4140","20070801","1607"
"02/18/2013 00:00:00","04/23/2013 00:00:00","False","Batch","02/16/2013 06:07:23","BATCH","04/24/2013 00:00:00","PVS_XP_2061","123","40","09","A","20130215","20130218","飯塚圏","","1826","3062","20070801","1236"
"02/18/2013 00:00:00","04/23/2013 00:00:00","False","Batch","02/16/2013 06:07:23","BATCH","04/24/2013 00:00:00","PVS_XP_2061","123","40","10","A","20130215","20130218","直方・鞍手圏","","767","1303","20070801","536"
"02/18/2013 00:00:00","04/23/2013 00:00:00","False","Batch","02/16/2013 06:07:23","BATCH","04/24/2013 00:00:00","PVS_XP_2061","123","40","11","A","20130215","20130218","田川圏","","806","1397","20070801","591"
"02/18/2013 00:00:00","04/23/2013 00:00:00","False","Batch","02/16/2013 06:07:23","BATCH","04/24/2013 00:00:00","PVS_XP_2061","123","40","12","A","20130215","20130218","北九州圏","","12810","16566","20070801","3756"
"02/18/2013 00:00:00","04/23/2013 00:00:00","False","Batch","02/16/2013 06:07:23","BATCH","04/24/2013 00:00:00","PVS_XP_2061","123","40","13","A","20130215","20130218","京築圏","","1575","1992","20070801","417"
"02/18/2013 00:00:00","04/23/2013 00:00:00","False","Batch","02/16/2013 06:07:23","BATCH","04/24/2013 00:00:00","PVS_XP_2061","123","41","01","A","20130215","20130218","中部圏（佐賀）","","3945","4511","20080331","566"
"02/18/2013 00:00:00","04/23/2013 00:00:00","False","Batch","02/16/2013 06:07:23","BATCH","04/24/2013 00:00:00","PVS_XP_2061","123","41","02","A","20130215","20130218","東部圏（佐賀）","","1249","1419","20080331","170"
"02/18/2013 00:00:00","04/23/2013 00:00:00","False","Batch","02/16/2013 06:07:23","BATCH","04/24/2013 00:00:00","PVS_XP_2061","123","41","03","A","20130215","20130218","北部圏（佐賀）","","1416","1619","20080331","203"
"02/18/2013 00:00:00","04/23/2013 00:00:00","False","Batch","02/16/2013 06:07:23","BATCH","04/24/2013 00:00:00","PVS_XP_2061","123","41","04","A","20130215","20130218","西部圏（佐賀）","","972","1103","20080331","131"
"02/18/2013 00:00:00","04/23/2013 00:00:00","False","Batch","02/16/2013 06:07:23","BATCH","04/24/2013 00:00:00","PVS_XP_2061","123","41","05","A","20130215","20130218","南部圏（佐賀）","","2070","2433","20080331","363"
"02/18/2013 00:00:00","04/23/2013 00:00:00","False","Batch","02/16/2013 06:07:23","BATCH","04/24/2013 00:00:00","PVS_XP_2061","123","42","01","A","20130215","20130218","長崎圏","","6477","7814","20100930","1337"
"02/18/2013 00:00:00","04/23/2013 00:00:00","False","Batch","02/16/2013 06:07:23","BATCH","04/24/2013 00:00:00","PVS_XP_2061","123","42","02","A","20130215","20130218","佐世保県北圏","","4213","4646","20100930","433"
"02/18/2013 00:00:00","04/23/2013 00:00:00","False","Batch","02/16/2013 06:07:23","BATCH","04/24/2013 00:00:00","PVS_XP_2061","123","42","03","A","20130215","20130218","県央圏（長崎）","","3410","3424","20100930","14"
"02/18/2013 00:00:00","04/23/2013 00:00:00","False","Batch","02/16/2013 06:07:23","BATCH","04/24/2013 00:00:00","PVS_XP_2061","123","42","04","A","20130215","20130218","県南圏（長崎）","","1455","1743","20100930","288"
"02/18/2013 00:00:00","04/23/2013 00:00:00","False","Batch","02/16/2013 06:07:23","BATCH","04/24/2013 00:00:00","PVS_XP_2061","123","42","05","A","20130215","20130218","五島圏","","477","508","20100930","31"
"02/18/2013 00:00:00","04/23/2013 00:00:00","False","Batch","02/16/2013 06:07:23","BATCH","04/24/2013 00:00:00","PVS_XP_2061","123","42","06","A","20130215","20130218","上五島圏","","233","244","20100930","11"
"02/18/2013 00:00:00","04/23/2013 00:00:00","False","Batch","02/16/2013 06:07:23","BATCH","04/24/2013 00:00:00","PVS_XP_2061","123","42","07","A","20130215","20130218","壱岐圏","","319","480","20100930","161"
"02/18/2013 00:00:00","04/23/2013 00:00:00","False","Batch","02/16/2013 06:07:23","BATCH","04/24/2013 00:00:00","PVS_XP_2061","123","42","08","A","20130215","20130218","対馬圏","","288","365","20100930","77"
"02/18/2013 00:00:00","04/23/2013 00:00:00","False","Batch","02/16/2013 06:07:23","BATCH","04/24/2013 00:00:00","PVS_XP_2061","123","43","01","A","20130215","20130218","熊本圏","","10415","12601","20090401","2186"
"02/18/2013 00:00:00","04/23/2013 00:00:00","False","Batch","02/16/2013 06:07:23","BATCH","04/24/2013 00:00:00","PVS_XP_2061","123","43","02","A","20130215","20130218","宇城圏","","819","1251","20090401","432"
"02/18/2013 00:00:00","04/23/2013 00:00:00","False","Batch","02/16/2013 06:07:23","BATCH","04/24/2013 00:00:00","PVS_XP_2061","123","43","03","A","20130215","20130218","有明圏","","1380","1729","20090401","349"
"02/18/2013 00:00:00","04/23/2013 00:00:00","False","Batch","02/16/2013 06:07:23","BATCH","04/24/2013 00:00:00","PVS_XP_2061","123","43","04","A","20130215","20130218","鹿本圏","","583","620","20090401","37"
"02/18/2013 00:00:00","04/23/2013 00:00:00","False","Batch","02/16/2013 06:07:23","BATCH","04/24/2013 00:00:00","PVS_XP_2061","123","43","05","A","20130215","20130218","菊池圏","","1423","1777","20090401","354"
"02/18/2013 00:00:00","04/23/2013 00:00:00","False","Batch","02/16/2013 06:07:23","BATCH","04/24/2013 00:00:00","PVS_XP_2061","123","43","06","A","20130215","20130218","阿蘇圏","","313","757","20090401","444"
"02/18/2013 00:00:00","04/23/2013 00:00:00","False","Batch","02/16/2013 06:07:23","BATCH","04/24/2013 00:00:00","PVS_XP_2061","123","43","07","A","20130215","20130218","上益城圏","","474","924","20090401","450"
"02/18/2013 00:00:00","04/23/2013 00:00:00","False","Batch","02/16/2013 06:07:23","BATCH","04/24/2013 00:00:00","PVS_XP_2061","123","43","08","A","20130215","20130218","八代圏","","1358","2087","20090401","729"
"02/18/2013 00:00:00","04/23/2013 00:00:00","False","Batch","02/16/2013 06:07:23","BATCH","04/24/2013 00:00:00","PVS_XP_2061","123","43","09","A","20130215","20130218","芦北圏","","701","1042","20090401","341"
"02/18/2013 00:00:00","04/23/2013 00:00:00","False","Batch","02/16/2013 06:07:23","BATCH","04/24/2013 00:00:00","PVS_XP_2061","123","43","10","A","20130215","20130218","球磨圏","","966","1294","20090401","328"
"02/18/2013 00:00:00","04/23/2013 00:00:00","False","Batch","02/16/2013 06:07:23","BATCH","04/24/2013 00:00:00","PVS_XP_2061","123","43","11","A","20130215","20130218","天草圏","","1284","2141","20090401","857"
"02/18/2013 00:00:00","04/23/2013 00:00:00","False","Batch","02/16/2013 06:07:23","BATCH","04/24/2013 00:00:00","PVS_XP_2061","123","44","01","A","20130215","20130218","東部圏（大分）","","3329","3770","20080201","441"
"02/18/2013 00:00:00","04/23/2013 00:00:00","False","Batch","02/16/2013 06:07:23","BATCH","04/24/2013 00:00:00","PVS_XP_2061","123","44","02","A","20130215","20130218","中部圏（大分）","","6334","6634","20080201","300"
"04/24/2013 00:00:00","11/27/2017 00:00:00","False","Batch","04/23/2013 18:40:28","BATCH","11/28/2017 00:00:00","PVS_XP_2061","123","08","06","B","20130422","20130423","つくば圏","","2542","3352","20130201","810"
"04/24/2013 00:00:00","11/27/2017 00:00:00","False","Batch","04/23/2013 18:40:28","BATCH","11/28/2017 00:00:00","PVS_XP_2061","123","08","07","B","20130422","20130423","取手・竜ケ崎圏","","3135","3861","20130201","726"
"04/24/2013 00:00:00","11/27/2017 00:00:00","False","Batch","04/23/2013 18:40:28","BATCH","11/28/2017 00:00:00","PVS_XP_2061","123","08","08","B","20130422","20130423","筑西・下妻圏","","1308","2134","20130201","826"
"04/24/2013 00:00:00","11/27/2017 00:00:00","False","Batch","04/23/2013 18:40:28","BATCH","11/28/2017 00:00:00","PVS_XP_2061","123","08","09","B","20130422","20130423","古河・坂東圏","","1234","1524","20130201","290"
"04/24/2013 00:00:00","11/27/2017 00:00:00","False","Batch","04/23/2013 18:40:28","BATCH","11/28/2017 00:00:00","PVS_XP_2061","123","20","01","B","20130422","20130423","佐久圏","","2077","2208","20120901","131"
"02/18/2013 00:00:00","04/23/2013 00:00:00","False","Batch","02/16/2013 06:07:23","BATCH","04/24/2013 00:00:00","PVS_XP_2061","123","44","03","A","20130215","20130218","南部圏（大分）","","663","1071","20080201","408"
"02/18/2013 00:00:00","04/23/2013 00:00:00","False","Batch","02/16/2013 06:07:23","BATCH","04/24/2013 00:00:00","PVS_XP_2061","123","44","04","A","20130215","20130218","豊肥圏","","418","882","20080201","464"
"02/18/2013 00:00:00","04/23/2013 00:00:00","False","Batch","02/16/2013 06:07:23","BATCH","04/24/2013 00:00:00","PVS_XP_2061","123","44","05","A","20130215","20130218","西部圏（大分）","","737","1096","20080201","359"
"02/18/2013 00:00:00","04/23/2013 00:00:00","False","Batch","02/16/2013 06:07:23","BATCH","04/24/2013 00:00:00","PVS_XP_2061","123","44","06","A","20130215","20130218","北部圏（大分）","","1615","2036","20080201","421"
"02/18/2013 00:00:00","04/23/2013 00:00:00","False","Batch","02/16/2013 06:07:23","BATCH","04/24/2013 00:00:00","PVS_XP_2061","123","45","01","A","20130215","20130218","宮崎東諸県圏","","4887","5524","20080229","637"
"02/18/2013 00:00:00","04/23/2013 00:00:00","False","Batch","02/16/2013 06:07:23","BATCH","04/24/2013 00:00:00","PVS_XP_2061","123","45","02","A","20130215","20130218","都城北諸県圏","","2443","2535","20080229","92"
"02/18/2013 00:00:00","04/23/2013 00:00:00","False","Batch","02/16/2013 06:07:23","BATCH","04/24/2013 00:00:00","PVS_XP_2061","123","45","03","A","20130215","20130218","宮崎県北部圏","","1504","1915","20080229","411"
"02/18/2013 00:00:00","04/23/2013 00:00:00","False","Batch","02/16/2013 06:07:23","BATCH","04/24/2013 00:00:00","PVS_XP_2061","123","45","04","A","20130215","20130218","日南・串間圏","","627","1196","20080229","569"
"02/18/2013 00:00:00","04/23/2013 00:00:00","False","Batch","02/16/2013 06:07:23","BATCH","04/24/2013 00:00:00","PVS_XP_2061","123","45","05","A","20130215","20130218","西諸圏","","794","1133","20080229","339"
"02/18/2013 00:00:00","04/23/2013 00:00:00","False","Batch","02/16/2013 06:07:23","BATCH","04/24/2013 00:00:00","PVS_XP_2061","123","45","06","A","20130215","20130218","西都児湯圏","","762","1152","20080229","390"
"02/18/2013 00:00:00","04/23/2013 00:00:00","False","Batch","02/16/2013 06:07:23","BATCH","04/24/2013 00:00:00","PVS_XP_2061","123","45","07","A","20130215","20130218","日向入郷圏","","718","1041","20080229","323"
"02/18/2013 00:00:00","04/23/2013 00:00:00","False","Batch","02/16/2013 06:07:23","BATCH","04/24/2013 00:00:00","PVS_XP_2061","123","46","01","A","20130215","20130218","鹿児島圏","","9143","11040","20080101","1897"
"02/18/2013 00:00:00","04/23/2013 00:00:00","False","Batch","02/16/2013 06:07:23","BATCH","04/24/2013 00:00:00","PVS_XP_2061","123","46","02","A","20130215","20130218","南薩圏","","1453","2546","20080101","1093"
"02/18/2013 00:00:00","04/23/2013 00:00:00","False","Batch","02/16/2013 06:07:23","BATCH","04/24/2013 00:00:00","PVS_XP_2061","123","46","03","A","20130215","20130218","川薩圏","","1052","1662","20080101","610"
"02/18/2013 00:00:00","04/23/2013 00:00:00","False","Batch","02/16/2013 06:07:23","BATCH","04/24/2013 00:00:00","PVS_XP_2061","123","46","04","A","20130215","20130218","出水圏","","940","1117","20080101","177"
"02/18/2013 00:00:00","04/23/2013 00:00:00","False","Batch","02/16/2013 06:07:23","BATCH","04/24/2013 00:00:00","PVS_XP_2061","123","46","05","A","20130215","20130218","姶良・伊佐圏","","2688","3531","20080101","843"
"02/18/2013 00:00:00","04/23/2013 00:00:00","False","Batch","02/16/2013 06:07:23","BATCH","04/24/2013 00:00:00","PVS_XP_2061","123","46","06","A","20130215","20130218","曽於圏","","482","1019","20080101","537"
"02/18/2013 00:00:00","04/23/2013 00:00:00","False","Batch","02/16/2013 06:07:23","BATCH","04/24/2013 00:00:00","PVS_XP_2061","123","46","07","A","20130215","20130218","肝属圏","","1732","2182","20080101","450"
"02/18/2013 00:00:00","04/23/2013 00:00:00","False","Batch","02/16/2013 06:07:23","BATCH","04/24/2013 00:00:00","PVS_XP_2061","123","46","08","A","20130215","20130218","熊毛圏","","207","483","20080101","276"
"02/18/2013 00:00:00","04/23/2013 00:00:00","False","Batch","02/16/2013 06:07:23","BATCH","04/24/2013 00:00:00","PVS_XP_2061","123","46","09","A","20130215","20130218","奄美圏","","978","1775","20080101","797"
"02/18/2013 00:00:00","04/23/2013 00:00:00","False","Batch","02/16/2013 06:07:23","BATCH","04/24/2013 00:00:00","PVS_XP_2061","123","47","01","A","20130215","20130218","北部圏（沖縄）","","608","1044","20070331","436"
"02/18/2013 00:00:00","04/23/2013 00:00:00","False","Batch","02/16/2013 06:07:23","BATCH","04/24/2013 00:00:00","PVS_XP_2061","123","47","02","A","20130215","20130218","中部圏（沖縄）","","3143","3784","20070331","641"
"02/18/2013 00:00:00","04/23/2013 00:00:00","False","Batch","02/16/2013 06:07:23","BATCH","04/24/2013 00:00:00","PVS_XP_2061","123","47","03","A","20130215","20130218","南部圏（沖縄）","","5404","6736","20070331","1332"
"02/18/2013 00:00:00","04/23/2013 00:00:00","False","Batch","02/16/2013 06:07:23","BATCH","04/24/2013 00:00:00","PVS_XP_2061","123","47","04","A","20130215","20130218","宮古圏","","463","585","20070331","122"
"02/18/2013 00:00:00","04/23/2013 00:00:00","False","Batch","02/16/2013 06:07:23","BATCH","04/24/2013 00:00:00","PVS_XP_2061","123","47","05","A","20130215","20130218","八重山圏","","243","446","20070331","203"
"05/26/2016 00:00:00","05/29/2018 00:00:00","False","Batch","05/25/2016 18:27:06","BATCH","05/30/2018 00:00:00","PVS_XP_2061","123","12","01","B","20160524","20160525","千葉圏","","7629","7495","20160101","-134"
"05/26/2016 00:00:00","05/29/2018 00:00:00","False","Batch","05/25/2016 18:27:06","BATCH","05/30/2018 00:00:00","PVS_XP_2061","123","02","06","B","20160524","20160525","下北地域圏","","395","563","20130101","168"
"05/26/2016 00:00:00","05/29/2018 00:00:00","False","Batch","05/25/2016 18:27:06","BATCH","05/30/2018 00:00:00","PVS_XP_2061","123","02","05","B","20160524","20160525","上十三地域圏","","939","1199","20130101","260"
"05/26/2016 00:00:00","05/29/2018 00:00:00","False","Batch","05/25/2016 18:27:06","BATCH","05/30/2018 00:00:00","PVS_XP_2061","123","02","04","B","20160524","20160525","西北五地域圏","","755","1243","20130101","488"
"05/26/2016 00:00:00","05/29/2018 00:00:00","False","Batch","05/25/2016 18:27:06","BATCH","05/30/2018 00:00:00","PVS_XP_2061","123","02","03","B","20160524","20160525","青森地域圏","","3042","3172","20130101","130"
"05/26/2016 00:00:00","05/29/2018 00:00:00","False","Batch","05/25/2016 18:27:06","BATCH","05/30/2018 00:00:00","PVS_XP_2061","123","02","02","B","20160524","20160525","八戸地域圏","","3164","3156","20130101","-8"
"05/26/2016 00:00:00","05/29/2018 00:00:00","False","Batch","05/25/2016 18:27:06","BATCH","05/30/2018 00:00:00","PVS_XP_2061","123","02","01","B","20160524","20160525","津軽地域圏","","3025","3708","20130101","683"
"09/28/2016 00:00:00","05/29/2018 00:00:00","False","Batch","09/27/2016 18:33:36","BATCH","05/30/2018 00:00:00","PVS_XP_2061","123","04","04","B","20160926","20160927","石巻・登米・気仙沼圏","","2991","2590","20120930","-401"
"05/26/2017 00:00:00","05/29/2018 00:00:00","False","Batch","05/25/2017 18:35:49","BATCH","05/30/2018 00:00:00","PVS_XP_2061","123","11","01","B","20170524","20170525","南部圏（埼玉）","","4609","4355","20140331","-254"
"05/26/2017 00:00:00","05/29/2018 00:00:00","False","Batch","05/25/2017 18:35:49","BATCH","05/30/2018 00:00:00","PVS_XP_2061","123","11","02","B","20170524","20170525","南西部圏（埼玉）","","4376","4376","20140331","0"
"05/26/2017 00:00:00","05/29/2018 00:00:00","False","Batch","05/25/2017 18:35:49","BATCH","05/30/2018 00:00:00","PVS_XP_2061","123","11","03","B","20170524","20170525","東部圏（埼玉）","","7680","7667","20140331","-13"
"05/26/2017 00:00:00","05/29/2018 00:00:00","False","Batch","05/25/2017 18:35:49","BATCH","05/30/2018 00:00:00","PVS_XP_2061","123","11","04","B","20170524","20170525","さいたま圏","","7402","6976","20140331","-426"
"05/26/2017 00:00:00","05/29/2018 00:00:00","False","Batch","05/25/2017 18:35:49","BATCH","05/30/2018 00:00:00","PVS_XP_2061","123","11","05","B","20170524","20170525","県央圏（埼玉）","","3300","3288","20140331","-12"
"05/26/2017 00:00:00","05/29/2018 00:00:00","False","Batch","05/25/2017 18:35:49","BATCH","05/30/2018 00:00:00","PVS_XP_2061","123","11","06","B","20170524","20170525","川越比企圏","","6336","6781","20140331","445"
"05/26/2017 00:00:00","05/29/2018 00:00:00","False","Batch","05/25/2017 18:35:49","BATCH","05/30/2018 00:00:00","PVS_XP_2061","123","11","07","B","20170524","20170525","西部圏（埼玉）","","7567","7550","20140331","-17"
"05/26/2017 00:00:00","05/29/2018 00:00:00","False","Batch","05/25/2017 18:35:49","BATCH","05/30/2018 00:00:00","PVS_XP_2061","123","11","08","B","20170524","20170525","利根圏","","3445","4164","20140331","719"
"04/24/2013 00:00:00","09/27/2016 00:00:00","False","Batch","04/23/2013 18:40:28","BATCH","09/28/2016 00:00:00","PVS_XP_2061","123","04","01","B","20130422","20130423","仙南圏","","1450","1326","20120930","-124"
"04/24/2013 00:00:00","09/27/2016 00:00:00","False","Batch","04/23/2013 18:40:28","BATCH","09/28/2016 00:00:00","PVS_XP_2061","123","04","02","B","20130422","20130423","仙台圏","","9878","12258","20120930","2380"
"04/24/2013 00:00:00","09/27/2016 00:00:00","False","Batch","04/23/2013 18:40:28","BATCH","09/28/2016 00:00:00","PVS_XP_2061","123","04","03","B","20130422","20130423","大崎・栗原圏","","2855","2402","20120930","-453"
"04/24/2013 00:00:00","12/31/9999 00:00:00","False","Batch","04/23/2013 18:40:28","BATCH","04/24/2013 00:00:00","PVS_XP_2061","123","04","05","C","20130422","20130423","登米圏","","766","603","20070930","-163"
"04/24/2013 00:00:00","12/31/9999 00:00:00","False","Batch","04/23/2013 18:40:28","BATCH","04/24/2013 00:00:00","PVS_XP_2061","123","04","06","C","20130422","20130423","石巻圏","","1619","1597","20070930","-22"
"04/24/2013 00:00:00","12/31/9999 00:00:00","False","Batch","04/23/2013 18:40:28","BATCH","04/24/2013 00:00:00","PVS_XP_2061","123","04","07","C","20130422","20130423","気仙沼圏","","801","805","20070930","4"
"04/24/2013 00:00:00","09/27/2016 00:00:00","False","Batch","04/23/2013 18:40:28","BATCH","09/28/2016 00:00:00","PVS_XP_2061","123","04","04","B","20130422","20130423","石巻・登米・気仙沼圏","","2991","2590","20120930","-401"
"04/24/2013 00:00:00","12/24/2015 00:00:00","False","Batch","04/23/2013 18:40:28","BATCH","12/25/2015 00:00:00","PVS_XP_2061","123","05","02","B","20130422","20130423","北秋田圏","","254","272","20120331","18"
"04/24/2013 00:00:00","12/24/2015 00:00:00","False","Batch","04/23/2013 18:40:28","BATCH","12/25/2015 00:00:00","PVS_XP_2061","123","05","03","B","20130422","20130423","能代・山本圏","","807","1220","20120331","413"
"04/24/2013 00:00:00","12/24/2015 00:00:00","False","Batch","04/23/2013 18:40:28","BATCH","12/25/2015 00:00:00","PVS_XP_2061","123","05","04","B","20130422","20130423","秋田周辺圏","","3364","4496","20120331","1132"
"04/24/2013 00:00:00","12/24/2015 00:00:00","False","Batch","04/23/2013 18:40:28","BATCH","12/25/2015 00:00:00","PVS_XP_2061","123","05","05","B","20130422","20130423","由利本荘・にかほ圏","","881","1253","20120331","372"
"04/24/2013 00:00:00","12/24/2015 00:00:00","False","Batch","04/23/2013 18:40:28","BATCH","12/25/2015 00:00:00","PVS_XP_2061","123","05","06","B","20130422","20130423","大仙・仙北圏","","1035","1196","20120331","161"
"04/24/2013 00:00:00","12/24/2015 00:00:00","False","Batch","04/23/2013 18:40:28","BATCH","12/25/2015 00:00:00","PVS_XP_2061","123","05","07","B","20130422","20130423","横手圏","","1024","961","20120331","-63"
"04/24/2013 00:00:00","12/24/2015 00:00:00","False","Batch","04/23/2013 18:40:28","BATCH","12/25/2015 00:00:00","PVS_XP_2061","123","05","08","B","20130422","20130423","湯沢・雄勝圏","","525","683","20120331","158"
"05/26/2017 00:00:00","05/29/2018 00:00:00","False","Batch","05/25/2017 18:35:49","BATCH","05/30/2018 00:00:00","PVS_XP_2061","123","11","09","B","20170524","20170525","北部圏（埼玉）","","3550","3567","20140331","17"
"05/26/2017 00:00:00","05/29/2018 00:00:00","False","Batch","05/25/2017 18:35:49","BATCH","05/30/2018 00:00:00","PVS_XP_2061","123","11","10","B","20170524","20170525","秩父圏","","578","757","20140331","179"
"05/26/2017 00:00:00","05/29/2018 00:00:00","False","Batch","05/25/2017 18:35:49","BATCH","05/30/2018 00:00:00","PVS_XP_2061","123","47","01","B","20170524","20170525","北部圏（沖縄）","","661","1063","20161201","402"
"05/26/2017 00:00:00","05/29/2018 00:00:00","False","Batch","05/25/2017 18:35:49","BATCH","05/30/2018 00:00:00","PVS_XP_2061","123","47","02","B","20170524","20170525","中部圏（沖縄）","","3913","3861","20161201","-52"
"05/26/2017 00:00:00","05/29/2018 00:00:00","False","Batch","05/25/2017 18:35:49","BATCH","05/30/2018 00:00:00","PVS_XP_2061","123","47","03","B","20170524","20170525","南部圏（沖縄）","","6512","6659","20161201","147"
"05/26/2017 00:00:00","05/29/2018 00:00:00","False","Batch","05/25/2017 18:35:49","BATCH","05/30/2018 00:00:00","PVS_XP_2061","123","47","04","B","20170524","20170525","宮古圏","","513","586","20161201","73"
"05/26/2017 00:00:00","05/29/2018 00:00:00","False","Batch","05/25/2017 18:35:49","BATCH","05/30/2018 00:00:00","PVS_XP_2061","123","47","05","B","20170524","20170525","八重山圏","","356","453","20161201","97"
"11/28/2017 00:00:00","05/29/2018 00:00:00","False","Batch","11/27/2017 18:32:41","BATCH","05/30/2018 00:00:00","PVS_XP_2061","123","20","01","B","20171124","20171127","佐久圏","","2077","2236","20130201","159"
"11/28/2017 00:00:00","05/29/2018 00:00:00","False","Batch","11/27/2017 18:32:41","BATCH","05/30/2018 00:00:00","PVS_XP_2061","123","20","02","B","20171124","20171127","上小圏","","1580","2146","20130201","566"
"11/28/2017 00:00:00","05/29/2018 00:00:00","False","Batch","11/27/2017 18:32:41","BATCH","05/30/2018 00:00:00","PVS_XP_2061","123","20","03","B","20171124","20171127","諏訪圏","","1701","1659","20130201","-42"
"11/28/2017 00:00:00","05/29/2018 00:00:00","False","Batch","11/27/2017 18:32:41","BATCH","05/30/2018 00:00:00","PVS_XP_2061","123","20","04","B","20171124","20171127","上伊那圏","","1249","1292","20130201","43"
"11/28/2017 00:00:00","05/29/2018 00:00:00","False","Batch","11/27/2017 18:32:41","BATCH","05/30/2018 00:00:00","PVS_XP_2061","123","20","05","B","20171124","20171127","飯伊圏","","1456","1550","20130201","94"
"11/28/2017 00:00:00","05/29/2018 00:00:00","False","Batch","11/27/2017 18:32:41","BATCH","05/30/2018 00:00:00","PVS_XP_2061","123","20","06","B","20171124","20171127","木曽圏","","218","255","20130201","37"
"11/28/2017 00:00:00","05/29/2018 00:00:00","False","Batch","11/27/2017 18:32:41","BATCH","05/30/2018 00:00:00","PVS_XP_2061","123","20","07","B","20171124","20171127","松本圏","","3902","3877","20130201","-25"
"02/18/2013 00:00:00","05/28/2013 00:00:00","False","Batch","02/16/2013 06:07:23","BATCH","05/29/2013 00:00:00","PVS_XP_2061","123","30","01","A","20130215","20130218","和歌山圏","","4958","5902","20080131","944"
"02/18/2013 00:00:00","05/28/2013 00:00:00","False","Batch","02/16/2013 06:07:23","BATCH","05/29/2013 00:00:00","PVS_XP_2061","123","30","02","A","20130215","20130218","那賀圏","","527","885","20080131","358"
"02/18/2013 00:00:00","05/28/2013 00:00:00","False","Batch","02/16/2013 06:07:23","BATCH","05/29/2013 00:00:00","PVS_XP_2061","123","30","03","A","20130215","20130218","橋本圏","","734","938","20080131","204"
"02/18/2013 00:00:00","05/28/2013 00:00:00","False","Batch","02/16/2013 06:07:23","BATCH","05/29/2013 00:00:00","PVS_XP_2061","123","30","04","A","20130215","20130218","有田圏","","501","720","20080131","219"
"02/18/2013 00:00:00","05/28/2013 00:00:00","False","Batch","02/16/2013 06:07:23","BATCH","05/29/2013 00:00:00","PVS_XP_2061","123","30","05","A","20130215","20130218","御坊圏","","601","808","20080131","207"
"02/18/2013 00:00:00","05/28/2013 00:00:00","False","Batch","02/16/2013 06:07:23","BATCH","05/29/2013 00:00:00","PVS_XP_2061","123","30","06","A","20130215","20130218","田辺圏","","1192","1585","20080131","393"
"02/18/2013 00:00:00","05/28/2013 00:00:00","False","Batch","02/16/2013 06:07:23","BATCH","05/29/2013 00:00:00","PVS_XP_2061","123","30","07","A","20130215","20130218","新宮圏","","754","994","20080131","240"
"02/18/2013 00:00:00","05/28/2013 00:00:00","False","Batch","02/16/2013 06:07:23","BATCH","05/29/2013 00:00:00","PVS_XP_2061","123","31","01","A","20130215","20130218","東部圏（鳥取）","","2667","2850","20080401","183"
"02/18/2013 00:00:00","05/28/2013 00:00:00","False","Batch","02/16/2013 06:07:23","BATCH","05/29/2013 00:00:00","PVS_XP_2061","123","31","02","A","20130215","20130218","中部圏（鳥取）","","1117","1399","20080401","282"
"02/18/2013 00:00:00","05/28/2013 00:00:00","False","Batch","02/16/2013 06:07:23","BATCH","05/29/2013 00:00:00","PVS_XP_2061","123","31","03","A","20130215","20130218","西部圏（鳥取）","","2367","3057","20080401","690"
"02/18/2013 00:00:00","05/28/2013 00:00:00","False","Batch","02/16/2013 06:07:23","BATCH","05/29/2013 00:00:00","PVS_XP_2061","123","32","01","A","20130215","20130218","松江圏","","3348","3164","20080201","-184"
"02/18/2013 00:00:00","05/28/2013 00:00:00","False","Batch","02/16/2013 06:07:23","BATCH","05/29/2013 00:00:00","PVS_XP_2061","123","32","02","A","20130215","20130218","雲南圏","","585","621","20080201","36"
"02/18/2013 00:00:00","05/28/2013 00:00:00","False","Batch","02/16/2013 06:07:23","BATCH","05/29/2013 00:00:00","PVS_XP_2061","123","32","03","A","20130215","20130218","出雲圏","","2297","2396","20080201","99"
"02/18/2013 00:00:00","05/28/2013 00:00:00","False","Batch","02/16/2013 06:07:23","BATCH","05/29/2013 00:00:00","PVS_XP_2061","123","32","04","A","20130215","20130218","大田圏","","649","672","20080201","23"
"02/18/2013 00:00:00","05/28/2013 00:00:00","False","Batch","02/16/2013 06:07:23","BATCH","05/29/2013 00:00:00","PVS_XP_2061","123","32","05","A","20130215","20130218","浜田圏","","1068","1081","20080201","13"
"02/18/2013 00:00:00","05/28/2013 00:00:00","False","Batch","02/16/2013 06:07:23","BATCH","05/29/2013 00:00:00","PVS_XP_2061","123","32","06","A","20130215","20130218","益田圏","","991","1098","20080201","107"
"02/18/2013 00:00:00","05/28/2013 00:00:00","False","Batch","02/16/2013 06:07:23","BATCH","05/29/2013 00:00:00","PVS_XP_2061","123","32","07","A","20130215","20130218","隠岐圏","","137","154","20080201","17"
"11/28/2017 00:00:00","05/29/2018 00:00:00","False","Batch","11/27/2017 18:32:41","BATCH","05/30/2018 00:00:00","PVS_XP_2061","123","20","08","B","20171124","20171127","大北圏","","316","512","20130201","196"
"11/28/2017 00:00:00","05/29/2018 00:00:00","False","Batch","11/27/2017 18:32:41","BATCH","05/30/2018 00:00:00","PVS_XP_2061","123","20","09","B","20171124","20171127","長野圏","","4672","4753","20130201","81"
"11/28/2017 00:00:00","05/29/2018 00:00:00","False","Batch","11/27/2017 18:32:41","BATCH","05/30/2018 00:00:00","PVS_XP_2061","123","20","10","B","20171124","20171127","北信圏","","630","787","20130201","157"
"11/28/2017 00:00:00","05/29/2018 00:00:00","False","Batch","11/27/2017 18:32:41","BATCH","05/30/2018 00:00:00","PVS_XP_2061","123","37","01","B","20171124","20171127","大川圏","","361","816","20140601","455"
"11/28/2017 00:00:00","05/29/2018 00:00:00","False","Batch","11/27/2017 18:32:41","BATCH","05/30/2018 00:00:00","PVS_XP_2061","123","37","02","B","20171124","20171127","小豆圏","","198","395","20140601","197"
"11/28/2017 00:00:00","05/29/2018 00:00:00","False","Batch","11/27/2017 18:32:41","BATCH","05/30/2018 00:00:00","PVS_XP_2061","123","37","03","B","20171124","20171127","高松圏","","4761","5335","20140601","574"
"11/28/2017 00:00:00","05/29/2018 00:00:00","False","Batch","11/27/2017 18:32:41","BATCH","05/30/2018 00:00:00","PVS_XP_2061","123","37","04","B","20171124","20171127","中讃圏","","2620","3495","20140601","875"
"11/28/2017 00:00:00","05/29/2018 00:00:00","False","Batch","11/27/2017 18:32:41","BATCH","05/30/2018 00:00:00","PVS_XP_2061","123","37","05","B","20171124","20171127","三豊圏","","946","1737","20140601","791"
"02/18/2013 00:00:00","06/26/2013 00:00:00","False","Batch","02/16/2013 06:07:23","BATCH","06/27/2013 00:00:00","PVS_XP_2061","123","35","01","A","20130215","20130218","岩国圏","","1420","1869","20051201","449"
"02/18/2013 00:00:00","06/26/2013 00:00:00","False","Batch","02/16/2013 06:07:23","BATCH","06/27/2013 00:00:00","PVS_XP_2061","123","35","02","A","20130215","20130218","柳井圏","","1546","1895","20051201","349"
"02/18/2013 00:00:00","06/26/2013 00:00:00","False","Batch","02/16/2013 06:07:23","BATCH","06/27/2013 00:00:00","PVS_XP_2061","123","35","03","A","20130215","20130218","周南圏","","2685","3100","20051201","415"
"02/18/2013 00:00:00","06/26/2013 00:00:00","False","Batch","02/16/2013 06:07:23","BATCH","06/27/2013 00:00:00","PVS_XP_2061","123","35","04","A","20130215","20130218","山口・防府圏","","3159","3999","20051201","840"
"02/18/2013 00:00:00","06/26/2013 00:00:00","False","Batch","02/16/2013 06:07:23","BATCH","06/27/2013 00:00:00","PVS_XP_2061","123","35","05","A","20130215","20130218","宇部・小野田圏","","3867","4821","20051201","954"
"02/18/2013 00:00:00","06/26/2013 00:00:00","False","Batch","02/16/2013 06:07:23","BATCH","06/27/2013 00:00:00","PVS_XP_2061","123","35","06","A","20130215","20130218","下関圏","","3420","4819","20051201","1399"
"02/18/2013 00:00:00","06/26/2013 00:00:00","False","Batch","02/16/2013 06:07:23","BATCH","06/27/2013 00:00:00","PVS_XP_2061","123","35","07","A","20130215","20130218","長門圏","","420","705","20051201","285"
"02/18/2013 00:00:00","06/26/2013 00:00:00","False","Batch","02/16/2013 06:07:23","BATCH","06/27/2013 00:00:00","PVS_XP_2061","123","35","08","A","20130215","20130218","萩圏","","517","920","20051201","403"
"04/24/2013 00:00:00","05/29/2018 00:00:00","False","Batch","04/23/2013 18:40:28","BATCH","05/30/2018 00:00:00","PVS_XP_2061","123","38","04","B","20130422","20130423","松山圏","","8113","8159","20130131","46"
"04/24/2013 00:00:00","05/29/2018 00:00:00","False","Batch","04/23/2013 18:40:28","BATCH","05/30/2018 00:00:00","PVS_XP_2061","123","38","05","B","20130422","20130423","八幡浜・大洲圏","","1249","1917","20130131","668"
"04/24/2013 00:00:00","05/29/2018 00:00:00","False","Batch","04/23/2013 18:40:28","BATCH","05/30/2018 00:00:00","PVS_XP_2061","123","38","06","B","20130422","20130423","宇和島圏","","1467","1876","20130131","409"
"04/24/2013 00:00:00","05/29/2018 00:00:00","False","Batch","04/23/2013 18:40:28","BATCH","05/30/2018 00:00:00","PVS_XP_2061","123","39","01","B","20130422","20130423","安芸圏","","436","598","20121130","162"
"04/24/2013 00:00:00","05/29/2018 00:00:00","False","Batch","04/23/2013 18:40:28","BATCH","05/30/2018 00:00:00","PVS_XP_2061","123","39","02","B","20130422","20130423","中央圏（高知）","","6370","11789","20121130","5419"
"04/24/2013 00:00:00","05/29/2018 00:00:00","False","Batch","04/23/2013 18:40:28","BATCH","05/30/2018 00:00:00","PVS_XP_2061","123","39","03","B","20130422","20130423","高幡圏","","589","789","20121130","200"
"04/24/2013 00:00:00","05/29/2018 00:00:00","False","Batch","04/23/2013 18:40:28","BATCH","05/30/2018 00:00:00","PVS_XP_2061","123","39","04","B","20130422","20130423","幡多圏","","1008","1720","20121130","712"
"04/24/2013 00:00:00","05/29/2018 00:00:00","False","Batch","04/23/2013 18:40:28","BATCH","05/30/2018 00:00:00","PVS_XP_2061","123","41","01","B","20130422","20130423","中部圏（佐賀）","","3698","4412","20121231","714"
"04/24/2013 00:00:00","05/29/2018 00:00:00","False","Batch","04/23/2013 18:40:28","BATCH","05/30/2018 00:00:00","PVS_XP_2061","123","41","02","B","20130422","20130423","東部圏（佐賀）","","1228","1428","20121231","200"
"04/24/2013 00:00:00","05/29/2018 00:00:00","False","Batch","04/23/2013 18:40:28","BATCH","05/30/2018 00:00:00","PVS_XP_2061","123","41","03","B","20130422","20130423","北部圏（佐賀）","","1405","1596","20121231","191"
"04/24/2013 00:00:00","05/29/2018 00:00:00","False","Batch","04/23/2013 18:40:28","BATCH","05/30/2018 00:00:00","PVS_XP_2061","123","41","04","B","20130422","20130423","西部圏（佐賀）","","944","1071","20121231","127"
"04/24/2013 00:00:00","05/29/2018 00:00:00","False","Batch","04/23/2013 18:40:28","BATCH","05/30/2018 00:00:00","PVS_XP_2061","123","41","05","B","20130422","20130423","南部圏（佐賀）","","1912","2454","20121231","542"
"04/24/2013 00:00:00","05/29/2018 00:00:00","False","Batch","04/23/2013 18:40:28","BATCH","05/30/2018 00:00:00","PVS_XP_2061","123","42","01","B","20130422","20130423","長崎圏","","6258","7824","20120930","1566"
"04/24/2013 00:00:00","05/29/2018 00:00:00","False","Batch","04/23/2013 18:40:28","BATCH","05/30/2018 00:00:00","PVS_XP_2061","123","42","02","B","20130422","20130423","佐世保県北圏","","3858","4789","20120930","931"
"04/24/2013 00:00:00","05/29/2018 00:00:00","False","Batch","04/23/2013 18:40:28","BATCH","05/30/2018 00:00:00","PVS_XP_2061","123","42","03","B","20130422","20130423","県央圏（長崎）","","3543","3631","20120930","88"
"04/24/2013 00:00:00","05/29/2018 00:00:00","False","Batch","04/23/2013 18:40:28","BATCH","05/30/2018 00:00:00","PVS_XP_2061","123","42","04","B","20130422","20130423","県南圏（長崎）","","1425","1740","20120930","315"
"04/24/2013 00:00:00","05/29/2018 00:00:00","False","Batch","04/23/2013 18:40:28","BATCH","05/30/2018 00:00:00","PVS_XP_2061","123","42","05","B","20130422","20130423","五島圏","","351","509","20120930","158"
"04/24/2013 00:00:00","05/29/2018 00:00:00","False","Batch","04/23/2013 18:40:28","BATCH","05/30/2018 00:00:00","PVS_XP_2061","123","42","06","B","20130422","20130423","上五島圏","","150","185","20120930","35"
"04/24/2013 00:00:00","05/29/2018 00:00:00","False","Batch","04/23/2013 18:40:28","BATCH","05/30/2018 00:00:00","PVS_XP_2061","123","42","07","B","20130422","20130423","壱岐圏","","323","482","20120930","159"
"04/24/2013 00:00:00","05/29/2018 00:00:00","False","Batch","04/23/2013 18:40:28","BATCH","05/30/2018 00:00:00","PVS_XP_2061","123","42","08","B","20130422","20130423","対馬圏","","277","341","20120930","64"
"04/24/2013 00:00:00","05/29/2018 00:00:00","False","Batch","04/23/2013 18:40:28","BATCH","05/30/2018 00:00:00","PVS_XP_2061","123","43","01","B","20130422","20130423","熊本圏","","10754","12342","20121001","1588"
"04/24/2013 00:00:00","05/29/2018 00:00:00","False","Batch","04/23/2013 18:40:28","BATCH","05/30/2018 00:00:00","PVS_XP_2061","123","43","02","B","20130422","20130423","宇城圏","","872","1214","20121001","342"
"04/24/2013 00:00:00","05/29/2018 00:00:00","False","Batch","04/23/2013 18:40:28","BATCH","05/30/2018 00:00:00","PVS_XP_2061","123","43","03","B","20130422","20130423","有明圏","","1313","1690","20121001","377"
"06/27/2013 00:00:00","05/29/2018 00:00:00","False","Batch","06/26/2013 19:13:18","BATCH","05/30/2018 00:00:00","PVS_XP_2061","123","35","06","B","20130625","20130626","下関圏","","3526","4636","20121201","1110"
"06/27/2013 00:00:00","05/29/2018 00:00:00","False","Batch","06/26/2013 19:13:18","BATCH","05/30/2018 00:00:00","PVS_XP_2061","123","35","07","B","20130625","20130626","長門圏","","331","615","20121201","284"
"06/27/2013 00:00:00","05/29/2018 00:00:00","False","Batch","06/26/2013 19:13:18","BATCH","05/30/2018 00:00:00","PVS_XP_2061","123","35","08","B","20130625","20130626","萩圏","","506","865","20121201","359"
"12/26/2013 00:00:00","05/29/2018 00:00:00","False","Batch","12/25/2013 18:19:56","BATCH","05/30/2018 00:00:00","PVS_XP_2061","123","03","01","B","20131224","20131225","盛岡圏","","4917","6245","20120930","1328"
"12/26/2013 00:00:00","05/29/2018 00:00:00","False","Batch","12/25/2013 18:19:56","BATCH","05/30/2018 00:00:00","PVS_XP_2061","123","03","02","B","20131224","20131225","岩手中部圏","","1616","1880","20120930","264"
"12/26/2013 00:00:00","05/29/2018 00:00:00","False","Batch","12/25/2013 18:19:56","BATCH","05/30/2018 00:00:00","PVS_XP_2061","123","03","03","B","20131224","20131225","胆江圏","","1372","1442","20120930","70"
"04/24/2013 00:00:00","05/29/2018 00:00:00","False","Batch","04/23/2013 18:40:28","BATCH","05/30/2018 00:00:00","PVS_XP_2061","123","43","04","B","20130422","20130423","鹿本圏","","427","616","20121001","189"
"04/24/2013 00:00:00","05/29/2018 00:00:00","False","Batch","04/23/2013 18:40:28","BATCH","05/30/2018 00:00:00","PVS_XP_2061","123","43","05","B","20130422","20130423","菊池圏","","1696","1763","20121001","67"
"04/24/2013 00:00:00","05/29/2018 00:00:00","False","Batch","04/23/2013 18:40:28","BATCH","05/30/2018 00:00:00","PVS_XP_2061","123","43","06","B","20130422","20130423","阿蘇圏","","108","757","20121001","649"
"04/24/2013 00:00:00","05/29/2018 00:00:00","False","Batch","04/23/2013 18:40:28","BATCH","05/30/2018 00:00:00","PVS_XP_2061","123","43","07","B","20130422","20130423","上益城圏","","115","924","20121001","809"
"04/24/2013 00:00:00","05/29/2018 00:00:00","False","Batch","04/23/2013 18:40:28","BATCH","05/30/2018 00:00:00","PVS_XP_2061","123","43","08","B","20130422","20130423","八代圏","","1436","1922","20121001","486"
"04/24/2013 00:00:00","05/29/2018 00:00:00","False","Batch","04/23/2013 18:40:28","BATCH","05/30/2018 00:00:00","PVS_XP_2061","123","43","09","B","20130422","20130423","芦北圏","","506","973","20121001","467"
"04/24/2013 00:00:00","05/29/2018 00:00:00","False","Batch","04/23/2013 18:40:28","BATCH","05/30/2018 00:00:00","PVS_XP_2061","123","43","10","B","20130422","20130423","球磨圏","","839","1240","20121001","401"
"04/24/2013 00:00:00","05/29/2018 00:00:00","False","Batch","04/23/2013 18:40:28","BATCH","05/30/2018 00:00:00","PVS_XP_2061","123","43","11","B","20130422","20130423","天草圏","","987","2035","20121001","1048"
"04/24/2013 00:00:00","05/29/2018 00:00:00","False","Batch","04/23/2013 18:40:28","BATCH","05/30/2018 00:00:00","PVS_XP_2061","123","44","01","B","20130422","20130423","東部圏（大分）","","2923","3643","20130101","720"
"04/24/2013 00:00:00","05/29/2018 00:00:00","False","Batch","04/23/2013 18:40:28","BATCH","05/30/2018 00:00:00","PVS_XP_2061","123","44","02","B","20130422","20130423","中部圏（大分）","","6369","6625","20130101","256"
"04/24/2013 00:00:00","05/29/2018 00:00:00","False","Batch","04/23/2013 18:40:28","BATCH","05/30/2018 00:00:00","PVS_XP_2061","123","44","03","B","20130422","20130423","南部圏（大分）","","564","1073","20130101","509"
"04/24/2013 00:00:00","05/29/2018 00:00:00","False","Batch","04/23/2013 18:40:28","BATCH","05/30/2018 00:00:00","PVS_XP_2061","123","44","04","B","20130422","20130423","豊肥圏","","272","736","20130101","464"
"04/24/2013 00:00:00","05/29/2018 00:00:00","False","Batch","04/23/2013 18:40:28","BATCH","05/30/2018 00:00:00","PVS_XP_2061","123","44","05","B","20130422","20130423","西部圏（大分）","","525","1093","20130101","568"
"04/24/2013 00:00:00","05/29/2018 00:00:00","False","Batch","04/23/2013 18:40:28","BATCH","05/30/2018 00:00:00","PVS_XP_2061","123","44","06","B","20130422","20130423","北部圏（大分）","","1067","2013","20130101","946"
"04/24/2013 00:00:00","05/29/2018 00:00:00","False","Batch","04/23/2013 18:40:28","BATCH","05/30/2018 00:00:00","PVS_XP_2061","123","46","01","B","20130422","20130423","鹿児島圏","","8783","11043","20130101","2260"
"04/24/2013 00:00:00","05/29/2018 00:00:00","False","Batch","04/23/2013 18:40:28","BATCH","05/30/2018 00:00:00","PVS_XP_2061","123","46","02","B","20130422","20130423","南薩圏","","1254","2589","20130101","1335"
"04/24/2013 00:00:00","05/29/2018 00:00:00","False","Batch","04/23/2013 18:40:28","BATCH","05/30/2018 00:00:00","PVS_XP_2061","123","46","03","B","20130422","20130423","川薩圏","","811","1626","20130101","815"
"04/24/2013 00:00:00","05/29/2018 00:00:00","False","Batch","04/23/2013 18:40:28","BATCH","05/30/2018 00:00:00","PVS_XP_2061","123","46","04","B","20130422","20130423","出水圏","","730","1016","20130101","286"
"04/24/2013 00:00:00","05/29/2018 00:00:00","False","Batch","04/23/2013 18:40:28","BATCH","05/30/2018 00:00:00","PVS_XP_2061","123","46","05","B","20130422","20130423","姶良・伊佐圏","","2325","3458","20130101","1133"
"04/24/2013 00:00:00","05/29/2018 00:00:00","False","Batch","04/23/2013 18:40:28","BATCH","05/30/2018 00:00:00","PVS_XP_2061","123","46","06","B","20130422","20130423","曽於圏","","402","983","20130101","581"
"04/24/2013 00:00:00","05/29/2018 00:00:00","False","Batch","04/23/2013 18:40:28","BATCH","05/30/2018 00:00:00","PVS_XP_2061","123","46","07","B","20130422","20130423","肝属圏","","1520","2083","20130101","563"
"04/24/2013 00:00:00","05/29/2018 00:00:00","False","Batch","04/23/2013 18:40:28","BATCH","05/30/2018 00:00:00","PVS_XP_2061","123","46","08","B","20130422","20130423","熊毛圏","","186","478","20130101","292"
"04/24/2013 00:00:00","05/29/2018 00:00:00","False","Batch","04/23/2013 18:40:28","BATCH","05/30/2018 00:00:00","PVS_XP_2061","123","46","09","B","20130422","20130423","奄美圏","","758","1770","20130101","1012"
"05/29/2013 00:00:00","05/29/2018 00:00:00","False","Batch","05/28/2013 18:18:53","BATCH","05/30/2018 00:00:00","PVS_XP_2061","123","31","02","B","20130527","20130528","中部圏（鳥取）","","927","1330","20130401","403"
"05/29/2013 00:00:00","05/29/2018 00:00:00","False","Batch","05/28/2013 18:18:53","BATCH","05/30/2018 00:00:00","PVS_XP_2061","123","31","03","B","20130527","20130528","西部圏（鳥取）","","2441","2786","20130401","345"
"05/29/2013 00:00:00","05/29/2018 00:00:00","False","Batch","05/28/2013 18:18:53","BATCH","05/30/2018 00:00:00","PVS_XP_2061","123","32","01","B","20130527","20130528","松江圏","","2967","2971","20130201","4"
"05/29/2013 00:00:00","05/29/2018 00:00:00","False","Batch","05/28/2013 18:18:53","BATCH","05/30/2018 00:00:00","PVS_XP_2061","123","32","02","B","20130527","20130528","雲南圏","","443","599","20130201","156"
"02/18/2013 00:00:00","05/25/2016 00:00:00","False","Batch","02/16/2013 06:07:23","BATCH","05/26/2016 00:00:00","PVS_XP_2061","123","33","01","A","20130215","20130218","県南東部圏（岡山）","","9790","10160","20110301","370"
"02/18/2013 00:00:00","05/25/2016 00:00:00","False","Batch","02/16/2013 06:07:23","BATCH","05/26/2016 00:00:00","PVS_XP_2061","123","33","02","A","20130215","20130218","県南西部圏（岡山）","","8043","8606","20110301","563"
"02/18/2013 00:00:00","05/25/2016 00:00:00","False","Batch","02/16/2013 06:07:23","BATCH","05/26/2016 00:00:00","PVS_XP_2061","123","33","03","A","20130215","20130218","高梁・新見圏","","666","860","20110301","194"
"02/18/2013 00:00:00","05/25/2016 00:00:00","False","Batch","02/16/2013 06:07:23","BATCH","05/26/2016 00:00:00","PVS_XP_2061","123","33","04","A","20130215","20130218","真庭圏","","628","784","20110301","156"
"04/24/2013 00:00:00","07/26/2018 00:00:00","False","Batch","04/23/2013 18:40:28","BATCH","07/27/2018 00:00:00","PVS_XP_2061","123","16","01","B","20130422","20130423","新川圏","","1225","1940","20130331","715"
"04/24/2013 00:00:00","07/26/2018 00:00:00","False","Batch","04/23/2013 18:40:28","BATCH","07/27/2018 00:00:00","PVS_XP_2061","123","16","02","B","20130422","20130423","富山圏","","4843","6772","20130331","1929"
"04/24/2013 00:00:00","07/26/2018 00:00:00","False","Batch","04/23/2013 18:40:28","BATCH","07/27/2018 00:00:00","PVS_XP_2061","123","16","03","B","20130422","20130423","高岡圏","","2733","3753","20130331","1020"
"04/24/2013 00:00:00","07/26/2018 00:00:00","False","Batch","04/23/2013 18:40:28","BATCH","07/27/2018 00:00:00","PVS_XP_2061","123","16","04","B","20130422","20130423","砺波圏","","1434","1882","20130331","448"
"04/24/2013 00:00:00","07/26/2018 00:00:00","False","Batch","04/23/2013 18:40:28","BATCH","07/27/2018 00:00:00","PVS_XP_2061","123","18","01","B","20130422","20130423","福井・坂井圏","","3845","5372","20121001","1527"
"04/24/2013 00:00:00","07/26/2018 00:00:00","False","Batch","04/23/2013 18:40:28","BATCH","07/27/2018 00:00:00","PVS_XP_2061","123","18","02","B","20130422","20130423","奥越圏","","374","447","20121001","73"
"04/24/2013 00:00:00","07/26/2018 00:00:00","False","Batch","04/23/2013 18:40:28","BATCH","07/27/2018 00:00:00","PVS_XP_2061","123","18","03","B","20130422","20130423","丹南圏","","1139","1732","20121001","593"
"04/24/2013 00:00:00","07/26/2018 00:00:00","False","Batch","04/23/2013 18:40:28","BATCH","07/27/2018 00:00:00","PVS_XP_2061","123","18","04","B","20130422","20130423","嶺南圏","","1113","1450","20121001","337"
"11/28/2017 00:00:00","07/26/2018 00:00:00","False","Batch","11/27/2017 18:32:41","BATCH","07/27/2018 00:00:00","PVS_XP_2061","123","08","01","B","20171124","20171127","水戸圏","","3482","5160","20130401","1678"
"11/28/2017 00:00:00","07/26/2018 00:00:00","False","Batch","11/27/2017 18:32:41","BATCH","07/27/2018 00:00:00","PVS_XP_2061","123","08","02","B","20171124","20171127","日立圏","","1587","2584","20130401","997"
"11/28/2017 00:00:00","07/26/2018 00:00:00","False","Batch","11/27/2017 18:32:41","BATCH","07/27/2018 00:00:00","PVS_XP_2061","123","08","03","B","20171124","20171127","常陸太田・ひたちなか圏","","1806","2243","20130401","437"
"11/28/2017 00:00:00","07/26/2018 00:00:00","False","Batch","11/27/2017 18:32:41","BATCH","07/27/2018 00:00:00","PVS_XP_2061","123","08","04","B","20171124","20171127","鹿行圏","","1222","1894","20130401","672"
"11/28/2017 00:00:00","07/26/2018 00:00:00","False","Batch","11/27/2017 18:32:41","BATCH","07/27/2018 00:00:00","PVS_XP_2061","123","08","05","B","20171124","20171127","土浦圏","","1574","2296","20130401","722"
"11/28/2017 00:00:00","07/26/2018 00:00:00","False","Batch","11/27/2017 18:32:41","BATCH","07/27/2018 00:00:00","PVS_XP_2061","123","08","06","B","20171124","20171127","つくば圏","","2542","3352","20130401","810"
"11/28/2017 00:00:00","07/26/2018 00:00:00","False","Batch","11/27/2017 18:32:41","BATCH","07/27/2018 00:00:00","PVS_XP_2061","123","08","07","B","20171124","20171127","取手・竜ケ崎圏","","3135","3861","20130401","726"
"04/24/2013 00:00:00","11/27/2017 00:00:00","False","Batch","04/23/2013 18:40:28","BATCH","11/28/2017 00:00:00","PVS_XP_2061","123","20","06","B","20130422","20130423","木曽圏","","218","255","20120901","37"
"04/24/2013 00:00:00","11/27/2017 00:00:00","False","Batch","04/23/2013 18:40:28","BATCH","11/28/2017 00:00:00","PVS_XP_2061","123","20","07","B","20130422","20130423","松本圏","","3902","3902","20120901","0"
"04/24/2013 00:00:00","11/27/2017 00:00:00","False","Batch","04/23/2013 18:40:28","BATCH","11/28/2017 00:00:00","PVS_XP_2061","123","20","08","B","20130422","20130423","大北圏","","316","512","20120901","196"
"04/24/2013 00:00:00","11/27/2017 00:00:00","False","Batch","04/23/2013 18:40:28","BATCH","11/28/2017 00:00:00","PVS_XP_2061","123","20","09","B","20130422","20130423","長野圏","","4672","4739","20120901","67"
"04/24/2013 00:00:00","11/27/2017 00:00:00","False","Batch","04/23/2013 18:40:28","BATCH","11/28/2017 00:00:00","PVS_XP_2061","123","20","10","B","20130422","20130423","北信圏","","630","802","20120901","172"
"04/24/2013 00:00:00","11/27/2017 00:00:00","False","Batch","04/23/2013 18:40:28","BATCH","11/28/2017 00:00:00","PVS_XP_2061","123","37","01","B","20130422","20130423","大川圏","","361","816","20130331","455"
"04/24/2013 00:00:00","11/27/2017 00:00:00","False","Batch","04/23/2013 18:40:28","BATCH","11/28/2017 00:00:00","PVS_XP_2061","123","37","02","B","20130422","20130423","小豆圏","","198","401","20130331","203"
"04/24/2013 00:00:00","11/27/2017 00:00:00","False","Batch","04/23/2013 18:40:28","BATCH","11/28/2017 00:00:00","PVS_XP_2061","123","37","03","B","20130422","20130423","高松圏","","4761","5412","20130331","651"
"04/24/2013 00:00:00","11/27/2017 00:00:00","False","Batch","04/23/2013 18:40:28","BATCH","11/28/2017 00:00:00","PVS_XP_2061","123","37","04","B","20130422","20130423","中讃圏","","2620","3580","20130331","960"
"04/24/2013 00:00:00","11/27/2017 00:00:00","False","Batch","04/23/2013 18:40:28","BATCH","11/28/2017 00:00:00","PVS_XP_2061","123","37","05","B","20130422","20130423","三豊圏","","946","1740","20130331","794"
"11/28/2017 00:00:00","07/26/2018 00:00:00","False","Batch","11/27/2017 18:32:41","BATCH","07/27/2018 00:00:00","PVS_XP_2061","123","08","08","B","20171124","20171127","筑西・下妻圏","","1308","2134","20130401","826"
"11/28/2017 00:00:00","07/26/2018 00:00:00","False","Batch","11/27/2017 18:32:41","BATCH","07/27/2018 00:00:00","PVS_XP_2061","123","08","09","B","20171124","20171127","古河・坂東圏","","1234","1524","20130401","290"
"05/30/2018 00:00:00","07/26/2018 00:00:00","False","Batch","05/29/2018 19:02:25","BATCH","07/27/2018 00:00:00","PVS_XP_2061","123","03","01","B","20180528","20180529","盛岡圏","","5253","5869","20170930","616"
"05/30/2018 00:00:00","07/26/2018 00:00:00","False","Batch","05/29/2018 19:02:25","BATCH","07/27/2018 00:00:00","PVS_XP_2061","123","03","02","B","20180528","20180529","岩手中部圏","","1768","1794","20170930","26"
"05/30/2018 00:00:00","07/26/2018 00:00:00","False","Batch","05/29/2018 19:02:25","BATCH","07/27/2018 00:00:00","PVS_XP_2061","123","03","03","B","20180528","20180529","胆江圏","","1203","1356","20170930","153"
"05/30/2018 00:00:00","07/26/2018 00:00:00","False","Batch","05/29/2018 19:02:25","BATCH","07/27/2018 00:00:00","PVS_XP_2061","123","03","04","B","20180528","20180529","両磐圏","","1280","1061","20170930","-219"
"05/30/2018 00:00:00","07/26/2018 00:00:00","False","Batch","05/29/2018 19:02:25","BATCH","07/27/2018 00:00:00","PVS_XP_2061","123","03","05","B","20180528","20180529","気仙圏","","448","585","20170930","137"
"05/30/2018 00:00:00","07/26/2018 00:00:00","False","Batch","05/29/2018 19:02:25","BATCH","07/27/2018 00:00:00","PVS_XP_2061","123","03","06","B","20180528","20180529","釜石圏","","628","695","20170930","67"
"05/30/2018 00:00:00","07/26/2018 00:00:00","False","Batch","05/29/2018 19:02:25","BATCH","07/27/2018 00:00:00","PVS_XP_2061","123","03","07","B","20180528","20180529","宮古圏","","586","651","20170930","65"
"05/30/2018 00:00:00","07/26/2018 00:00:00","False","Batch","05/29/2018 19:02:25","BATCH","07/27/2018 00:00:00","PVS_XP_2061","123","03","08","B","20180528","20180529","久慈圏","","470","456","20170930","-14"
"05/30/2018 00:00:00","07/26/2018 00:00:00","False","Batch","05/29/2018 19:02:25","BATCH","07/27/2018 00:00:00","PVS_XP_2061","123","03","09","B","20180528","20180529","二戸圏","","302","482","20170930","180"
"05/30/2018 00:00:00","05/28/2024 00:00:00","False","Batch","05/29/2018 19:02:25","BATCH","05/29/2024 00:00:00","PVS_XP_2061","123","01","01","B","20180528","20180529","南渡島圏","1","4265","5589","20171001","1324"
"05/30/2018 00:00:00","05/28/2024 00:00:00","False","Batch","05/29/2018 19:02:25","BATCH","05/29/2024 00:00:00","PVS_XP_2061","123","01","02","B","20180528","20180529","南檜山圏","1","174","391","20171001","217"
"05/30/2018 00:00:00","05/28/2024 00:00:00","False","Batch","05/29/2018 19:02:25","BATCH","05/29/2024 00:00:00","PVS_XP_2061","123","01","03","B","20180528","20180529","北渡島檜山圏","1","336","694","20171001","358"
"05/30/2018 00:00:00","05/28/2024 00:00:00","False","Batch","05/29/2018 19:02:25","BATCH","05/29/2024 00:00:00","PVS_XP_2061","123","01","04","B","20180528","20180529","札幌圏","2","21316","33387","20171001","12071"
"07/27/2018 00:00:00","11/25/2021 00:00:00","False","Batch","07/26/2018 18:58:34","BATCH","11/26/2021 00:00:00","PVS_XP_2061","123","37","01","B","20180725","20180726","東部圏（香川）","","5416","5935","20171130","519"
"07/27/2018 00:00:00","11/25/2021 00:00:00","False","Batch","07/26/2018 18:58:34","BATCH","11/26/2021 00:00:00","PVS_XP_2061","123","37","02","B","20180725","20180726","小豆圏","","189","312","20171130","123"
"07/27/2018 00:00:00","11/25/2021 00:00:00","False","Batch","07/26/2018 18:58:34","BATCH","11/26/2021 00:00:00","PVS_XP_2061","123","37","03","B","20180725","20180726","西部圏（香川）","","4196","5241","20171130","1045"
"07/27/2018 00:00:00","09/26/2018 00:00:00","False","Batch","07/26/2018 18:58:34","BATCH","09/27/2018 00:00:00","PVS_XP_2061","123","40","01","B","20180725","20180726","福岡・糸島圏","","13840","18809","20171101","4969"
"07/27/2018 00:00:00","09/26/2018 00:00:00","False","Batch","07/26/2018 18:58:34","BATCH","09/27/2018 00:00:00","PVS_XP_2061","123","40","02","B","20180725","20180726","粕屋圏","","1929","3313","20171101","1384"
"07/27/2018 00:00:00","09/26/2018 00:00:00","False","Batch","07/26/2018 18:58:34","BATCH","09/27/2018 00:00:00","PVS_XP_2061","123","40","03","B","20180725","20180726","宗像圏","","909","1536","20171101","627"
"07/27/2018 00:00:00","09/26/2018 00:00:00","False","Batch","07/26/2018 18:58:34","BATCH","09/27/2018 00:00:00","PVS_XP_2061","123","40","04","B","20180725","20180726","筑紫圏","","2759","3590","20171101","831"
"05/30/2018 00:00:00","05/28/2024 00:00:00","False","Batch","05/29/2018 19:02:25","BATCH","05/29/2024 00:00:00","PVS_XP_2061","123","01","05","B","20180528","20180529","後志圏","2","1462","2630","20171001","1168"
"05/30/2018 00:00:00","05/28/2024 00:00:00","False","Batch","05/29/2018 19:02:25","BATCH","05/29/2024 00:00:00","PVS_XP_2061","123","01","06","B","20180528","20180529","南空知圏","2","974","2068","20171001","1094"
"04/24/2013 00:00:00","11/27/2017 00:00:00","False","Batch","04/23/2013 18:40:28","BATCH","11/28/2017 00:00:00","PVS_XP_2061","123","08","01","B","20130422","20130423","水戸圏","","3482","5201","20130201","1719"
"04/24/2013 00:00:00","11/27/2017 00:00:00","False","Batch","04/23/2013 18:40:28","BATCH","11/28/2017 00:00:00","PVS_XP_2061","123","08","02","B","20130422","20130423","日立圏","","1587","2600","20130201","1013"
"04/24/2013 00:00:00","11/27/2017 00:00:00","False","Batch","04/23/2013 18:40:28","BATCH","11/28/2017 00:00:00","PVS_XP_2061","123","08","03","B","20130422","20130423","常陸太田・ひたちなか圏","","1806","2243","20130201","437"
"04/24/2013 00:00:00","11/27/2017 00:00:00","False","Batch","04/23/2013 18:40:28","BATCH","11/28/2017 00:00:00","PVS_XP_2061","123","08","04","B","20130422","20130423","鹿行圏","","1222","1905","20130201","683"
"04/24/2013 00:00:00","11/27/2017 00:00:00","False","Batch","04/23/2013 18:40:28","BATCH","11/28/2017 00:00:00","PVS_XP_2061","123","08","05","B","20130422","20130423","土浦圏","","1574","2396","20130201","822"
"05/30/2018 00:00:00","05/28/2024 00:00:00","False","Batch","05/29/2018 19:02:25","BATCH","05/29/2024 00:00:00","PVS_XP_2061","123","01","07","B","20180528","20180529","中空知圏","2","933","1916","20171001","983"
"05/30/2018 00:00:00","05/28/2024 00:00:00","False","Batch","05/29/2018 19:02:25","BATCH","05/29/2024 00:00:00","PVS_XP_2061","123","01","08","B","20180528","20180529","北空知圏","2","283","606","20171001","323"
"05/30/2018 00:00:00","05/28/2024 00:00:00","False","Batch","05/29/2018 19:02:25","BATCH","05/29/2024 00:00:00","PVS_XP_2061","123","01","09","B","20180528","20180529","西胆振圏","2","1847","3712","20171001","1865"
"05/30/2018 00:00:00","05/28/2024 00:00:00","False","Batch","05/29/2018 19:02:25","BATCH","05/29/2024 00:00:00","PVS_XP_2061","123","01","10","B","20180528","20180529","東胆振圏","2","2027","2075","20171001","48"
"05/30/2018 00:00:00","05/28/2024 00:00:00","False","Batch","05/29/2018 19:02:25","BATCH","05/29/2024 00:00:00","PVS_XP_2061","123","01","11","B","20180528","20180529","日高圏","2","273","640","20171001","367"
"05/30/2018 00:00:00","05/28/2024 00:00:00","False","Batch","05/29/2018 19:02:25","BATCH","05/29/2024 00:00:00","PVS_XP_2061","123","01","12","B","20180528","20180529","上川中部圏","3","4793","6012","20171001","1219"
"05/30/2018 00:00:00","05/28/2024 00:00:00","False","Batch","05/29/2018 19:02:25","BATCH","05/29/2024 00:00:00","PVS_XP_2061","123","01","13","B","20180528","20180529","上川北部圏","3","576","911","20171001","335"
"05/30/2018 00:00:00","05/28/2024 00:00:00","False","Batch","05/29/2018 19:02:25","BATCH","05/29/2024 00:00:00","PVS_XP_2061","123","01","14","B","20180528","20180529","富良野圏","3","261","472","20171001","211"
"05/30/2018 00:00:00","05/28/2024 00:00:00","False","Batch","05/29/2018 19:02:25","BATCH","05/29/2024 00:00:00","PVS_XP_2061","123","01","15","B","20180528","20180529","留萌圏","3","273","671","20171001","398"
"05/30/2018 00:00:00","05/28/2024 00:00:00","False","Batch","05/29/2018 19:02:25","BATCH","05/29/2024 00:00:00","PVS_XP_2061","123","01","16","B","20180528","20180529","宗谷圏","3","383","717","20171001","334"
"05/30/2018 00:00:00","05/28/2024 00:00:00","False","Batch","05/29/2018 19:02:25","BATCH","05/29/2024 00:00:00","PVS_XP_2061","123","01","17","B","20180528","20180529","北網圏","4","2040","2727","20171001","687"
"05/30/2018 00:00:00","05/28/2024 00:00:00","False","Batch","05/29/2018 19:02:25","BATCH","05/29/2024 00:00:00","PVS_XP_2061","123","01","18","B","20180528","20180529","遠紋圏","4","503","1035","20171001","532"
"05/30/2018 00:00:00","05/28/2024 00:00:00","False","Batch","05/29/2018 19:02:25","BATCH","05/29/2024 00:00:00","PVS_XP_2061","123","01","19","B","20180528","20180529","十勝圏","5","3341","4205","20171001","864"
"05/30/2018 00:00:00","05/28/2024 00:00:00","False","Batch","05/29/2018 19:02:25","BATCH","05/29/2024 00:00:00","PVS_XP_2061","123","01","20","B","20180528","20180529","釧路圏","6","2590","3380","20171001","790"
"05/30/2018 00:00:00","05/28/2024 00:00:00","False","Batch","05/29/2018 19:02:25","BATCH","05/29/2024 00:00:00","PVS_XP_2061","123","01","21","B","20180528","20180529","根室圏","6","297","583","20171001","286"
"05/30/2018 00:00:00","05/28/2024 00:00:00","False","Batch","05/29/2018 19:02:25","BATCH","05/29/2024 00:00:00","PVS_XP_2061","123","05","01","B","20180528","20180529","大館・鹿角圏","","1071","1493","20170401","422"
"05/30/2018 00:00:00","05/28/2024 00:00:00","False","Batch","05/29/2018 19:02:25","BATCH","05/29/2024 00:00:00","PVS_XP_2061","123","05","02","B","20180528","20180529","北秋田圏","","257","272","20170401","15"
"05/30/2018 00:00:00","05/28/2024 00:00:00","False","Batch","05/29/2018 19:02:25","BATCH","05/29/2024 00:00:00","PVS_XP_2061","123","05","03","B","20180528","20180529","能代・山本圏","","825","1139","20170401","314"
"05/30/2018 00:00:00","05/28/2024 00:00:00","False","Batch","05/29/2018 19:02:25","BATCH","05/29/2024 00:00:00","PVS_XP_2061","123","05","04","B","20180528","20180529","秋田周辺圏","","3845","4194","20170401","349"
"05/30/2018 00:00:00","05/28/2024 00:00:00","False","Batch","05/29/2018 19:02:25","BATCH","05/29/2024 00:00:00","PVS_XP_2061","123","05","05","B","20180528","20180529","由利本荘・にかほ圏","","1117","1225","20170401","108"
"05/30/2018 00:00:00","05/28/2024 00:00:00","False","Batch","05/29/2018 19:02:25","BATCH","05/29/2024 00:00:00","PVS_XP_2061","123","05","06","B","20180528","20180529","大仙・仙北圏","","1107","1007","20170401","-100"
"05/30/2018 00:00:00","05/26/2021 00:00:00","False","Batch","05/29/2018 19:02:25","BATCH","05/27/2021 00:00:00","PVS_XP_2061","123","04","01","B","20180528","20180529","仙南圏","","1453","1308","20170930","-145"
"05/30/2018 00:00:00","05/28/2024 00:00:00","False","Batch","05/29/2018 19:02:25","BATCH","05/29/2024 00:00:00","PVS_XP_2061","123","05","07","B","20180528","20180529","横手圏","","1108","961","20170401","-147"
"05/30/2018 00:00:00","05/28/2024 00:00:00","False","Batch","05/29/2018 19:02:25","BATCH","05/29/2024 00:00:00","PVS_XP_2061","123","05","08","B","20180528","20180529","湯沢・雄勝圏","","505","583","20170401","78"
"05/30/2018 00:00:00","11/27/2018 00:00:00","False","Batch","05/29/2018 19:02:25","BATCH","11/28/2018 00:00:00","PVS_XP_2061","123","10","01","B","20180528","20180529","前橋圏","","3272","3581","20171231","309"
"05/30/2018 00:00:00","11/27/2018 00:00:00","False","Batch","05/29/2018 19:02:25","BATCH","11/28/2018 00:00:00","PVS_XP_2061","123","10","02","B","20180528","20180529","高崎・安中圏","","3267","3474","20171231","207"
"05/30/2018 00:00:00","11/27/2018 00:00:00","False","Batch","05/29/2018 19:02:25","BATCH","11/28/2018 00:00:00","PVS_XP_2061","123","10","03","B","20180528","20180529","桐生圏","","1200","1678","20171231","478"
"05/30/2018 00:00:00","11/27/2018 00:00:00","False","Batch","05/29/2018 19:02:25","BATCH","11/28/2018 00:00:00","PVS_XP_2061","123","10","04","B","20180528","20180529","伊勢崎圏","","1696","1901","20171231","205"
"05/30/2018 00:00:00","11/27/2018 00:00:00","False","Batch","05/29/2018 19:02:25","BATCH","11/28/2018 00:00:00","PVS_XP_2061","123","10","05","B","20180528","20180529","太田・館林圏","","2520","3093","20171231","573"
"05/30/2018 00:00:00","11/27/2018 00:00:00","False","Batch","05/29/2018 19:02:25","BATCH","11/28/2018 00:00:00","PVS_XP_2061","123","10","06","B","20180528","20180529","渋川圏","","692","1046","20171231","354"
"05/30/2018 00:00:00","05/26/2021 00:00:00","False","Batch","05/29/2018 19:02:25","BATCH","05/27/2021 00:00:00","PVS_XP_2061","123","04","02","B","20180528","20180529","仙台圏","","12059","12101","20170930","42"
"05/30/2018 00:00:00","05/26/2021 00:00:00","False","Batch","05/29/2018 19:02:25","BATCH","05/27/2021 00:00:00","PVS_XP_2061","123","04","03","B","20180528","20180529","大崎・栗原圏","","2703","2664","20170930","-39"
"05/30/2018 00:00:00","05/26/2021 00:00:00","False","Batch","05/29/2018 19:02:25","BATCH","05/27/2021 00:00:00","PVS_XP_2061","123","04","04","B","20180528","20180529","石巻・登米・気仙沼圏","","2988","2599","20170930","-389"
"06/26/2020 00:00:00","05/26/2021 00:00:00","False","Batch","06/25/2020 19:11:21","BATCH","05/27/2021 00:00:00","PVS_XP_2061","123","14","01","B","20200624","20200625","横浜圏","","23785","22869","20170331","-916"
"05/30/2018 00:00:00","05/28/2024 00:00:00","False","Batch","05/29/2018 19:02:25","BATCH","05/29/2024 00:00:00","PVS_XP_2061","123","06","01","B","20180528","20180529","村山圏","","5154","5482","20171001","328"
"05/30/2018 00:00:00","05/28/2024 00:00:00","False","Batch","05/29/2018 19:02:25","BATCH","05/29/2024 00:00:00","PVS_XP_2061","123","06","02","B","20180528","20180529","最上圏","","596","856","20171001","260"
"05/30/2018 00:00:00","05/28/2024 00:00:00","False","Batch","05/29/2018 19:02:25","BATCH","05/29/2024 00:00:00","PVS_XP_2061","123","06","03","B","20180528","20180529","置賜圏","","1708","1967","20171001","259"
"05/30/2018 00:00:00","05/28/2024 00:00:00","False","Batch","05/29/2018 19:02:25","BATCH","05/29/2024 00:00:00","PVS_XP_2061","123","06","04","B","20180528","20180529","庄内圏","","2385","2631","20171001","246"
"05/30/2018 00:00:00","05/28/2024 00:00:00","False","Batch","05/29/2018 19:02:25","BATCH","05/29/2024 00:00:00","PVS_XP_2061","123","07","01","B","20180528","20180529","県北圏（福島）","","4432","4528","20170331","96"
"05/30/2018 00:00:00","05/28/2024 00:00:00","False","Batch","05/29/2018 19:02:25","BATCH","05/29/2024 00:00:00","PVS_XP_2061","123","07","02","B","20180528","20180529","県中圏（福島）","","5207","5744","20170331","537"
"05/30/2018 00:00:00","05/28/2024 00:00:00","False","Batch","05/29/2018 19:02:25","BATCH","05/29/2024 00:00:00","PVS_XP_2061","123","07","03","B","20180528","20180529","県南圏（福島）","","1047","1130","20170331","83"
"05/30/2018 00:00:00","05/28/2024 00:00:00","False","Batch","05/29/2018 19:02:25","BATCH","05/29/2024 00:00:00","PVS_XP_2061","123","07","04","B","20180528","20180529","会津・南会津圏","","2517","3369","20170331","852"
"05/30/2018 00:00:00","05/28/2024 00:00:00","False","Batch","05/29/2018 19:02:25","BATCH","05/29/2024 00:00:00","PVS_XP_2061","123","07","05","B","20180528","20180529","相双圏","","1054","1758","20170331","704"
"05/30/2018 00:00:00","12/31/9999 00:00:00","False","Batch","05/29/2018 19:02:25","BATCH","05/30/2018 00:00:00","PVS_XP_2061","123","07","07","C","20180528","20180529","いわき圏","","3069","3638","20120331","569"
"05/30/2018 00:00:00","11/27/2018 00:00:00","False","Batch","05/29/2018 19:02:25","BATCH","11/28/2018 00:00:00","PVS_XP_2061","123","10","07","B","20180528","20180529","藤岡圏","","644","913","20171231","269"
"02/18/2013 00:00:00","04/23/2013 00:00:00","False","Batch","02/16/2013 06:07:23","BATCH","04/24/2013 00:00:00","PVS_XP_2061","123","07","03","A","20130215","20130218","県南圏（福島）","","978","1491","20070331","513"
"02/18/2013 00:00:00","04/23/2013 00:00:00","False","Batch","02/16/2013 06:07:23","BATCH","04/24/2013 00:00:00","PVS_XP_2061","123","07","04","A","20130215","20130218","会津圏","","2353","3612","20070331","1259"
"02/18/2013 00:00:00","04/23/2013 00:00:00","False","Batch","02/16/2013 06:07:23","BATCH","04/24/2013 00:00:00","PVS_XP_2061","123","07","05","A","20130215","20130218","南会津圏","","216","184","20070331","-32"
"02/18/2013 00:00:00","04/23/2013 00:00:00","False","Batch","02/16/2013 06:07:23","BATCH","04/24/2013 00:00:00","PVS_XP_2061","123","07","06","A","20130215","20130218","相双圏","","1329","1874","20070331","545"
"02/18/2013 00:00:00","04/23/2013 00:00:00","False","Batch","02/16/2013 06:07:23","BATCH","04/24/2013 00:00:00","PVS_XP_2061","123","07","07","A","20130215","20130218","いわき圏","","3357","3874","20070331","517"
"02/18/2013 00:00:00","04/23/2013 00:00:00","False","Batch","02/16/2013 06:07:23","BATCH","04/24/2013 00:00:00","PVS_XP_2061","123","08","01","A","20130215","20130218","水戸圏","","4859","5227","20080118","368"
"02/18/2013 00:00:00","04/23/2013 00:00:00","False","Batch","02/16/2013 06:07:23","BATCH","04/24/2013 00:00:00","PVS_XP_2061","123","08","02","A","20130215","20130218","日立圏","","2124","2624","20080118","500"
"02/18/2013 00:00:00","04/23/2013 00:00:00","False","Batch","02/16/2013 06:07:23","BATCH","04/24/2013 00:00:00","PVS_XP_2061","123","08","03","A","20130215","20130218","常陸太田・ひたちなか圏","","2227","2268","20080118","41"
"02/18/2013 00:00:00","04/23/2013 00:00:00","False","Batch","02/16/2013 06:07:23","BATCH","04/24/2013 00:00:00","PVS_XP_2061","123","08","04","A","20130215","20130218","鹿行圏","","1544","1908","20080118","364"
"02/18/2013 00:00:00","04/23/2013 00:00:00","False","Batch","02/16/2013 06:07:23","BATCH","04/24/2013 00:00:00","PVS_XP_2061","123","08","05","A","20130215","20130218","土浦圏","","1894","2646","20080118","752"
"02/18/2013 00:00:00","04/23/2013 00:00:00","False","Batch","02/16/2013 06:07:23","BATCH","04/24/2013 00:00:00","PVS_XP_2061","123","08","06","A","20130215","20130218","つくば圏","","3013","3378","20080118","365"
"02/18/2013 00:00:00","04/23/2013 00:00:00","False","Batch","02/16/2013 06:07:23","BATCH","04/24/2013 00:00:00","PVS_XP_2061","123","08","07","A","20130215","20130218","取手・竜ケ崎圏","","3475","3923","20080118","448"
"02/18/2013 00:00:00","04/23/2013 00:00:00","False","Batch","02/16/2013 06:07:23","BATCH","04/24/2013 00:00:00","PVS_XP_2061","123","08","08","A","20130215","20130218","筑西・下妻圏","","1959","2119","20080118","160"
"02/18/2013 00:00:00","04/23/2013 00:00:00","False","Batch","02/16/2013 06:07:23","BATCH","04/24/2013 00:00:00","PVS_XP_2061","123","08","09","A","20130215","20130218","古河・坂東圏","","1492","1483","20080118","-9"
"02/18/2013 00:00:00","04/23/2013 00:00:00","False","Batch","02/16/2013 06:07:23","BATCH","04/24/2013 00:00:00","PVS_XP_2061","123","09","01","A","20130215","20130218","県北圏（栃木）","","2770","2824","20080101","54"
"02/18/2013 00:00:00","04/23/2013 00:00:00","False","Batch","02/16/2013 06:07:23","BATCH","04/24/2013 00:00:00","PVS_XP_2061","123","09","02","A","20130215","20130218","県西圏（栃木）","","1282","1741","20080101","459"
"02/18/2013 00:00:00","04/23/2013 00:00:00","False","Batch","02/16/2013 06:07:23","BATCH","04/24/2013 00:00:00","PVS_XP_2061","123","09","03","A","20130215","20130218","県東・央圏（栃木）","","4676","5221","20080101","545"
"02/18/2013 00:00:00","04/23/2013 00:00:00","False","Batch","02/16/2013 06:07:23","BATCH","04/24/2013 00:00:00","PVS_XP_2061","123","09","04","A","20130215","20130218","県南圏（栃木）","","4563","4752","20080101","189"
"02/18/2013 00:00:00","04/23/2013 00:00:00","False","Batch","02/16/2013 06:07:23","BATCH","04/24/2013 00:00:00","PVS_XP_2061","123","09","05","A","20130215","20130218","両毛圏","","2127","2236","20080101","109"
"02/18/2013 00:00:00","04/23/2013 00:00:00","False","Batch","02/16/2013 06:07:23","BATCH","04/24/2013 00:00:00","PVS_XP_2061","123","11","01","A","20130215","20130218","南部圏（埼玉）","","4004","4254","20091231","250"
"02/18/2013 00:00:00","04/23/2013 00:00:00","False","Batch","02/16/2013 06:07:23","BATCH","04/24/2013 00:00:00","PVS_XP_2061","123","11","02","A","20130215","20130218","南西部圏（埼玉）","","3589","3886","20091231","297"
"02/18/2013 00:00:00","04/23/2013 00:00:00","False","Batch","02/16/2013 06:07:23","BATCH","04/24/2013 00:00:00","PVS_XP_2061","123","11","03","A","20130215","20130218","東部（埼玉）","","7280","7188","20091231","-92"
"02/18/2013 00:00:00","04/23/2013 00:00:00","False","Batch","02/16/2013 06:07:23","BATCH","04/24/2013 00:00:00","PVS_XP_2061","123","11","04","A","20130215","20130218","さいたま圏","","6500","6978","20091231","478"
"02/18/2013 00:00:00","04/23/2013 00:00:00","False","Batch","02/16/2013 06:07:23","BATCH","04/24/2013 00:00:00","PVS_XP_2061","123","11","05","A","20130215","20130218","県央圏（埼玉）","","2604","3196","20091231","592"
"02/18/2013 00:00:00","04/23/2013 00:00:00","False","Batch","02/16/2013 06:07:23","BATCH","04/24/2013 00:00:00","PVS_XP_2061","123","11","06","A","20130215","20130218","川越比企圏","","6967","6743","20091231","-224"
"02/18/2013 00:00:00","04/23/2013 00:00:00","False","Batch","02/16/2013 06:07:23","BATCH","04/24/2013 00:00:00","PVS_XP_2061","123","11","07","A","20130215","20130218","西部圏（埼玉）","","6541","7152","20091231","611"
"02/18/2013 00:00:00","04/23/2013 00:00:00","False","Batch","02/16/2013 06:07:23","BATCH","04/24/2013 00:00:00","PVS_XP_2061","123","11","08","A","20130215","20130218","利根圏","","4210","4169","20091231","-41"
"02/18/2013 00:00:00","04/23/2013 00:00:00","False","Batch","02/16/2013 06:07:23","BATCH","04/24/2013 00:00:00","PVS_XP_2061","123","11","09","A","20130215","20130218","北部圏（埼玉）","","3753","3596","20091231","-157"
"02/18/2013 00:00:00","04/23/2013 00:00:00","False","Batch","02/16/2013 06:07:23","BATCH","04/24/2013 00:00:00","PVS_XP_2061","123","11","10","A","20130215","20130218","秩父圏","","585","754","20091231","169"
"02/18/2013 00:00:00","04/23/2013 00:00:00","False","Batch","02/16/2013 06:07:23","BATCH","04/24/2013 00:00:00","PVS_XP_2061","123","13","01","A","20130215","20130218","区中央部圏（東京）","","6208","14394","20070401","8186"
"02/18/2013 00:00:00","04/23/2013 00:00:00","False","Batch","02/16/2013 06:07:23","BATCH","04/24/2013 00:00:00","PVS_XP_2061","123","13","02","A","20130215","20130218","区南部圏（東京）","","7930","7791","20070401","-139"
"02/18/2013 00:00:00","04/23/2013 00:00:00","False","Batch","02/16/2013 06:07:23","BATCH","04/24/2013 00:00:00","PVS_XP_2061","123","13","03","A","20130215","20130218","区西南部圏（東京）","","9733","9543","20070401","-190"
"04/24/2013 00:00:00","05/29/2018 00:00:00","False","Batch","04/23/2013 18:40:28","BATCH","05/30/2018 00:00:00","PVS_XP_2061","123","01","09","B","20130422","20130423","西胆振圏","2","2657","2907","20130201","250"
"04/24/2013 00:00:00","05/29/2018 00:00:00","False","Batch","04/23/2013 18:40:28","BATCH","05/30/2018 00:00:00","PVS_XP_2061","123","01","10","B","20130422","20130423","東胆振圏","2","1959","2198","20130201","239"
"04/24/2013 00:00:00","05/29/2018 00:00:00","False","Batch","04/23/2013 18:40:28","BATCH","05/30/2018 00:00:00","PVS_XP_2061","123","01","11","B","20130422","20130423","日高圏","2","393","548","20130201","155"
"04/24/2013 00:00:00","05/29/2018 00:00:00","False","Batch","04/23/2013 18:40:28","BATCH","05/30/2018 00:00:00","PVS_XP_2061","123","01","12","B","20130422","20130423","上川中部圏","3","5521","5799","20130201","278"
"04/24/2013 00:00:00","05/29/2018 00:00:00","False","Batch","04/23/2013 18:40:28","BATCH","05/30/2018 00:00:00","PVS_XP_2061","123","01","13","B","20130422","20130423","上川北部圏","3","682","720","20130201","38"
"04/24/2013 00:00:00","05/29/2018 00:00:00","False","Batch","04/23/2013 18:40:28","BATCH","05/30/2018 00:00:00","PVS_XP_2061","123","01","14","B","20130422","20130423","富良野圏","3","329","392","20130201","63"
"04/24/2013 00:00:00","11/27/2017 00:00:00","False","Batch","04/23/2013 18:40:28","BATCH","11/28/2017 00:00:00","PVS_XP_2061","123","20","02","B","20130422","20130423","上小圏","","1580","2144","20120901","564"
"04/24/2013 00:00:00","11/27/2017 00:00:00","False","Batch","04/23/2013 18:40:28","BATCH","11/28/2017 00:00:00","PVS_XP_2061","123","20","03","B","20130422","20130423","諏訪圏","","1701","1651","20120901","-50"
"04/24/2013 00:00:00","11/27/2017 00:00:00","False","Batch","04/23/2013 18:40:28","BATCH","11/28/2017 00:00:00","PVS_XP_2061","123","20","04","B","20130422","20130423","上伊那圏","","1249","1319","20120901","70"
"04/24/2013 00:00:00","11/27/2017 00:00:00","False","Batch","04/23/2013 18:40:28","BATCH","11/28/2017 00:00:00","PVS_XP_2061","123","20","05","B","20130422","20130423","飯伊圏","","1456","1545","20120901","89"
"04/24/2013 00:00:00","03/25/2014 00:00:00","False","Batch","04/23/2013 18:40:28","BATCH","03/26/2014 00:00:00","PVS_XP_2061","123","09","04","B","20130422","20130423","県東圏（栃木）","","481","795","20121201","314"
"04/24/2013 00:00:00","03/25/2014 00:00:00","False","Batch","04/23/2013 18:40:28","BATCH","03/26/2014 00:00:00","PVS_XP_2061","123","09","05","B","20130422","20130423","県南圏（栃木）","","3732","4642","20121201","910"
"04/24/2013 00:00:00","03/25/2014 00:00:00","False","Batch","04/23/2013 18:40:28","BATCH","03/26/2014 00:00:00","PVS_XP_2061","123","09","06","A","20130422","20130423","両毛圏","","1995","2207","20121201","212"
"02/18/2013 00:00:00","05/25/2016 00:00:00","False","Batch","02/16/2013 06:07:23","BATCH","05/26/2016 00:00:00","PVS_XP_2061","123","12","01","A","20130215","20130218","千葉圏","","7794","7125","20100401","-669"
"02/18/2013 00:00:00","05/25/2016 00:00:00","False","Batch","02/16/2013 06:07:23","BATCH","05/26/2016 00:00:00","PVS_XP_2061","123","12","02","A","20130215","20130218","東葛南部圏","","11133","10660","20100401","-473"
"02/18/2013 00:00:00","05/25/2016 00:00:00","False","Batch","02/16/2013 06:07:23","BATCH","05/26/2016 00:00:00","PVS_XP_2061","123","12","03","A","20130215","20130218","東葛北部圏","","9600","9071","20100401","-529"
"02/18/2013 00:00:00","05/25/2016 00:00:00","False","Batch","02/16/2013 06:07:23","BATCH","05/26/2016 00:00:00","PVS_XP_2061","123","12","04","A","20130215","20130218","印旛圏","","5827","5586","20100401","-241"
"02/18/2013 00:00:00","09/28/2015 00:00:00","False","Batch","02/16/2013 06:07:23","BATCH","09/29/2015 00:00:00","PVS_XP_2061","123","22","01","A","20130215","20130218","賀茂圏","","978","1140","20091231","162"
"02/18/2013 00:00:00","09/28/2015 00:00:00","False","Batch","02/16/2013 06:07:23","BATCH","09/29/2015 00:00:00","PVS_XP_2061","123","22","02","A","20130215","20130218","熱海伊東圏","","1126","1124","20091231","-2"
"02/18/2013 00:00:00","09/28/2015 00:00:00","False","Batch","02/16/2013 06:07:23","BATCH","09/29/2015 00:00:00","PVS_XP_2061","123","22","03","A","20130215","20130218","駿東田方圏","","6555","6776","20091231","221"
"02/18/2013 00:00:00","09/28/2015 00:00:00","False","Batch","02/16/2013 06:07:23","BATCH","09/29/2015 00:00:00","PVS_XP_2061","123","22","04","A","20130215","20130218","富士圏","","3023","2921","20091231","-102"
"02/18/2013 00:00:00","09/28/2015 00:00:00","False","Batch","02/16/2013 06:07:23","BATCH","09/29/2015 00:00:00","PVS_XP_2061","123","22","05","A","20130215","20130218","静岡圏","","7189","6457","20091231","-732"
"02/18/2013 00:00:00","09/28/2015 00:00:00","False","Batch","02/16/2013 06:07:23","BATCH","09/29/2015 00:00:00","PVS_XP_2061","123","22","06","A","20130215","20130218","志太榛原圏","","4244","3368","20091231","-876"
"02/18/2013 00:00:00","09/28/2015 00:00:00","False","Batch","02/16/2013 06:07:23","BATCH","09/29/2015 00:00:00","PVS_XP_2061","123","22","07","A","20130215","20130218","中東遠圏","","3186","2894","20091231","-292"
"02/18/2013 00:00:00","09/28/2015 00:00:00","False","Batch","02/16/2013 06:07:23","BATCH","09/29/2015 00:00:00","PVS_XP_2061","123","22","08","A","20130215","20130218","西部圏（静岡）","","7825","8085","20091231","260"
"02/18/2013 00:00:00","09/28/2015 00:00:00","False","Batch","02/16/2013 06:07:23","BATCH","09/29/2015 00:00:00","PVS_XP_2061","123","23","01","A","20130215","20130218","名古屋圏","","15388","20382","20100930","4994"
"02/18/2013 00:00:00","09/28/2015 00:00:00","False","Batch","02/16/2013 06:07:23","BATCH","09/29/2015 00:00:00","PVS_XP_2061","123","23","02","A","20130215","20130218","海部圏","","1964","1949","20100930","-15"
"02/18/2013 00:00:00","09/28/2015 00:00:00","False","Batch","02/16/2013 06:07:23","BATCH","09/29/2015 00:00:00","PVS_XP_2061","123","23","03","A","20130215","20130218","尾張中部圏","","862","720","20100930","-142"
"02/18/2013 00:00:00","09/28/2015 00:00:00","False","Batch","02/16/2013 06:07:23","BATCH","09/29/2015 00:00:00","PVS_XP_2061","123","23","04","A","20130215","20130218","尾張東部圏","","3558","4676","20100930","1118"
"02/18/2013 00:00:00","09/28/2015 00:00:00","False","Batch","02/16/2013 06:07:23","BATCH","09/29/2015 00:00:00","PVS_XP_2061","123","23","05","A","20130215","20130218","尾張西部圏","","3586","3018","20100930","-568"
"02/18/2013 00:00:00","09/28/2015 00:00:00","False","Batch","02/16/2013 06:07:23","BATCH","09/29/2015 00:00:00","PVS_XP_2061","123","23","06","A","20130215","20130218","尾張北部圏","","4854","4419","20100930","-435"
"02/18/2013 00:00:00","09/28/2015 00:00:00","False","Batch","02/16/2013 06:07:23","BATCH","09/29/2015 00:00:00","PVS_XP_2061","123","23","07","A","20130215","20130218","知多半島圏","","3473","3168","20100930","-305"
"02/18/2013 00:00:00","09/28/2015 00:00:00","False","Batch","02/16/2013 06:07:23","BATCH","09/29/2015 00:00:00","PVS_XP_2061","123","23","08","A","20130215","20130218","西三河北部圏","","2900","2358","20100930","-542"
"04/24/2013 00:00:00","05/29/2018 00:00:00","False","Batch","04/23/2013 18:40:28","BATCH","05/30/2018 00:00:00","PVS_XP_2061","123","26","05","B","20130422","20130423","山城北圏","","3836","3766","20121201","-70"
"04/24/2013 00:00:00","05/29/2018 00:00:00","False","Batch","04/23/2013 18:40:28","BATCH","05/30/2018 00:00:00","PVS_XP_2061","123","26","06","B","20130422","20130423","山城南圏","","788","667","20121201","-121"
"04/24/2013 00:00:00","05/29/2018 00:00:00","False","Batch","04/23/2013 18:40:28","BATCH","05/30/2018 00:00:00","PVS_XP_2061","123","27","01","B","20130422","20130423","豊能圏","","7456","9062","20121001","1606"
"04/24/2013 00:00:00","05/29/2018 00:00:00","False","Batch","04/23/2013 18:40:28","BATCH","05/30/2018 00:00:00","PVS_XP_2061","123","27","02","B","20130422","20130423","三島圏","","5544","6546","20121001","1002"
"06/26/2020 00:00:00","05/26/2021 00:00:00","False","Batch","06/25/2020 19:11:21","BATCH","05/27/2021 00:00:00","PVS_XP_2061","123","14","02","B","20200624","20200625","川崎北部圏","","3796","4362","20170331","566"
"06/26/2020 00:00:00","05/26/2021 00:00:00","False","Batch","06/25/2020 19:11:21","BATCH","05/27/2021 00:00:00","PVS_XP_2061","123","14","03","B","20200624","20200625","川崎南部圏","","4189","4814","20170331","625"
"06/26/2020 00:00:00","05/26/2021 00:00:00","False","Batch","06/25/2020 19:11:21","BATCH","05/27/2021 00:00:00","PVS_XP_2061","123","14","04","B","20200624","20200625","横須賀・三浦圏","","5307","5357","20170331","50"
"06/26/2020 00:00:00","05/26/2021 00:00:00","False","Batch","06/25/2020 19:11:21","BATCH","05/27/2021 00:00:00","PVS_XP_2061","123","14","05","B","20200624","20200625","湘南東部圏","","4064","4319","20170331","255"
"04/24/2013 00:00:00","05/29/2018 00:00:00","False","Batch","04/23/2013 18:40:28","BATCH","05/30/2018 00:00:00","PVS_XP_2061","123","27","03","B","20130422","20130423","北河内圏","","9390","9667","20121001","277"
"04/24/2013 00:00:00","05/29/2018 00:00:00","False","Batch","04/23/2013 18:40:28","BATCH","05/30/2018 00:00:00","PVS_XP_2061","123","27","04","B","20130422","20130423","中河内圏","","5799","5857","20121001","58"
"04/24/2013 00:00:00","05/29/2018 00:00:00","False","Batch","04/23/2013 18:40:28","BATCH","05/30/2018 00:00:00","PVS_XP_2061","123","27","05","B","20130422","20130423","南河内圏","","5174","6621","20121001","1447"
"04/24/2013 00:00:00","05/29/2018 00:00:00","False","Batch","04/23/2013 18:40:28","BATCH","05/30/2018 00:00:00","PVS_XP_2061","123","27","06","B","20130422","20130423","堺市圏","","8039","9344","20121001","1305"
"06/26/2020 00:00:00","05/26/2021 00:00:00","False","Batch","06/25/2020 19:11:21","BATCH","05/27/2021 00:00:00","PVS_XP_2061","123","14","06","B","20200624","20200625","湘南西部圏","","4635","4901","20170331","266"
"06/26/2020 00:00:00","05/26/2021 00:00:00","False","Batch","06/25/2020 19:11:21","BATCH","05/27/2021 00:00:00","PVS_XP_2061","123","14","07","B","20200624","20200625","県央圏（神奈川）","","5361","5233","20170331","-128"
"06/26/2020 00:00:00","05/26/2021 00:00:00","False","Batch","06/25/2020 19:11:21","BATCH","05/27/2021 00:00:00","PVS_XP_2061","123","14","08","B","20200624","20200625","相模原圏","","6545","6564","20170331","19"
"06/26/2020 00:00:00","05/26/2021 00:00:00","False","Batch","06/25/2020 19:11:21","BATCH","05/27/2021 00:00:00","PVS_XP_2061","123","14","09","B","20200624","20200625","県西圏（神奈川）","","2809","3155","20170331","346"
"04/24/2013 00:00:00","05/29/2018 00:00:00","False","Batch","04/23/2013 18:40:28","BATCH","05/30/2018 00:00:00","PVS_XP_2061","123","27","07","B","20130422","20130423","泉州圏","","8385","8724","20121001","339"
"04/24/2013 00:00:00","05/29/2018 00:00:00","False","Batch","04/23/2013 18:40:28","BATCH","05/30/2018 00:00:00","PVS_XP_2061","123","27","08","B","20130422","20130423","大阪市圏","","17476","32576","20121001","15100"
"04/24/2013 00:00:00","05/29/2018 00:00:00","False","Batch","04/23/2013 18:40:28","BATCH","05/30/2018 00:00:00","PVS_XP_2061","123","29","01","B","20130422","20130423","奈良圏","","3608","3620","20130401","12"
"06/27/2013 00:00:00","05/29/2018 00:00:00","False","Batch","06/26/2013 19:13:18","BATCH","05/30/2018 00:00:00","PVS_XP_2061","123","35","01","B","20130625","20130626","岩国圏","","1534","1838","20121201","304"
"06/27/2013 00:00:00","05/29/2018 00:00:00","False","Batch","06/26/2013 19:13:18","BATCH","05/30/2018 00:00:00","PVS_XP_2061","123","35","02","B","20130625","20130626","柳井圏","","1327","1858","20121201","531"
"06/27/2013 00:00:00","05/29/2018 00:00:00","False","Batch","06/26/2013 19:13:18","BATCH","05/30/2018 00:00:00","PVS_XP_2061","123","35","03","B","20130625","20130626","周南圏","","2651","3075","20121201","424"
"06/27/2013 00:00:00","05/29/2018 00:00:00","False","Batch","06/26/2013 19:13:18","BATCH","05/30/2018 00:00:00","PVS_XP_2061","123","35","04","B","20130625","20130626","山口・防府圏","","3153","3698","20121201","545"
"06/27/2013 00:00:00","05/29/2018 00:00:00","False","Batch","06/26/2013 19:13:18","BATCH","05/30/2018 00:00:00","PVS_XP_2061","123","35","05","B","20130625","20130626","宇部・小野田圏","","3557","4450","20121201","893"
"04/24/2013 00:00:00","05/29/2018 00:00:00","False","Batch","04/23/2013 18:40:28","BATCH","05/30/2018 00:00:00","PVS_XP_2061","123","29","02","B","20130422","20130423","東和圏","","2484","2695","20130401","211"
"02/18/2013 00:00:00","09/28/2015 00:00:00","False","Batch","02/16/2013 06:07:23","BATCH","09/29/2015 00:00:00","PVS_XP_2061","123","23","09","A","20130215","20130218","西三河南部東圏","","2860","2176","20100930","-684"
"02/18/2013 00:00:00","09/28/2015 00:00:00","False","Batch","02/16/2013 06:07:23","BATCH","09/29/2015 00:00:00","PVS_XP_2061","123","23","10","A","20130215","20130218","西三河南部西圏","","4676","4256","20100930","-420"
"02/18/2013 00:00:00","09/28/2015 00:00:00","False","Batch","02/16/2013 06:07:23","BATCH","09/29/2015 00:00:00","PVS_XP_2061","123","23","11","A","20130215","20130218","東三河北部圏","","630","555","20100930","-75"
"02/18/2013 00:00:00","09/28/2015 00:00:00","False","Batch","02/16/2013 06:07:23","BATCH","09/29/2015 00:00:00","PVS_XP_2061","123","23","12","A","20130215","20130218","東三河南部圏","","6444","6164","20100930","-280"
"02/18/2013 00:00:00","09/28/2015 00:00:00","False","Batch","02/16/2013 06:07:23","BATCH","09/29/2015 00:00:00","PVS_XP_2061","123","28","01","A","20130215","20130218","神戸圏","","15522","15004","20101001","-518"
"02/18/2013 00:00:00","09/28/2015 00:00:00","False","Batch","02/16/2013 06:07:23","BATCH","09/29/2015 00:00:00","PVS_XP_2061","123","28","02","A","20130215","20130218","阪神南圏","","8778","8433","20101001","-345"
"02/18/2013 00:00:00","09/28/2015 00:00:00","False","Batch","02/16/2013 06:07:23","BATCH","09/29/2015 00:00:00","PVS_XP_2061","123","28","03","A","20130215","20130218","阪神北圏","","6775","6335","20101001","-440"
"02/18/2013 00:00:00","09/28/2015 00:00:00","False","Batch","02/16/2013 06:07:23","BATCH","09/29/2015 00:00:00","PVS_XP_2061","123","28","04","A","20130215","20130218","東播磨圏","","6339","6234","20101001","-105"
"02/18/2013 00:00:00","09/28/2015 00:00:00","False","Batch","02/16/2013 06:07:23","BATCH","09/29/2015 00:00:00","PVS_XP_2061","123","28","05","A","20130215","20130218","北播磨圏","","3342","3374","20101001","32"
"02/18/2013 00:00:00","09/28/2015 00:00:00","False","Batch","02/16/2013 06:07:23","BATCH","09/29/2015 00:00:00","PVS_XP_2061","123","28","06","A","20130215","20130218","中播磨圏","","5576","5502","20101001","-74"
"04/24/2013 00:00:00","05/29/2018 00:00:00","False","Batch","04/23/2013 18:40:28","BATCH","05/30/2018 00:00:00","PVS_XP_2061","123","29","03","B","20130422","20130423","西和圏","","3275","3294","20130401","19"
"04/24/2013 00:00:00","05/29/2018 00:00:00","False","Batch","04/23/2013 18:40:28","BATCH","05/30/2018 00:00:00","PVS_XP_2061","123","29","04","B","20130422","20130423","中和圏","","3495","3495","20130401","0"
"04/24/2013 00:00:00","05/29/2018 00:00:00","False","Batch","04/23/2013 18:40:28","BATCH","05/30/2018 00:00:00","PVS_XP_2061","123","29","05","B","20130422","20130423","南和圏","","885","786","20130401","-99"
"04/24/2013 00:00:00","05/29/2018 00:00:00","False","Batch","04/23/2013 18:40:28","BATCH","05/30/2018 00:00:00","PVS_XP_2061","123","36","01","B","20130422","20130423","東部圏（徳島）","","5165","7887","20120331","2722"
"04/24/2013 00:00:00","05/29/2018 00:00:00","False","Batch","04/23/2013 18:40:28","BATCH","05/30/2018 00:00:00","PVS_XP_2061","123","36","02","B","20130422","20130423","南部圏（徳島）","","1374","2102","20120331","728"
"04/24/2013 00:00:00","12/25/2013 00:00:00","False","Batch","04/23/2013 18:40:28","BATCH","12/26/2013 00:00:00","PVS_XP_2061","123","03","01","B","20130422","20130423","盛岡圏","","4917","6245","20120930","1328"
"04/24/2013 00:00:00","12/25/2013 00:00:00","False","Batch","04/23/2013 18:40:28","BATCH","12/26/2013 00:00:00","PVS_XP_2061","123","03","02","B","20130422","20130423","岩手中部圏","","1616","1880","20120930","264"
"04/24/2013 00:00:00","12/25/2013 00:00:00","False","Batch","04/23/2013 18:40:28","BATCH","12/26/2013 00:00:00","PVS_XP_2061","123","03","03","B","20130422","20130423","胆江圏","","1372","1442","20120930","70"
"04/24/2013 00:00:00","12/25/2013 00:00:00","False","Batch","04/23/2013 18:40:28","BATCH","12/26/2013 00:00:00","PVS_XP_2061","123","03","04","B","20130422","20130423","両磐圏","","1062","1220","20120930","158"
"04/24/2013 00:00:00","12/25/2013 00:00:00","False","Batch","04/23/2013 18:40:28","BATCH","12/26/2013 00:00:00","PVS_XP_2061","123","03","05","B","20130422","20130423","気仙圏","","546","579","20120930","33"
"04/24/2013 00:00:00","12/25/2013 00:00:00","False","Batch","04/23/2013 18:40:28","BATCH","12/26/2013 00:00:00","PVS_XP_2061","123","03","06","B","20130422","20130423","釜石圏","","391","764","20120930","373"
"04/24/2013 00:00:00","12/25/2013 00:00:00","False","Batch","04/23/2013 18:40:28","BATCH","12/26/2013 00:00:00","PVS_XP_2061","123","03","07","B","20130422","20130423","宮古圏","","578","719","20120930","141"
"04/24/2013 00:00:00","12/25/2013 00:00:00","False","Batch","04/23/2013 18:40:28","BATCH","12/26/2013 00:00:00","PVS_XP_2061","123","03","08","B","20130422","20130423","久慈圏","","342","514","20120930","172"
"04/24/2013 00:00:00","12/25/2013 00:00:00","False","Batch","04/23/2013 18:40:28","BATCH","12/26/2013 00:00:00","PVS_XP_2061","123","03","09","B","20130422","20130423","二戸圏","","333","526","20120930","193"
"04/24/2013 00:00:00","05/29/2018 00:00:00","False","Batch","04/23/2013 18:40:28","BATCH","05/30/2018 00:00:00","PVS_XP_2061","123","36","03","B","20130422","20130423","西部圏（徳島）","","486","1251","20120331","765"
"04/24/2013 00:00:00","05/29/2018 00:00:00","False","Batch","04/23/2013 18:40:28","BATCH","05/30/2018 00:00:00","PVS_XP_2061","123","38","01","B","20130422","20130423","宇摩圏","","573","1043","20130131","470"
"04/24/2013 00:00:00","05/29/2018 00:00:00","False","Batch","04/23/2013 18:40:28","BATCH","05/30/2018 00:00:00","PVS_XP_2061","123","38","02","B","20130422","20130423","新居浜・西条圏","","2272","3049","20130131","777"
"02/18/2013 00:00:00","09/28/2015 00:00:00","False","Batch","02/16/2013 06:07:23","BATCH","09/29/2015 00:00:00","PVS_XP_2061","123","28","07","A","20130215","20130218","西播磨圏","","2811","2975","20101001","164"
"04/24/2013 00:00:00","05/29/2018 00:00:00","False","Batch","04/23/2013 18:40:28","BATCH","05/30/2018 00:00:00","PVS_XP_2061","123","38","03","B","20130422","20130423","今治圏","","1491","2267","20130131","776"
"02/18/2013 00:00:00","09/28/2015 00:00:00","False","Batch","02/16/2013 06:07:23","BATCH","09/29/2015 00:00:00","PVS_XP_2061","123","28","08","A","20130215","20130218","但馬圏","","1838","1657","20101001","-181"
"02/18/2013 00:00:00","09/28/2015 00:00:00","False","Batch","02/16/2013 06:07:23","BATCH","09/29/2015 00:00:00","PVS_XP_2061","123","28","09","A","20130215","20130218","丹波圏","","1368","1308","20101001","-60"
"02/18/2013 00:00:00","09/28/2015 00:00:00","False","Batch","02/16/2013 06:07:23","BATCH","09/29/2015 00:00:00","PVS_XP_2061","123","28","10","A","20130215","20130218","淡路圏","","1733","1705","20101001","-28"
"02/18/2013 00:00:00","05/25/2016 00:00:00","False","Batch","02/16/2013 06:07:23","BATCH","05/26/2016 00:00:00","PVS_XP_2061","123","33","05","A","20130215","20130218","津山・英田圏","","2045","2013","20110301","-32"
"09/29/2015 00:00:00","05/25/2016 00:00:00","False","Batch","09/28/2015 18:33:29","BATCH","05/26/2016 00:00:00","PVS_XP_2061","123","23","09","B","20150925","20150928","西三河南部東圏","","2860","2406","20120930","-454"
"09/29/2015 00:00:00","05/25/2016 00:00:00","False","Batch","09/28/2015 18:33:29","BATCH","05/26/2016 00:00:00","PVS_XP_2061","123","23","10","B","20150925","20150928","西三河南部西圏","","4676","4429","20120930","-247"
"09/29/2015 00:00:00","05/25/2016 00:00:00","False","Batch","09/28/2015 18:33:29","BATCH","05/26/2016 00:00:00","PVS_XP_2061","123","23","11","B","20150925","20150928","東三河北部圏","","630","485","20120930","-145"
"09/29/2015 00:00:00","05/25/2016 00:00:00","False","Batch","09/28/2015 18:33:29","BATCH","05/26/2016 00:00:00","PVS_XP_2061","123","23","12","B","20150925","20150928","東三河南部圏","","6444","6196","20120930","-248"
"02/18/2013 00:00:00","09/28/2015 00:00:00","False","Batch","02/16/2013 06:07:23","BATCH","09/29/2015 00:00:00","PVS_XP_2061","123","34","01","A","20130215","20130218","広島圏","","12881","14056","20110101","1175"
"02/18/2013 00:00:00","09/28/2015 00:00:00","False","Batch","02/16/2013 06:07:23","BATCH","09/29/2015 00:00:00","PVS_XP_2061","123","34","02","A","20130215","20130218","広島西圏","","1923","1822","20110101","-101"
"02/18/2013 00:00:00","09/28/2015 00:00:00","False","Batch","02/16/2013 06:07:23","BATCH","09/29/2015 00:00:00","PVS_XP_2061","123","34","03","A","20130215","20130218","呉圏","","2981","3395","20110101","414"
"02/18/2013 00:00:00","09/28/2015 00:00:00","False","Batch","02/16/2013 06:07:23","BATCH","09/29/2015 00:00:00","PVS_XP_2061","123","34","04","A","20130215","20130218","広島中央圏","","1802","2268","20110101","466"
"02/18/2013 00:00:00","09/28/2015 00:00:00","False","Batch","02/16/2013 06:07:23","BATCH","09/29/2015 00:00:00","PVS_XP_2061","123","34","05","A","20130215","20130218","尾三圏","","3373","3796","20110101","423"
"02/18/2013 00:00:00","09/28/2015 00:00:00","False","Batch","02/16/2013 06:07:23","BATCH","09/29/2015 00:00:00","PVS_XP_2061","123","34","06","A","20130215","20130218","福山・府中圏","","5243","5371","20110101","128"
"02/18/2013 00:00:00","09/28/2015 00:00:00","False","Batch","02/16/2013 06:07:23","BATCH","09/29/2015 00:00:00","PVS_XP_2061","123","34","07","A","20130215","20130218","備北圏","","1316","1660","20110101","344"
"09/29/2015 00:00:00","05/25/2016 00:00:00","False","Batch","09/28/2015 18:33:29","BATCH","05/26/2016 00:00:00","PVS_XP_2061","123","28","01","B","20150925","20150928","神戸圏","","15522","15507","20121001","-15"
"09/29/2015 00:00:00","05/25/2016 00:00:00","False","Batch","09/28/2015 18:33:29","BATCH","05/26/2016 00:00:00","PVS_XP_2061","123","28","02","B","20150925","20150928","阪神南圏","","8778","8751","20121001","-27"
"09/29/2015 00:00:00","05/25/2016 00:00:00","False","Batch","09/28/2015 18:33:29","BATCH","05/26/2016 00:00:00","PVS_XP_2061","123","28","03","B","20150925","20150928","阪神北圏","","6775","6789","20121001","14"
"09/29/2015 00:00:00","05/25/2016 00:00:00","False","Batch","09/28/2015 18:33:29","BATCH","05/26/2016 00:00:00","PVS_XP_2061","123","28","04","B","20150925","20150928","東播磨圏","","6339","6347","20121001","8"
"09/29/2015 00:00:00","05/25/2016 00:00:00","False","Batch","09/28/2015 18:33:29","BATCH","05/26/2016 00:00:00","PVS_XP_2061","123","28","05","B","20150925","20150928","北播磨圏","","3342","3332","20121001","-10"
"09/29/2015 00:00:00","05/25/2016 00:00:00","False","Batch","09/28/2015 18:33:29","BATCH","05/26/2016 00:00:00","PVS_XP_2061","123","28","06","B","20150925","20150928","中播磨圏","","5576","5451","20121001","-125"
"09/29/2015 00:00:00","05/25/2016 00:00:00","False","Batch","09/28/2015 18:33:29","BATCH","05/26/2016 00:00:00","PVS_XP_2061","123","28","07","B","20150925","20150928","西播磨圏","","2811","2792","20121001","-19"
"09/29/2015 00:00:00","05/25/2016 00:00:00","False","Batch","09/28/2015 18:33:29","BATCH","05/26/2016 00:00:00","PVS_XP_2061","123","28","08","B","20150925","20150928","但馬圏","","1838","1517","20121001","-321"
"05/29/2013 00:00:00","05/29/2018 00:00:00","False","Batch","05/28/2013 18:18:53","BATCH","05/30/2018 00:00:00","PVS_XP_2061","123","32","03","B","20130527","20130528","出雲圏","","2035","2304","20130201","269"
"05/29/2013 00:00:00","05/29/2018 00:00:00","False","Batch","05/28/2013 18:18:53","BATCH","05/30/2018 00:00:00","PVS_XP_2061","123","32","04","B","20130527","20130528","大田圏","","467","572","20130201","105"
"05/29/2013 00:00:00","05/29/2018 00:00:00","False","Batch","05/28/2013 18:18:53","BATCH","05/30/2018 00:00:00","PVS_XP_2061","123","32","05","B","20130527","20130528","浜田圏","","1069","963","20130201","-106"
"05/29/2013 00:00:00","05/29/2018 00:00:00","False","Batch","05/28/2013 18:18:53","BATCH","05/30/2018 00:00:00","PVS_XP_2061","123","32","06","B","20130527","20130528","益田圏","","787","899","20130201","112"
"05/29/2013 00:00:00","05/29/2018 00:00:00","False","Batch","05/28/2013 18:18:53","BATCH","05/30/2018 00:00:00","PVS_XP_2061","123","32","07","B","20130527","20130528","隠岐圏","","117","135","20130201","18"
"12/26/2013 00:00:00","05/29/2018 00:00:00","False","Batch","12/25/2013 18:19:56","BATCH","05/30/2018 00:00:00","PVS_XP_2061","123","03","04","B","20131224","20131225","両磐圏","","1062","1220","20120930","158"
"12/26/2013 00:00:00","05/29/2018 00:00:00","False","Batch","12/25/2013 18:19:56","BATCH","05/30/2018 00:00:00","PVS_XP_2061","123","03","05","B","20131224","20131225","気仙圏","","546","579","20120930","33"
"12/26/2013 00:00:00","05/29/2018 00:00:00","False","Batch","12/25/2013 18:19:56","BATCH","05/30/2018 00:00:00","PVS_XP_2061","123","03","06","B","20131224","20131225","釜石圏","","391","764","20120930","373"
"12/26/2013 00:00:00","05/29/2018 00:00:00","False","Batch","12/25/2013 18:19:56","BATCH","05/30/2018 00:00:00","PVS_XP_2061","123","03","07","B","20131224","20131225","宮古圏","","578","719","20120930","141"
"12/26/2013 00:00:00","05/29/2018 00:00:00","False","Batch","12/25/2013 18:19:56","BATCH","05/30/2018 00:00:00","PVS_XP_2061","123","03","08","B","20131224","20131225","久慈圏","","342","514","20120930","172"
"12/26/2013 00:00:00","05/29/2018 00:00:00","False","Batch","12/25/2013 18:19:56","BATCH","05/30/2018 00:00:00","PVS_XP_2061","123","03","09","B","20131224","20131225","二戸圏","","333","526","20120930","193"
"03/26/2014 00:00:00","05/29/2018 00:00:00","False","Batch","03/25/2014 18:45:40","BATCH","05/30/2018 00:00:00","PVS_XP_2061","123","09","01","B","20140324","20140325","県北圏（栃木）","","1770","2695","20121201","925"
"03/26/2014 00:00:00","05/29/2018 00:00:00","False","Batch","03/25/2014 18:45:40","BATCH","05/30/2018 00:00:00","PVS_XP_2061","123","09","02","B","20140324","20140325","県西圏（栃木）","","682","1471","20121201","789"
"03/26/2014 00:00:00","05/29/2018 00:00:00","False","Batch","03/25/2014 18:45:40","BATCH","05/30/2018 00:00:00","PVS_XP_2061","123","09","03","B","20140324","20140325","宇都宮圏","","3480","4385","20121201","905"
"03/26/2014 00:00:00","05/29/2018 00:00:00","False","Batch","03/25/2014 18:45:40","BATCH","05/30/2018 00:00:00","PVS_XP_2061","123","09","04","B","20140324","20140325","県東圏（栃木）","","481","795","20121201","314"
"03/26/2014 00:00:00","05/29/2018 00:00:00","False","Batch","03/25/2014 18:45:40","BATCH","05/30/2018 00:00:00","PVS_XP_2061","123","09","05","B","20140324","20140325","県南圏（栃木）","","3732","4642","20121201","910"
"03/26/2014 00:00:00","05/29/2018 00:00:00","False","Batch","03/25/2014 18:45:40","BATCH","05/30/2018 00:00:00","PVS_XP_2061","123","09","06","B","20140324","20140325","両毛圏","","1995","2207","20121201","212"
"12/25/2015 00:00:00","05/29/2018 00:00:00","False","Batch","12/24/2015 18:18:16","BATCH","05/30/2018 00:00:00","PVS_XP_2061","123","45","07","B","20151222","20151224","日向入郷圏","","757","975","20121231","218"
"12/25/2015 00:00:00","05/29/2018 00:00:00","False","Batch","12/24/2015 18:18:16","BATCH","05/30/2018 00:00:00","PVS_XP_2061","123","40","04","B","20151222","20151224","筑紫圏","","3489","3708","20120801","219"
"12/25/2015 00:00:00","05/29/2018 00:00:00","False","Batch","12/24/2015 18:18:16","BATCH","05/30/2018 00:00:00","PVS_XP_2061","123","40","03","B","20151222","20151224","宗像圏","","1308","1598","20120801","290"
"12/25/2015 00:00:00","05/29/2018 00:00:00","False","Batch","12/24/2015 18:18:16","BATCH","05/30/2018 00:00:00","PVS_XP_2061","123","40","02","B","20151222","20151224","粕屋圏","","2849","3352","20120801","503"
"12/25/2015 00:00:00","05/29/2018 00:00:00","False","Batch","12/24/2015 18:18:16","BATCH","05/30/2018 00:00:00","PVS_XP_2061","123","40","01","B","20151222","20151224","福岡・糸島圏","","15434","18734","20120801","3300"
"12/25/2015 00:00:00","05/29/2018 00:00:00","False","Batch","12/24/2015 18:18:16","BATCH","05/30/2018 00:00:00","PVS_XP_2061","123","05","08","B","20151222","20151224","湯沢・雄勝圏","","525","683","20120331","158"
"12/25/2015 00:00:00","05/29/2018 00:00:00","False","Batch","12/24/2015 18:18:16","BATCH","05/30/2018 00:00:00","PVS_XP_2061","123","05","07","B","20151222","20151224","横手圏","","1024","961","20120331","-63"
"12/25/2015 00:00:00","05/29/2018 00:00:00","False","Batch","12/24/2015 18:18:16","BATCH","05/30/2018 00:00:00","PVS_XP_2061","123","05","06","B","20151222","20151224","大仙・仙北圏","","1035","1196","20120331","161"
"12/25/2015 00:00:00","05/29/2018 00:00:00","False","Batch","12/24/2015 18:18:16","BATCH","05/30/2018 00:00:00","PVS_XP_2061","123","05","05","B","20151222","20151224","由利本荘・にかほ圏","","881","1253","20120331","372"
"12/25/2015 00:00:00","05/29/2018 00:00:00","False","Batch","12/24/2015 18:18:16","BATCH","05/30/2018 00:00:00","PVS_XP_2061","123","05","04","B","20151222","20151224","秋田周辺圏","","3364","4496","20120331","1132"
"12/25/2015 00:00:00","05/29/2018 00:00:00","False","Batch","12/24/2015 18:18:16","BATCH","05/30/2018 00:00:00","PVS_XP_2061","123","05","03","B","20151222","20151224","能代・山本圏","","807","1220","20120331","413"
"12/25/2015 00:00:00","05/29/2018 00:00:00","False","Batch","12/24/2015 18:18:16","BATCH","05/30/2018 00:00:00","PVS_XP_2061","123","05","02","B","20151222","20151224","北秋田圏","","254","272","20120331","18"
"12/25/2015 00:00:00","05/29/2018 00:00:00","False","Batch","12/24/2015 18:18:16","BATCH","05/30/2018 00:00:00","PVS_XP_2061","123","05","01","B","20151222","20151224","大館・鹿角圏","","901","1499","20120331","598"
"05/26/2016 00:00:00","05/29/2018 00:00:00","False","Batch","05/25/2016 18:27:06","BATCH","05/30/2018 00:00:00","PVS_XP_2061","123","23","08","B","20160524","20160525","西三河北部圏","","2894","2383","20150930","-511"
"05/26/2016 00:00:00","05/29/2018 00:00:00","False","Batch","05/25/2016 18:27:06","BATCH","05/30/2018 00:00:00","PVS_XP_2061","123","23","09","B","20160524","20160525","西三河南部東圏","","2950","2295","20150930","-655"
"05/26/2016 00:00:00","05/29/2018 00:00:00","False","Batch","05/25/2016 18:27:06","BATCH","05/30/2018 00:00:00","PVS_XP_2061","123","23","10","B","20160524","20160525","西三河南部西圏","","4508","4621","20150930","113"
"05/26/2016 00:00:00","05/29/2018 00:00:00","False","Batch","05/25/2016 18:27:06","BATCH","05/30/2018 00:00:00","PVS_XP_2061","123","23","11","B","20160524","20160525","東三河北部圏","","477","494","20150930","17"
"05/26/2016 00:00:00","05/29/2018 00:00:00","False","Batch","05/25/2016 18:27:06","BATCH","05/30/2018 00:00:00","PVS_XP_2061","123","23","12","B","20160524","20160525","東三河南部圏","","6284","6424","20150930","140"
"05/26/2016 00:00:00","05/29/2018 00:00:00","False","Batch","05/25/2016 18:27:06","BATCH","05/30/2018 00:00:00","PVS_XP_2061","123","28","01","B","20160524","20160525","神戸圏","","15600","15362","20151001","-238"
"05/26/2016 00:00:00","05/29/2018 00:00:00","False","Batch","05/25/2016 18:27:06","BATCH","05/30/2018 00:00:00","PVS_XP_2061","123","28","02","B","20160524","20160525","阪神南圏","","8949","8785","20151001","-164"
"04/24/2013 00:00:00","12/31/9999 00:00:00","False","Batch","04/23/2013 18:40:28","BATCH","04/24/2013 00:00:00","PVS_XP_2061","123","36","04","C","20130422","20130423","南部Ⅱ（徳島）","","88","227","20070331","139"
"04/24/2013 00:00:00","12/31/9999 00:00:00","False","Batch","04/23/2013 18:40:28","BATCH","04/24/2013 00:00:00","PVS_XP_2061","123","36","05","C","20130422","20130423","西部Ⅰ（徳島）","","182","651","20070331","469"
"04/24/2013 00:00:00","12/31/9999 00:00:00","False","Batch","04/23/2013 18:40:28","BATCH","04/24/2013 00:00:00","PVS_XP_2061","123","36","06","C","20130422","20130423","西部Ⅱ（徳島）","","409","768","20070331","359"
"11/26/2021 00:00:00","11/27/2022 00:00:00","False","Batch","11/25/2021 19:04:09","BATCH","11/28/2022 00:00:00","PVS_XP_2061","123","13","13","B","20211124","20211125","島しょ圏（東京）","","248","80","20210401","-168"
"11/26/2021 00:00:00","11/27/2022 00:00:00","False","Batch","11/25/2021 19:04:09","BATCH","11/28/2022 00:00:00","PVS_XP_2061","123","16","01","B","20211124","20211125","新川圏","","1228","1749","20210401","521"
"11/26/2021 00:00:00","11/27/2022 00:00:00","False","Batch","11/25/2021 19:04:09","BATCH","11/28/2022 00:00:00","PVS_XP_2061","123","16","02","B","20211124","20211125","富山圏","","5509","6491","20210401","982"
"11/26/2021 00:00:00","11/27/2022 00:00:00","False","Batch","11/25/2021 19:04:09","BATCH","11/28/2022 00:00:00","PVS_XP_2061","123","16","03","B","20211124","20211125","高岡圏","","2793","3422","20210401","629"
"11/26/2021 00:00:00","11/27/2022 00:00:00","False","Batch","11/25/2021 19:04:09","BATCH","11/28/2022 00:00:00","PVS_XP_2061","123","16","04","B","20211124","20211125","砺波圏","","1461","1751","20210401","290"
"11/26/2021 00:00:00","11/27/2022 00:00:00","False","Batch","11/25/2021 19:04:09","BATCH","11/28/2022 00:00:00","PVS_XP_2061","123","29","01","B","20211124","20211125","奈良圏","","3241","3487","20210917","246"
"11/26/2021 00:00:00","11/27/2022 00:00:00","False","Batch","11/25/2021 19:04:09","BATCH","11/28/2022 00:00:00","PVS_XP_2061","123","29","02","B","20211124","20211125","東和圏","","2050","2534","20210917","484"
"11/26/2021 00:00:00","11/27/2022 00:00:00","False","Batch","11/25/2021 19:04:09","BATCH","11/28/2022 00:00:00","PVS_XP_2061","123","29","03","B","20211124","20211125","西和圏","","3212","3283","20210917","71"
"09/27/2018 00:00:00","12/31/9999 00:00:00","False","Batch","09/26/2018 19:04:49","BATCH","09/27/2018 00:00:00","PVS_XP_2061","123","28","09","C","20180925","20180926","丹波圏","","1267","1249","20171001","-18"
"09/27/2018 00:00:00","12/31/9999 00:00:00","False","Batch","09/26/2018 19:04:49","BATCH","09/27/2018 00:00:00","PVS_XP_2061","123","28","10","C","20180925","20180926","淡路圏","","1699","1726","20171001","27"
"07/27/2018 00:00:00","05/28/2024 00:00:00","False","Batch","07/26/2018 18:58:34","BATCH","05/29/2024 00:00:00","PVS_XP_2061","123","08","07","B","20180725","20180726","取手・竜ケ崎圏","","3242","3769","20180401","527"
"07/27/2018 00:00:00","05/28/2024 00:00:00","False","Batch","07/26/2018 18:58:34","BATCH","05/29/2024 00:00:00","PVS_XP_2061","123","08","06","B","20180725","20180726","つくば圏","","2903","3318","20180401","415"
"07/27/2018 00:00:00","05/28/2024 00:00:00","False","Batch","07/26/2018 18:58:34","BATCH","05/29/2024 00:00:00","PVS_XP_2061","123","08","05","B","20180725","20180726","土浦圏","","1904","1984","20180401","80"
"07/27/2018 00:00:00","05/28/2024 00:00:00","False","Batch","07/26/2018 18:58:34","BATCH","05/29/2024 00:00:00","PVS_XP_2061","123","08","04","B","20180725","20180726","鹿行圏","","1021","1758","20180401","737"
"07/27/2018 00:00:00","05/28/2024 00:00:00","False","Batch","07/26/2018 18:58:34","BATCH","05/29/2024 00:00:00","PVS_XP_2061","123","08","03","B","20180725","20180726","常陸太田・ひたちなか圏","","2048","2142","20180401","94"
"04/24/2013 00:00:00","12/24/2015 00:00:00","False","Batch","04/23/2013 18:40:28","BATCH","12/25/2015 00:00:00","PVS_XP_2061","123","40","01","B","20130422","20130423","福岡・糸島圏","","15434","18734","20120801","3300"
"04/24/2013 00:00:00","12/24/2015 00:00:00","False","Batch","04/23/2013 18:40:28","BATCH","12/25/2015 00:00:00","PVS_XP_2061","123","40","02","B","20130422","20130423","糟屋圏","","2849","3352","20120801","503"
"04/24/2013 00:00:00","12/24/2015 00:00:00","False","Batch","04/23/2013 18:40:28","BATCH","12/25/2015 00:00:00","PVS_XP_2061","123","40","03","B","20130422","20130423","宗像圏","","1308","1598","20120801","290"
"04/24/2013 00:00:00","12/24/2015 00:00:00","False","Batch","04/23/2013 18:40:28","BATCH","12/25/2015 00:00:00","PVS_XP_2061","123","40","04","B","20130422","20130423","筑紫圏","","3489","3708","20120801","219"
"04/24/2013 00:00:00","12/24/2015 00:00:00","False","Batch","04/23/2013 18:40:28","BATCH","12/25/2015 00:00:00","PVS_XP_2061","123","40","05","B","20130422","20130423","朝倉圏","","385","1095","20120801","710"
"04/24/2013 00:00:00","12/24/2015 00:00:00","False","Batch","04/23/2013 18:40:28","BATCH","12/25/2015 00:00:00","PVS_XP_2061","123","40","06","B","20130422","20130423","久留米圏","","6010","7190","20120801","1180"
"04/24/2013 00:00:00","12/24/2015 00:00:00","False","Batch","04/23/2013 18:40:28","BATCH","12/25/2015 00:00:00","PVS_XP_2061","123","40","07","B","20130422","20130423","八女・筑後圏","","1251","1868","20120801","617"
"04/24/2013 00:00:00","12/24/2015 00:00:00","False","Batch","04/23/2013 18:40:28","BATCH","12/25/2015 00:00:00","PVS_XP_2061","123","40","08","B","20130422","20130423","有明圏","","2337","4169","20120801","1832"
"04/24/2013 00:00:00","12/24/2015 00:00:00","False","Batch","04/23/2013 18:40:28","BATCH","12/25/2015 00:00:00","PVS_XP_2061","123","40","09","B","20130422","20130423","飯塚圏","","1829","3061","20120801","1232"
"04/24/2013 00:00:00","12/24/2015 00:00:00","False","Batch","04/23/2013 18:40:28","BATCH","12/25/2015 00:00:00","PVS_XP_2061","123","40","10","B","20130422","20130423","直方・鞍手圏","","651","1262","20120801","611"
"04/24/2013 00:00:00","12/24/2015 00:00:00","False","Batch","04/23/2013 18:40:28","BATCH","12/25/2015 00:00:00","PVS_XP_2061","123","40","11","B","20130422","20130423","田川圏","","693","1401","20120801","708"
"04/24/2013 00:00:00","12/24/2015 00:00:00","False","Batch","04/23/2013 18:40:28","BATCH","12/25/2015 00:00:00","PVS_XP_2061","123","40","12","B","20130422","20130423","北九州圏","","12098","16439","20120801","4341"
"04/24/2013 00:00:00","12/24/2015 00:00:00","False","Batch","04/23/2013 18:40:28","BATCH","12/25/2015 00:00:00","PVS_XP_2061","123","40","13","B","20130422","20130423","京築圏","","1379","1827","20120801","448"
"07/27/2018 00:00:00","05/28/2024 00:00:00","False","Batch","07/26/2018 18:58:34","BATCH","05/29/2024 00:00:00","PVS_XP_2061","123","08","02","B","20180725","20180726","日立圏","","1667","2493","20180401","826"
"07/27/2018 00:00:00","05/28/2024 00:00:00","False","Batch","07/26/2018 18:58:34","BATCH","05/29/2024 00:00:00","PVS_XP_2061","123","08","01","B","20180725","20180726","水戸圏","","3900","4979","20180401","1079"
"07/27/2018 00:00:00","05/28/2024 00:00:00","False","Batch","07/26/2018 18:58:34","BATCH","05/29/2024 00:00:00","PVS_XP_2061","123","47","04","B","20180725","20180726","宮古圏（沖縄）","","429","599","20180301","170"
"07/27/2018 00:00:00","05/28/2024 00:00:00","False","Batch","07/26/2018 18:58:34","BATCH","05/29/2024 00:00:00","PVS_XP_2061","123","47","05","B","20180725","20180726","八重山圏","","392","453","20180301","61"
"09/27/2018 00:00:00","05/28/2024 00:00:00","False","Batch","09/26/2018 19:04:49","BATCH","05/29/2024 00:00:00","PVS_XP_2061","123","40","01","B","20180925","20180926","福岡・糸島圏","","13840","18809","20171101","4969"
"09/27/2018 00:00:00","05/28/2024 00:00:00","False","Batch","09/26/2018 19:04:49","BATCH","05/29/2024 00:00:00","PVS_XP_2061","123","40","02","B","20180925","20180926","粕屋圏","","1929","3313","20171101","1384"
"07/27/2018 00:00:00","09/26/2018 00:00:00","False","Batch","07/26/2018 18:58:34","BATCH","09/27/2018 00:00:00","PVS_XP_2061","123","40","05","B","20180725","20180726","朝倉圏","","478","1009","20171101","531"
"07/27/2018 00:00:00","09/26/2018 00:00:00","False","Batch","07/26/2018 18:58:34","BATCH","09/27/2018 00:00:00","PVS_XP_2061","123","40","06","B","20180725","20180726","久留米圏","","4497","6976","20171101","2479"
"07/27/2018 00:00:00","09/26/2018 00:00:00","False","Batch","07/26/2018 18:58:34","BATCH","09/27/2018 00:00:00","PVS_XP_2061","123","40","07","B","20180725","20180726","八女・筑後圏","","1216","1887","20171101","671"
"07/27/2018 00:00:00","09/26/2018 00:00:00","False","Batch","07/26/2018 18:58:34","BATCH","09/27/2018 00:00:00","PVS_XP_2061","123","40","08","B","20180725","20180726","有明圏（福岡）","","1989","4075","20171101","2086"
"07/27/2018 00:00:00","09/26/2018 00:00:00","False","Batch","07/26/2018 18:58:34","BATCH","09/27/2018 00:00:00","PVS_XP_2061","123","40","09","B","20180725","20180726","飯塚圏","","2122","3094","20171101","972"
"05/30/2018 00:00:00","09/26/2018 00:00:00","False","Batch","05/29/2018 19:02:25","BATCH","09/27/2018 00:00:00","PVS_XP_2061","123","28","01","B","20180528","20180529","神戸圏","","15600","15578","20171001","-22"
"05/30/2018 00:00:00","09/26/2018 00:00:00","False","Batch","05/29/2018 19:02:25","BATCH","09/27/2018 00:00:00","PVS_XP_2061","123","28","02","B","20180528","20180529","阪神南圏","","8949","8769","20171001","-180"
"05/30/2018 00:00:00","09/26/2018 00:00:00","False","Batch","05/29/2018 19:02:25","BATCH","09/27/2018 00:00:00","PVS_XP_2061","123","28","03","B","20180528","20180529","阪神北圏","","6748","6819","20171001","71"
"05/30/2018 00:00:00","09/26/2018 00:00:00","False","Batch","05/29/2018 19:02:25","BATCH","09/27/2018 00:00:00","PVS_XP_2061","123","28","04","B","20180528","20180529","東播磨圏","","6438","6426","20171001","-12"
"05/30/2018 00:00:00","09/26/2018 00:00:00","False","Batch","05/29/2018 19:02:25","BATCH","09/27/2018 00:00:00","PVS_XP_2061","123","28","05","B","20180528","20180529","北播磨圏","","3335","3265","20171001","-70"
"05/30/2018 00:00:00","09/26/2018 00:00:00","False","Batch","05/29/2018 19:02:25","BATCH","09/27/2018 00:00:00","PVS_XP_2061","123","28","06","B","20180528","20180529","中播磨圏","","5521","5367","20171001","-154"
"05/30/2018 00:00:00","09/26/2018 00:00:00","False","Batch","05/29/2018 19:02:25","BATCH","09/27/2018 00:00:00","PVS_XP_2061","123","28","07","B","20180528","20180529","西播磨圏","","2716","2739","20171001","23"
"05/30/2018 00:00:00","09/26/2018 00:00:00","False","Batch","05/29/2018 19:02:25","BATCH","09/27/2018 00:00:00","PVS_XP_2061","123","28","08","B","20180528","20180529","但馬圏","","1474","1415","20171001","-59"
"05/30/2018 00:00:00","09/26/2018 00:00:00","False","Batch","05/29/2018 19:02:25","BATCH","09/27/2018 00:00:00","PVS_XP_2061","123","28","09","B","20180528","20180529","丹波圏","","1267","1249","20171001","-18"
"05/30/2018 00:00:00","09/26/2018 00:00:00","False","Batch","05/29/2018 19:02:25","BATCH","09/27/2018 00:00:00","PVS_XP_2061","123","28","10","B","20180528","20180529","淡路圏","","1699","1726","20171001","27"
"07/27/2018 00:00:00","09/26/2018 00:00:00","False","Batch","07/26/2018 18:58:34","BATCH","09/27/2018 00:00:00","PVS_XP_2061","123","40","10","B","20180725","20180726","直方・鞍手圏","","825","1237","20171101","412"
"07/27/2018 00:00:00","09/26/2018 00:00:00","False","Batch","07/26/2018 18:58:34","BATCH","09/27/2018 00:00:00","PVS_XP_2061","123","40","11","B","20180725","20180726","田川圏","","964","1388","20171101","424"
"07/27/2018 00:00:00","09/26/2018 00:00:00","False","Batch","07/26/2018 18:58:34","BATCH","09/27/2018 00:00:00","PVS_XP_2061","123","40","12","B","20180725","20180726","北九州圏","","10511","16408","20171101","5897"
"07/27/2018 00:00:00","09/26/2018 00:00:00","False","Batch","07/26/2018 18:58:34","BATCH","09/27/2018 00:00:00","PVS_XP_2061","123","40","13","B","20180725","20180726","京築圏","","1161","1591","20171101","430"
"11/26/2021 00:00:00","11/27/2022 00:00:00","False","Batch","11/25/2021 19:04:09","BATCH","11/28/2022 00:00:00","PVS_XP_2061","123","29","04","B","20211124","20211125","中和圏","","2957","3449","20210917","492"
"11/26/2021 00:00:00","11/27/2022 00:00:00","False","Batch","11/25/2021 19:04:09","BATCH","11/28/2022 00:00:00","PVS_XP_2061","123","29","05","B","20211124","20211125","南和圏","","590","628","20210917","38"
"06/26/2020 00:00:00","11/25/2021 00:00:00","False","Batch","06/25/2020 19:11:21","BATCH","11/26/2021 00:00:00","PVS_XP_2061","123","13","13","B","20200624","20200625","島しょ圏（東京）","","248","80","20200401","-168"
"06/26/2020 00:00:00","11/25/2021 00:00:00","False","Batch","06/25/2020 19:11:21","BATCH","11/26/2021 00:00:00","PVS_XP_2061","123","13","12","B","20200624","20200625","北多摩北部圏","","5810","5495","20200401","-315"
"06/26/2020 00:00:00","11/25/2021 00:00:00","False","Batch","06/25/2020 19:11:21","BATCH","11/26/2021 00:00:00","PVS_XP_2061","123","13","11","B","20200624","20200625","北多摩南部圏","","7067","7320","20200401","253"
"06/26/2020 00:00:00","11/25/2021 00:00:00","False","Batch","06/25/2020 19:11:21","BATCH","11/26/2021 00:00:00","PVS_XP_2061","123","13","10","B","20200624","20200625","北多摩西部圏","","4322","4104","20200401","-218"
"05/27/2021 00:00:00","11/25/2021 00:00:00","False","Batch","05/26/2021 18:58:21","BATCH","11/26/2021 00:00:00","PVS_XP_2061","123","10","10","B","20210525","20210526","沼田圏","","648","958","20200930","310"
"06/26/2020 00:00:00","11/25/2021 00:00:00","False","Batch","06/25/2020 19:11:21","BATCH","11/26/2021 00:00:00","PVS_XP_2061","123","13","09","B","20200624","20200625","南多摩圏","","11381","10723","20200401","-658"
"06/26/2020 00:00:00","11/25/2021 00:00:00","False","Batch","06/25/2020 19:11:21","BATCH","11/26/2021 00:00:00","PVS_XP_2061","123","13","08","B","20200624","20200625","西多摩圏","","3342","4094","20200401","752"
"06/26/2020 00:00:00","11/25/2021 00:00:00","False","Batch","06/25/2020 19:11:21","BATCH","11/26/2021 00:00:00","PVS_XP_2061","123","13","07","B","20200624","20200625","区東部圏（東京）","","9446","8770","20200401","-676"
"06/26/2020 00:00:00","11/25/2021 00:00:00","False","Batch","06/25/2020 19:11:21","BATCH","11/26/2021 00:00:00","PVS_XP_2061","123","13","06","B","20200624","20200625","区東北部圏（東京）","","10505","10024","20200401","-481"
"06/26/2020 00:00:00","11/25/2021 00:00:00","False","Batch","06/25/2020 19:11:21","BATCH","11/26/2021 00:00:00","PVS_XP_2061","123","13","05","B","20200624","20200625","区西北部圏（東京）","","14880","14436","20200401","-444"
"06/26/2020 00:00:00","11/25/2021 00:00:00","False","Batch","06/25/2020 19:11:21","BATCH","11/26/2021 00:00:00","PVS_XP_2061","123","13","04","B","20200624","20200625","区西部圏（東京）","","8390","10142","20200401","1752"
"06/26/2020 00:00:00","11/25/2021 00:00:00","False","Batch","06/25/2020 19:11:21","BATCH","11/26/2021 00:00:00","PVS_XP_2061","123","13","03","B","20200624","20200625","区西南部圏（東京）","","9749","9691","20200401","-58"
"06/26/2020 00:00:00","11/25/2021 00:00:00","False","Batch","06/25/2020 19:11:21","BATCH","11/26/2021 00:00:00","PVS_XP_2061","123","13","02","B","20200624","20200625","区南部圏（東京）","","8257","8017","20200401","-240"
"05/30/2018 00:00:00","05/26/2022 00:00:00","False","Batch","05/29/2018 19:02:25","BATCH","05/27/2022 00:00:00","PVS_XP_2061","123","11","01","B","20180528","20180529","南部圏（埼玉）","","4671","4459","20170331","-212"
"05/30/2018 00:00:00","05/26/2022 00:00:00","False","Batch","05/29/2018 19:02:25","BATCH","05/27/2022 00:00:00","PVS_XP_2061","123","11","02","B","20180528","20180529","南西部圏（埼玉）","","4604","4500","20170331","-104"
"06/26/2020 00:00:00","05/26/2021 00:00:00","False","Batch","06/25/2020 19:11:21","BATCH","05/27/2021 00:00:00","PVS_XP_2061","123","10","10","B","20200624","20200625","沼田圏","","648","958","20200331","310"
"06/26/2020 00:00:00","05/26/2021 00:00:00","False","Batch","06/25/2020 19:11:21","BATCH","05/27/2021 00:00:00","PVS_XP_2061","123","10","09","B","20200624","20200625","吾妻圏","","437","802","20200331","365"
"06/26/2020 00:00:00","05/26/2021 00:00:00","False","Batch","06/25/2020 19:11:21","BATCH","05/27/2021 00:00:00","PVS_XP_2061","123","10","08","B","20200624","20200625","富岡圏","","726","815","20200331","89"
"06/26/2020 00:00:00","05/26/2021 00:00:00","False","Batch","06/25/2020 19:11:21","BATCH","05/27/2021 00:00:00","PVS_XP_2061","123","10","07","B","20200624","20200625","藤岡圏","","644","898","20200331","254"
"06/26/2020 00:00:00","05/26/2021 00:00:00","False","Batch","06/25/2020 19:11:21","BATCH","05/27/2021 00:00:00","PVS_XP_2061","123","10","06","B","20200624","20200625","渋川圏","","692","1061","20200331","369"
"06/26/2020 00:00:00","05/26/2021 00:00:00","False","Batch","06/25/2020 19:11:21","BATCH","05/27/2021 00:00:00","PVS_XP_2061","123","10","05","B","20200624","20200625","太田・館林圏","","2520","3103","20200331","583"
"06/26/2020 00:00:00","05/26/2021 00:00:00","False","Batch","06/25/2020 19:11:21","BATCH","05/27/2021 00:00:00","PVS_XP_2061","123","10","04","B","20200624","20200625","伊勢崎圏","","1696","1908","20200331","212"
"05/28/2019 00:00:00","06/25/2020 00:00:00","False","Batch","05/27/2019 18:57:12","BATCH","06/26/2020 00:00:00","PVS_XP_2061","123","14","01","B","20190524","20190527","横浜圏","","23605","22869","20170331","-736"
"05/28/2019 00:00:00","06/25/2020 00:00:00","False","Batch","05/27/2019 18:57:12","BATCH","06/26/2020 00:00:00","PVS_XP_2061","123","14","02","B","20190524","20190527","川崎北部圏","","3768","4362","20170331","594"
"05/28/2019 00:00:00","06/25/2020 00:00:00","False","Batch","05/27/2019 18:57:12","BATCH","06/26/2020 00:00:00","PVS_XP_2061","123","14","03","B","20190524","20190527","川崎南部圏","","4189","4814","20170331","625"
"05/28/2019 00:00:00","06/25/2020 00:00:00","False","Batch","05/27/2019 18:57:12","BATCH","06/26/2020 00:00:00","PVS_XP_2061","123","14","04","B","20190524","20190527","横須賀・三浦圏","","5307","5357","20170331","50"
"05/28/2019 00:00:00","06/25/2020 00:00:00","False","Batch","05/27/2019 18:57:12","BATCH","06/26/2020 00:00:00","PVS_XP_2061","123","14","05","B","20190524","20190527","湘南東部圏","","4064","4319","20170331","255"
"05/28/2019 00:00:00","06/25/2020 00:00:00","False","Batch","05/27/2019 18:57:12","BATCH","06/26/2020 00:00:00","PVS_XP_2061","123","14","06","B","20190524","20190527","湘南西部圏","","4635","4901","20170331","266"
"05/28/2019 00:00:00","06/25/2020 00:00:00","False","Batch","05/27/2019 18:57:12","BATCH","06/26/2020 00:00:00","PVS_XP_2061","123","14","07","B","20190524","20190527","県央圏（神奈川）","","5361","5233","20170331","-128"
"05/30/2018 00:00:00","06/25/2020 00:00:00","False","Batch","05/29/2018 19:02:25","BATCH","06/26/2020 00:00:00","PVS_XP_2061","123","24","01","B","20180528","20180529","北勢圏","","5520","6204","20171201","684"
"05/30/2018 00:00:00","06/25/2020 00:00:00","False","Batch","05/29/2018 19:02:25","BATCH","06/26/2020 00:00:00","PVS_XP_2061","123","24","02","B","20180528","20180529","中勢伊賀圏","","3654","4468","20171201","814"
"05/30/2018 00:00:00","06/25/2020 00:00:00","False","Batch","05/29/2018 19:02:25","BATCH","06/26/2020 00:00:00","PVS_XP_2061","123","24","03","B","20180528","20180529","南勢志摩圏","","3480","4005","20171201","525"
"05/30/2018 00:00:00","06/25/2020 00:00:00","False","Batch","05/29/2018 19:02:25","BATCH","06/26/2020 00:00:00","PVS_XP_2061","123","24","04","B","20180528","20180529","東紀州圏","","561","851","20171201","290"
"05/30/2018 00:00:00","06/25/2020 00:00:00","False","Batch","05/29/2018 19:02:25","BATCH","06/26/2020 00:00:00","PVS_XP_2061","123","27","01","B","20180528","20180529","豊能圏","","6711","9194","20170630","2483"
"05/30/2018 00:00:00","06/25/2020 00:00:00","False","Batch","05/29/2018 19:02:25","BATCH","06/26/2020 00:00:00","PVS_XP_2061","123","27","02","B","20180528","20180529","三島圏","","4745","6636","20170630","1891"
"05/30/2018 00:00:00","06/25/2020 00:00:00","False","Batch","05/29/2018 19:02:25","BATCH","06/26/2020 00:00:00","PVS_XP_2061","123","27","03","B","20180528","20180529","北河内圏","","8342","9940","20170630","1598"
"05/30/2018 00:00:00","06/25/2020 00:00:00","False","Batch","05/29/2018 19:02:25","BATCH","06/26/2020 00:00:00","PVS_XP_2061","123","27","04","B","20180528","20180529","中河内圏","","4534","5893","20170630","1359"
"05/30/2018 00:00:00","06/25/2020 00:00:00","False","Batch","05/29/2018 19:02:25","BATCH","06/26/2020 00:00:00","PVS_XP_2061","123","27","05","B","20180528","20180529","南河内圏","","4097","6665","20170630","2568"
"05/30/2018 00:00:00","06/25/2020 00:00:00","False","Batch","05/29/2018 19:02:25","BATCH","06/26/2020 00:00:00","PVS_XP_2061","123","27","06","B","20180528","20180529","堺市圏","","5695","9496","20170630","3801"
"05/30/2018 00:00:00","06/25/2020 00:00:00","False","Batch","05/29/2018 19:02:25","BATCH","06/26/2020 00:00:00","PVS_XP_2061","123","27","07","B","20180528","20180529","泉州圏","","4847","8918","20170630","4071"
"05/30/2018 00:00:00","06/25/2020 00:00:00","False","Batch","05/29/2018 19:02:25","BATCH","06/26/2020 00:00:00","PVS_XP_2061","123","27","08","B","20180528","20180529","大阪市圏","","21919","32264","20170630","10345"
"05/30/2018 00:00:00","06/25/2020 00:00:00","False","Batch","05/29/2018 19:02:25","BATCH","06/26/2020 00:00:00","PVS_XP_2061","123","38","01","B","20180528","20180529","宇摩圏","","720","1055","20171130","335"
"05/30/2018 00:00:00","06/25/2020 00:00:00","False","Batch","05/29/2018 19:02:25","BATCH","06/26/2020 00:00:00","PVS_XP_2061","123","38","02","B","20180528","20180529","新居浜・西条圏","","1859","2989","20171130","1130"
"05/30/2018 00:00:00","06/25/2020 00:00:00","False","Batch","05/29/2018 19:02:25","BATCH","06/26/2020 00:00:00","PVS_XP_2061","123","38","03","B","20180528","20180529","今治圏","","1510","2228","20171130","718"
"05/30/2018 00:00:00","06/25/2020 00:00:00","False","Batch","05/29/2018 19:02:25","BATCH","06/26/2020 00:00:00","PVS_XP_2061","123","38","04","B","20180528","20180529","松山圏","","6300","8048","20171130","1748"
"05/30/2018 00:00:00","06/25/2020 00:00:00","False","Batch","05/29/2018 19:02:25","BATCH","06/26/2020 00:00:00","PVS_XP_2061","123","38","05","B","20180528","20180529","八幡浜・大洲圏","","1394","1765","20171130","371"
"05/30/2018 00:00:00","06/25/2020 00:00:00","False","Batch","05/29/2018 19:02:25","BATCH","06/26/2020 00:00:00","PVS_XP_2061","123","38","06","B","20180528","20180529","宇和島圏","","1259","1780","20171130","521"
"06/26/2020 00:00:00","05/26/2021 00:00:00","False","Batch","06/25/2020 19:11:21","BATCH","05/27/2021 00:00:00","PVS_XP_2061","123","10","03","B","20200624","20200625","桐生圏","","1200","1693","20200331","493"
"06/26/2020 00:00:00","05/26/2021 00:00:00","False","Batch","06/25/2020 19:11:21","BATCH","05/27/2021 00:00:00","PVS_XP_2061","123","10","02","B","20200624","20200625","高崎・安中圏","","3267","3472","20200331","205"
"06/26/2020 00:00:00","05/26/2021 00:00:00","False","Batch","06/25/2020 19:11:21","BATCH","05/27/2021 00:00:00","PVS_XP_2061","123","10","01","B","20200624","20200625","前橋圏","","3272","3564","20200331","292"
"05/30/2018 00:00:00","05/26/2022 00:00:00","False","Batch","05/29/2018 19:02:25","BATCH","05/27/2022 00:00:00","PVS_XP_2061","123","11","03","B","20180528","20180529","東部圏（埼玉）","","8184","7734","20170331","-450"
"05/30/2018 00:00:00","05/26/2022 00:00:00","False","Batch","05/29/2018 19:02:25","BATCH","05/27/2022 00:00:00","PVS_XP_2061","123","11","04","B","20180528","20180529","さいたま圏","","7566","7825","20170331","259"
"05/30/2018 00:00:00","05/26/2022 00:00:00","False","Batch","05/29/2018 19:02:25","BATCH","05/27/2022 00:00:00","PVS_XP_2061","123","11","05","B","20180528","20180529","県央圏（埼玉）","","3323","3196","20170331","-127"
"05/30/2018 00:00:00","05/26/2022 00:00:00","False","Batch","05/29/2018 19:02:25","BATCH","05/27/2022 00:00:00","PVS_XP_2061","123","11","06","B","20180528","20180529","川越比企圏","","7111","6786","20170331","-325"
"06/26/2020 00:00:00","11/25/2021 00:00:00","False","Batch","06/25/2020 19:11:21","BATCH","11/26/2021 00:00:00","PVS_XP_2061","123","13","01","B","20200624","20200625","区中央部圏（東京）","","6049","13295","20200401","7246"
"05/27/2021 00:00:00","11/25/2021 00:00:00","False","Batch","05/26/2021 18:58:21","BATCH","11/26/2021 00:00:00","PVS_XP_2061","123","10","09","B","20210525","20210526","吾妻圏","","437","802","20200930","365"
"05/27/2021 00:00:00","11/25/2021 00:00:00","False","Batch","05/26/2021 18:58:21","BATCH","11/26/2021 00:00:00","PVS_XP_2061","123","10","08","B","20210525","20210526","富岡圏","","726","815","20200930","89"
"09/27/2018 00:00:00","05/28/2024 00:00:00","False","Batch","09/26/2018 19:04:49","BATCH","05/29/2024 00:00:00","PVS_XP_2061","123","40","03","B","20180925","20180926","宗像圏","","909","1536","20171101","627"
"09/27/2018 00:00:00","05/28/2024 00:00:00","False","Batch","09/26/2018 19:04:49","BATCH","05/29/2024 00:00:00","PVS_XP_2061","123","40","04","B","20180925","20180926","筑紫圏","","2759","3590","20171101","831"
"09/27/2018 00:00:00","05/28/2024 00:00:00","False","Batch","09/26/2018 19:04:49","BATCH","05/29/2024 00:00:00","PVS_XP_2061","123","40","05","B","20180925","20180926","朝倉圏","","478","1009","20171101","531"
"09/27/2018 00:00:00","05/28/2024 00:00:00","False","Batch","09/26/2018 19:04:49","BATCH","05/29/2024 00:00:00","PVS_XP_2061","123","40","06","B","20180925","20180926","久留米圏","","4497","6976","20171101","2479"
"07/27/2018 00:00:00","05/26/2021 00:00:00","False","Batch","07/26/2018 18:58:34","BATCH","05/27/2021 00:00:00","PVS_XP_2061","123","03","09","B","20180725","20180726","二戸圏","","302","482","20170930","180"
"07/27/2018 00:00:00","05/26/2021 00:00:00","False","Batch","07/26/2018 18:58:34","BATCH","05/27/2021 00:00:00","PVS_XP_2061","123","03","08","B","20180725","20180726","久慈圏","","470","456","20170930","-14"
"07/27/2018 00:00:00","05/26/2021 00:00:00","False","Batch","07/26/2018 18:58:34","BATCH","05/27/2021 00:00:00","PVS_XP_2061","123","03","07","B","20180725","20180726","宮古圏（岩手）","","586","651","20170930","65"
"07/27/2018 00:00:00","05/26/2021 00:00:00","False","Batch","07/26/2018 18:58:34","BATCH","05/27/2021 00:00:00","PVS_XP_2061","123","03","06","B","20180725","20180726","釜石圏","","628","695","20170930","67"
"07/27/2018 00:00:00","05/26/2021 00:00:00","False","Batch","07/26/2018 18:58:34","BATCH","05/27/2021 00:00:00","PVS_XP_2061","123","03","05","B","20180725","20180726","気仙圏","","448","585","20170930","137"
"07/27/2018 00:00:00","05/26/2021 00:00:00","False","Batch","07/26/2018 18:58:34","BATCH","05/27/2021 00:00:00","PVS_XP_2061","123","03","04","B","20180725","20180726","両磐圏","","1280","1061","20170930","-219"
"07/27/2018 00:00:00","05/26/2021 00:00:00","False","Batch","07/26/2018 18:58:34","BATCH","05/27/2021 00:00:00","PVS_XP_2061","123","03","03","B","20180725","20180726","胆江圏","","1203","1356","20170930","153"
"07/27/2018 00:00:00","05/26/2021 00:00:00","False","Batch","07/26/2018 18:58:34","BATCH","05/27/2021 00:00:00","PVS_XP_2061","123","03","02","B","20180725","20180726","岩手中部圏","","1768","1794","20170930","26"
"07/27/2018 00:00:00","05/26/2021 00:00:00","False","Batch","07/26/2018 18:58:34","BATCH","05/27/2021 00:00:00","PVS_XP_2061","123","03","01","B","20180725","20180726","盛岡圏","","5253","5869","20170930","616"
"05/27/2021 00:00:00","11/25/2021 00:00:00","False","Batch","05/26/2021 18:58:21","BATCH","11/26/2021 00:00:00","PVS_XP_2061","123","10","07","B","20210525","20210526","藤岡圏","","644","898","20200930","254"
"05/27/2021 00:00:00","11/25/2021 00:00:00","False","Batch","05/26/2021 18:58:21","BATCH","11/26/2021 00:00:00","PVS_XP_2061","123","10","06","B","20210525","20210526","渋川圏","","692","1061","20200930","369"
"05/27/2021 00:00:00","11/25/2021 00:00:00","False","Batch","05/26/2021 18:58:21","BATCH","11/26/2021 00:00:00","PVS_XP_2061","123","10","05","B","20210525","20210526","太田・館林圏","","2520","3103","20200930","583"
"05/27/2021 00:00:00","11/25/2021 00:00:00","False","Batch","05/26/2021 18:58:21","BATCH","11/26/2021 00:00:00","PVS_XP_2061","123","10","04","B","20210525","20210526","伊勢崎圏","","1696","1908","20200930","212"
"05/27/2021 00:00:00","11/25/2021 00:00:00","False","Batch","05/26/2021 18:58:21","BATCH","11/26/2021 00:00:00","PVS_XP_2061","123","10","03","B","20210525","20210526","桐生圏","","1200","1655","20200930","455"
"05/27/2021 00:00:00","11/25/2021 00:00:00","False","Batch","05/26/2021 18:58:21","BATCH","11/26/2021 00:00:00","PVS_XP_2061","123","10","02","B","20210525","20210526","高崎・安中圏","","3267","3471","20200930","204"
"05/27/2021 00:00:00","11/25/2021 00:00:00","False","Batch","05/26/2021 18:58:21","BATCH","11/26/2021 00:00:00","PVS_XP_2061","123","10","01","B","20210525","20210526","前橋圏","","3272","3560","20200930","288"
"11/26/2021 00:00:00","11/27/2022 00:00:00","False","Batch","11/25/2021 19:04:09","BATCH","11/28/2022 00:00:00","PVS_XP_2061","123","13","12","B","20211124","20211125","北多摩北部圏","","5810","5556","20210401","-254"
"11/26/2021 00:00:00","11/27/2022 00:00:00","False","Batch","11/25/2021 19:04:09","BATCH","11/28/2022 00:00:00","PVS_XP_2061","123","13","11","B","20211124","20211125","北多摩南部圏","","7067","7388","20210401","321"
"11/26/2021 00:00:00","11/27/2022 00:00:00","False","Batch","11/25/2021 19:04:09","BATCH","11/28/2022 00:00:00","PVS_XP_2061","123","13","10","B","20211124","20211125","北多摩西部圏","","4322","4248","20210401","-74"
"11/26/2021 00:00:00","11/27/2022 00:00:00","False","Batch","11/25/2021 19:04:09","BATCH","11/28/2022 00:00:00","PVS_XP_2061","123","13","09","B","20211124","20211125","南多摩圏","","11381","10814","20210401","-567"
"11/26/2021 00:00:00","11/27/2022 00:00:00","False","Batch","11/25/2021 19:04:09","BATCH","11/28/2022 00:00:00","PVS_XP_2061","123","13","08","B","20211124","20211125","西多摩圏","","3342","4094","20210401","752"
"11/26/2021 00:00:00","11/27/2022 00:00:00","False","Batch","11/25/2021 19:04:09","BATCH","11/28/2022 00:00:00","PVS_XP_2061","123","13","07","B","20211124","20211125","区東部圏（東京）","","9446","9187","20210401","-259"
"11/26/2021 00:00:00","11/27/2022 00:00:00","False","Batch","11/25/2021 19:04:09","BATCH","11/28/2022 00:00:00","PVS_XP_2061","123","13","06","B","20211124","20211125","区東北部圏（東京）","","10978","10978","20210401","0"
"11/26/2021 00:00:00","11/27/2022 00:00:00","False","Batch","11/25/2021 19:04:09","BATCH","11/28/2022 00:00:00","PVS_XP_2061","123","13","05","B","20211124","20211125","区西北部圏（東京）","","14880","14833","20210401","-47"
"11/26/2021 00:00:00","11/27/2022 00:00:00","False","Batch","11/25/2021 19:04:09","BATCH","11/28/2022 00:00:00","PVS_XP_2061","123","13","04","B","20211124","20211125","区西部圏（東京）","","8390","10071","20210401","1681"
"11/26/2021 00:00:00","11/27/2022 00:00:00","False","Batch","11/25/2021 19:04:09","BATCH","11/28/2022 00:00:00","PVS_XP_2061","123","13","03","B","20211124","20211125","区西南部圏（東京）","","9749","9655","20210401","-94"
"09/27/2018 00:00:00","05/28/2024 00:00:00","False","Batch","09/26/2018 19:04:49","BATCH","05/29/2024 00:00:00","PVS_XP_2061","123","40","07","B","20180925","20180926","八女・筑後圏","","1216","1887","20171101","671"
"09/27/2018 00:00:00","05/28/2024 00:00:00","False","Batch","09/26/2018 19:04:49","BATCH","05/29/2024 00:00:00","PVS_XP_2061","123","40","08","B","20180925","20180926","有明圏（福岡）","","1989","4075","20171101","2086"
"09/27/2018 00:00:00","05/28/2024 00:00:00","False","Batch","09/26/2018 19:04:49","BATCH","05/29/2024 00:00:00","PVS_XP_2061","123","40","09","B","20180925","20180926","飯塚圏","","2122","3094","20171101","972"
"09/27/2018 00:00:00","05/28/2024 00:00:00","False","Batch","09/26/2018 19:04:49","BATCH","05/29/2024 00:00:00","PVS_XP_2061","123","40","10","B","20180925","20180926","直方・鞍手圏","","825","1237","20171101","412"
"09/27/2018 00:00:00","05/28/2024 00:00:00","False","Batch","09/26/2018 19:04:49","BATCH","05/29/2024 00:00:00","PVS_XP_2061","123","40","11","B","20180925","20180926","田川圏","","964","1388","20171101","424"
"09/27/2018 00:00:00","05/28/2024 00:00:00","False","Batch","09/26/2018 19:04:49","BATCH","05/29/2024 00:00:00","PVS_XP_2061","123","40","12","B","20180925","20180926","北九州圏","","10511","16408","20171101","5897"
"09/27/2018 00:00:00","05/28/2024 00:00:00","False","Batch","09/26/2018 19:04:49","BATCH","05/29/2024 00:00:00","PVS_XP_2061","123","40","13","B","20180925","20180926","京築圏","","1161","1591","20171101","430"
"05/30/2018 00:00:00","05/28/2024 00:00:00","False","Batch","05/29/2018 19:02:25","BATCH","05/29/2024 00:00:00","PVS_XP_2061","123","15","01","B","20180528","20180529","下越圏","","1710","2131","20171001","421"
"05/30/2018 00:00:00","05/28/2024 00:00:00","False","Batch","05/29/2018 19:02:25","BATCH","05/29/2024 00:00:00","PVS_XP_2061","123","15","02","B","20180528","20180529","新潟圏","","7342","9143","20171001","1801"
"05/30/2018 00:00:00","05/28/2024 00:00:00","False","Batch","05/29/2018 19:02:25","BATCH","05/29/2024 00:00:00","PVS_XP_2061","123","15","03","B","20180528","20180529","県央圏（新潟）","","1392","1929","20171001","537"
"11/26/2021 00:00:00","11/27/2022 00:00:00","False","Batch","11/25/2021 19:04:09","BATCH","11/28/2022 00:00:00","PVS_XP_2061","123","13","02","B","20211124","20211125","区南部圏（東京）","","8257","8052","20210401","-205"
"11/26/2021 00:00:00","11/27/2022 00:00:00","False","Batch","11/25/2021 19:04:09","BATCH","11/28/2022 00:00:00","PVS_XP_2061","123","13","01","B","20211124","20211125","区中央部圏（東京）","","5576","13303","20210401","7727"
"11/28/2022 00:00:00","11/28/2023 00:00:00","False","Batch","11/25/2022 19:35:13","BATCH","11/29/2023 00:00:00","PVS_XP_2061","123","13","13","B","20221124","20221125","島しょ圏（東京）","","248","80","20220401","-168"
"11/28/2022 00:00:00","11/28/2023 00:00:00","False","Batch","11/25/2022 19:35:13","BATCH","11/29/2023 00:00:00","PVS_XP_2061","123","16","01","B","20221124","20221125","新川圏","","1228","1749","20220710","521"
"11/28/2022 00:00:00","11/28/2023 00:00:00","False","Batch","11/25/2022 19:35:13","BATCH","11/29/2023 00:00:00","PVS_XP_2061","123","16","02","B","20221124","20221125","富山圏","","5509","6411","20220710","902"
"05/27/2022 00:00:00","11/27/2022 00:00:00","False","Batch","05/26/2022 19:03:57","BATCH","11/28/2022 00:00:00","PVS_XP_2061","123","10","10","B","20220525","20220526","沼田圏","","648","958","20210930","310"
"05/27/2022 00:00:00","11/27/2022 00:00:00","False","Batch","05/26/2022 19:03:57","BATCH","11/28/2022 00:00:00","PVS_XP_2061","123","10","09","B","20220525","20220526","吾妻圏","","437","802","20210930","365"
"05/27/2022 00:00:00","11/27/2022 00:00:00","False","Batch","05/26/2022 19:03:57","BATCH","11/28/2022 00:00:00","PVS_XP_2061","123","10","08","B","20220525","20220526","富岡圏","","726","802","20210930","76"
"05/30/2018 00:00:00","11/25/2021 00:00:00","False","Batch","05/29/2018 19:02:25","BATCH","11/26/2021 00:00:00","PVS_XP_2061","123","34","05","B","20180528","20180529","尾三圏","","2519","3443","20171130","924"
"05/30/2018 00:00:00","11/25/2021 00:00:00","False","Batch","05/29/2018 19:02:25","BATCH","11/26/2021 00:00:00","PVS_XP_2061","123","34","06","B","20180528","20180529","福山・府中圏","","4565","4917","20171130","352"
"05/30/2018 00:00:00","11/25/2021 00:00:00","False","Batch","05/29/2018 19:02:25","BATCH","11/26/2021 00:00:00","PVS_XP_2061","123","34","07","B","20180528","20180529","備北圏","","804","1555","20171130","751"
"07/27/2018 00:00:00","11/25/2021 00:00:00","False","Batch","07/26/2018 18:58:34","BATCH","11/26/2021 00:00:00","PVS_XP_2061","123","16","04","B","20180725","20180726","砺波圏","","1461","1914","20171001","453"
"07/27/2018 00:00:00","11/25/2021 00:00:00","False","Batch","07/26/2018 18:58:34","BATCH","11/26/2021 00:00:00","PVS_XP_2061","123","16","03","B","20180725","20180726","高岡圏","","2793","3182","20171001","389"
"07/27/2018 00:00:00","11/25/2021 00:00:00","False","Batch","07/26/2018 18:58:34","BATCH","11/26/2021 00:00:00","PVS_XP_2061","123","16","02","B","20180725","20180726","富山圏","","5509","6708","20171001","1199"
"07/27/2018 00:00:00","11/25/2021 00:00:00","False","Batch","07/26/2018 18:58:34","BATCH","11/26/2021 00:00:00","PVS_XP_2061","123","16","01","B","20180725","20180726","新川圏","","1228","1846","20171001","618"
"05/30/2018 00:00:00","05/26/2022 00:00:00","False","Batch","05/29/2018 19:02:25","BATCH","05/27/2022 00:00:00","PVS_XP_2061","123","11","07","B","20180528","20180529","西部圏（埼玉）","","7648","7466","20170331","-182"
"05/30/2018 00:00:00","05/26/2022 00:00:00","False","Batch","05/29/2018 19:02:25","BATCH","05/27/2022 00:00:00","PVS_XP_2061","123","11","08","B","20180528","20180529","利根圏","","4284","4077","20170331","-207"
"05/30/2018 00:00:00","05/26/2022 00:00:00","False","Batch","05/29/2018 19:02:25","BATCH","05/27/2022 00:00:00","PVS_XP_2061","123","11","09","B","20180528","20180529","北部圏（埼玉）","","2802","3604","20170331","802"
"05/30/2018 00:00:00","05/26/2022 00:00:00","False","Batch","05/29/2018 19:02:25","BATCH","05/27/2022 00:00:00","PVS_XP_2061","123","11","10","B","20180528","20180529","秩父圏","","546","759","20170331","213"
"05/30/2018 00:00:00","05/26/2022 00:00:00","False","Batch","05/29/2018 19:02:25","BATCH","05/27/2022 00:00:00","PVS_XP_2061","123","12","01","B","20180528","20180529","千葉圏","","8039","7772","20171001","-267"
"05/30/2018 00:00:00","05/26/2022 00:00:00","False","Batch","05/29/2018 19:02:25","BATCH","05/27/2022 00:00:00","PVS_XP_2061","123","12","02","B","20180528","20180529","東葛南部圏","","12136","11612","20171001","-524"
"05/30/2018 00:00:00","05/26/2022 00:00:00","False","Batch","05/29/2018 19:02:25","BATCH","05/27/2022 00:00:00","PVS_XP_2061","123","12","03","B","20180528","20180529","東葛北部圏","","10728","10146","20171001","-582"
"05/30/2018 00:00:00","05/26/2022 00:00:00","False","Batch","05/29/2018 19:02:25","BATCH","05/27/2022 00:00:00","PVS_XP_2061","123","12","04","B","20180528","20180529","印旛圏","","4342","6405","20171001","2063"
"05/30/2018 00:00:00","05/26/2022 00:00:00","False","Batch","05/29/2018 19:02:25","BATCH","05/27/2022 00:00:00","PVS_XP_2061","123","12","05","B","20180528","20180529","香取海匝圏","","2284","3205","20171001","921"
"05/30/2018 00:00:00","05/26/2022 00:00:00","False","Batch","05/29/2018 19:02:25","BATCH","05/27/2022 00:00:00","PVS_XP_2061","123","12","06","B","20180528","20180529","山武長生夷隅圏","","2717","3516","20171001","799"
"05/30/2018 00:00:00","05/26/2022 00:00:00","False","Batch","05/29/2018 19:02:25","BATCH","05/27/2022 00:00:00","PVS_XP_2061","123","12","07","B","20180528","20180529","安房圏","","1694","2092","20171001","398"
"05/30/2018 00:00:00","05/26/2022 00:00:00","False","Batch","05/29/2018 19:02:25","BATCH","05/27/2022 00:00:00","PVS_XP_2061","123","12","08","B","20180528","20180529","君津圏","","2479","2532","20171001","53"
"05/30/2018 00:00:00","05/26/2022 00:00:00","False","Batch","05/29/2018 19:02:25","BATCH","05/27/2022 00:00:00","PVS_XP_2061","123","12","09","B","20180528","20180529","市原圏","","2007","2132","20171001","125"
"05/27/2021 00:00:00","05/26/2022 00:00:00","False","Batch","05/26/2021 18:58:21","BATCH","05/27/2022 00:00:00","PVS_XP_2061","123","14","01","B","20210525","20210526","横浜圏","","23993","22869","20170331","-1124"
"05/27/2021 00:00:00","05/26/2022 00:00:00","False","Batch","05/26/2021 18:58:21","BATCH","05/27/2022 00:00:00","PVS_XP_2061","123","14","02","B","20210525","20210526","川崎北部圏","","3796","4362","20170331","566"
"05/27/2021 00:00:00","05/26/2022 00:00:00","False","Batch","05/26/2021 18:58:21","BATCH","05/27/2022 00:00:00","PVS_XP_2061","123","14","03","B","20210525","20210526","川崎南部圏","","4189","4814","20170331","625"
"05/27/2021 00:00:00","05/26/2022 00:00:00","False","Batch","05/26/2021 18:58:21","BATCH","05/27/2022 00:00:00","PVS_XP_2061","123","14","04","B","20210525","20210526","横須賀・三浦圏","","5307","5357","20170331","50"
"05/27/2021 00:00:00","05/26/2022 00:00:00","False","Batch","05/26/2021 18:58:21","BATCH","05/27/2022 00:00:00","PVS_XP_2061","123","14","05","B","20210525","20210526","湘南東部圏","","4064","4319","20170331","255"
"05/27/2021 00:00:00","05/26/2022 00:00:00","False","Batch","05/26/2021 18:58:21","BATCH","05/27/2022 00:00:00","PVS_XP_2061","123","14","06","B","20210525","20210526","湘南西部圏","","4635","4901","20170331","266"
"05/27/2021 00:00:00","05/26/2022 00:00:00","False","Batch","05/26/2021 18:58:21","BATCH","05/27/2022 00:00:00","PVS_XP_2061","123","14","07","B","20210525","20210526","県央圏（神奈川）","","5361","5233","20170331","-128"
"05/27/2021 00:00:00","05/26/2022 00:00:00","False","Batch","05/26/2021 18:58:21","BATCH","05/27/2022 00:00:00","PVS_XP_2061","123","14","08","B","20210525","20210526","相模原圏","","6545","6564","20170331","19"
"05/27/2021 00:00:00","05/26/2022 00:00:00","False","Batch","05/26/2021 18:58:21","BATCH","05/27/2022 00:00:00","PVS_XP_2061","123","14","09","B","20210525","20210526","県西圏（神奈川）","","2809","3155","20170331","346"
"11/26/2021 00:00:00","05/26/2022 00:00:00","False","Batch","11/25/2021 19:04:09","BATCH","05/27/2022 00:00:00","PVS_XP_2061","123","10","10","B","20211124","20211125","沼田圏","","648","958","20210331","310"
"11/26/2021 00:00:00","05/26/2022 00:00:00","False","Batch","11/25/2021 19:04:09","BATCH","05/27/2022 00:00:00","PVS_XP_2061","123","10","09","B","20211124","20211125","吾妻圏","","437","802","20210331","365"
"11/26/2021 00:00:00","05/26/2022 00:00:00","False","Batch","11/25/2021 19:04:09","BATCH","05/27/2022 00:00:00","PVS_XP_2061","123","10","08","B","20211124","20211125","富岡圏","","726","802","20210331","76"
"11/26/2021 00:00:00","05/26/2022 00:00:00","False","Batch","11/25/2021 19:04:09","BATCH","05/27/2022 00:00:00","PVS_XP_2061","123","10","07","B","20211124","20211125","藤岡圏","","644","898","20210331","254"
"11/26/2021 00:00:00","05/26/2022 00:00:00","False","Batch","11/25/2021 19:04:09","BATCH","05/27/2022 00:00:00","PVS_XP_2061","123","10","06","B","20211124","20211125","渋川圏","","692","1061","20210331","369"
"11/26/2021 00:00:00","05/26/2022 00:00:00","False","Batch","11/25/2021 19:04:09","BATCH","05/27/2022 00:00:00","PVS_XP_2061","123","10","05","B","20211124","20211125","太田・館林圏","","2520","3103","20210331","583"
"11/26/2021 00:00:00","05/26/2022 00:00:00","False","Batch","11/25/2021 19:04:09","BATCH","05/27/2022 00:00:00","PVS_XP_2061","123","10","04","B","20211124","20211125","伊勢崎圏","","1696","1908","20210331","212"
"11/26/2021 00:00:00","05/26/2022 00:00:00","False","Batch","11/25/2021 19:04:09","BATCH","05/27/2022 00:00:00","PVS_XP_2061","123","10","03","B","20211124","20211125","桐生圏","","1200","1655","20210331","455"
"11/26/2021 00:00:00","05/26/2022 00:00:00","False","Batch","11/25/2021 19:04:09","BATCH","05/27/2022 00:00:00","PVS_XP_2061","123","10","02","B","20211124","20211125","高崎・安中圏","","3267","3421","20210331","154"
"11/26/2021 00:00:00","05/26/2022 00:00:00","False","Batch","11/25/2021 19:04:09","BATCH","05/27/2022 00:00:00","PVS_XP_2061","123","10","01","B","20211124","20211125","前橋圏","","3272","3554","20210331","282"
"05/30/2018 00:00:00","05/28/2024 00:00:00","False","Batch","05/29/2018 19:02:25","BATCH","05/29/2024 00:00:00","PVS_XP_2061","123","15","04","B","20180528","20180529","中越圏","","4084","4004","20171001","-80"
"05/30/2018 00:00:00","05/28/2024 00:00:00","False","Batch","05/29/2018 19:02:25","BATCH","05/29/2024 00:00:00","PVS_XP_2061","123","15","05","B","20180528","20180529","魚沼圏","","1109","1407","20171001","298"
"05/30/2018 00:00:00","05/28/2024 00:00:00","False","Batch","05/29/2018 19:02:25","BATCH","05/29/2024 00:00:00","PVS_XP_2061","123","15","06","B","20180528","20180529","上越圏","","2456","2248","20171001","-208"
"05/30/2018 00:00:00","05/28/2024 00:00:00","False","Batch","05/29/2018 19:02:25","BATCH","05/29/2024 00:00:00","PVS_XP_2061","123","15","07","B","20180528","20180529","佐渡圏","","538","580","20171001","42"
"05/30/2018 00:00:00","05/28/2024 00:00:00","False","Batch","05/29/2018 19:02:25","BATCH","05/29/2024 00:00:00","PVS_XP_2061","123","19","01","B","20180528","20180529","中北圏","","3836","4610","20180131","774"
"05/30/2018 00:00:00","05/28/2024 00:00:00","False","Batch","05/29/2018 19:02:25","BATCH","05/29/2024 00:00:00","PVS_XP_2061","123","19","02","B","20180528","20180529","峡東圏","","1492","2021","20180131","529"
"05/30/2018 00:00:00","05/28/2024 00:00:00","False","Batch","05/29/2018 19:02:25","BATCH","05/29/2024 00:00:00","PVS_XP_2061","123","19","03","B","20180528","20180529","峡南圏","","174","545","20180131","371"
"05/30/2018 00:00:00","05/28/2024 00:00:00","False","Batch","05/29/2018 19:02:25","BATCH","05/29/2024 00:00:00","PVS_XP_2061","123","19","04","B","20180528","20180529","富士・東部圏","","791","1136","20180131","345"
"11/28/2022 00:00:00","11/28/2023 00:00:00","False","Batch","11/25/2022 19:35:13","BATCH","11/29/2023 00:00:00","PVS_XP_2061","123","16","03","B","20221124","20221125","高岡圏","","2793","3372","20220710","579"
"11/28/2022 00:00:00","11/28/2023 00:00:00","False","Batch","11/25/2022 19:35:13","BATCH","11/29/2023 00:00:00","PVS_XP_2061","123","16","04","B","20221124","20221125","砺波圏","","1461","1693","20220710","232"
"11/28/2022 00:00:00","11/28/2023 00:00:00","False","Batch","11/25/2022 19:35:13","BATCH","11/29/2023 00:00:00","PVS_XP_2061","123","29","01","B","20221124","20221125","奈良圏","","3241","3487","20221027","246"
"11/28/2022 00:00:00","11/28/2023 00:00:00","False","Batch","11/25/2022 19:35:13","BATCH","11/29/2023 00:00:00","PVS_XP_2061","123","29","02","B","20221124","20221125","東和圏","","2050","2518","20221027","468"
"11/28/2022 00:00:00","11/28/2023 00:00:00","False","Batch","11/25/2022 19:35:13","BATCH","11/29/2023 00:00:00","PVS_XP_2061","123","29","03","B","20221124","20221125","西和圏","","3212","3228","20221027","16"
"11/28/2022 00:00:00","11/28/2023 00:00:00","False","Batch","11/25/2022 19:35:13","BATCH","11/29/2023 00:00:00","PVS_XP_2061","123","29","04","B","20221124","20221125","中和圏","","2957","3449","20221027","492"
"11/28/2022 00:00:00","11/28/2023 00:00:00","False","Batch","11/25/2022 19:35:13","BATCH","11/29/2023 00:00:00","PVS_XP_2061","123","29","05","B","20221124","20221125","南和圏","","590","612","20221027","22"
"11/28/2022 00:00:00","11/28/2023 00:00:00","False","Batch","11/25/2022 19:35:13","BATCH","11/29/2023 00:00:00","PVS_XP_2061","123","13","12","B","20221124","20221125","北多摩北部圏","","5810","5796","20220401","-14"
"11/28/2022 00:00:00","11/28/2023 00:00:00","False","Batch","11/25/2022 19:35:13","BATCH","11/29/2023 00:00:00","PVS_XP_2061","123","13","11","B","20221124","20221125","北多摩南部圏","","7067","7388","20220401","321"
"11/28/2022 00:00:00","11/28/2023 00:00:00","False","Batch","11/25/2022 19:35:13","BATCH","11/29/2023 00:00:00","PVS_XP_2061","123","13","10","B","20221124","20221125","北多摩西部圏","","4322","4225","20220401","-97"
"11/28/2022 00:00:00","11/28/2023 00:00:00","False","Batch","11/25/2022 19:35:13","BATCH","11/29/2023 00:00:00","PVS_XP_2061","123","13","09","B","20221124","20221125","南多摩圏","","11381","10755","20220401","-626"
"11/28/2022 00:00:00","11/28/2023 00:00:00","False","Batch","11/25/2022 19:35:13","BATCH","11/29/2023 00:00:00","PVS_XP_2061","123","13","08","B","20221124","20221125","西多摩圏","","3342","4094","20220401","752"
"11/28/2022 00:00:00","11/28/2023 00:00:00","False","Batch","11/25/2022 19:35:13","BATCH","11/29/2023 00:00:00","PVS_XP_2061","123","13","07","B","20221124","20221125","区東部圏（東京）","","9446","9409","20220401","-37"
"11/28/2022 00:00:00","11/28/2023 00:00:00","False","Batch","11/25/2022 19:35:13","BATCH","11/29/2023 00:00:00","PVS_XP_2061","123","13","06","B","20221124","20221125","区東北部圏（東京）","","10978","10943","20220401","-35"
"11/28/2022 00:00:00","11/28/2023 00:00:00","False","Batch","11/25/2022 19:35:13","BATCH","11/29/2023 00:00:00","PVS_XP_2061","123","13","05","B","20221124","20221125","区西北部圏（東京）","","14880","14823","20220401","-57"
"11/28/2022 00:00:00","11/28/2023 00:00:00","False","Batch","11/25/2022 19:35:13","BATCH","11/29/2023 00:00:00","PVS_XP_2061","123","13","04","B","20221124","20221125","区西部圏（東京）","","8390","10082","20220401","1692"
"11/28/2022 00:00:00","11/28/2023 00:00:00","False","Batch","11/25/2022 19:35:13","BATCH","11/29/2023 00:00:00","PVS_XP_2061","123","13","03","B","20221124","20221125","区西南部圏（東京）","","9749","9542","20220401","-207"
"11/28/2022 00:00:00","05/25/2023 00:00:00","False","Batch","11/25/2022 19:35:13","BATCH","05/26/2023 00:00:00","PVS_XP_2061","123","10","10","B","20221124","20221125","沼田圏","","648","958","20220331","310"
"11/28/2022 00:00:00","05/25/2023 00:00:00","False","Batch","11/25/2022 19:35:13","BATCH","05/26/2023 00:00:00","PVS_XP_2061","123","10","09","B","20221124","20221125","吾妻圏","","437","795","20220331","358"
"11/28/2022 00:00:00","05/25/2023 00:00:00","False","Batch","11/25/2022 19:35:13","BATCH","05/26/2023 00:00:00","PVS_XP_2061","123","10","08","B","20221124","20221125","富岡圏","","726","802","20220331","76"
"11/28/2022 00:00:00","05/25/2023 00:00:00","False","Batch","11/25/2022 19:35:13","BATCH","05/26/2023 00:00:00","PVS_XP_2061","123","10","07","B","20221124","20221125","藤岡圏","","644","898","20220331","254"
"11/28/2022 00:00:00","05/25/2023 00:00:00","False","Batch","11/25/2022 19:35:13","BATCH","05/26/2023 00:00:00","PVS_XP_2061","123","10","06","B","20221124","20221125","渋川圏","","692","1061","20220331","369"
"11/28/2022 00:00:00","11/28/2023 00:00:00","False","Batch","11/25/2022 19:35:13","BATCH","11/29/2023 00:00:00","PVS_XP_2061","123","13","02","B","20221124","20221125","区南部圏（東京）","","8257","8096","20220401","-161"
"11/28/2022 00:00:00","05/25/2023 00:00:00","False","Batch","11/25/2022 19:35:13","BATCH","05/26/2023 00:00:00","PVS_XP_2061","123","10","05","B","20221124","20221125","太田・館林圏","","2520","3103","20220331","583"
"11/28/2022 00:00:00","05/25/2023 00:00:00","False","Batch","11/25/2022 19:35:13","BATCH","05/26/2023 00:00:00","PVS_XP_2061","123","10","04","B","20221124","20221125","伊勢崎圏","","1696","1908","20220331","212"
"09/27/2018 00:00:00","11/27/2022 00:00:00","False","Batch","09/26/2018 19:04:49","BATCH","11/28/2022 00:00:00","PVS_XP_2061","123","28","01","B","20180925","20180926","神戸圏","","15600","15578","20171001","-22"
"09/27/2018 00:00:00","11/27/2022 00:00:00","False","Batch","09/26/2018 19:04:49","BATCH","11/28/2022 00:00:00","PVS_XP_2061","123","28","02","B","20180925","20180926","阪神圏","","15697","15588","20171001","-109"
"09/27/2018 00:00:00","11/27/2022 00:00:00","False","Batch","09/26/2018 19:04:49","BATCH","11/28/2022 00:00:00","PVS_XP_2061","123","28","03","B","20180925","20180926","東播磨圏","","6438","6426","20171001","-12"
"09/27/2018 00:00:00","11/27/2022 00:00:00","False","Batch","09/26/2018 19:04:49","BATCH","11/28/2022 00:00:00","PVS_XP_2061","123","28","04","B","20180925","20180926","北播磨圏","","3335","3265","20171001","-70"
"09/27/2018 00:00:00","11/27/2022 00:00:00","False","Batch","09/26/2018 19:04:49","BATCH","11/28/2022 00:00:00","PVS_XP_2061","123","28","05","B","20180925","20180926","播磨姫路圏","","8237","8106","20171001","-131"
"09/27/2018 00:00:00","11/27/2022 00:00:00","False","Batch","09/26/2018 19:04:49","BATCH","11/28/2022 00:00:00","PVS_XP_2061","123","28","06","B","20180925","20180926","但馬圏","","1474","1415","20171001","-59"
"09/27/2018 00:00:00","11/27/2022 00:00:00","False","Batch","09/26/2018 19:04:49","BATCH","11/28/2022 00:00:00","PVS_XP_2061","123","28","07","B","20180925","20180926","丹波圏","","1267","1249","20171001","-18"
"09/27/2018 00:00:00","11/27/2022 00:00:00","False","Batch","09/26/2018 19:04:49","BATCH","11/28/2022 00:00:00","PVS_XP_2061","123","28","08","B","20180925","20180926","淡路圏","","1699","1726","20171001","27"
"11/28/2022 00:00:00","05/25/2023 00:00:00","False","Batch","11/25/2022 19:35:13","BATCH","05/26/2023 00:00:00","PVS_XP_2061","123","10","03","B","20221124","20221125","桐生圏","","1200","1655","20220331","455"
"11/28/2022 00:00:00","05/25/2023 00:00:00","False","Batch","11/25/2022 19:35:13","BATCH","05/26/2023 00:00:00","PVS_XP_2061","123","10","02","B","20221124","20221125","高崎・安中圏","","3267","3423","20220331","156"
"11/28/2022 00:00:00","05/25/2023 00:00:00","False","Batch","11/25/2022 19:35:13","BATCH","05/26/2023 00:00:00","PVS_XP_2061","123","10","01","B","20221124","20221125","前橋圏","","3272","3548","20220331","276"
"02/18/2013 00:00:00","05/25/2016 00:00:00","False","Batch","02/16/2013 06:07:23","BATCH","05/26/2016 00:00:00","PVS_XP_2061","123","12","05","A","20130215","20130218","香取海匝圏","","3369","3077","20100401","-292"
"02/18/2013 00:00:00","05/25/2016 00:00:00","False","Batch","02/16/2013 06:07:23","BATCH","05/26/2016 00:00:00","PVS_XP_2061","123","12","06","A","20130215","20130218","山武長生夷隅圏","","4017","3809","20100401","-208"
"02/18/2013 00:00:00","05/25/2016 00:00:00","False","Batch","02/16/2013 06:07:23","BATCH","05/26/2016 00:00:00","PVS_XP_2061","123","12","07","A","20130215","20130218","安房圏","","2039","2023","20100401","-16"
"02/18/2013 00:00:00","05/25/2016 00:00:00","False","Batch","02/16/2013 06:07:23","BATCH","05/26/2016 00:00:00","PVS_XP_2061","123","12","08","A","20130215","20130218","君津圏","","2508","2268","20100401","-240"
"02/18/2013 00:00:00","05/25/2016 00:00:00","False","Batch","02/16/2013 06:07:23","BATCH","05/26/2016 00:00:00","PVS_XP_2061","123","12","09","A","20130215","20130218","市原圏","","2195","2040","20100401","-155"
"09/29/2015 00:00:00","05/25/2016 00:00:00","False","Batch","09/28/2015 18:33:29","BATCH","05/26/2016 00:00:00","PVS_XP_2061","123","23","05","B","20150925","20150928","尾張西部圏","","3586","3578","20120930","-8"
"04/24/2013 00:00:00","05/29/2018 00:00:00","False","Batch","04/23/2013 18:40:28","BATCH","05/30/2018 00:00:00","PVS_XP_2061","123","13","01","B","20130422","20130423","区中央部圏（東京）","","5258","13703","20121001","8445"
"04/24/2013 00:00:00","05/29/2018 00:00:00","False","Batch","04/23/2013 18:40:28","BATCH","05/30/2018 00:00:00","PVS_XP_2061","123","13","02","B","20130422","20130423","区南部圏（東京）","","8091","7931","20121001","-160"
"04/24/2013 00:00:00","05/29/2018 00:00:00","False","Batch","04/23/2013 18:40:28","BATCH","05/30/2018 00:00:00","PVS_XP_2061","123","13","03","B","20130422","20130423","区西南部圏（東京）","","9847","9529","20121001","-318"
"04/24/2013 00:00:00","05/29/2018 00:00:00","False","Batch","04/23/2013 18:40:28","BATCH","05/30/2018 00:00:00","PVS_XP_2061","123","13","04","B","20130422","20130423","区西部圏（東京）","","10548","10538","20121001","-10"
"04/24/2013 00:00:00","05/29/2018 00:00:00","False","Batch","04/23/2013 18:40:28","BATCH","05/30/2018 00:00:00","PVS_XP_2061","123","13","05","B","20130422","20130423","区西北部圏（東京）","","14218","13845","20121001","-373"
"04/24/2013 00:00:00","05/29/2018 00:00:00","False","Batch","04/23/2013 18:40:28","BATCH","05/30/2018 00:00:00","PVS_XP_2061","123","13","06","B","20130422","20130423","区東北部圏（東京）","","9617","9157","20121001","-460"
"04/24/2013 00:00:00","05/29/2018 00:00:00","False","Batch","04/23/2013 18:40:28","BATCH","05/30/2018 00:00:00","PVS_XP_2061","123","13","07","B","20130422","20130423","区東部圏（東京）","","8329","8039","20121001","-290"
"09/29/2015 00:00:00","05/25/2016 00:00:00","False","Batch","09/28/2015 18:33:29","BATCH","05/26/2016 00:00:00","PVS_XP_2061","123","23","06","B","20150925","20150928","尾張北部圏","","4854","4624","20120930","-230"
"09/29/2015 00:00:00","05/25/2016 00:00:00","False","Batch","09/28/2015 18:33:29","BATCH","05/26/2016 00:00:00","PVS_XP_2061","123","23","07","B","20150925","20150928","知多半島圏","","3473","3121","20120930","-352"
"09/29/2015 00:00:00","05/25/2016 00:00:00","False","Batch","09/28/2015 18:33:29","BATCH","05/26/2016 00:00:00","PVS_XP_2061","123","23","08","B","20150925","20150928","西三河北部圏","","2900","2391","20120930","-509"
"04/24/2013 00:00:00","05/29/2018 00:00:00","False","Batch","04/23/2013 18:40:28","BATCH","05/30/2018 00:00:00","PVS_XP_2061","123","13","08","B","20130422","20130423","西多摩圏","","3017","4121","20121001","1104"
"04/24/2013 00:00:00","05/29/2018 00:00:00","False","Batch","04/23/2013 18:40:28","BATCH","05/30/2018 00:00:00","PVS_XP_2061","123","13","09","B","20130422","20130423","南多摩圏","","10144","10016","20121001","-128"
"04/24/2013 00:00:00","05/29/2018 00:00:00","False","Batch","04/23/2013 18:40:28","BATCH","05/30/2018 00:00:00","PVS_XP_2061","123","13","10","B","20130422","20130423","北多摩西部圏","","3844","4227","20121001","383"
"04/24/2013 00:00:00","05/29/2018 00:00:00","False","Batch","04/23/2013 18:40:28","BATCH","05/30/2018 00:00:00","PVS_XP_2061","123","13","11","B","20130422","20130423","北多摩南部圏","","7285","7476","20121001","191"
"04/24/2013 00:00:00","05/29/2018 00:00:00","False","Batch","04/23/2013 18:40:28","BATCH","05/30/2018 00:00:00","PVS_XP_2061","123","13","12","B","20130422","20130423","北多摩北部圏","","5252","5478","20121001","226"
"04/24/2013 00:00:00","05/29/2018 00:00:00","False","Batch","04/23/2013 18:40:28","BATCH","05/30/2018 00:00:00","PVS_XP_2061","123","13","13","B","20130422","20130423","島しょ圏（東京）","","177","80","20121001","-97"
"04/24/2013 00:00:00","05/29/2018 00:00:00","False","Batch","04/23/2013 18:40:28","BATCH","05/30/2018 00:00:00","PVS_XP_2061","123","14","01","B","20130422","20130423","横浜北部圏","","8726","8234","20120331","-492"
"04/24/2013 00:00:00","05/29/2018 00:00:00","False","Batch","04/23/2013 18:40:28","BATCH","05/30/2018 00:00:00","PVS_XP_2061","123","14","02","B","20130422","20130423","横浜西部圏","","7049","7395","20120331","346"
"04/24/2013 00:00:00","05/29/2018 00:00:00","False","Batch","04/23/2013 18:40:28","BATCH","05/30/2018 00:00:00","PVS_XP_2061","123","14","03","B","20130422","20130423","横浜南部圏","","6415","6925","20120331","510"
"04/24/2013 00:00:00","05/29/2018 00:00:00","False","Batch","04/23/2013 18:40:28","BATCH","05/30/2018 00:00:00","PVS_XP_2061","123","14","04","B","20130422","20130423","川崎北部圏","","4353","4170","20120331","-183"
"04/24/2013 00:00:00","05/29/2018 00:00:00","False","Batch","04/23/2013 18:40:28","BATCH","05/30/2018 00:00:00","PVS_XP_2061","123","14","05","B","20130422","20130423","川崎南部圏","","4059","4843","20120331","784"
"04/24/2013 00:00:00","05/29/2018 00:00:00","False","Batch","04/23/2013 18:40:28","BATCH","05/30/2018 00:00:00","PVS_XP_2061","123","14","06","B","20130422","20130423","横須賀・三浦圏","","5334","5311","20120331","-23"
"04/24/2013 00:00:00","05/29/2018 00:00:00","False","Batch","04/23/2013 18:40:28","BATCH","05/30/2018 00:00:00","PVS_XP_2061","123","14","07","B","20130422","20130423","湘南東部圏","","4394","3901","20120331","-493"
"04/24/2013 00:00:00","05/29/2018 00:00:00","False","Batch","04/23/2013 18:40:28","BATCH","05/30/2018 00:00:00","PVS_XP_2061","123","14","08","B","20130422","20130423","湘南西部圏","","4996","4847","20120331","-149"
"04/24/2013 00:00:00","05/29/2018 00:00:00","False","Batch","04/23/2013 18:40:28","BATCH","05/30/2018 00:00:00","PVS_XP_2061","123","14","09","B","20130422","20130423","県央圏（神奈川）","","5252","5010","20120331","-242"
"04/24/2013 00:00:00","05/29/2018 00:00:00","False","Batch","04/23/2013 18:40:28","BATCH","05/30/2018 00:00:00","PVS_XP_2061","123","14","10","B","20130422","20130423","相模原圏","","6494","6623","20120331","129"
"04/24/2013 00:00:00","05/29/2018 00:00:00","False","Batch","04/23/2013 18:40:28","BATCH","05/30/2018 00:00:00","PVS_XP_2061","123","14","11","B","20130422","20130423","県西圏（神奈川）","","2913","3313","20120331","400"
"04/24/2013 00:00:00","05/29/2018 00:00:00","False","Batch","04/23/2013 18:40:28","BATCH","05/30/2018 00:00:00","PVS_XP_2061","123","15","01","B","20130422","20130423","下越圏","","2216","1910","20121001","-306"
"04/24/2013 00:00:00","05/29/2018 00:00:00","False","Batch","04/23/2013 18:40:28","BATCH","05/30/2018 00:00:00","PVS_XP_2061","123","15","02","B","20130422","20130423","新潟圏","","7029","9314","20121001","2285"
"04/24/2013 00:00:00","12/24/2015 00:00:00","False","Batch","04/23/2013 18:40:28","BATCH","12/25/2015 00:00:00","PVS_XP_2061","123","45","01","B","20130422","20130423","宮崎東諸県圏","","4980","5344","20121231","364"
"04/24/2013 00:00:00","12/24/2015 00:00:00","False","Batch","04/23/2013 18:40:28","BATCH","12/25/2015 00:00:00","PVS_XP_2061","123","45","02","B","20130422","20130423","都城北諸県圏","","2195","2443","20121231","248"
"04/24/2013 00:00:00","12/24/2015 00:00:00","False","Batch","04/23/2013 18:40:28","BATCH","12/25/2015 00:00:00","PVS_XP_2061","123","45","03","B","20130422","20130423","延岡西臼杵圏","","1470","1811","20121231","341"
"04/24/2013 00:00:00","12/24/2015 00:00:00","False","Batch","04/23/2013 18:40:28","BATCH","12/25/2015 00:00:00","PVS_XP_2061","123","45","04","B","20130422","20130423","日南・串間圏","","834","1123","20121231","289"
"04/24/2013 00:00:00","12/24/2015 00:00:00","False","Batch","04/23/2013 18:40:28","BATCH","12/25/2015 00:00:00","PVS_XP_2061","123","45","05","B","20130422","20130423","西諸圏","","907","1090","20121231","183"
"04/24/2013 00:00:00","12/24/2015 00:00:00","False","Batch","04/23/2013 18:40:28","BATCH","12/25/2015 00:00:00","PVS_XP_2061","123","45","06","B","20130422","20130423","西都児湯圏","","619","1065","20121231","446"
"04/24/2013 00:00:00","12/24/2015 00:00:00","False","Batch","04/23/2013 18:40:28","BATCH","12/25/2015 00:00:00","PVS_XP_2061","123","45","07","B","20130422","20130423","日向入郷圏","","757","975","20121231","218"
"04/24/2013 00:00:00","05/29/2018 00:00:00","False","Batch","04/23/2013 18:40:28","BATCH","05/30/2018 00:00:00","PVS_XP_2061","123","15","03","B","20130422","20130423","県央圏（新潟）","","2134","2056","20121001","-78"
"04/24/2013 00:00:00","05/29/2018 00:00:00","False","Batch","04/23/2013 18:40:28","BATCH","05/30/2018 00:00:00","PVS_XP_2061","123","15","04","B","20130422","20130423","中越圏","","4685","4254","20121001","-431"
"04/24/2013 00:00:00","05/29/2018 00:00:00","False","Batch","04/23/2013 18:40:28","BATCH","05/30/2018 00:00:00","PVS_XP_2061","123","15","05","B","20130422","20130423","魚沼圏","","1960","1591","20121001","-369"
"04/24/2013 00:00:00","05/29/2018 00:00:00","False","Batch","04/23/2013 18:40:28","BATCH","05/30/2018 00:00:00","PVS_XP_2061","123","15","06","B","20130422","20130423","上越圏","","2344","2234","20121001","-110"
"04/24/2013 00:00:00","05/29/2018 00:00:00","False","Batch","04/23/2013 18:40:28","BATCH","05/30/2018 00:00:00","PVS_XP_2061","123","15","07","B","20130422","20130423","佐渡圏","","683","580","20121001","-103"
"12/25/2015 00:00:00","05/25/2017 00:00:00","False","Batch","12/24/2015 18:18:16","BATCH","05/26/2017 00:00:00","PVS_XP_2061","123","11","10","B","20151222","20151224","秩父圏","","420","754","20120331","334"
"12/25/2015 00:00:00","05/25/2017 00:00:00","False","Batch","12/24/2015 18:18:16","BATCH","05/26/2017 00:00:00","PVS_XP_2061","123","11","09","B","20151222","20151224","北部圏（埼玉）","","2973","3501","20120331","528"
"12/25/2015 00:00:00","05/25/2017 00:00:00","False","Batch","12/24/2015 18:18:16","BATCH","05/26/2017 00:00:00","PVS_XP_2061","123","11","08","B","20151222","20151224","利根圏","","2806","4170","20120331","1364"
"12/25/2015 00:00:00","05/25/2017 00:00:00","False","Batch","12/24/2015 18:18:16","BATCH","05/26/2017 00:00:00","PVS_XP_2061","123","11","07","B","20151222","20151224","西部圏（埼玉）","","6456","7282","20120331","826"
"12/25/2015 00:00:00","05/25/2017 00:00:00","False","Batch","12/24/2015 18:18:16","BATCH","05/26/2017 00:00:00","PVS_XP_2061","123","11","06","B","20151222","20151224","川越比企圏","","5332","6758","20120331","1426"
"12/25/2015 00:00:00","05/25/2017 00:00:00","False","Batch","12/24/2015 18:18:16","BATCH","05/26/2017 00:00:00","PVS_XP_2061","123","11","05","B","20151222","20151224","県央圏（埼玉）","","2389","3300","20120331","911"
"12/25/2015 00:00:00","05/25/2017 00:00:00","False","Batch","12/24/2015 18:18:16","BATCH","05/26/2017 00:00:00","PVS_XP_2061","123","11","04","B","20151222","20151224","さいたま圏","","6968","6954","20120331","-14"
"12/25/2015 00:00:00","05/25/2017 00:00:00","False","Batch","12/24/2015 18:18:16","BATCH","05/26/2017 00:00:00","PVS_XP_2061","123","11","03","B","20151222","20151224","東部圏（埼玉）","","6804","7243","20120331","439"
"12/25/2015 00:00:00","05/25/2017 00:00:00","False","Batch","12/24/2015 18:18:16","BATCH","05/26/2017 00:00:00","PVS_XP_2061","123","11","02","B","20151222","20151224","南西部圏（埼玉）","","4205","3780","20120331","-425"
"12/25/2015 00:00:00","05/25/2017 00:00:00","False","Batch","12/24/2015 18:18:16","BATCH","05/26/2017 00:00:00","PVS_XP_2061","123","11","01","B","20151222","20151224","南部圏（埼玉）","","4354","4168","20120331","-186"
"05/29/2013 00:00:00","05/29/2018 00:00:00","False","Batch","05/28/2013 18:18:53","BATCH","05/30/2018 00:00:00","PVS_XP_2061","123","30","01","B","20130527","20130528","和歌山圏","","4335","5780","20130305","1445"
"05/29/2013 00:00:00","05/29/2018 00:00:00","False","Batch","05/28/2013 18:18:53","BATCH","05/30/2018 00:00:00","PVS_XP_2061","123","30","02","B","20130527","20130528","那賀圏","","754","885","20130305","131"
"11/28/2018 00:00:00","11/26/2019 00:00:00","False","Batch","11/27/2018 19:01:46","BATCH","11/27/2019 00:00:00","PVS_XP_2061","123","10","01","B","20181126","20181127","前橋圏","","3272","3582","20180331","310"
"11/28/2018 00:00:00","11/26/2019 00:00:00","False","Batch","11/27/2018 19:01:46","BATCH","11/27/2019 00:00:00","PVS_XP_2061","123","10","02","B","20181126","20181127","高崎・安中圏","","3267","3484","20180331","217"
"11/28/2018 00:00:00","11/26/2019 00:00:00","False","Batch","11/27/2018 19:01:46","BATCH","11/27/2019 00:00:00","PVS_XP_2061","123","10","03","B","20181126","20181127","桐生圏","","1200","1678","20180331","478"
"11/28/2018 00:00:00","11/26/2019 00:00:00","False","Batch","11/27/2018 19:01:46","BATCH","11/27/2019 00:00:00","PVS_XP_2061","123","10","04","B","20181126","20181127","伊勢崎圏","","1696","1901","20180331","205"
"11/28/2018 00:00:00","11/26/2019 00:00:00","False","Batch","11/27/2018 19:01:46","BATCH","11/27/2019 00:00:00","PVS_XP_2061","123","10","05","B","20181126","20181127","太田・館林圏","","2520","3093","20180331","573"
"11/28/2018 00:00:00","11/26/2019 00:00:00","False","Batch","11/27/2018 19:01:46","BATCH","11/27/2019 00:00:00","PVS_XP_2061","123","10","06","B","20181126","20181127","渋川圏","","692","1046","20180331","354"
"11/28/2018 00:00:00","11/26/2019 00:00:00","False","Batch","11/27/2018 19:01:46","BATCH","11/27/2019 00:00:00","PVS_XP_2061","123","10","07","B","20181126","20181127","藤岡圏","","644","898","20180331","254"
"11/28/2018 00:00:00","11/26/2019 00:00:00","False","Batch","11/27/2018 19:01:46","BATCH","11/27/2019 00:00:00","PVS_XP_2061","123","10","08","B","20181126","20181127","富岡圏","","726","815","20180331","89"
"11/28/2018 00:00:00","11/26/2019 00:00:00","False","Batch","11/27/2018 19:01:46","BATCH","11/27/2019 00:00:00","PVS_XP_2061","123","10","09","B","20181126","20181127","吾妻圏","","437","867","20180331","430"
"11/28/2018 00:00:00","11/26/2019 00:00:00","False","Batch","11/27/2018 19:01:46","BATCH","11/27/2019 00:00:00","PVS_XP_2061","123","10","10","B","20181126","20181127","沼田圏","","648","958","20180331","310"
"05/30/2018 00:00:00","11/27/2018 00:00:00","False","Batch","05/29/2018 19:02:25","BATCH","11/28/2018 00:00:00","PVS_XP_2061","123","10","08","B","20180528","20180529","富岡圏","","726","825","20171231","99"
"05/30/2018 00:00:00","11/27/2018 00:00:00","False","Batch","05/29/2018 19:02:25","BATCH","11/28/2018 00:00:00","PVS_XP_2061","123","10","09","B","20180528","20180529","吾妻圏","","437","867","20171231","430"
"05/30/2018 00:00:00","11/27/2018 00:00:00","False","Batch","05/29/2018 19:02:25","BATCH","11/28/2018 00:00:00","PVS_XP_2061","123","10","10","B","20180528","20180529","沼田圏","","648","958","20171231","310"
"05/30/2018 00:00:00","11/26/2019 00:00:00","False","Batch","05/29/2018 19:02:25","BATCH","11/27/2019 00:00:00","PVS_XP_2061","123","13","01","B","20180528","20180529","区中央部圏（東京）","","5827","13394","20180401","7567"
"05/30/2018 00:00:00","11/26/2019 00:00:00","False","Batch","05/29/2018 19:02:25","BATCH","11/27/2019 00:00:00","PVS_XP_2061","123","13","02","B","20180528","20180529","区南部圏（東京）","","8112","8069","20180401","-43"
"05/30/2018 00:00:00","11/26/2019 00:00:00","False","Batch","05/29/2018 19:02:25","BATCH","11/27/2019 00:00:00","PVS_XP_2061","123","13","03","B","20180528","20180529","区西南部圏（東京）","","9592","9864","20180401","272"
"05/30/2018 00:00:00","11/26/2019 00:00:00","False","Batch","05/29/2018 19:02:25","BATCH","11/27/2019 00:00:00","PVS_XP_2061","123","13","04","B","20180528","20180529","区西部圏（東京）","","8291","10426","20180401","2135"
"05/30/2018 00:00:00","11/26/2019 00:00:00","False","Batch","05/29/2018 19:02:25","BATCH","11/27/2019 00:00:00","PVS_XP_2061","123","13","05","B","20180528","20180529","区西北部圏（東京）","","14684","14209","20180401","-475"
"05/30/2018 00:00:00","11/26/2019 00:00:00","False","Batch","05/29/2018 19:02:25","BATCH","11/27/2019 00:00:00","PVS_XP_2061","123","13","06","B","20180528","20180529","区東北部圏（東京）","","10077","9507","20180401","-570"
"05/30/2018 00:00:00","05/28/2024 00:00:00","False","Batch","05/29/2018 19:02:25","BATCH","05/29/2024 00:00:00","PVS_XP_2061","123","07","06","B","20180528","20180529","いわき圏","","2746","3435","20170331","689"
"05/30/2018 00:00:00","05/28/2024 00:00:00","False","Batch","05/29/2018 19:02:25","BATCH","05/29/2024 00:00:00","PVS_XP_2061","123","09","01","B","20180528","20180529","県北圏（栃木）","","2431","2715","20171001","284"
"05/30/2018 00:00:00","05/28/2024 00:00:00","False","Batch","05/29/2018 19:02:25","BATCH","05/29/2024 00:00:00","PVS_XP_2061","123","09","02","B","20180528","20180529","県西圏（栃木）","","604","1370","20171001","766"
"05/30/2018 00:00:00","05/28/2024 00:00:00","False","Batch","05/29/2018 19:02:25","BATCH","05/29/2024 00:00:00","PVS_XP_2061","123","09","03","B","20180528","20180529","宇都宮圏","","3578","4343","20171001","765"
"05/30/2018 00:00:00","05/28/2024 00:00:00","False","Batch","05/29/2018 19:02:25","BATCH","05/29/2024 00:00:00","PVS_XP_2061","123","09","04","B","20180528","20180529","県東圏（栃木）","","546","763","20171001","217"
"05/30/2018 00:00:00","05/28/2024 00:00:00","False","Batch","05/29/2018 19:02:25","BATCH","05/29/2024 00:00:00","PVS_XP_2061","123","09","05","B","20180528","20180529","県南圏（栃木）","","4430","4507","20171001","77"
"07/27/2018 00:00:00","05/28/2024 00:00:00","False","Batch","07/26/2018 18:58:34","BATCH","05/29/2024 00:00:00","PVS_XP_2061","123","18","01","B","20180725","20180726","福井・坂井圏","","4237","5244","20171001","1007"
"07/27/2018 00:00:00","05/28/2024 00:00:00","False","Batch","07/26/2018 18:58:34","BATCH","05/29/2024 00:00:00","PVS_XP_2061","123","18","02","B","20180725","20180726","奥越圏","","416","417","20171001","1"
"07/27/2018 00:00:00","05/28/2024 00:00:00","False","Batch","07/26/2018 18:58:34","BATCH","05/29/2024 00:00:00","PVS_XP_2061","123","18","03","B","20180725","20180726","丹南圏","","1344","1731","20171001","387"
"07/27/2018 00:00:00","05/28/2024 00:00:00","False","Batch","07/26/2018 18:58:34","BATCH","05/29/2024 00:00:00","PVS_XP_2061","123","18","04","B","20180725","20180726","嶺南圏","","1230","1412","20171001","182"
"05/30/2018 00:00:00","05/28/2024 00:00:00","False","Batch","05/29/2018 19:02:25","BATCH","05/29/2024 00:00:00","PVS_XP_2061","123","09","06","B","20180528","20180529","両毛圏","","1979","2173","20171001","194"
"06/26/2020 00:00:00","05/28/2024 00:00:00","False","Batch","06/25/2020 19:11:21","BATCH","05/29/2024 00:00:00","PVS_XP_2061","123","24","01","B","20200624","20200625","北勢圏","","5520","6204","20171201","684"
"06/26/2020 00:00:00","05/28/2024 00:00:00","False","Batch","06/25/2020 19:11:21","BATCH","05/29/2024 00:00:00","PVS_XP_2061","123","24","02","B","20200624","20200625","中勢伊賀圏","","3654","4455","20171201","801"
"06/26/2020 00:00:00","05/28/2024 00:00:00","False","Batch","06/25/2020 19:11:21","BATCH","05/29/2024 00:00:00","PVS_XP_2061","123","24","03","B","20200624","20200625","南勢志摩圏","","3480","3975","20171201","495"
"06/26/2020 00:00:00","05/28/2024 00:00:00","False","Batch","06/25/2020 19:11:21","BATCH","05/29/2024 00:00:00","PVS_XP_2061","123","24","04","B","20200624","20200625","東紀州圏","","561","851","20171201","290"
"06/26/2020 00:00:00","05/28/2024 00:00:00","False","Batch","06/25/2020 19:11:21","BATCH","05/29/2024 00:00:00","PVS_XP_2061","123","27","01","B","20200624","20200625","豊能圏","","6711","9009","20170630","2298"
"06/26/2020 00:00:00","05/28/2024 00:00:00","False","Batch","06/25/2020 19:11:21","BATCH","05/29/2024 00:00:00","PVS_XP_2061","123","27","02","B","20200624","20200625","三島圏","","4745","6502","20170630","1757"
"06/26/2020 00:00:00","05/28/2024 00:00:00","False","Batch","06/25/2020 19:11:21","BATCH","05/29/2024 00:00:00","PVS_XP_2061","123","27","03","B","20200624","20200625","北河内圏","","8342","9584","20170630","1242"
"05/30/2018 00:00:00","11/26/2019 00:00:00","False","Batch","05/29/2018 19:02:25","BATCH","11/27/2019 00:00:00","PVS_XP_2061","123","13","07","B","20180528","20180529","区東部圏（東京）","","8993","8341","20180401","-652"
"05/30/2018 00:00:00","11/26/2019 00:00:00","False","Batch","05/29/2018 19:02:25","BATCH","11/27/2019 00:00:00","PVS_XP_2061","123","13","08","B","20180528","20180529","西多摩圏","","3219","4142","20180401","923"
"05/30/2018 00:00:00","11/26/2019 00:00:00","False","Batch","05/29/2018 19:02:25","BATCH","11/27/2019 00:00:00","PVS_XP_2061","123","13","09","B","20180528","20180529","南多摩圏","","10872","10056","20180401","-816"
"05/30/2018 00:00:00","11/26/2019 00:00:00","False","Batch","05/29/2018 19:02:25","BATCH","11/27/2019 00:00:00","PVS_XP_2061","123","13","10","B","20180528","20180529","北多摩西部圏","","4108","4181","20180401","73"
"05/30/2018 00:00:00","11/26/2019 00:00:00","False","Batch","05/29/2018 19:02:25","BATCH","11/27/2019 00:00:00","PVS_XP_2061","123","13","11","B","20180528","20180529","北多摩南部圏","","6913","7317","20180401","404"
"05/30/2018 00:00:00","11/26/2019 00:00:00","False","Batch","05/29/2018 19:02:25","BATCH","11/27/2019 00:00:00","PVS_XP_2061","123","13","12","B","20180528","20180529","北多摩北部圏","","5554","5467","20180401","-87"
"05/30/2018 00:00:00","11/26/2019 00:00:00","False","Batch","05/29/2018 19:02:25","BATCH","11/27/2019 00:00:00","PVS_XP_2061","123","13","13","B","20180528","20180529","島しょ圏（東京）","","249","80","20180401","-169"
"05/28/2019 00:00:00","06/25/2020 00:00:00","False","Batch","05/27/2019 18:57:12","BATCH","06/26/2020 00:00:00","PVS_XP_2061","123","14","08","B","20190524","20190527","相模原圏","","6545","6564","20170331","19"
"05/28/2019 00:00:00","06/25/2020 00:00:00","False","Batch","05/27/2019 18:57:12","BATCH","06/26/2020 00:00:00","PVS_XP_2061","123","14","09","B","20190524","20190527","県西圏（神奈川）","","2809","3155","20170331","346"
"11/27/2019 00:00:00","06/25/2020 00:00:00","False","Batch","11/26/2019 19:04:17","BATCH","06/26/2020 00:00:00","PVS_XP_2061","123","10","01","B","20191125","20191126","前橋圏","","3272","3564","20190331","292"
"11/27/2019 00:00:00","06/25/2020 00:00:00","False","Batch","11/26/2019 19:04:17","BATCH","06/26/2020 00:00:00","PVS_XP_2061","123","10","02","B","20191125","20191126","高崎・安中圏","","3267","3490","20190331","223"
"11/27/2019 00:00:00","06/25/2020 00:00:00","False","Batch","11/26/2019 19:04:17","BATCH","06/26/2020 00:00:00","PVS_XP_2061","123","10","03","B","20191125","20191126","桐生圏","","1200","1693","20190331","493"
"11/27/2019 00:00:00","06/25/2020 00:00:00","False","Batch","11/26/2019 19:04:17","BATCH","06/26/2020 00:00:00","PVS_XP_2061","123","10","04","B","20191125","20191126","伊勢崎圏","","1696","1908","20190331","212"
"05/30/2018 00:00:00","05/27/2019 00:00:00","False","Batch","05/29/2018 19:02:25","BATCH","05/28/2019 00:00:00","PVS_XP_2061","123","14","01","B","20180528","20180529","横浜圏","","23516","22869","20170331","-647"
"05/30/2018 00:00:00","05/27/2019 00:00:00","False","Batch","05/29/2018 19:02:25","BATCH","05/28/2019 00:00:00","PVS_XP_2061","123","14","02","B","20180528","20180529","川崎北部圏","","3662","4362","20170331","700"
"05/30/2018 00:00:00","05/27/2019 00:00:00","False","Batch","05/29/2018 19:02:25","BATCH","05/28/2019 00:00:00","PVS_XP_2061","123","14","03","B","20180528","20180529","川崎南部圏","","4189","4814","20170331","625"
"05/30/2018 00:00:00","05/27/2019 00:00:00","False","Batch","05/29/2018 19:02:25","BATCH","05/28/2019 00:00:00","PVS_XP_2061","123","14","04","B","20180528","20180529","横須賀・三浦圏","","5307","5357","20170331","50"
"05/30/2018 00:00:00","05/27/2019 00:00:00","False","Batch","05/29/2018 19:02:25","BATCH","05/28/2019 00:00:00","PVS_XP_2061","123","14","05","B","20180528","20180529","湘南東部圏","","4064","4319","20170331","255"
"05/30/2018 00:00:00","05/27/2019 00:00:00","False","Batch","05/29/2018 19:02:25","BATCH","05/28/2019 00:00:00","PVS_XP_2061","123","14","06","B","20180528","20180529","湘南西部圏","","4635","4901","20170331","266"
"05/30/2018 00:00:00","05/27/2019 00:00:00","False","Batch","05/29/2018 19:02:25","BATCH","05/28/2019 00:00:00","PVS_XP_2061","123","14","07","B","20180528","20180529","県央圏（神奈川）","","5361","5233","20170331","-128"
"05/30/2018 00:00:00","05/27/2019 00:00:00","False","Batch","05/29/2018 19:02:25","BATCH","05/28/2019 00:00:00","PVS_XP_2061","123","14","08","B","20180528","20180529","相模原圏","","6545","6564","20170331","19"
"05/30/2018 00:00:00","05/27/2019 00:00:00","False","Batch","05/29/2018 19:02:25","BATCH","05/28/2019 00:00:00","PVS_XP_2061","123","14","09","B","20180528","20180529","県西圏（神奈川）","","2809","3155","20170331","346"
"05/30/2018 00:00:00","12/31/9999 00:00:00","False","Batch","05/29/2018 19:02:25","BATCH","05/30/2018 00:00:00","PVS_XP_2061","123","14","10","C","20180528","20180529","相模原圏","","6494","6623","20120331","129"
"04/24/2013 00:00:00","05/29/2018 00:00:00","False","Batch","04/23/2013 18:40:28","BATCH","05/30/2018 00:00:00","PVS_XP_2061","123","01","04","B","20130422","20130423","札幌圏","2","27314","28215","20130201","901"
"04/24/2013 00:00:00","05/29/2018 00:00:00","False","Batch","04/23/2013 18:40:28","BATCH","05/30/2018 00:00:00","PVS_XP_2061","123","01","05","B","20130422","20130423","後志圏","2","2103","2323","20130201","220"
"04/24/2013 00:00:00","05/29/2018 00:00:00","False","Batch","04/23/2013 18:40:28","BATCH","05/30/2018 00:00:00","PVS_XP_2061","123","01","06","B","20130422","20130423","南空知圏","2","1402","1820","20130201","418"
"04/24/2013 00:00:00","05/29/2018 00:00:00","False","Batch","04/23/2013 18:40:28","BATCH","05/30/2018 00:00:00","PVS_XP_2061","123","01","07","B","20130422","20130423","中空知圏","2","1343","1403","20130201","60"
"04/24/2013 00:00:00","05/29/2018 00:00:00","False","Batch","04/23/2013 18:40:28","BATCH","05/30/2018 00:00:00","PVS_XP_2061","123","01","08","B","20130422","20130423","北空知圏","2","408","515","20130201","107"
"04/24/2013 00:00:00","05/29/2018 00:00:00","False","Batch","04/23/2013 18:40:28","BATCH","05/30/2018 00:00:00","PVS_XP_2061","123","06","01","B","20130422","20130423","村山圏","","5509","5654","20130101","145"
"04/24/2013 00:00:00","05/29/2018 00:00:00","False","Batch","04/23/2013 18:40:28","BATCH","05/30/2018 00:00:00","PVS_XP_2061","123","06","02","B","20130422","20130423","最上圏","","466","866","20130101","400"
"04/24/2013 00:00:00","05/29/2018 00:00:00","False","Batch","04/23/2013 18:40:28","BATCH","05/30/2018 00:00:00","PVS_XP_2061","123","06","03","B","20130422","20130423","置賜圏","","1656","2128","20130101","472"
"04/24/2013 00:00:00","05/29/2018 00:00:00","False","Batch","04/23/2013 18:40:28","BATCH","05/30/2018 00:00:00","PVS_XP_2061","123","06","04","B","20130422","20130423","庄内圏","","2519","2730","20130101","211"
"04/24/2013 00:00:00","05/29/2018 00:00:00","False","Batch","04/23/2013 18:40:28","BATCH","05/30/2018 00:00:00","PVS_XP_2061","123","07","01","B","20130422","20130423","県北圏（福島）","","3536","4686","20120331","1150"
"04/24/2013 00:00:00","05/29/2018 00:00:00","False","Batch","04/23/2013 18:40:28","BATCH","05/30/2018 00:00:00","PVS_XP_2061","123","07","02","B","20130422","20130423","県中圏（福島）","","4400","5649","20120331","1249"
"04/24/2013 00:00:00","05/29/2018 00:00:00","False","Batch","04/23/2013 18:40:28","BATCH","05/30/2018 00:00:00","PVS_XP_2061","123","07","03","B","20130422","20130423","県南圏（福島）","","882","1316","20120331","434"
"04/24/2013 00:00:00","05/29/2018 00:00:00","False","Batch","04/23/2013 18:40:28","BATCH","05/30/2018 00:00:00","PVS_XP_2061","123","07","04","B","20130422","20130423","会津圏","","2086","3174","20120331","1088"
"04/24/2013 00:00:00","05/29/2018 00:00:00","False","Batch","04/23/2013 18:40:28","BATCH","05/30/2018 00:00:00","PVS_XP_2061","123","07","05","B","20130422","20130423","南会津圏","","181","113","20120331","-68"
"04/24/2013 00:00:00","05/29/2018 00:00:00","False","Batch","04/23/2013 18:40:28","BATCH","05/30/2018 00:00:00","PVS_XP_2061","123","07","06","B","20130422","20130423","相双圏","","1197","1810","20120331","613"
"04/24/2013 00:00:00","05/29/2018 00:00:00","False","Batch","04/23/2013 18:40:28","BATCH","05/30/2018 00:00:00","PVS_XP_2061","123","07","07","B","20130422","20130423","いわき圏","","3069","3638","20120331","569"
"04/24/2013 00:00:00","05/29/2018 00:00:00","False","Batch","04/23/2013 18:40:28","BATCH","05/30/2018 00:00:00","PVS_XP_2061","123","01","15","B","20130422","20130423","留萌圏","3","394","399","20130201","5"
"04/24/2013 00:00:00","05/29/2018 00:00:00","False","Batch","04/23/2013 18:40:28","BATCH","05/30/2018 00:00:00","PVS_XP_2061","123","01","16","B","20130422","20130423","宗谷圏","3","441","592","20130201","151"
"04/24/2013 00:00:00","05/29/2018 00:00:00","False","Batch","04/23/2013 18:40:28","BATCH","05/30/2018 00:00:00","PVS_XP_2061","123","01","17","B","20130422","20130423","北網圏","4","2241","2589","20130201","348"
"04/24/2013 00:00:00","05/29/2018 00:00:00","False","Batch","04/23/2013 18:40:28","BATCH","05/30/2018 00:00:00","PVS_XP_2061","123","01","18","B","20130422","20130423","遠紋圏","4","724","850","20130201","126"
"04/24/2013 00:00:00","05/29/2018 00:00:00","False","Batch","04/23/2013 18:40:28","BATCH","05/30/2018 00:00:00","PVS_XP_2061","123","01","19","B","20130422","20130423","十勝圏","5","3472","3745","20130201","273"
"04/24/2013 00:00:00","05/29/2018 00:00:00","False","Batch","04/23/2013 18:40:28","BATCH","05/30/2018 00:00:00","PVS_XP_2061","123","01","20","B","20130422","20130423","釧路圏","6","2832","3138","20130201","306"
"04/24/2013 00:00:00","05/29/2018 00:00:00","False","Batch","04/23/2013 18:40:28","BATCH","05/30/2018 00:00:00","PVS_XP_2061","123","01","21","B","20130422","20130423","根室圏","6","356","520","20130201","164"
"05/29/2013 00:00:00","05/29/2018 00:00:00","False","Batch","05/28/2013 18:18:53","BATCH","05/30/2018 00:00:00","PVS_XP_2061","123","30","06","B","20130527","20130528","田辺圏","","1209","1579","20130305","370"
"05/29/2013 00:00:00","05/29/2018 00:00:00","False","Batch","05/28/2013 18:18:53","BATCH","05/30/2018 00:00:00","PVS_XP_2061","123","30","07","B","20130527","20130528","新宮圏","","628","962","20130305","334"
"05/29/2013 00:00:00","05/29/2018 00:00:00","False","Batch","05/28/2013 18:18:53","BATCH","05/30/2018 00:00:00","PVS_XP_2061","123","31","01","B","20130527","20130528","東部圏（鳥取）","","2297","2697","20130401","400"
"09/29/2015 00:00:00","05/29/2018 00:00:00","False","Batch","09/28/2015 18:33:29","BATCH","05/30/2018 00:00:00","PVS_XP_2061","123","34","01","B","20150925","20150928","広島圏","","11466","13958","20130321","2492"
"09/29/2015 00:00:00","05/29/2018 00:00:00","False","Batch","09/28/2015 18:33:29","BATCH","05/30/2018 00:00:00","PVS_XP_2061","123","34","02","B","20150925","20150928","広島西圏","","1755","1847","20130321","92"
"09/29/2015 00:00:00","05/29/2018 00:00:00","False","Batch","09/28/2015 18:33:29","BATCH","05/30/2018 00:00:00","PVS_XP_2061","123","34","03","B","20150925","20150928","呉圏","","2569","3238","20130321","669"
"09/29/2015 00:00:00","05/29/2018 00:00:00","False","Batch","09/28/2015 18:33:29","BATCH","05/30/2018 00:00:00","PVS_XP_2061","123","34","04","B","20150925","20150928","広島中央圏","","1263","2151","20130321","888"
"09/29/2015 00:00:00","05/29/2018 00:00:00","False","Batch","09/28/2015 18:33:29","BATCH","05/30/2018 00:00:00","PVS_XP_2061","123","34","05","B","20150925","20150928","尾三圏","","3201","3649","20130321","448"
"09/29/2015 00:00:00","05/29/2018 00:00:00","False","Batch","09/28/2015 18:33:29","BATCH","05/30/2018 00:00:00","PVS_XP_2061","123","34","06","B","20150925","20150928","福山・府中圏","","5036","5092","20130321","56"
"09/29/2015 00:00:00","05/29/2018 00:00:00","False","Batch","09/28/2015 18:33:29","BATCH","05/30/2018 00:00:00","PVS_XP_2061","123","34","07","B","20150925","20150928","備北圏","","994","1577","20130321","583"
"09/29/2015 00:00:00","05/29/2018 00:00:00","False","Batch","09/28/2015 18:33:29","BATCH","05/30/2018 00:00:00","PVS_XP_2061","123","22","08","B","20150925","20150928","西部圏（静岡）","","6155","7412","20150131","1257"
"09/29/2015 00:00:00","05/29/2018 00:00:00","False","Batch","09/28/2015 18:33:29","BATCH","05/30/2018 00:00:00","PVS_XP_2061","123","22","07","B","20150925","20150928","中東遠圏","","2543","3072","20150131","529"
"09/29/2015 00:00:00","05/29/2018 00:00:00","False","Batch","09/28/2015 18:33:29","BATCH","05/30/2018 00:00:00","PVS_XP_2061","123","22","06","B","20150925","20150928","志太榛原圏","","3507","3510","20150131","3"
"09/29/2015 00:00:00","05/29/2018 00:00:00","False","Batch","09/28/2015 18:33:29","BATCH","05/30/2018 00:00:00","PVS_XP_2061","123","22","05","B","20150925","20150928","静岡圏","","6166","6551","20150131","385"
"09/29/2015 00:00:00","05/29/2018 00:00:00","False","Batch","09/28/2015 18:33:29","BATCH","05/30/2018 00:00:00","PVS_XP_2061","123","22","04","B","20150925","20150928","富士圏","","2625","2738","20150131","113"
"09/29/2015 00:00:00","05/29/2018 00:00:00","False","Batch","09/28/2015 18:33:29","BATCH","05/30/2018 00:00:00","PVS_XP_2061","123","22","03","B","20150925","20150928","駿東田方圏","","5979","6501","20150131","522"
"09/29/2015 00:00:00","05/29/2018 00:00:00","False","Batch","09/28/2015 18:33:29","BATCH","05/30/2018 00:00:00","PVS_XP_2061","123","22","02","B","20150925","20150928","熱海伊東圏","","1018","1132","20150131","114"
"09/29/2015 00:00:00","05/29/2018 00:00:00","False","Batch","09/28/2015 18:33:29","BATCH","05/30/2018 00:00:00","PVS_XP_2061","123","22","01","B","20150925","20150928","賀茂圏","","630","969","20150131","339"
"09/29/2015 00:00:00","05/29/2018 00:00:00","False","Batch","09/28/2015 18:33:29","BATCH","05/30/2018 00:00:00","PVS_XP_2061","123","10","10","B","20150925","20150928","沼田圏","","627","1015","20150331","388"
"09/29/2015 00:00:00","05/29/2018 00:00:00","False","Batch","09/28/2015 18:33:29","BATCH","05/30/2018 00:00:00","PVS_XP_2061","123","10","09","B","20150925","20150928","吾妻圏","","528","886","20150331","358"
"09/29/2015 00:00:00","05/29/2018 00:00:00","False","Batch","09/28/2015 18:33:29","BATCH","05/30/2018 00:00:00","PVS_XP_2061","123","10","08","B","20150925","20150928","富岡圏","","583","878","20150331","295"
"09/29/2015 00:00:00","05/29/2018 00:00:00","False","Batch","09/28/2015 18:33:29","BATCH","05/30/2018 00:00:00","PVS_XP_2061","123","10","07","B","20150925","20150928","藤岡圏","","555","911","20150331","356"
"09/29/2015 00:00:00","05/29/2018 00:00:00","False","Batch","09/28/2015 18:33:29","BATCH","05/30/2018 00:00:00","PVS_XP_2061","123","10","06","B","20150925","20150928","渋川圏","","812","1146","20150331","334"
"09/29/2015 00:00:00","05/29/2018 00:00:00","False","Batch","09/28/2015 18:33:29","BATCH","05/30/2018 00:00:00","PVS_XP_2061","123","10","05","B","20150925","20150928","太田・館林圏","","2143","3171","20150331","1028"
"09/29/2015 00:00:00","05/29/2018 00:00:00","False","Batch","09/28/2015 18:33:29","BATCH","05/30/2018 00:00:00","PVS_XP_2061","123","10","04","B","20150925","20150928","伊勢崎圏","","1793","1911","20150331","118"
"09/29/2015 00:00:00","05/29/2018 00:00:00","False","Batch","09/28/2015 18:33:29","BATCH","05/30/2018 00:00:00","PVS_XP_2061","123","10","03","B","20150925","20150928","桐生圏","","976","1713","20150331","737"
"09/29/2015 00:00:00","05/29/2018 00:00:00","False","Batch","09/28/2015 18:33:29","BATCH","05/30/2018 00:00:00","PVS_XP_2061","123","10","02","B","20150925","20150928","高崎・安中圏","","3081","3477","20150331","396"
"09/29/2015 00:00:00","05/29/2018 00:00:00","False","Batch","09/28/2015 18:33:29","BATCH","05/30/2018 00:00:00","PVS_XP_2061","123","10","01","B","20150925","20150928","前橋圏","","3243","3611","20150331","368"
"12/25/2015 00:00:00","05/29/2018 00:00:00","False","Batch","12/24/2015 18:18:16","BATCH","05/30/2018 00:00:00","PVS_XP_2061","123","40","05","B","20151222","20151224","朝倉圏","","385","1095","20120801","710"
"12/25/2015 00:00:00","05/29/2018 00:00:00","False","Batch","12/24/2015 18:18:16","BATCH","05/30/2018 00:00:00","PVS_XP_2061","123","40","06","B","20151222","20151224","久留米圏","","6010","7190","20120801","1180"
"12/25/2015 00:00:00","05/29/2018 00:00:00","False","Batch","12/24/2015 18:18:16","BATCH","05/30/2018 00:00:00","PVS_XP_2061","123","40","07","B","20151222","20151224","八女・筑後圏","","1251","1868","20120801","617"
"12/25/2015 00:00:00","05/29/2018 00:00:00","False","Batch","12/24/2015 18:18:16","BATCH","05/30/2018 00:00:00","PVS_XP_2061","123","40","08","B","20151222","20151224","有明圏","","2337","4169","20120801","1832"
"12/25/2015 00:00:00","05/29/2018 00:00:00","False","Batch","12/24/2015 18:18:16","BATCH","05/30/2018 00:00:00","PVS_XP_2061","123","40","09","B","20151222","20151224","飯塚圏","","1829","3061","20120801","1232"
"12/25/2015 00:00:00","05/29/2018 00:00:00","False","Batch","12/24/2015 18:18:16","BATCH","05/30/2018 00:00:00","PVS_XP_2061","123","40","10","B","20151222","20151224","直方・鞍手圏","","651","1262","20120801","611"
"12/25/2015 00:00:00","05/29/2018 00:00:00","False","Batch","12/24/2015 18:18:16","BATCH","05/30/2018 00:00:00","PVS_XP_2061","123","40","11","B","20151222","20151224","田川圏","","693","1401","20120801","708"
"12/25/2015 00:00:00","05/29/2018 00:00:00","False","Batch","12/24/2015 18:18:16","BATCH","05/30/2018 00:00:00","PVS_XP_2061","123","40","12","B","20151222","20151224","北九州圏","","12098","16439","20120801","4341"
"12/25/2015 00:00:00","05/29/2018 00:00:00","False","Batch","12/24/2015 18:18:16","BATCH","05/30/2018 00:00:00","PVS_XP_2061","123","40","13","B","20151222","20151224","京築圏","","1379","1827","20120801","448"
"12/25/2015 00:00:00","05/29/2018 00:00:00","False","Batch","12/24/2015 18:18:16","BATCH","05/30/2018 00:00:00","PVS_XP_2061","123","45","01","B","20151222","20151224","宮崎東諸県圏","","4980","5344","20121231","364"
"12/25/2015 00:00:00","05/29/2018 00:00:00","False","Batch","12/24/2015 18:18:16","BATCH","05/30/2018 00:00:00","PVS_XP_2061","123","45","02","B","20151222","20151224","都城北諸県圏","","2195","2443","20121231","248"
"12/25/2015 00:00:00","05/29/2018 00:00:00","False","Batch","12/24/2015 18:18:16","BATCH","05/30/2018 00:00:00","PVS_XP_2061","123","45","03","B","20151222","20151224","延岡西臼杵圏","","1470","1811","20121231","341"
"12/25/2015 00:00:00","05/29/2018 00:00:00","False","Batch","12/24/2015 18:18:16","BATCH","05/30/2018 00:00:00","PVS_XP_2061","123","45","04","B","20151222","20151224","日南串間圏","","834","1123","20121231","289"
"12/25/2015 00:00:00","05/29/2018 00:00:00","False","Batch","12/24/2015 18:18:16","BATCH","05/30/2018 00:00:00","PVS_XP_2061","123","45","05","B","20151222","20151224","西諸圏","","907","1090","20121231","183"
"12/25/2015 00:00:00","05/29/2018 00:00:00","False","Batch","12/24/2015 18:18:16","BATCH","05/30/2018 00:00:00","PVS_XP_2061","123","45","06","B","20151222","20151224","西都児湯圏","","619","1065","20121231","446"
"05/30/2018 00:00:00","12/31/9999 00:00:00","False","Batch","05/29/2018 19:02:25","BATCH","05/30/2018 00:00:00","PVS_XP_2061","123","14","11","C","20180528","20180529","県西圏（神奈川）","","2913","3313","20120331","400"
"06/26/2020 00:00:00","05/28/2024 00:00:00","False","Batch","06/25/2020 19:11:21","BATCH","05/29/2024 00:00:00","PVS_XP_2061","123","27","04","B","20200624","20200625","中河内圏","","4534","5804","20170630","1270"
"06/26/2020 00:00:00","05/28/2024 00:00:00","False","Batch","06/25/2020 19:11:21","BATCH","05/29/2024 00:00:00","PVS_XP_2061","123","27","05","B","20200624","20200625","南河内圏","","4097","6567","20170630","2470"
"06/26/2020 00:00:00","05/28/2024 00:00:00","False","Batch","06/25/2020 19:11:21","BATCH","05/29/2024 00:00:00","PVS_XP_2061","123","27","06","B","20200624","20200625","堺市圏","","5695","9338","20170630","3643"
"06/26/2020 00:00:00","05/28/2024 00:00:00","False","Batch","06/25/2020 19:11:21","BATCH","05/29/2024 00:00:00","PVS_XP_2061","123","27","07","B","20200624","20200625","泉州圏","","4847","8766","20170630","3919"
"06/26/2020 00:00:00","05/28/2024 00:00:00","False","Batch","06/25/2020 19:11:21","BATCH","05/29/2024 00:00:00","PVS_XP_2061","123","27","08","B","20200624","20200625","大阪市圏","","21919","31768","20170630","9849"
"06/26/2020 00:00:00","05/28/2024 00:00:00","False","Batch","06/25/2020 19:11:21","BATCH","05/29/2024 00:00:00","PVS_XP_2061","123","38","01","B","20200624","20200625","宇摩圏","","720","1055","20171130","335"
"06/26/2020 00:00:00","05/28/2024 00:00:00","False","Batch","06/25/2020 19:11:21","BATCH","05/29/2024 00:00:00","PVS_XP_2061","123","38","02","B","20200624","20200625","新居浜・西条圏","","1859","2989","20171130","1130"
"05/27/2022 00:00:00","11/27/2022 00:00:00","False","Batch","05/26/2022 19:03:57","BATCH","11/28/2022 00:00:00","PVS_XP_2061","123","10","07","B","20220525","20220526","藤岡圏","","644","898","20210930","254"
"05/27/2022 00:00:00","11/27/2022 00:00:00","False","Batch","05/26/2022 19:03:57","BATCH","11/28/2022 00:00:00","PVS_XP_2061","123","10","06","B","20220525","20220526","渋川圏","","692","1061","20210930","369"
"05/27/2022 00:00:00","11/27/2022 00:00:00","False","Batch","05/26/2022 19:03:57","BATCH","11/28/2022 00:00:00","PVS_XP_2061","123","10","05","B","20220525","20220526","太田・館林圏","","2520","3103","20210930","583"
"05/27/2022 00:00:00","11/27/2022 00:00:00","False","Batch","05/26/2022 19:03:57","BATCH","11/28/2022 00:00:00","PVS_XP_2061","123","10","04","B","20220525","20220526","伊勢崎圏","","1696","1908","20210930","212"
"05/27/2022 00:00:00","11/27/2022 00:00:00","False","Batch","05/26/2022 19:03:57","BATCH","11/28/2022 00:00:00","PVS_XP_2061","123","10","03","B","20220525","20220526","桐生圏","","1200","1655","20210930","455"
"05/27/2022 00:00:00","11/27/2022 00:00:00","False","Batch","05/26/2022 19:03:57","BATCH","11/28/2022 00:00:00","PVS_XP_2061","123","10","02","B","20220525","20220526","高崎・安中圏","","3267","3423","20210930","156"
"05/27/2022 00:00:00","11/27/2022 00:00:00","False","Batch","05/26/2022 19:03:57","BATCH","11/28/2022 00:00:00","PVS_XP_2061","123","10","01","B","20220525","20220526","前橋圏","","3272","3548","20210930","276"
"05/30/2018 00:00:00","05/26/2022 00:00:00","False","Batch","05/29/2018 19:02:25","BATCH","05/27/2022 00:00:00","PVS_XP_2061","123","23","01","B","20180528","20180529","名古屋・尾張中部圏","","17911","20976","20170930","3065"
"05/30/2018 00:00:00","05/26/2022 00:00:00","False","Batch","05/29/2018 19:02:25","BATCH","05/27/2022 00:00:00","PVS_XP_2061","123","23","02","B","20180528","20180529","海部圏","","1531","1953","20170930","422"
"05/30/2018 00:00:00","12/31/9999 00:00:00","False","Batch","05/29/2018 19:02:25","BATCH","05/30/2018 00:00:00","PVS_XP_2061","123","23","12","C","20180528","20180529","東三河南部圏","","6284","6424","20150930","140"
"11/27/2019 00:00:00","06/25/2020 00:00:00","False","Batch","11/26/2019 19:04:17","BATCH","06/26/2020 00:00:00","PVS_XP_2061","123","10","05","B","20191125","20191126","太田・館林圏","","2520","3103","20190331","583"
"11/27/2019 00:00:00","06/25/2020 00:00:00","False","Batch","11/26/2019 19:04:17","BATCH","06/26/2020 00:00:00","PVS_XP_2061","123","10","06","B","20191125","20191126","渋川圏","","692","1061","20190331","369"
"11/27/2019 00:00:00","06/25/2020 00:00:00","False","Batch","11/26/2019 19:04:17","BATCH","06/26/2020 00:00:00","PVS_XP_2061","123","10","07","B","20191125","20191126","藤岡圏","","644","898","20190331","254"
"11/27/2019 00:00:00","06/25/2020 00:00:00","False","Batch","11/26/2019 19:04:17","BATCH","06/26/2020 00:00:00","PVS_XP_2061","123","10","08","B","20191125","20191126","富岡圏","","726","815","20190331","89"
"05/30/2018 00:00:00","05/28/2024 00:00:00","False","Batch","05/29/2018 19:02:25","BATCH","05/29/2024 00:00:00","PVS_XP_2061","123","20","01","B","20180528","20180529","佐久圏","","1952","2113","20171001","161"
"05/30/2018 00:00:00","05/28/2024 00:00:00","False","Batch","05/29/2018 19:02:25","BATCH","05/29/2024 00:00:00","PVS_XP_2061","123","20","02","B","20180528","20180529","上小圏","","1840","2027","20171001","187"
"05/30/2018 00:00:00","05/28/2024 00:00:00","False","Batch","05/29/2018 19:02:25","BATCH","05/29/2024 00:00:00","PVS_XP_2061","123","20","03","B","20180528","20180529","諏訪圏","","1713","1655","20171001","-58"
"05/30/2018 00:00:00","05/28/2024 00:00:00","False","Batch","05/29/2018 19:02:25","BATCH","05/29/2024 00:00:00","PVS_XP_2061","123","20","04","B","20180528","20180529","上伊那圏","","1393","1320","20171001","-73"
"05/30/2018 00:00:00","05/28/2024 00:00:00","False","Batch","05/29/2018 19:02:25","BATCH","05/29/2024 00:00:00","PVS_XP_2061","123","20","05","B","20180528","20180529","飯伊圏","","1574","1564","20171001","-10"
"05/30/2018 00:00:00","05/28/2024 00:00:00","False","Batch","05/29/2018 19:02:25","BATCH","05/29/2024 00:00:00","PVS_XP_2061","123","20","06","B","20180528","20180529","木曽圏","","241","255","20171001","14"
"05/30/2018 00:00:00","05/28/2024 00:00:00","False","Batch","05/29/2018 19:02:25","BATCH","05/29/2024 00:00:00","PVS_XP_2061","123","20","07","B","20180528","20180529","松本圏","","3616","3857","20171001","241"
"05/30/2018 00:00:00","05/26/2022 00:00:00","False","Batch","05/29/2018 19:02:25","BATCH","05/27/2022 00:00:00","PVS_XP_2061","123","23","03","B","20180528","20180529","尾張東部圏","","4141","4438","20170930","297"
"05/30/2018 00:00:00","05/28/2024 00:00:00","False","Batch","05/29/2018 19:02:25","BATCH","05/29/2024 00:00:00","PVS_XP_2061","123","20","08","B","20180528","20180529","大北圏","","460","484","20171001","24"
"05/30/2018 00:00:00","05/28/2024 00:00:00","False","Batch","05/29/2018 19:02:25","BATCH","05/29/2024 00:00:00","PVS_XP_2061","123","20","09","B","20180528","20180529","長野圏","","4771","4814","20171001","43"
"05/30/2018 00:00:00","05/28/2024 00:00:00","False","Batch","05/29/2018 19:02:25","BATCH","05/29/2024 00:00:00","PVS_XP_2061","123","20","10","B","20180528","20180529","北信圏","","598","722","20171001","124"
"05/30/2018 00:00:00","05/28/2024 00:00:00","False","Batch","05/29/2018 19:02:25","BATCH","05/29/2024 00:00:00","PVS_XP_2061","123","21","01","B","20180528","20180529","岐阜圏","","6459","7343","20170930","884"
"05/30/2018 00:00:00","05/28/2024 00:00:00","False","Batch","05/29/2018 19:02:25","BATCH","05/29/2024 00:00:00","PVS_XP_2061","123","21","02","B","20180528","20180529","西濃圏","","2563","2679","20170930","116"
"05/30/2018 00:00:00","05/28/2024 00:00:00","False","Batch","05/29/2018 19:02:25","BATCH","05/29/2024 00:00:00","PVS_XP_2061","123","21","03","B","20180528","20180529","中濃圏","","2630","2813","20170930","183"
"11/27/2019 00:00:00","06/25/2020 00:00:00","False","Batch","11/26/2019 19:04:17","BATCH","06/26/2020 00:00:00","PVS_XP_2061","123","10","09","B","20191125","20191126","吾妻圏","","437","802","20190331","365"
"11/27/2019 00:00:00","06/25/2020 00:00:00","False","Batch","11/26/2019 19:04:17","BATCH","06/26/2020 00:00:00","PVS_XP_2061","123","10","10","B","20191125","20191126","沼田圏","","648","958","20190331","310"
"11/27/2019 00:00:00","06/25/2020 00:00:00","False","Batch","11/26/2019 19:04:17","BATCH","06/26/2020 00:00:00","PVS_XP_2061","123","13","01","B","20191125","20191126","区中央部圏（東京）","","5827","13320","20190401","7493"
"11/27/2019 00:00:00","06/25/2020 00:00:00","False","Batch","11/26/2019 19:04:17","BATCH","06/26/2020 00:00:00","PVS_XP_2061","123","13","02","B","20191125","20191126","区南部圏（東京）","","8112","8060","20190401","-52"
"11/27/2019 00:00:00","06/25/2020 00:00:00","False","Batch","11/26/2019 19:04:17","BATCH","06/26/2020 00:00:00","PVS_XP_2061","123","13","03","B","20191125","20191126","区西南部圏（東京）","","9592","9771","20190401","179"
"11/27/2019 00:00:00","06/25/2020 00:00:00","False","Batch","11/26/2019 19:04:17","BATCH","06/26/2020 00:00:00","PVS_XP_2061","123","13","04","B","20191125","20191126","区西部圏（東京）","","8291","10361","20190401","2070"
"11/27/2019 00:00:00","06/25/2020 00:00:00","False","Batch","11/26/2019 19:04:17","BATCH","06/26/2020 00:00:00","PVS_XP_2061","123","13","05","B","20191125","20191126","区西北部圏（東京）","","14684","14473","20190401","-211"
"11/27/2019 00:00:00","06/25/2020 00:00:00","False","Batch","11/26/2019 19:04:17","BATCH","06/26/2020 00:00:00","PVS_XP_2061","123","13","06","B","20191125","20191126","区東北部圏（東京）","","10077","10077","20190401","0"
"11/27/2019 00:00:00","06/25/2020 00:00:00","False","Batch","11/26/2019 19:04:17","BATCH","06/26/2020 00:00:00","PVS_XP_2061","123","13","07","B","20191125","20191126","区東部圏（東京）","","8993","8768","20190401","-225"
"11/27/2019 00:00:00","06/25/2020 00:00:00","False","Batch","11/26/2019 19:04:17","BATCH","06/26/2020 00:00:00","PVS_XP_2061","123","13","08","B","20191125","20191126","西多摩圏","","3219","4109","20190401","890"
"11/27/2019 00:00:00","06/25/2020 00:00:00","False","Batch","11/26/2019 19:04:17","BATCH","06/26/2020 00:00:00","PVS_XP_2061","123","13","09","B","20191125","20191126","南多摩圏","","10872","10741","20190401","-131"
"11/27/2019 00:00:00","06/25/2020 00:00:00","False","Batch","11/26/2019 19:04:17","BATCH","06/26/2020 00:00:00","PVS_XP_2061","123","13","10","B","20191125","20191126","北多摩西部圏","","4108","4154","20190401","46"
"11/27/2019 00:00:00","06/25/2020 00:00:00","False","Batch","11/26/2019 19:04:17","BATCH","06/26/2020 00:00:00","PVS_XP_2061","123","13","11","B","20191125","20191126","北多摩南部圏","","6913","7305","20190401","392"
"11/27/2019 00:00:00","06/25/2020 00:00:00","False","Batch","11/26/2019 19:04:17","BATCH","06/26/2020 00:00:00","PVS_XP_2061","123","13","12","B","20191125","20191126","北多摩北部圏","","5554","5571","20190401","17"
"11/27/2019 00:00:00","06/25/2020 00:00:00","False","Batch","11/26/2019 19:04:17","BATCH","06/26/2020 00:00:00","PVS_XP_2061","123","13","13","B","20191125","20191126","島しょ圏（東京）","","249","80","20190401","-169"
"05/30/2018 00:00:00","05/28/2024 00:00:00","False","Batch","05/29/2018 19:02:25","BATCH","05/29/2024 00:00:00","PVS_XP_2061","123","21","04","B","20180528","20180529","東濃圏","","2613","2456","20170930","-157"
"05/30/2018 00:00:00","05/28/2024 00:00:00","False","Batch","05/29/2018 19:02:25","BATCH","05/29/2024 00:00:00","PVS_XP_2061","123","21","05","B","20180528","20180529","飛騨圏","","1194","1397","20170930","203"
"05/30/2018 00:00:00","05/28/2024 00:00:00","False","Batch","05/29/2018 19:02:25","BATCH","05/29/2024 00:00:00","PVS_XP_2061","123","25","01","B","20180528","20180529","大津圏","","3041","3211","20170401","170"
"05/30/2018 00:00:00","05/28/2024 00:00:00","False","Batch","05/29/2018 19:02:25","BATCH","05/29/2024 00:00:00","PVS_XP_2061","123","25","02","B","20180528","20180529","湖南圏","","2542","2932","20170401","390"
"05/30/2018 00:00:00","05/26/2022 00:00:00","False","Batch","05/29/2018 19:02:25","BATCH","05/27/2022 00:00:00","PVS_XP_2061","123","23","04","B","20180528","20180529","尾張西部圏","","3357","3683","20170930","326"
"05/30/2018 00:00:00","05/26/2022 00:00:00","False","Batch","05/29/2018 19:02:25","BATCH","05/27/2022 00:00:00","PVS_XP_2061","123","23","05","B","20180528","20180529","尾張北部圏","","4725","5148","20170930","423"
"05/30/2018 00:00:00","05/26/2022 00:00:00","False","Batch","05/29/2018 19:02:25","BATCH","05/27/2022 00:00:00","PVS_XP_2061","123","23","06","B","20180528","20180529","知多半島圏","","3147","3266","20170930","119"
"05/30/2018 00:00:00","05/26/2022 00:00:00","False","Batch","05/29/2018 19:02:25","BATCH","05/27/2022 00:00:00","PVS_XP_2061","123","23","07","B","20180528","20180529","西三河北部圏","","2252","2803","20170930","551"
"05/30/2018 00:00:00","05/28/2024 00:00:00","False","Batch","05/29/2018 19:02:25","BATCH","05/29/2024 00:00:00","PVS_XP_2061","123","25","03","B","20180528","20180529","甲賀圏","","1106","1192","20170401","86"
"05/30/2018 00:00:00","05/28/2024 00:00:00","False","Batch","05/29/2018 19:02:25","BATCH","05/29/2024 00:00:00","PVS_XP_2061","123","25","04","B","20180528","20180529","東近江圏","","1723","2294","20170401","571"
"05/30/2018 00:00:00","05/28/2024 00:00:00","False","Batch","05/29/2018 19:02:25","BATCH","05/29/2024 00:00:00","PVS_XP_2061","123","25","05","B","20180528","20180529","湖東圏","","957","1183","20170401","226"
"05/30/2018 00:00:00","05/28/2024 00:00:00","False","Batch","05/29/2018 19:02:25","BATCH","05/29/2024 00:00:00","PVS_XP_2061","123","25","06","B","20180528","20180529","湖北圏","","1001","1217","20170401","216"
"05/30/2018 00:00:00","05/28/2024 00:00:00","False","Batch","05/29/2018 19:02:25","BATCH","05/29/2024 00:00:00","PVS_XP_2061","123","25","07","B","20180528","20180529","湖西圏","","362","411","20170401","49"
"05/30/2018 00:00:00","05/28/2024 00:00:00","False","Batch","05/29/2018 19:02:25","BATCH","05/29/2024 00:00:00","PVS_XP_2061","123","26","01","B","20180528","20180529","丹後圏","","1197","1197","20171201","0"
"05/30/2018 00:00:00","05/28/2024 00:00:00","False","Batch","05/29/2018 19:02:25","BATCH","05/29/2024 00:00:00","PVS_XP_2061","123","26","02","B","20180528","20180529","中丹圏","","2159","2159","20171201","0"
"05/30/2018 00:00:00","05/28/2024 00:00:00","False","Batch","05/29/2018 19:02:25","BATCH","05/29/2024 00:00:00","PVS_XP_2061","123","26","03","B","20180528","20180529","南丹圏","","1280","1280","20171201","0"
"05/30/2018 00:00:00","05/28/2024 00:00:00","False","Batch","05/29/2018 19:02:25","BATCH","05/29/2024 00:00:00","PVS_XP_2061","123","26","04","B","20180528","20180529","京都・乙訓圏","","16274","19947","20171201","3673"
"05/30/2018 00:00:00","05/28/2024 00:00:00","False","Batch","05/29/2018 19:02:25","BATCH","05/29/2024 00:00:00","PVS_XP_2061","123","26","05","B","20180528","20180529","山城北圏","","4064","3749","20171201","-315"
"05/30/2018 00:00:00","05/28/2024 00:00:00","False","Batch","05/29/2018 19:02:25","BATCH","05/29/2024 00:00:00","PVS_XP_2061","123","26","06","B","20180528","20180529","山城南圏","","735","685","20171201","-50"
"05/30/2018 00:00:00","05/28/2024 00:00:00","False","Batch","05/29/2018 19:02:25","BATCH","05/29/2024 00:00:00","PVS_XP_2061","123","30","01","B","20180528","20180529","和歌山圏","","4527","5634","20170331","1107"
"05/30/2018 00:00:00","05/28/2024 00:00:00","False","Batch","05/29/2018 19:02:25","BATCH","05/29/2024 00:00:00","PVS_XP_2061","123","30","02","B","20180528","20180529","那賀圏","","825","871","20170331","46"
"05/30/2018 00:00:00","05/28/2024 00:00:00","False","Batch","05/29/2018 19:02:25","BATCH","05/29/2024 00:00:00","PVS_XP_2061","123","30","03","B","20180528","20180529","橋本圏","","677","824","20170331","147"
"05/30/2018 00:00:00","05/28/2024 00:00:00","False","Batch","05/29/2018 19:02:25","BATCH","05/29/2024 00:00:00","PVS_XP_2061","123","30","04","B","20180528","20180529","有田圏","","511","643","20170331","132"
"05/30/2018 00:00:00","05/28/2024 00:00:00","False","Batch","05/29/2018 19:02:25","BATCH","05/29/2024 00:00:00","PVS_XP_2061","123","30","05","B","20180528","20180529","御坊圏","","566","713","20170331","147"
"05/30/2018 00:00:00","05/28/2024 00:00:00","False","Batch","05/29/2018 19:02:25","BATCH","05/29/2024 00:00:00","PVS_XP_2061","123","30","06","B","20180528","20180529","田辺圏","","1207","1535","20170331","328"
"05/30/2018 00:00:00","05/28/2024 00:00:00","False","Batch","05/29/2018 19:02:25","BATCH","05/29/2024 00:00:00","PVS_XP_2061","123","30","07","B","20180528","20180529","新宮圏","","634","964","20170331","330"
"05/30/2018 00:00:00","05/28/2024 00:00:00","False","Batch","05/29/2018 19:02:25","BATCH","05/29/2024 00:00:00","PVS_XP_2061","123","32","01","B","20180528","20180529","松江圏","","2655","2839","20180301","184"
"05/30/2018 00:00:00","05/26/2022 00:00:00","False","Batch","05/29/2018 19:02:25","BATCH","05/27/2022 00:00:00","PVS_XP_2061","123","23","08","B","20180528","20180529","西三河南部東圏","","2083","2663","20170930","580"
"05/30/2018 00:00:00","05/26/2022 00:00:00","False","Batch","05/29/2018 19:02:25","BATCH","05/27/2022 00:00:00","PVS_XP_2061","123","23","09","B","20180528","20180529","西三河南部西圏","","4263","4688","20170930","425"
"05/30/2018 00:00:00","05/26/2022 00:00:00","False","Batch","05/29/2018 19:02:25","BATCH","05/27/2022 00:00:00","PVS_XP_2061","123","23","10","B","20180528","20180529","東三河北部圏","","299","450","20170930","151"
"05/30/2018 00:00:00","05/26/2022 00:00:00","False","Batch","05/29/2018 19:02:25","BATCH","05/27/2022 00:00:00","PVS_XP_2061","123","23","11","B","20180528","20180529","東三河南部圏","","4139","6468","20170930","2329"
"05/30/2018 00:00:00","05/28/2024 00:00:00","False","Batch","05/29/2018 19:02:25","BATCH","05/29/2024 00:00:00","PVS_XP_2061","123","32","02","B","20180528","20180529","雲南圏","","536","580","20180301","44"
"05/30/2018 00:00:00","05/28/2024 00:00:00","False","Batch","05/29/2018 19:02:25","BATCH","05/29/2024 00:00:00","PVS_XP_2061","123","32","03","B","20180528","20180529","出雲圏","","1809","2253","20180301","444"
"05/30/2018 00:00:00","05/28/2024 00:00:00","False","Batch","05/29/2018 19:02:25","BATCH","05/29/2024 00:00:00","PVS_XP_2061","123","32","04","B","20180528","20180529","大田圏","","425","458","20180301","33"
"05/30/2018 00:00:00","05/28/2024 00:00:00","False","Batch","05/29/2018 19:02:25","BATCH","05/29/2024 00:00:00","PVS_XP_2061","123","32","05","B","20180528","20180529","浜田圏","","895","941","20180301","46"
"05/30/2018 00:00:00","05/28/2024 00:00:00","False","Batch","05/29/2018 19:02:25","BATCH","05/29/2024 00:00:00","PVS_XP_2061","123","32","06","B","20180528","20180529","益田圏","","754","839","20180301","85"
"05/30/2018 00:00:00","05/28/2024 00:00:00","False","Batch","05/29/2018 19:02:25","BATCH","05/29/2024 00:00:00","PVS_XP_2061","123","32","07","B","20180528","20180529","隠岐圏","","135","135","20180301","0"
"07/27/2018 00:00:00","05/28/2024 00:00:00","False","Batch","07/26/2018 18:58:34","BATCH","05/29/2024 00:00:00","PVS_XP_2061","123","43","01","B","20180725","20180726","熊本・上益城圏","","10938","13366","20170401","2428"
"07/27/2018 00:00:00","05/28/2024 00:00:00","False","Batch","07/26/2018 18:58:34","BATCH","05/29/2024 00:00:00","PVS_XP_2061","123","43","02","B","20180725","20180726","宇城圏","","679","1241","20170401","562"
"05/30/2018 00:00:00","05/28/2024 00:00:00","False","Batch","05/29/2018 19:02:25","BATCH","05/29/2024 00:00:00","PVS_XP_2061","123","33","01","B","20180528","20180529","県南東部圏（岡山）","","8622","10141","20180101","1519"
"05/30/2018 00:00:00","05/28/2024 00:00:00","False","Batch","05/29/2018 19:02:25","BATCH","05/29/2024 00:00:00","PVS_XP_2061","123","33","02","B","20180528","20180529","県南西部圏（岡山）","","6571","8348","20180101","1777"
"05/30/2018 00:00:00","05/28/2024 00:00:00","False","Batch","05/29/2018 19:02:25","BATCH","05/29/2024 00:00:00","PVS_XP_2061","123","33","03","B","20180528","20180529","高梁・新見圏","","465","759","20180101","294"
"05/30/2018 00:00:00","05/28/2024 00:00:00","False","Batch","05/29/2018 19:02:25","BATCH","05/29/2024 00:00:00","PVS_XP_2061","123","33","04","B","20180528","20180529","真庭圏","","398","620","20180101","222"
"05/30/2018 00:00:00","05/28/2024 00:00:00","False","Batch","05/29/2018 19:02:25","BATCH","05/29/2024 00:00:00","PVS_XP_2061","123","33","05","B","20180528","20180529","津山・英田圏","","1579","1950","20180101","371"
"05/30/2018 00:00:00","05/28/2024 00:00:00","False","Batch","05/29/2018 19:02:25","BATCH","05/29/2024 00:00:00","PVS_XP_2061","123","35","01","B","20180528","20180529","岩国圏","","1101","1838","20171201","737"
"05/30/2018 00:00:00","05/28/2024 00:00:00","False","Batch","05/29/2018 19:02:25","BATCH","05/29/2024 00:00:00","PVS_XP_2061","123","35","02","B","20180528","20180529","柳井圏","","1221","1852","20171201","631"
"05/30/2018 00:00:00","12/31/9999 00:00:00","False","Batch","05/29/2018 19:02:25","BATCH","05/30/2018 00:00:00","PVS_XP_2061","123","37","04","C","20180528","20180529","中讃圏","","2620","3495","20140601","875"
"05/30/2018 00:00:00","12/31/9999 00:00:00","False","Batch","05/29/2018 19:02:25","BATCH","05/30/2018 00:00:00","PVS_XP_2061","123","37","05","C","20180528","20180529","三豊圏","","946","1737","20140601","791"
"05/30/2018 00:00:00","05/28/2024 00:00:00","False","Batch","05/29/2018 19:02:25","BATCH","05/29/2024 00:00:00","PVS_XP_2061","123","35","03","B","20180528","20180529","周南圏","","1933","3044","20171201","1111"
"05/30/2018 00:00:00","05/28/2024 00:00:00","False","Batch","05/29/2018 19:02:25","BATCH","05/29/2024 00:00:00","PVS_XP_2061","123","35","04","B","20180528","20180529","山口・防府圏","","2822","3649","20171201","827"
"05/30/2018 00:00:00","05/28/2024 00:00:00","False","Batch","05/29/2018 19:02:25","BATCH","05/29/2024 00:00:00","PVS_XP_2061","123","35","05","B","20180528","20180529","宇部・小野田圏","","2650","4327","20171201","1677"
"05/30/2018 00:00:00","05/28/2024 00:00:00","False","Batch","05/29/2018 19:02:25","BATCH","05/29/2024 00:00:00","PVS_XP_2061","123","35","06","B","20180528","20180529","下関圏","","2461","4547","20171201","2086"
"05/30/2018 00:00:00","05/28/2024 00:00:00","False","Batch","05/29/2018 19:02:25","BATCH","05/29/2024 00:00:00","PVS_XP_2061","123","35","07","B","20180528","20180529","長門圏","","407","607","20171201","200"
"05/30/2018 00:00:00","05/28/2024 00:00:00","False","Batch","05/29/2018 19:02:25","BATCH","05/29/2024 00:00:00","PVS_XP_2061","123","35","08","B","20180528","20180529","萩圏","","372","861","20171201","489"
"05/30/2018 00:00:00","05/28/2024 00:00:00","False","Batch","05/29/2018 19:02:25","BATCH","05/29/2024 00:00:00","PVS_XP_2061","123","36","01","B","20180528","20180529","東部圏（徳島）","","5334","7659","20170331","2325"
"05/30/2018 00:00:00","05/28/2024 00:00:00","False","Batch","05/29/2018 19:02:25","BATCH","05/29/2024 00:00:00","PVS_XP_2061","123","36","02","B","20180528","20180529","南部圏（徳島）","","1320","1983","20170331","663"
"05/30/2018 00:00:00","05/28/2024 00:00:00","False","Batch","05/29/2018 19:02:25","BATCH","05/29/2024 00:00:00","PVS_XP_2061","123","36","03","B","20180528","20180529","西部圏（徳島）","","547","1143","20170331","596"
"05/30/2018 00:00:00","05/28/2024 00:00:00","False","Batch","05/29/2018 19:02:25","BATCH","05/29/2024 00:00:00","PVS_XP_2061","123","39","01","B","20180528","20180529","安芸圏","","500","531","20171231","31"
"05/30/2018 00:00:00","05/28/2024 00:00:00","False","Batch","05/29/2018 19:02:25","BATCH","05/29/2024 00:00:00","PVS_XP_2061","123","39","02","B","20180528","20180529","中央圏（高知）","","5088","11660","20171231","6572"
"05/30/2018 00:00:00","05/28/2024 00:00:00","False","Batch","05/29/2018 19:02:25","BATCH","05/29/2024 00:00:00","PVS_XP_2061","123","39","03","B","20180528","20180529","高幡圏","","619","780","20171231","161"
"05/30/2018 00:00:00","07/26/2018 00:00:00","False","Batch","05/29/2018 19:02:25","BATCH","07/27/2018 00:00:00","PVS_XP_2061","123","37","01","B","20180528","20180529","東部圏","","5416","5935","20171130","519"
"05/30/2018 00:00:00","07/26/2018 00:00:00","False","Batch","05/29/2018 19:02:25","BATCH","07/27/2018 00:00:00","PVS_XP_2061","123","37","02","B","20180528","20180529","小豆圏","","189","312","20171130","123"
"05/30/2018 00:00:00","07/26/2018 00:00:00","False","Batch","05/29/2018 19:02:25","BATCH","07/27/2018 00:00:00","PVS_XP_2061","123","37","03","B","20180528","20180529","西部圏","","4196","5241","20171130","1045"
"05/30/2018 00:00:00","07/26/2018 00:00:00","False","Batch","05/29/2018 19:02:25","BATCH","07/27/2018 00:00:00","PVS_XP_2061","123","40","01","B","20180528","20180529","福岡・糸島圏","","13840","18809","20171101","4969"
"05/30/2018 00:00:00","07/26/2018 00:00:00","False","Batch","05/29/2018 19:02:25","BATCH","07/27/2018 00:00:00","PVS_XP_2061","123","40","02","B","20180528","20180529","粕屋圏","","1929","3313","20171101","1384"
"05/30/2018 00:00:00","07/26/2018 00:00:00","False","Batch","05/29/2018 19:02:25","BATCH","07/27/2018 00:00:00","PVS_XP_2061","123","40","03","B","20180528","20180529","宗像圏","","909","1536","20171101","627"
"05/30/2018 00:00:00","07/26/2018 00:00:00","False","Batch","05/29/2018 19:02:25","BATCH","07/27/2018 00:00:00","PVS_XP_2061","123","40","04","B","20180528","20180529","筑紫圏","","2759","3590","20171101","831"
"05/30/2018 00:00:00","07/26/2018 00:00:00","False","Batch","05/29/2018 19:02:25","BATCH","07/27/2018 00:00:00","PVS_XP_2061","123","40","05","B","20180528","20180529","朝倉圏","","478","1009","20171101","531"
"05/30/2018 00:00:00","07/26/2018 00:00:00","False","Batch","05/29/2018 19:02:25","BATCH","07/27/2018 00:00:00","PVS_XP_2061","123","40","06","B","20180528","20180529","久留米圏","","4497","6976","20171101","2479"
"05/30/2018 00:00:00","07/26/2018 00:00:00","False","Batch","05/29/2018 19:02:25","BATCH","07/27/2018 00:00:00","PVS_XP_2061","123","40","07","B","20180528","20180529","八女・筑後圏","","1216","1887","20171101","671"
"05/30/2018 00:00:00","07/26/2018 00:00:00","False","Batch","05/29/2018 19:02:25","BATCH","07/27/2018 00:00:00","PVS_XP_2061","123","40","08","B","20180528","20180529","有明圏","","1989","4075","20171101","2086"
"05/30/2018 00:00:00","05/28/2024 00:00:00","False","Batch","05/29/2018 19:02:25","BATCH","05/29/2024 00:00:00","PVS_XP_2061","123","39","04","B","20180528","20180529","幡多圏","","977","1530","20171231","553"
"05/30/2018 00:00:00","05/28/2024 00:00:00","False","Batch","05/29/2018 19:02:25","BATCH","05/29/2024 00:00:00","PVS_XP_2061","123","41","01","B","20180528","20180529","中部圏（佐賀）","","3088","4316","20170930","1228"
"05/30/2018 00:00:00","05/28/2024 00:00:00","False","Batch","05/29/2018 19:02:25","BATCH","05/29/2024 00:00:00","PVS_XP_2061","123","41","02","B","20180528","20180529","東部圏（佐賀）","","915","1441","20170930","526"
"05/30/2018 00:00:00","05/28/2024 00:00:00","False","Batch","05/29/2018 19:02:25","BATCH","05/29/2024 00:00:00","PVS_XP_2061","123","41","03","B","20180528","20180529","北部圏（佐賀）","","1261","1570","20170930","309"
"07/27/2018 00:00:00","05/28/2024 00:00:00","False","Batch","07/26/2018 18:58:34","BATCH","05/29/2024 00:00:00","PVS_XP_2061","123","43","03","B","20180725","20180726","有明圏（熊本）","","1081","1716","20170401","635"
"07/27/2018 00:00:00","05/28/2024 00:00:00","False","Batch","07/26/2018 18:58:34","BATCH","05/29/2024 00:00:00","PVS_XP_2061","123","43","04","B","20180725","20180726","鹿本圏","","471","635","20170401","164"
"07/27/2018 00:00:00","05/28/2024 00:00:00","False","Batch","07/26/2018 18:58:34","BATCH","05/29/2024 00:00:00","PVS_XP_2061","123","43","05","B","20180725","20180726","菊池圏","","1427","1770","20170401","343"
"07/27/2018 00:00:00","05/28/2024 00:00:00","False","Batch","07/26/2018 18:58:34","BATCH","05/29/2024 00:00:00","PVS_XP_2061","123","43","06","B","20180725","20180726","阿蘇圏","","220","733","20170401","513"
"07/27/2018 00:00:00","05/28/2024 00:00:00","False","Batch","07/26/2018 18:58:34","BATCH","05/29/2024 00:00:00","PVS_XP_2061","123","43","07","B","20180725","20180726","八代圏","","1084","1654","20170401","570"
"05/30/2018 00:00:00","05/28/2024 00:00:00","False","Batch","05/29/2018 19:02:25","BATCH","05/29/2024 00:00:00","PVS_XP_2061","123","41","04","B","20180528","20180529","西部圏（佐賀）","","725","1029","20170930","304"
"05/30/2018 00:00:00","05/28/2024 00:00:00","False","Batch","05/29/2018 19:02:25","BATCH","05/29/2024 00:00:00","PVS_XP_2061","123","41","05","B","20180528","20180529","南部圏（佐賀）","","1628","2450","20170930","822"
"05/30/2018 00:00:00","05/28/2024 00:00:00","False","Batch","05/29/2018 19:02:25","BATCH","05/29/2024 00:00:00","PVS_XP_2061","123","42","01","B","20180528","20180529","長崎圏","","5343","7660","20171001","2317"
"05/30/2018 00:00:00","05/28/2024 00:00:00","False","Batch","05/29/2018 19:02:25","BATCH","05/29/2024 00:00:00","PVS_XP_2061","123","42","02","B","20180528","20180529","佐世保県北圏","","3483","4630","20171001","1147"
"05/30/2018 00:00:00","07/26/2018 00:00:00","False","Batch","05/29/2018 19:02:25","BATCH","07/27/2018 00:00:00","PVS_XP_2061","123","40","09","B","20180528","20180529","飯塚圏","","2122","3094","20171101","972"
"05/30/2018 00:00:00","07/26/2018 00:00:00","False","Batch","05/29/2018 19:02:25","BATCH","07/27/2018 00:00:00","PVS_XP_2061","123","40","10","B","20180528","20180529","直方・鞍手圏","","825","1237","20171101","412"
"05/30/2018 00:00:00","07/26/2018 00:00:00","False","Batch","05/29/2018 19:02:25","BATCH","07/27/2018 00:00:00","PVS_XP_2061","123","40","11","B","20180528","20180529","田川圏","","964","1388","20171101","424"
"05/30/2018 00:00:00","07/26/2018 00:00:00","False","Batch","05/29/2018 19:02:25","BATCH","07/27/2018 00:00:00","PVS_XP_2061","123","40","12","B","20180528","20180529","北九州圏","","10511","16408","20171101","5897"
"05/30/2018 00:00:00","07/26/2018 00:00:00","False","Batch","05/29/2018 19:02:25","BATCH","07/27/2018 00:00:00","PVS_XP_2061","123","40","13","B","20180528","20180529","京築圏","","1161","1591","20171101","430"
"05/30/2018 00:00:00","05/28/2024 00:00:00","False","Batch","05/29/2018 19:02:25","BATCH","05/29/2024 00:00:00","PVS_XP_2061","123","42","03","B","20180528","20180529","県央圏（長崎）","","3042","3661","20171001","619"
"05/30/2018 00:00:00","05/28/2024 00:00:00","False","Batch","05/29/2018 19:02:25","BATCH","05/29/2024 00:00:00","PVS_XP_2061","123","42","04","B","20180528","20180529","県南圏（長崎）","","1278","1793","20171001","515"
"05/30/2018 00:00:00","05/28/2024 00:00:00","False","Batch","05/29/2018 19:02:25","BATCH","05/29/2024 00:00:00","PVS_XP_2061","123","42","05","B","20180528","20180529","五島圏","","358","523","20171001","165"
"05/30/2018 00:00:00","05/28/2024 00:00:00","False","Batch","05/29/2018 19:02:25","BATCH","05/29/2024 00:00:00","PVS_XP_2061","123","42","06","B","20180528","20180529","上五島圏","","173","188","20171001","15"
"05/30/2018 00:00:00","05/28/2024 00:00:00","False","Batch","05/29/2018 19:02:25","BATCH","05/29/2024 00:00:00","PVS_XP_2061","123","42","07","B","20180528","20180529","壱岐圏","","291","422","20171001","131"
"05/30/2018 00:00:00","12/31/9999 00:00:00","False","Batch","05/29/2018 19:02:25","BATCH","05/30/2018 00:00:00","PVS_XP_2061","123","43","11","C","20180528","20180529","天草圏","","987","2035","20121001","1048"
"05/30/2018 00:00:00","05/28/2024 00:00:00","False","Batch","05/29/2018 19:02:25","BATCH","05/29/2024 00:00:00","PVS_XP_2061","123","42","08","B","20180528","20180529","対馬圏","","256","282","20171001","26"
"05/30/2018 00:00:00","05/28/2024 00:00:00","False","Batch","05/29/2018 19:02:25","BATCH","05/29/2024 00:00:00","PVS_XP_2061","123","44","01","B","20180528","20180529","東部圏（大分）","","2969","3660","20180101","691"
"05/30/2018 00:00:00","05/28/2024 00:00:00","False","Batch","05/29/2018 19:02:25","BATCH","05/29/2024 00:00:00","PVS_XP_2061","123","44","02","B","20180528","20180529","中部圏（大分）","","6507","6669","20180101","162"
"05/30/2018 00:00:00","05/28/2024 00:00:00","False","Batch","05/29/2018 19:02:25","BATCH","05/29/2024 00:00:00","PVS_XP_2061","123","44","03","B","20180528","20180529","南部圏（大分）","","749","1083","20180101","334"
"05/30/2018 00:00:00","05/28/2024 00:00:00","False","Batch","05/29/2018 19:02:25","BATCH","05/29/2024 00:00:00","PVS_XP_2061","123","44","04","B","20180528","20180529","豊肥圏","","512","717","20180101","205"
"05/30/2018 00:00:00","05/28/2024 00:00:00","False","Batch","05/29/2018 19:02:25","BATCH","05/29/2024 00:00:00","PVS_XP_2061","123","44","05","B","20180528","20180529","西部圏（大分）","","620","1079","20180101","459"
"05/30/2018 00:00:00","05/28/2024 00:00:00","False","Batch","05/29/2018 19:02:25","BATCH","05/29/2024 00:00:00","PVS_XP_2061","123","44","06","B","20180528","20180529","北部圏（大分）","","1058","2083","20180101","1025"
"05/30/2018 00:00:00","05/28/2024 00:00:00","False","Batch","05/29/2018 19:02:25","BATCH","05/29/2024 00:00:00","PVS_XP_2061","123","45","01","B","20180528","20180529","宮崎東諸県圏","","4930","5244","20171231","314"
"05/30/2018 00:00:00","07/26/2018 00:00:00","False","Batch","05/29/2018 19:02:25","BATCH","07/27/2018 00:00:00","PVS_XP_2061","123","43","01","B","20180528","20180529","熊本・上益城圏","","10938","13366","20170401","2428"
"05/30/2018 00:00:00","07/26/2018 00:00:00","False","Batch","05/29/2018 19:02:25","BATCH","07/27/2018 00:00:00","PVS_XP_2061","123","43","02","B","20180528","20180529","宇城圏","","679","1241","20170401","562"
"05/30/2018 00:00:00","07/26/2018 00:00:00","False","Batch","05/29/2018 19:02:25","BATCH","07/27/2018 00:00:00","PVS_XP_2061","123","43","03","B","20180528","20180529","有明圏","","1081","1716","20170401","635"
"05/30/2018 00:00:00","07/26/2018 00:00:00","False","Batch","05/29/2018 19:02:25","BATCH","07/27/2018 00:00:00","PVS_XP_2061","123","43","04","B","20180528","20180529","鹿本圏","","471","635","20170401","164"
"05/30/2018 00:00:00","07/26/2018 00:00:00","False","Batch","05/29/2018 19:02:25","BATCH","07/27/2018 00:00:00","PVS_XP_2061","123","43","05","B","20180528","20180529","菊池圏","","1427","1770","20170401","343"
"05/30/2018 00:00:00","07/26/2018 00:00:00","False","Batch","05/29/2018 19:02:25","BATCH","07/27/2018 00:00:00","PVS_XP_2061","123","43","06","B","20180528","20180529","阿蘇圏","","220","733","20170401","513"
"05/30/2018 00:00:00","07/26/2018 00:00:00","False","Batch","05/29/2018 19:02:25","BATCH","07/27/2018 00:00:00","PVS_XP_2061","123","43","07","B","20180528","20180529","八代圏","","1084","1654","20170401","570"
"05/30/2018 00:00:00","07/26/2018 00:00:00","False","Batch","05/29/2018 19:02:25","BATCH","07/27/2018 00:00:00","PVS_XP_2061","123","43","08","B","20180528","20180529","芦北圏","","502","936","20170401","434"
"05/30/2018 00:00:00","07/26/2018 00:00:00","False","Batch","05/29/2018 19:02:25","BATCH","07/27/2018 00:00:00","PVS_XP_2061","123","43","09","B","20180528","20180529","球磨圏","","924","1283","20170401","359"
"05/30/2018 00:00:00","07/26/2018 00:00:00","False","Batch","05/29/2018 19:02:25","BATCH","07/27/2018 00:00:00","PVS_XP_2061","123","43","10","B","20180528","20180529","天草圏","","912","2080","20170401","1168"
"05/30/2018 00:00:00","07/26/2018 00:00:00","False","Batch","05/29/2018 19:02:25","BATCH","07/27/2018 00:00:00","PVS_XP_2061","123","47","01","B","20180528","20180529","北部圏（沖縄）","","621","1063","20180301","442"
"05/30/2018 00:00:00","07/26/2018 00:00:00","False","Batch","05/29/2018 19:02:25","BATCH","07/27/2018 00:00:00","PVS_XP_2061","123","47","02","B","20180528","20180529","中部圏（沖縄）","","3512","3886","20180301","374"
"05/30/2018 00:00:00","07/26/2018 00:00:00","False","Batch","05/29/2018 19:02:25","BATCH","07/27/2018 00:00:00","PVS_XP_2061","123","47","03","B","20180528","20180529","南部圏（沖縄）","","6077","6635","20180301","558"
"05/30/2018 00:00:00","07/26/2018 00:00:00","False","Batch","05/29/2018 19:02:25","BATCH","07/27/2018 00:00:00","PVS_XP_2061","123","47","04","B","20180528","20180529","宮古圏","","429","599","20180301","170"
"05/30/2018 00:00:00","07/26/2018 00:00:00","False","Batch","05/29/2018 19:02:25","BATCH","07/27/2018 00:00:00","PVS_XP_2061","123","47","05","B","20180528","20180529","八重山圏","","392","453","20180301","61"
"05/30/2018 00:00:00","11/25/2021 00:00:00","False","Batch","05/29/2018 19:02:25","BATCH","11/26/2021 00:00:00","PVS_XP_2061","123","29","01","B","20180528","20180529","奈良圏","","3241","3951","20180401","710"
"05/30/2018 00:00:00","11/25/2021 00:00:00","False","Batch","05/29/2018 19:02:25","BATCH","11/26/2021 00:00:00","PVS_XP_2061","123","29","02","B","20180528","20180529","東和圏","","2050","2536","20180401","486"
"05/30/2018 00:00:00","11/25/2021 00:00:00","False","Batch","05/29/2018 19:02:25","BATCH","11/26/2021 00:00:00","PVS_XP_2061","123","29","03","B","20180528","20180529","西和圏","","3212","3285","20180401","73"
"05/30/2018 00:00:00","11/25/2021 00:00:00","False","Batch","05/29/2018 19:02:25","BATCH","11/26/2021 00:00:00","PVS_XP_2061","123","29","04","B","20180528","20180529","中和圏","","2957","3795","20180401","838"
"05/30/2018 00:00:00","11/25/2021 00:00:00","False","Batch","05/29/2018 19:02:25","BATCH","11/26/2021 00:00:00","PVS_XP_2061","123","29","05","B","20180528","20180529","南和圏","","590","628","20180401","38"
"05/30/2018 00:00:00","11/25/2021 00:00:00","False","Batch","05/29/2018 19:02:25","BATCH","11/26/2021 00:00:00","PVS_XP_2061","123","34","01","B","20180528","20180529","広島圏","","10450","13879","20171130","3429"
"05/30/2018 00:00:00","11/25/2021 00:00:00","False","Batch","05/29/2018 19:02:25","BATCH","11/26/2021 00:00:00","PVS_XP_2061","123","34","02","B","20180528","20180529","広島西圏","","1438","1832","20171130","394"
"05/30/2018 00:00:00","11/25/2021 00:00:00","False","Batch","05/29/2018 19:02:25","BATCH","11/26/2021 00:00:00","PVS_XP_2061","123","34","03","B","20180528","20180529","呉圏","","2206","3238","20171130","1032"
"05/30/2018 00:00:00","11/25/2021 00:00:00","False","Batch","05/29/2018 19:02:25","BATCH","11/26/2021 00:00:00","PVS_XP_2061","123","34","04","B","20180528","20180529","広島中央圏","","1678","2120","20171130","442"
"11/28/2022 00:00:00","11/28/2023 00:00:00","False","Batch","11/25/2022 19:35:13","BATCH","11/29/2023 00:00:00","PVS_XP_2061","123","13","01","B","20221124","20221125","区中央部圏（東京）","","5576","13290","20220401","7714"
"05/26/2023 00:00:00","11/28/2023 00:00:00","False","Batch","05/25/2023 19:05:05","BATCH","11/29/2023 00:00:00","PVS_XP_2061","123","10","01","B","20230524","20230525","前橋圏","","3272","3548","20220930","276"
"05/26/2023 00:00:00","11/28/2023 00:00:00","False","Batch","05/25/2023 19:05:05","BATCH","11/29/2023 00:00:00","PVS_XP_2061","123","10","02","B","20230524","20230525","高崎・安中圏","","3267","3418","20220930","151"
"05/26/2023 00:00:00","11/28/2023 00:00:00","False","Batch","05/25/2023 19:05:05","BATCH","11/29/2023 00:00:00","PVS_XP_2061","123","10","03","B","20230524","20230525","桐生圏","","1200","1643","20220930","443"
"05/26/2023 00:00:00","11/28/2023 00:00:00","False","Batch","05/25/2023 19:05:05","BATCH","11/29/2023 00:00:00","PVS_XP_2061","123","10","04","B","20230524","20230525","伊勢崎圏","","1696","1908","20220930","212"
"05/26/2023 00:00:00","11/28/2023 00:00:00","False","Batch","05/25/2023 19:05:05","BATCH","11/29/2023 00:00:00","PVS_XP_2061","123","10","05","B","20230524","20230525","太田・館林圏","","2520","3103","20220930","583"
"05/26/2023 00:00:00","11/28/2023 00:00:00","False","Batch","05/25/2023 19:05:05","BATCH","11/29/2023 00:00:00","PVS_XP_2061","123","10","06","B","20230524","20230525","渋川圏","","692","1061","20220930","369"
"05/26/2023 00:00:00","11/28/2023 00:00:00","False","Batch","05/25/2023 19:05:05","BATCH","11/29/2023 00:00:00","PVS_XP_2061","123","10","07","B","20230524","20230525","藤岡圏","","644","898","20220930","254"
"05/26/2023 00:00:00","11/28/2023 00:00:00","False","Batch","05/25/2023 19:05:05","BATCH","11/29/2023 00:00:00","PVS_XP_2061","123","10","08","B","20230524","20230525","富岡圏","","726","756","20220930","30"
"05/26/2023 00:00:00","11/28/2023 00:00:00","False","Batch","05/25/2023 19:05:05","BATCH","11/29/2023 00:00:00","PVS_XP_2061","123","10","09","B","20230524","20230525","吾妻圏","","437","795","20220930","358"
"05/26/2023 00:00:00","11/28/2023 00:00:00","False","Batch","05/25/2023 19:05:05","BATCH","11/29/2023 00:00:00","PVS_XP_2061","123","10","10","B","20230524","20230525","沼田圏","","648","958","20220930","310"
"06/26/2020 00:00:00","05/28/2024 00:00:00","False","Batch","06/25/2020 19:11:21","BATCH","05/29/2024 00:00:00","PVS_XP_2061","123","38","03","B","20200624","20200625","今治圏","","1510","2230","20171130","720"
"06/26/2020 00:00:00","05/28/2024 00:00:00","False","Batch","06/25/2020 19:11:21","BATCH","05/29/2024 00:00:00","PVS_XP_2061","123","38","04","B","20200624","20200625","松山圏","","6300","8058","20171130","1758"
"06/26/2020 00:00:00","05/28/2024 00:00:00","False","Batch","06/25/2020 19:11:21","BATCH","05/29/2024 00:00:00","PVS_XP_2061","123","38","05","B","20200624","20200625","八幡浜・大洲圏","","1394","1765","20171130","371"
"06/26/2020 00:00:00","05/28/2024 00:00:00","False","Batch","06/25/2020 19:11:21","BATCH","05/29/2024 00:00:00","PVS_XP_2061","123","38","06","B","20200624","20200625","宇和島圏","","1259","1780","20171130","521"
"05/27/2021 00:00:00","05/28/2024 00:00:00","False","Batch","05/26/2021 18:58:21","BATCH","05/29/2024 00:00:00","PVS_XP_2061","123","04","04","B","20210525","20210526","石巻・登米・気仙沼圏","","2988","2599","20170930","-389"
"05/27/2021 00:00:00","05/28/2024 00:00:00","False","Batch","05/26/2021 18:58:21","BATCH","05/29/2024 00:00:00","PVS_XP_2061","123","04","03","B","20210525","20210526","大崎・栗原圏","","2703","2681","20170930","-22"
"05/27/2021 00:00:00","05/28/2024 00:00:00","False","Batch","05/26/2021 18:58:21","BATCH","05/29/2024 00:00:00","PVS_XP_2061","123","04","02","B","20210525","20210526","仙台圏","","12059","12145","20170930","86"
"05/27/2021 00:00:00","05/28/2024 00:00:00","False","Batch","05/26/2021 18:58:21","BATCH","05/29/2024 00:00:00","PVS_XP_2061","123","04","01","B","20210525","20210526","仙南圏","","1453","1314","20170930","-139"
"11/26/2021 00:00:00","05/28/2024 00:00:00","False","Batch","11/25/2021 19:04:09","BATCH","05/29/2024 00:00:00","PVS_XP_2061","123","34","01","B","20211124","20211125","広島圏","","10450","13776","20201130","3326"
"11/26/2021 00:00:00","05/28/2024 00:00:00","False","Batch","11/25/2021 19:04:09","BATCH","05/29/2024 00:00:00","PVS_XP_2061","123","34","02","B","20211124","20211125","広島西圏","","1438","1784","20201130","346"
"11/26/2021 00:00:00","05/28/2024 00:00:00","False","Batch","11/25/2021 19:04:09","BATCH","05/29/2024 00:00:00","PVS_XP_2061","123","34","03","B","20211124","20211125","呉圏","","2206","3226","20201130","1020"
"11/26/2021 00:00:00","05/28/2024 00:00:00","False","Batch","11/25/2021 19:04:09","BATCH","05/29/2024 00:00:00","PVS_XP_2061","123","34","04","B","20211124","20211125","広島中央圏","","1678","2164","20201130","486"
"11/26/2021 00:00:00","05/28/2024 00:00:00","False","Batch","11/25/2021 19:04:09","BATCH","05/29/2024 00:00:00","PVS_XP_2061","123","34","05","B","20211124","20211125","尾三圏","","2519","3411","20201130","892"
"11/26/2021 00:00:00","05/28/2024 00:00:00","False","Batch","11/25/2021 19:04:09","BATCH","05/29/2024 00:00:00","PVS_XP_2061","123","34","06","B","20211124","20211125","福山・府中圏","","4565","4833","20201130","268"
"11/26/2021 00:00:00","05/28/2024 00:00:00","False","Batch","11/25/2021 19:04:09","BATCH","05/29/2024 00:00:00","PVS_XP_2061","123","34","07","B","20211124","20211125","備北圏","","804","1508","20201130","704"
"11/26/2021 00:00:00","05/28/2024 00:00:00","False","Batch","11/25/2021 19:04:09","BATCH","05/29/2024 00:00:00","PVS_XP_2061","123","37","01","B","20211124","20211125","東部圏（香川）","","5416","5913","20201231","497"
"11/26/2021 00:00:00","05/28/2024 00:00:00","False","Batch","11/25/2021 19:04:09","BATCH","05/29/2024 00:00:00","PVS_XP_2061","123","37","02","B","20211124","20211125","小豆圏","","189","312","20201231","123"
"11/26/2021 00:00:00","05/28/2024 00:00:00","False","Batch","11/25/2021 19:04:09","BATCH","05/29/2024 00:00:00","PVS_XP_2061","123","37","03","B","20211124","20211125","西部圏（香川）","","4196","5127","20201231","931"
"05/27/2022 00:00:00","05/28/2024 00:00:00","False","Batch","05/26/2022 19:03:57","BATCH","05/29/2024 00:00:00","PVS_XP_2061","123","12","03","B","20220525","20220526","東葛北部圏","","11619","10576","20211001","-1043"
"05/27/2022 00:00:00","05/28/2024 00:00:00","False","Batch","05/26/2022 19:03:57","BATCH","05/29/2024 00:00:00","PVS_XP_2061","123","12","04","B","20220525","20220526","印旛圏","","4342","6270","20211001","1928"
"05/27/2022 00:00:00","05/28/2024 00:00:00","False","Batch","05/26/2022 19:03:57","BATCH","05/29/2024 00:00:00","PVS_XP_2061","123","12","05","B","20220525","20220526","香取海匝圏","","2284","2808","20211001","524"
"05/27/2022 00:00:00","05/28/2024 00:00:00","False","Batch","05/26/2022 19:03:57","BATCH","05/29/2024 00:00:00","PVS_XP_2061","123","12","06","B","20220525","20220526","山武長生夷隅圏","","2717","3306","20211001","589"
"05/27/2022 00:00:00","05/28/2024 00:00:00","False","Batch","05/26/2022 19:03:57","BATCH","05/29/2024 00:00:00","PVS_XP_2061","123","12","07","B","20220525","20220526","安房圏","","1694","2081","20211001","387"
"05/27/2022 00:00:00","05/28/2024 00:00:00","False","Batch","05/26/2022 19:03:57","BATCH","05/29/2024 00:00:00","PVS_XP_2061","123","12","08","B","20220525","20220526","君津圏","","2479","2543","20211001","64"
"05/27/2022 00:00:00","05/28/2024 00:00:00","False","Batch","05/26/2022 19:03:57","BATCH","05/29/2024 00:00:00","PVS_XP_2061","123","12","09","B","20220525","20220526","市原圏","","2007","2128","20211001","121"
"05/27/2022 00:00:00","05/28/2024 00:00:00","False","Batch","05/26/2022 19:03:57","BATCH","05/29/2024 00:00:00","PVS_XP_2061","123","14","01","B","20220525","20220526","横浜圏","","23993","22869","20170331","-1124"
"05/27/2022 00:00:00","05/28/2024 00:00:00","False","Batch","05/26/2022 19:03:57","BATCH","05/29/2024 00:00:00","PVS_XP_2061","123","14","02","B","20220525","20220526","川崎北部圏","","3796","4362","20170331","566"
"05/27/2022 00:00:00","05/28/2024 00:00:00","False","Batch","05/26/2022 19:03:57","BATCH","05/29/2024 00:00:00","PVS_XP_2061","123","14","03","B","20220525","20220526","川崎南部圏","","4189","4814","20170331","625"
"05/27/2022 00:00:00","05/28/2024 00:00:00","False","Batch","05/26/2022 19:03:57","BATCH","05/29/2024 00:00:00","PVS_XP_2061","123","14","04","B","20220525","20220526","横須賀・三浦圏","","5307","5357","20170331","50"
"05/27/2022 00:00:00","05/28/2024 00:00:00","False","Batch","05/26/2022 19:03:57","BATCH","05/29/2024 00:00:00","PVS_XP_2061","123","14","05","B","20220525","20220526","湘南東部圏","","4064","4319","20170331","255"
"05/27/2022 00:00:00","05/28/2024 00:00:00","False","Batch","05/26/2022 19:03:57","BATCH","05/29/2024 00:00:00","PVS_XP_2061","123","14","06","B","20220525","20220526","湘南西部圏","","4635","4901","20170331","266"
"05/27/2022 00:00:00","05/28/2024 00:00:00","False","Batch","05/26/2022 19:03:57","BATCH","05/29/2024 00:00:00","PVS_XP_2061","123","14","07","B","20220525","20220526","県央圏（神奈川）","","5361","5233","20170331","-128"
"05/30/2018 00:00:00","01/24/2024 00:00:00","False","Batch","05/29/2018 19:02:25","BATCH","01/25/2024 00:00:00","PVS_XP_2061","123","22","01","B","20180528","20180529","賀茂圏","","520","858","20170930","338"
"05/30/2018 00:00:00","01/24/2024 00:00:00","False","Batch","05/29/2018 19:02:25","BATCH","01/25/2024 00:00:00","PVS_XP_2061","123","22","02","B","20180528","20180529","熱海伊東圏","","826","1136","20170930","310"
"05/30/2018 00:00:00","01/24/2024 00:00:00","False","Batch","05/29/2018 19:02:25","BATCH","01/25/2024 00:00:00","PVS_XP_2061","123","22","03","B","20180528","20180529","駿東田方圏","","5473","6495","20170930","1022"
"05/30/2018 00:00:00","01/24/2024 00:00:00","False","Batch","05/29/2018 19:02:25","BATCH","01/25/2024 00:00:00","PVS_XP_2061","123","22","04","B","20180528","20180529","富士圏","","2223","2547","20170930","324"
"05/30/2018 00:00:00","01/24/2024 00:00:00","False","Batch","05/29/2018 19:02:25","BATCH","01/25/2024 00:00:00","PVS_XP_2061","123","22","05","B","20180528","20180529","静岡圏","","5566","6386","20170930","820"
"05/30/2018 00:00:00","01/24/2024 00:00:00","False","Batch","05/29/2018 19:02:25","BATCH","01/25/2024 00:00:00","PVS_XP_2061","123","22","06","B","20180528","20180529","志太榛原圏","","2892","3524","20170930","632"
"05/30/2018 00:00:00","01/24/2024 00:00:00","False","Batch","05/29/2018 19:02:25","BATCH","01/25/2024 00:00:00","PVS_XP_2061","123","22","07","B","20180528","20180529","中東遠圏","","2643","3008","20170930","365"
"05/30/2018 00:00:00","01/24/2024 00:00:00","False","Batch","05/29/2018 19:02:25","BATCH","01/25/2024 00:00:00","PVS_XP_2061","123","22","08","B","20180528","20180529","西部圏（静岡）","","6577","7444","20170930","867"
"05/27/2022 00:00:00","05/28/2024 00:00:00","False","Batch","05/26/2022 19:03:57","BATCH","05/29/2024 00:00:00","PVS_XP_2061","123","14","08","B","20220525","20220526","相模原圏","","6545","6564","20170331","19"
"05/27/2022 00:00:00","05/28/2024 00:00:00","False","Batch","05/26/2022 19:03:57","BATCH","05/29/2024 00:00:00","PVS_XP_2061","123","14","09","B","20220525","20220526","県西圏（神奈川）","","2809","3155","20170331","346"
"05/27/2022 00:00:00","05/28/2024 00:00:00","False","Batch","05/26/2022 19:03:57","BATCH","05/29/2024 00:00:00","PVS_XP_2061","123","23","01","B","20220525","20220526","名古屋・尾張中部圏","","17911","20761","20200930","2850"
"05/27/2022 00:00:00","05/28/2024 00:00:00","False","Batch","05/26/2022 19:03:57","BATCH","05/29/2024 00:00:00","PVS_XP_2061","123","23","02","B","20220525","20220526","海部圏","","1531","1948","20200930","417"
"05/27/2022 00:00:00","05/28/2024 00:00:00","False","Batch","05/26/2022 19:03:57","BATCH","05/29/2024 00:00:00","PVS_XP_2061","123","23","03","B","20220525","20220526","尾張東部圏","","4141","4421","20200930","280"
"05/27/2022 00:00:00","05/28/2024 00:00:00","False","Batch","05/26/2022 19:03:57","BATCH","05/29/2024 00:00:00","PVS_XP_2061","123","23","04","B","20220525","20220526","尾張西部圏","","3357","3647","20200930","290"
"05/27/2022 00:00:00","05/28/2024 00:00:00","False","Batch","05/26/2022 19:03:57","BATCH","05/29/2024 00:00:00","PVS_XP_2061","123","23","05","B","20220525","20220526","尾張北部圏","","4725","5061","20200930","336"
"05/27/2022 00:00:00","05/28/2024 00:00:00","False","Batch","05/26/2022 19:03:57","BATCH","05/29/2024 00:00:00","PVS_XP_2061","123","23","06","B","20220525","20220526","知多半島圏","","3147","3193","20200930","46"
"05/27/2022 00:00:00","05/28/2024 00:00:00","False","Batch","05/26/2022 19:03:57","BATCH","05/29/2024 00:00:00","PVS_XP_2061","123","23","07","B","20220525","20220526","西三河北部圏","","2252","2761","20200930","509"
"05/27/2022 00:00:00","05/28/2024 00:00:00","False","Batch","05/26/2022 19:03:57","BATCH","05/29/2024 00:00:00","PVS_XP_2061","123","23","08","B","20220525","20220526","西三河南部東圏","","2083","2484","20200930","401"
"05/27/2022 00:00:00","05/28/2024 00:00:00","False","Batch","05/26/2022 19:03:57","BATCH","05/29/2024 00:00:00","PVS_XP_2061","123","23","09","B","20220525","20220526","西三河南部西圏","","4263","4676","20200930","413"
"05/27/2022 00:00:00","05/28/2024 00:00:00","False","Batch","05/26/2022 19:03:57","BATCH","05/29/2024 00:00:00","PVS_XP_2061","123","23","10","B","20220525","20220526","東三河北部圏","","229","417","20200930","188"
"05/27/2022 00:00:00","05/28/2024 00:00:00","False","Batch","05/26/2022 19:03:57","BATCH","05/29/2024 00:00:00","PVS_XP_2061","123","23","11","B","20220525","20220526","東三河南部圏","","4139","6488","20200930","2349"
"05/27/2022 00:00:00","05/28/2024 00:00:00","False","Batch","05/26/2022 19:03:57","BATCH","05/29/2024 00:00:00","PVS_XP_2061","123","12","02","B","20220525","20220526","東葛南部圏","","13010","11733","20211001","-1277"
"05/27/2022 00:00:00","05/28/2024 00:00:00","False","Batch","05/26/2022 19:03:57","BATCH","05/29/2024 00:00:00","PVS_XP_2061","123","12","01","B","20220525","20220526","千葉圏","","8097","7915","20211001","-182"
"05/27/2022 00:00:00","05/28/2024 00:00:00","False","Batch","05/26/2022 19:03:57","BATCH","05/29/2024 00:00:00","PVS_XP_2061","123","11","10","B","20220525","20220526","秩父圏","","546","753","20210331","207"
"05/27/2022 00:00:00","05/28/2024 00:00:00","False","Batch","05/26/2022 19:03:57","BATCH","05/29/2024 00:00:00","PVS_XP_2061","123","11","09","B","20220525","20220526","北部圏（埼玉）","","2802","3563","20210331","761"
"05/27/2022 00:00:00","05/28/2024 00:00:00","False","Batch","05/26/2022 19:03:57","BATCH","05/29/2024 00:00:00","PVS_XP_2061","123","11","08","B","20220525","20220526","利根圏","","4284","4313","20210331","29"
"05/27/2022 00:00:00","05/28/2024 00:00:00","False","Batch","05/26/2022 19:03:57","BATCH","05/29/2024 00:00:00","PVS_XP_2061","123","11","07","B","20220525","20220526","西部圏（埼玉）","","7951","7623","20210331","-328"
"05/27/2022 00:00:00","05/28/2024 00:00:00","False","Batch","05/26/2022 19:03:57","BATCH","05/29/2024 00:00:00","PVS_XP_2061","123","11","06","B","20220525","20220526","川越比企圏","","7232","6972","20210331","-260"
"05/27/2022 00:00:00","05/28/2024 00:00:00","False","Batch","05/26/2022 19:03:57","BATCH","05/29/2024 00:00:00","PVS_XP_2061","123","11","05","B","20220525","20220526","県央圏（埼玉）","","3323","3272","20210331","-51"
"05/27/2022 00:00:00","05/28/2024 00:00:00","False","Batch","05/26/2022 19:03:57","BATCH","05/29/2024 00:00:00","PVS_XP_2061","123","11","04","B","20220525","20220526","さいたま圏","","7566","7778","20210331","212"
"05/27/2022 00:00:00","05/28/2024 00:00:00","False","Batch","05/26/2022 19:03:57","BATCH","05/29/2024 00:00:00","PVS_XP_2061","123","11","03","B","20220525","20220526","東部圏（埼玉）","","8749","7930","20210331","-819"
"05/27/2022 00:00:00","05/28/2024 00:00:00","False","Batch","05/26/2022 19:03:57","BATCH","05/29/2024 00:00:00","PVS_XP_2061","123","11","02","B","20220525","20220526","南西部圏（埼玉）","","4633","4568","20210331","-65"
"05/27/2022 00:00:00","05/28/2024 00:00:00","False","Batch","05/26/2022 19:03:57","BATCH","05/29/2024 00:00:00","PVS_XP_2061","123","11","01","B","20220525","20220526","南部圏（埼玉）","","4912","4668","20210331","-244"
"11/28/2022 00:00:00","05/28/2024 00:00:00","False","Batch","11/25/2022 19:35:13","BATCH","05/29/2024 00:00:00","PVS_XP_2061","123","28","01","B","20221124","20221125","神戸圏","","13246","15491","20201001","2245"
"11/28/2022 00:00:00","05/28/2024 00:00:00","False","Batch","11/25/2022 19:35:13","BATCH","05/29/2024 00:00:00","PVS_XP_2061","123","28","02","B","20221124","20221125","阪神圏","","12748","15670","20201001","2922"
"11/28/2022 00:00:00","05/28/2024 00:00:00","False","Batch","11/25/2022 19:35:13","BATCH","05/29/2024 00:00:00","PVS_XP_2061","123","28","03","B","20221124","20221125","東播磨圏","","5828","6234","20201001","406"
"11/28/2022 00:00:00","05/28/2024 00:00:00","False","Batch","11/25/2022 19:35:13","BATCH","05/29/2024 00:00:00","PVS_XP_2061","123","28","04","B","20221124","20221125","北播磨圏","","2789","3198","20201001","409"
"11/28/2022 00:00:00","05/28/2024 00:00:00","False","Batch","11/25/2022 19:35:13","BATCH","05/29/2024 00:00:00","PVS_XP_2061","123","28","05","B","20221124","20221125","播磨姫路圏","","6990","8182","20201001","1192"
"11/28/2022 00:00:00","05/28/2024 00:00:00","False","Batch","11/25/2022 19:35:13","BATCH","05/29/2024 00:00:00","PVS_XP_2061","123","28","06","B","20221124","20221125","但馬圏","","1350","1380","20201001","30"
"11/28/2022 00:00:00","05/28/2024 00:00:00","False","Batch","11/25/2022 19:35:13","BATCH","05/29/2024 00:00:00","PVS_XP_2061","123","28","07","B","20221124","20221125","丹波圏","","680","1167","20201001","487"
"11/28/2022 00:00:00","05/28/2024 00:00:00","False","Batch","11/25/2022 19:35:13","BATCH","05/29/2024 00:00:00","PVS_XP_2061","123","28","08","B","20221124","20221125","淡路圏","","1084","1710","20201001","626"
"07/27/2018 00:00:00","05/28/2024 00:00:00","False","Batch","07/26/2018 18:58:34","BATCH","05/29/2024 00:00:00","PVS_XP_2061","123","08","08","B","20180725","20180726","筑西・下妻圏","","1134","2153","20180401","1019"
"05/30/2018 00:00:00","05/28/2024 00:00:00","False","Batch","05/29/2018 19:02:25","BATCH","05/29/2024 00:00:00","PVS_XP_2061","123","45","02","B","20180528","20180529","都城北諸県圏","","2076","2402","20171231","326"
"05/30/2018 00:00:00","05/28/2024 00:00:00","False","Batch","05/29/2018 19:02:25","BATCH","05/29/2024 00:00:00","PVS_XP_2061","123","45","03","B","20180528","20180529","延岡西臼杵圏","","1524","1784","20171231","260"
"05/30/2018 00:00:00","05/28/2024 00:00:00","False","Batch","05/29/2018 19:02:25","BATCH","05/29/2024 00:00:00","PVS_XP_2061","123","45","04","B","20180528","20180529","日南串間圏","","962","1137","20171231","175"
"05/30/2018 00:00:00","05/28/2024 00:00:00","False","Batch","05/29/2018 19:02:25","BATCH","05/29/2024 00:00:00","PVS_XP_2061","123","45","05","B","20180528","20180529","西諸圏","","767","1058","20171231","291"
"05/30/2018 00:00:00","05/28/2024 00:00:00","False","Batch","05/29/2018 19:02:25","BATCH","05/29/2024 00:00:00","PVS_XP_2061","123","45","06","B","20180528","20180529","西都児湯圏","","807","976","20171231","169"
"05/30/2018 00:00:00","05/28/2024 00:00:00","False","Batch","05/29/2018 19:02:25","BATCH","05/29/2024 00:00:00","PVS_XP_2061","123","45","07","B","20180528","20180529","日向入郷圏","","819","976","20171231","157"
"05/30/2018 00:00:00","05/28/2024 00:00:00","False","Batch","05/29/2018 19:02:25","BATCH","05/29/2024 00:00:00","PVS_XP_2061","123","46","01","B","20180528","20180529","鹿児島圏","","8434","11003","20180101","2569"
"05/30/2018 00:00:00","05/28/2024 00:00:00","False","Batch","05/29/2018 19:02:25","BATCH","05/29/2024 00:00:00","PVS_XP_2061","123","46","02","B","20180528","20180529","南薩圏","","833","2427","20180101","1594"
"05/30/2018 00:00:00","05/28/2024 00:00:00","False","Batch","05/29/2018 19:02:25","BATCH","05/29/2024 00:00:00","PVS_XP_2061","123","46","03","B","20180528","20180529","川薩圏","","961","1515","20180101","554"
"05/30/2018 00:00:00","05/28/2024 00:00:00","False","Batch","05/29/2018 19:02:25","BATCH","05/29/2024 00:00:00","PVS_XP_2061","123","46","04","B","20180528","20180529","出水圏","","789","993","20180101","204"
"05/30/2018 00:00:00","05/28/2024 00:00:00","False","Batch","05/29/2018 19:02:25","BATCH","05/29/2024 00:00:00","PVS_XP_2061","123","46","05","B","20180528","20180529","姶良・伊佐圏","","1976","3370","20180101","1394"
"05/30/2018 00:00:00","05/28/2024 00:00:00","False","Batch","05/29/2018 19:02:25","BATCH","05/29/2024 00:00:00","PVS_XP_2061","123","46","06","B","20180528","20180529","曽於圏","","522","938","20180101","416"
"05/30/2018 00:00:00","05/28/2024 00:00:00","False","Batch","05/29/2018 19:02:25","BATCH","05/29/2024 00:00:00","PVS_XP_2061","123","46","07","B","20180528","20180529","肝属圏","","1747","1959","20180101","212"
"05/30/2018 00:00:00","05/28/2024 00:00:00","False","Batch","05/29/2018 19:02:25","BATCH","05/29/2024 00:00:00","PVS_XP_2061","123","46","08","B","20180528","20180529","熊毛圏","","214","444","20180101","230"
"05/30/2018 00:00:00","05/28/2024 00:00:00","False","Batch","05/29/2018 19:02:25","BATCH","05/29/2024 00:00:00","PVS_XP_2061","123","46","09","B","20180528","20180529","奄美圏","","959","1714","20180101","755"
"07/27/2018 00:00:00","05/28/2024 00:00:00","False","Batch","07/26/2018 18:58:34","BATCH","05/29/2024 00:00:00","PVS_XP_2061","123","43","08","B","20180725","20180726","芦北圏","","502","936","20170401","434"
"07/27/2018 00:00:00","05/28/2024 00:00:00","False","Batch","07/26/2018 18:58:34","BATCH","05/29/2024 00:00:00","PVS_XP_2061","123","43","09","B","20180725","20180726","球磨圏","","924","1283","20170401","359"
"07/27/2018 00:00:00","05/28/2024 00:00:00","False","Batch","07/26/2018 18:58:34","BATCH","05/29/2024 00:00:00","PVS_XP_2061","123","43","10","B","20180725","20180726","天草圏","","912","2080","20170401","1168"
"07/27/2018 00:00:00","05/28/2024 00:00:00","False","Batch","07/26/2018 18:58:34","BATCH","05/29/2024 00:00:00","PVS_XP_2061","123","47","01","B","20180725","20180726","北部圏（沖縄）","","621","1063","20180301","442"
"07/27/2018 00:00:00","05/28/2024 00:00:00","False","Batch","07/26/2018 18:58:34","BATCH","05/29/2024 00:00:00","PVS_XP_2061","123","47","02","B","20180725","20180726","中部圏（沖縄）","","3512","3886","20180301","374"
"07/27/2018 00:00:00","05/28/2024 00:00:00","False","Batch","07/26/2018 18:58:34","BATCH","05/29/2024 00:00:00","PVS_XP_2061","123","47","03","B","20180725","20180726","南部圏（沖縄）","","6077","6635","20180301","558"
"07/27/2018 00:00:00","05/28/2024 00:00:00","False","Batch","07/26/2018 18:58:34","BATCH","05/29/2024 00:00:00","PVS_XP_2061","123","08","09","B","20180725","20180726","古河・坂東圏","","1332","1549","20180401","217"
"11/29/2023 00:00:00","05/28/2024 00:00:00","False","Batch","11/28/2023 18:37:18","BATCH","05/29/2024 00:00:00","PVS_XP_2061","123","10","01","B","20231127","20231128","前橋圏","","3272","3548","20230331","276"
"11/29/2023 00:00:00","05/28/2024 00:00:00","False","Batch","11/28/2023 18:37:18","BATCH","05/29/2024 00:00:00","PVS_XP_2061","123","10","02","B","20231127","20231128","高崎・安中圏","","3267","3418","20230331","151"
"11/29/2023 00:00:00","05/28/2024 00:00:00","False","Batch","11/28/2023 18:37:18","BATCH","05/29/2024 00:00:00","PVS_XP_2061","123","10","03","B","20231127","20231128","桐生圏","","1200","1643","20230331","443"
"11/29/2023 00:00:00","05/28/2024 00:00:00","False","Batch","11/28/2023 18:37:18","BATCH","05/29/2024 00:00:00","PVS_XP_2061","123","10","04","B","20231127","20231128","伊勢崎圏","","1696","1890","20230331","194"
"11/29/2023 00:00:00","05/28/2024 00:00:00","False","Batch","11/28/2023 18:37:18","BATCH","05/29/2024 00:00:00","PVS_XP_2061","123","10","05","B","20231127","20231128","太田・館林圏","","2520","3103","20230331","583"
"11/29/2023 00:00:00","05/28/2024 00:00:00","False","Batch","11/28/2023 18:37:18","BATCH","05/29/2024 00:00:00","PVS_XP_2061","123","10","06","B","20231127","20231128","渋川圏","","692","1061","20230331","369"
"11/29/2023 00:00:00","05/28/2024 00:00:00","False","Batch","11/28/2023 18:37:18","BATCH","05/29/2024 00:00:00","PVS_XP_2061","123","10","07","B","20231127","20231128","藤岡圏","","644","898","20230331","254"
"11/29/2023 00:00:00","05/28/2024 00:00:00","False","Batch","11/28/2023 18:37:18","BATCH","05/29/2024 00:00:00","PVS_XP_2061","123","10","08","B","20231127","20231128","富岡圏","","726","752","20230331","26"
"11/29/2023 00:00:00","05/28/2024 00:00:00","False","Batch","11/28/2023 18:37:18","BATCH","05/29/2024 00:00:00","PVS_XP_2061","123","10","09","B","20231127","20231128","吾妻圏","","437","795","20230331","358"
"11/29/2023 00:00:00","05/28/2024 00:00:00","False","Batch","11/28/2023 18:37:18","BATCH","05/29/2024 00:00:00","PVS_XP_2061","123","10","10","B","20231127","20231128","沼田圏","","648","958","20230331","310"
"11/29/2023 00:00:00","05/28/2024 00:00:00","False","Batch","11/28/2023 18:37:18","BATCH","05/29/2024 00:00:00","PVS_XP_2061","123","13","01","B","20231127","20231128","区中央部圏（東京）","","5576","13263","20230401","7687"
"11/29/2023 00:00:00","05/28/2024 00:00:00","False","Batch","11/28/2023 18:37:18","BATCH","05/29/2024 00:00:00","PVS_XP_2061","123","13","02","B","20231127","20231128","区南部圏（東京）","","8257","8141","20230401","-116"
"11/29/2023 00:00:00","05/28/2024 00:00:00","False","Batch","11/28/2023 18:37:18","BATCH","05/29/2024 00:00:00","PVS_XP_2061","123","13","03","B","20231127","20231128","区西南部圏（東京）","","9749","9684","20230401","-65"
"11/29/2023 00:00:00","05/28/2024 00:00:00","False","Batch","11/28/2023 18:37:18","BATCH","05/29/2024 00:00:00","PVS_XP_2061","123","13","04","B","20231127","20231128","区西部圏（東京）","","8390","10031","20230401","1641"
"01/25/2024 00:00:00","05/28/2024 00:00:00","False","Batch","01/24/2024 18:33:08","BATCH","05/29/2024 00:00:00","PVS_XP_2061","123","22","01","B","20240123","20240124","賀茂圏","","520","858","20170930","338"
"01/25/2024 00:00:00","05/28/2024 00:00:00","False","Batch","01/24/2024 18:33:08","BATCH","05/29/2024 00:00:00","PVS_XP_2061","123","22","02","B","20240123","20240124","熱海伊東圏","","826","1136","20170930","310"
"01/25/2024 00:00:00","05/28/2024 00:00:00","False","Batch","01/24/2024 18:33:08","BATCH","05/29/2024 00:00:00","PVS_XP_2061","123","22","03","B","20240123","20240124","駿東田方圏","","5473","6495","20170930","1022"
"01/25/2024 00:00:00","05/28/2024 00:00:00","False","Batch","01/24/2024 18:33:08","BATCH","05/29/2024 00:00:00","PVS_XP_2061","123","22","04","B","20240123","20240124","富士圏","","2223","2547","20170930","324"
"01/25/2024 00:00:00","05/28/2024 00:00:00","False","Batch","01/24/2024 18:33:08","BATCH","05/29/2024 00:00:00","PVS_XP_2061","123","22","05","B","20240123","20240124","静岡圏","","5566","6386","20170930","820"
"11/29/2023 00:00:00","05/28/2024 00:00:00","False","Batch","11/28/2023 18:37:18","BATCH","05/29/2024 00:00:00","PVS_XP_2061","123","13","05","B","20231127","20231128","区西北部圏（東京）","","14880","14767","20230401","-113"
"11/29/2023 00:00:00","05/28/2024 00:00:00","False","Batch","11/28/2023 18:37:18","BATCH","05/29/2024 00:00:00","PVS_XP_2061","123","13","06","B","20231127","20231128","区東北部圏（東京）","","10978","10996","20230401","18"
"11/29/2023 00:00:00","05/28/2024 00:00:00","False","Batch","11/28/2023 18:37:18","BATCH","05/29/2024 00:00:00","PVS_XP_2061","123","13","07","B","20231127","20231128","区東部圏（東京）","","9446","9354","20230401","-92"
"11/29/2023 00:00:00","05/28/2024 00:00:00","False","Batch","11/28/2023 18:37:18","BATCH","05/29/2024 00:00:00","PVS_XP_2061","123","13","08","B","20231127","20231128","西多摩圏","","3342","4096","20230401","754"
"11/29/2023 00:00:00","05/28/2024 00:00:00","False","Batch","11/28/2023 18:37:18","BATCH","05/29/2024 00:00:00","PVS_XP_2061","123","13","09","B","20231127","20231128","南多摩圏","","11381","10665","20230401","-716"
"11/29/2023 00:00:00","05/28/2024 00:00:00","False","Batch","11/28/2023 18:37:18","BATCH","05/29/2024 00:00:00","PVS_XP_2061","123","13","10","B","20231127","20231128","北多摩西部圏","","4322","4340","20230401","18"
"11/29/2023 00:00:00","05/28/2024 00:00:00","False","Batch","11/28/2023 18:37:18","BATCH","05/29/2024 00:00:00","PVS_XP_2061","123","13","11","B","20231127","20231128","北多摩南部圏","","7067","7302","20230401","235"
"11/29/2023 00:00:00","05/28/2024 00:00:00","False","Batch","11/28/2023 18:37:18","BATCH","05/29/2024 00:00:00","PVS_XP_2061","123","13","12","B","20231127","20231128","北多摩北部圏","","5810","5770","20230401","-40"
"11/29/2023 00:00:00","05/28/2024 00:00:00","False","Batch","11/28/2023 18:37:18","BATCH","05/29/2024 00:00:00","PVS_XP_2061","123","13","13","B","20231127","20231128","島しょ圏（東京）","","248","80","20230401","-168"
"11/29/2023 00:00:00","05/28/2024 00:00:00","False","Batch","11/28/2023 18:37:18","BATCH","05/29/2024 00:00:00","PVS_XP_2061","123","16","01","B","20231127","20231128","新川圏","","1228","1724","20230901","496"
"11/29/2023 00:00:00","05/28/2024 00:00:00","False","Batch","11/28/2023 18:37:18","BATCH","05/29/2024 00:00:00","PVS_XP_2061","123","16","02","B","20231127","20231128","富山圏","","5509","6397","20230901","888"
"11/29/2023 00:00:00","05/28/2024 00:00:00","False","Batch","11/28/2023 18:37:18","BATCH","05/29/2024 00:00:00","PVS_XP_2061","123","16","03","B","20231127","20231128","高岡圏","","2793","3352","20230901","559"
"11/29/2023 00:00:00","05/28/2024 00:00:00","False","Batch","11/28/2023 18:37:18","BATCH","05/29/2024 00:00:00","PVS_XP_2061","123","16","04","B","20231127","20231128","砺波圏","","1461","1701","20230901","240"
"11/29/2023 00:00:00","05/28/2024 00:00:00","False","Batch","11/28/2023 18:37:18","BATCH","05/29/2024 00:00:00","PVS_XP_2061","123","29","01","B","20231127","20231128","奈良圏","","3241","4151","20231001","910"
"11/29/2023 00:00:00","05/28/2024 00:00:00","False","Batch","11/28/2023 18:37:18","BATCH","05/29/2024 00:00:00","PVS_XP_2061","123","29","02","B","20231127","20231128","東和圏","","2050","2559","20231001","509"
"11/29/2023 00:00:00","05/28/2024 00:00:00","False","Batch","11/28/2023 18:37:18","BATCH","05/29/2024 00:00:00","PVS_XP_2061","123","29","03","B","20231127","20231128","西和圏","","3212","4031","20231001","819"
"11/29/2023 00:00:00","05/28/2024 00:00:00","False","Batch","11/28/2023 18:37:18","BATCH","05/29/2024 00:00:00","PVS_XP_2061","123","29","04","B","20231127","20231128","中和圏","","2957","4782","20231001","1825"
"11/29/2023 00:00:00","05/28/2024 00:00:00","False","Batch","11/28/2023 18:37:18","BATCH","05/29/2024 00:00:00","PVS_XP_2061","123","29","05","B","20231127","20231128","南和圏","","590","616","20231001","26"
"01/25/2024 00:00:00","05/28/2024 00:00:00","False","Batch","01/24/2024 18:33:08","BATCH","05/29/2024 00:00:00","PVS_XP_2061","123","22","06","B","20240123","20240124","志太榛原圏","","2892","3524","20170930","632"
"01/25/2024 00:00:00","05/28/2024 00:00:00","False","Batch","01/24/2024 18:33:08","BATCH","05/29/2024 00:00:00","PVS_XP_2061","123","22","07","B","20240123","20240124","中東遠圏","","2643","3008","20170930","365"
"01/25/2024 00:00:00","05/28/2024 00:00:00","False","Batch","01/24/2024 18:33:08","BATCH","05/29/2024 00:00:00","PVS_XP_2061","123","22","08","B","20240123","20240124","西部圏（静岡）","","6577","7444","20170930","867"
"05/29/2024 00:00:00","12/31/9999 00:00:00","False","Batch","05/28/2024 18:42:46","BATCH","05/29/2024 00:00:00","PVS_XP_2061","123","01","01","B","20240527","20240528","南渡島圏","1","4489","5435","20231001","946"
"05/29/2024 00:00:00","12/31/9999 00:00:00","False","Batch","05/28/2024 18:42:46","BATCH","05/29/2024 00:00:00","PVS_XP_2061","123","01","02","B","20240527","20240528","南檜山圏","1","133","377","20231001","244"
"05/29/2024 00:00:00","12/31/9999 00:00:00","False","Batch","05/28/2024 18:42:46","BATCH","05/29/2024 00:00:00","PVS_XP_2061","123","01","03","B","20240527","20240528","北渡島檜山圏","1","256","626","20231001","370"
"05/29/2024 00:00:00","12/31/9999 00:00:00","False","Batch","05/28/2024 18:42:46","BATCH","05/29/2024 00:00:00","PVS_XP_2061","123","01","04","B","20240527","20240528","札幌圏","2","25247","32777","20231001","7530"
"05/29/2024 00:00:00","12/31/9999 00:00:00","False","Batch","05/28/2024 18:42:46","BATCH","05/29/2024 00:00:00","PVS_XP_2061","123","01","05","B","20240527","20240528","後志圏","2","1117","2571","20231001","1454"
"05/29/2024 00:00:00","12/31/9999 00:00:00","False","Batch","05/28/2024 18:42:46","BATCH","05/29/2024 00:00:00","PVS_XP_2061","123","01","06","B","20240527","20240528","南空知圏","2","905","1821","20231001","916"
"05/29/2024 00:00:00","12/31/9999 00:00:00","False","Batch","05/28/2024 18:42:46","BATCH","05/29/2024 00:00:00","PVS_XP_2061","123","01","07","B","20240527","20240528","中空知圏","2","898","1846","20231001","948"
"05/29/2024 00:00:00","12/31/9999 00:00:00","False","Batch","05/28/2024 18:42:46","BATCH","05/29/2024 00:00:00","PVS_XP_2061","123","01","08","B","20240527","20240528","北空知圏","2","216","606","20231001","390"
"05/29/2024 00:00:00","12/31/9999 00:00:00","False","Batch","05/28/2024 18:42:46","BATCH","05/29/2024 00:00:00","PVS_XP_2061","123","01","09","B","20240527","20240528","西胆振圏","2","1668","3319","20231001","1651"
"05/29/2024 00:00:00","12/31/9999 00:00:00","False","Batch","05/28/2024 18:42:46","BATCH","05/29/2024 00:00:00","PVS_XP_2061","123","01","10","B","20240527","20240528","東胆振圏","2","1773","2045","20231001","272"
"05/29/2024 00:00:00","12/31/9999 00:00:00","False","Batch","05/28/2024 18:42:46","BATCH","05/29/2024 00:00:00","PVS_XP_2061","123","01","11","B","20240527","20240528","日高圏","2","208","599","20231001","391"
"05/29/2024 00:00:00","12/31/9999 00:00:00","False","Batch","05/28/2024 18:42:46","BATCH","05/29/2024 00:00:00","PVS_XP_2061","123","01","12","B","20240527","20240528","上川中部圏","3","4839","5904","20231001","1065"
"05/29/2024 00:00:00","12/31/9999 00:00:00","False","Batch","05/28/2024 18:42:46","BATCH","05/29/2024 00:00:00","PVS_XP_2061","123","01","13","B","20240527","20240528","上川北部圏","3","440","865","20231001","425"
"05/29/2024 00:00:00","12/31/9999 00:00:00","False","Batch","05/28/2024 18:42:46","BATCH","05/29/2024 00:00:00","PVS_XP_2061","123","01","14","B","20240527","20240528","富良野圏","3","251","472","20231001","221"
"05/29/2024 00:00:00","12/31/9999 00:00:00","False","Batch","05/28/2024 18:42:46","BATCH","05/29/2024 00:00:00","PVS_XP_2061","123","01","15","B","20240527","20240528","留萌圏","3","208","671","20231001","463"
"05/29/2024 00:00:00","12/31/9999 00:00:00","False","Batch","05/28/2024 18:42:46","BATCH","05/29/2024 00:00:00","PVS_XP_2061","123","01","16","B","20240527","20240528","宗谷圏","3","292","719","20231001","427"
"05/29/2024 00:00:00","12/31/9999 00:00:00","False","Batch","05/28/2024 18:42:46","BATCH","05/29/2024 00:00:00","PVS_XP_2061","123","01","17","B","20240527","20240528","北網圏","4","2036","2716","20231001","680"
"05/29/2024 00:00:00","12/31/9999 00:00:00","False","Batch","05/28/2024 18:42:46","BATCH","05/29/2024 00:00:00","PVS_XP_2061","123","01","18","B","20240527","20240528","遠紋圏","4","384","893","20231001","509"
"05/29/2024 00:00:00","12/31/9999 00:00:00","False","Batch","05/28/2024 18:42:46","BATCH","05/29/2024 00:00:00","PVS_XP_2061","123","01","19","B","20240527","20240528","十勝圏","5","3421","3940","20231001","519"
"05/29/2024 00:00:00","12/31/9999 00:00:00","False","Batch","05/28/2024 18:42:46","BATCH","05/29/2024 00:00:00","PVS_XP_2061","123","01","20","B","20240527","20240528","釧路圏","6","2924","3390","20231001","466"
"05/29/2024 00:00:00","12/31/9999 00:00:00","False","Batch","05/28/2024 18:42:46","BATCH","05/29/2024 00:00:00","PVS_XP_2061","123","01","21","B","20240527","20240528","根室圏","6","286","557","20231001","271"
"05/29/2024 00:00:00","12/31/9999 00:00:00","False","Batch","05/28/2024 18:42:46","BATCH","05/29/2024 00:00:00","PVS_XP_2061","123","04","01","B","20240527","20240528","仙南圏","","1220","1203","20230930","-17"
"05/29/2024 00:00:00","12/31/9999 00:00:00","False","Batch","05/28/2024 18:42:46","BATCH","05/29/2024 00:00:00","PVS_XP_2061","123","04","02","B","20240527","20240528","仙台圏","","12647","11892","20230930","-755"
"05/29/2024 00:00:00","12/31/9999 00:00:00","False","Batch","05/28/2024 18:42:46","BATCH","05/29/2024 00:00:00","PVS_XP_2061","123","04","03","B","20240527","20240528","大崎・栗原圏","","2401","2393","20230930","-8"
"05/29/2024 00:00:00","12/31/9999 00:00:00","False","Batch","05/28/2024 18:42:46","BATCH","05/29/2024 00:00:00","PVS_XP_2061","123","04","04","B","20240527","20240528","石巻・登米・気仙沼圏","","2692","2433","20230930","-259"
"05/29/2024 00:00:00","12/31/9999 00:00:00","False","Batch","05/28/2024 18:42:46","BATCH","05/29/2024 00:00:00","PVS_XP_2061","123","05","01","B","20240527","20240528","県北圏（秋田）","","2133","2430","20230601","297"
"05/29/2024 00:00:00","12/31/9999 00:00:00","False","Batch","05/28/2024 18:42:46","BATCH","05/29/2024 00:00:00","PVS_XP_2061","123","05","02","B","20240527","20240528","県央圏（秋田）","","5286","5716","20230601","430"
"05/29/2024 00:00:00","12/31/9999 00:00:00","False","Batch","05/28/2024 18:42:46","BATCH","05/29/2024 00:00:00","PVS_XP_2061","123","05","03","B","20240527","20240528","県南圏（秋田）","","2867","2490","20230601","-377"
"05/29/2024 00:00:00","12/31/9999 00:00:00","False","Batch","05/28/2024 18:42:46","BATCH","05/29/2024 00:00:00","PVS_XP_2061","123","05","04","C","20240527","20240528","秋田周辺圏","","3845","4194","20170401","349"
"05/29/2024 00:00:00","12/31/9999 00:00:00","False","Batch","05/28/2024 18:42:46","BATCH","05/29/2024 00:00:00","PVS_XP_2061","123","05","05","C","20240527","20240528","由利本荘・にかほ圏","","1117","1225","20170401","108"
"05/29/2024 00:00:00","12/31/9999 00:00:00","False","Batch","05/28/2024 18:42:46","BATCH","05/29/2024 00:00:00","PVS_XP_2061","123","05","06","C","20240527","20240528","大仙・仙北圏","","1107","1007","20170401","-100"
"05/29/2024 00:00:00","12/31/9999 00:00:00","False","Batch","05/28/2024 18:42:46","BATCH","05/29/2024 00:00:00","PVS_XP_2061","123","05","07","C","20240527","20240528","横手圏","","1108","961","20170401","-147"
"05/29/2024 00:00:00","12/31/9999 00:00:00","False","Batch","05/28/2024 18:42:46","BATCH","05/29/2024 00:00:00","PVS_XP_2061","123","05","08","C","20240527","20240528","湯沢・雄勝圏","","505","583","20170401","78"
"05/29/2024 00:00:00","12/31/9999 00:00:00","False","Batch","05/28/2024 18:42:46","BATCH","05/29/2024 00:00:00","PVS_XP_2061","123","06","01","B","20240527","20240528","村山圏","","5085","5255","20231101","170"
"05/29/2024 00:00:00","12/31/9999 00:00:00","False","Batch","05/28/2024 18:42:46","BATCH","05/29/2024 00:00:00","PVS_XP_2061","123","06","02","B","20240527","20240528","最上圏","","620","706","20231101","86"
"05/29/2024 00:00:00","12/31/9999 00:00:00","False","Batch","05/28/2024 18:42:46","BATCH","05/29/2024 00:00:00","PVS_XP_2061","123","06","03","B","20240527","20240528","置賜圏","","1624","1781","20231101","157"
"05/29/2024 00:00:00","12/31/9999 00:00:00","False","Batch","05/28/2024 18:42:46","BATCH","05/29/2024 00:00:00","PVS_XP_2061","123","06","04","B","20240527","20240528","庄内圏","","2396","2545","20231101","149"
"05/29/2024 00:00:00","12/31/9999 00:00:00","False","Batch","05/28/2024 18:42:46","BATCH","05/29/2024 00:00:00","PVS_XP_2061","123","07","01","B","20240527","20240528","県北圏（福島）","","4742","4317","20230930","-425"
"05/29/2024 00:00:00","12/31/9999 00:00:00","False","Batch","05/28/2024 18:42:46","BATCH","05/29/2024 00:00:00","PVS_XP_2061","123","07","02","B","20240527","20240528","県中圏（福島）","","5244","5133","20230930","-111"
"05/29/2024 00:00:00","12/31/9999 00:00:00","False","Batch","05/28/2024 18:42:46","BATCH","05/29/2024 00:00:00","PVS_XP_2061","123","07","03","B","20240527","20240528","県南圏（福島）","","1247","1087","20230930","-160"
"05/29/2024 00:00:00","12/31/9999 00:00:00","False","Batch","05/28/2024 18:42:46","BATCH","05/29/2024 00:00:00","PVS_XP_2061","123","07","04","B","20240527","20240528","会津・南会津圏","","2714","2723","20230930","9"
"05/29/2024 00:00:00","12/31/9999 00:00:00","False","Batch","05/28/2024 18:42:46","BATCH","05/29/2024 00:00:00","PVS_XP_2061","123","07","05","B","20240527","20240528","相双圏","","1075","1527","20230930","452"
"05/29/2024 00:00:00","12/31/9999 00:00:00","False","Batch","05/28/2024 18:42:46","BATCH","05/29/2024 00:00:00","PVS_XP_2061","123","07","06","B","20240527","20240528","いわき圏","","2893","3230","20230930","337"
"05/29/2024 00:00:00","12/31/9999 00:00:00","False","Batch","05/28/2024 18:42:46","BATCH","05/29/2024 00:00:00","PVS_XP_2061","123","08","01","B","20240527","20240528","水戸圏","","4005","4756","20230401","751"
"05/29/2024 00:00:00","12/31/9999 00:00:00","False","Batch","05/28/2024 18:42:46","BATCH","05/29/2024 00:00:00","PVS_XP_2061","123","08","02","B","20240527","20240528","日立圏","","1823","2452","20230401","629"
"05/29/2024 00:00:00","12/31/9999 00:00:00","False","Batch","05/28/2024 18:42:46","BATCH","05/29/2024 00:00:00","PVS_XP_2061","123","08","03","B","20240527","20240528","常陸太田・ひたちなか圏","","1898","2105","20230401","207"
"05/29/2024 00:00:00","12/31/9999 00:00:00","False","Batch","05/28/2024 18:42:46","BATCH","05/29/2024 00:00:00","PVS_XP_2061","123","08","04","B","20240527","20240528","鹿行圏","","1219","1598","20230401","379"
"05/29/2024 00:00:00","12/31/9999 00:00:00","False","Batch","05/28/2024 18:42:46","BATCH","05/29/2024 00:00:00","PVS_XP_2061","123","08","05","B","20240527","20240528","土浦圏","","1796","1999","20230401","203"
"05/29/2024 00:00:00","12/31/9999 00:00:00","False","Batch","05/28/2024 18:42:46","BATCH","05/29/2024 00:00:00","PVS_XP_2061","123","08","06","B","20240527","20240528","つくば圏","","3113","3368","20230401","255"
"05/29/2024 00:00:00","12/31/9999 00:00:00","False","Batch","05/28/2024 18:42:46","BATCH","05/29/2024 00:00:00","PVS_XP_2061","123","08","07","B","20240527","20240528","取手・竜ケ崎圏","","3604","3719","20230401","115"
"05/29/2024 00:00:00","12/31/9999 00:00:00","False","Batch","05/28/2024 18:42:46","BATCH","05/29/2024 00:00:00","PVS_XP_2061","123","08","08","B","20240527","20240528","筑西・下妻圏","","1358","1974","20230401","616"
"05/29/2024 00:00:00","12/31/9999 00:00:00","False","Batch","05/28/2024 18:42:46","BATCH","05/29/2024 00:00:00","PVS_XP_2061","123","08","09","B","20240527","20240528","古河・坂東圏","","1328","1518","20230401","190"
"05/29/2024 00:00:00","12/31/9999 00:00:00","False","Batch","05/28/2024 18:42:46","BATCH","05/29/2024 00:00:00","PVS_XP_2061","123","09","01","B","20240527","20240528","県北圏（栃木）","","2797","2790","20231201","-7"
"05/29/2024 00:00:00","12/31/9999 00:00:00","False","Batch","05/28/2024 18:42:46","BATCH","05/29/2024 00:00:00","PVS_XP_2061","123","09","02","B","20240527","20240528","県西圏（栃木）","","1054","1359","20231201","305"
"05/29/2024 00:00:00","12/31/9999 00:00:00","False","Batch","05/28/2024 18:42:46","BATCH","05/29/2024 00:00:00","PVS_XP_2061","123","09","03","B","20240527","20240528","宇都宮圏","","4385","4256","20231201","-129"
"05/29/2024 00:00:00","12/31/9999 00:00:00","False","Batch","05/28/2024 18:42:46","BATCH","05/29/2024 00:00:00","PVS_XP_2061","123","09","04","B","20240527","20240528","県東圏（栃木）","","759","737","20231201","-22"
"05/29/2024 00:00:00","12/31/9999 00:00:00","False","Batch","05/28/2024 18:42:46","BATCH","05/29/2024 00:00:00","PVS_XP_2061","123","09","05","B","20240527","20240528","県南圏（栃木）","","5216","4629","20231201","-587"
"05/29/2024 00:00:00","12/31/9999 00:00:00","False","Batch","05/28/2024 18:42:46","BATCH","05/29/2024 00:00:00","PVS_XP_2061","123","09","06","B","20240527","20240528","両毛圏","","2318","2095","20231201","-223"
"05/29/2024 00:00:00","05/27/2025 00:00:00","False","Batch","05/28/2024 18:42:46","BATCH","05/28/2025 00:00:00","PVS_XP_2061","123","10","01","B","20240527","20240528","前橋圏","","3383","3532","20240331","149"
"05/29/2024 00:00:00","05/27/2025 00:00:00","False","Batch","05/28/2024 18:42:46","BATCH","05/28/2025 00:00:00","PVS_XP_2061","123","10","02","B","20240527","20240528","高崎・安中圏","","3660","3396","20240331","-264"
"05/29/2024 00:00:00","05/27/2025 00:00:00","False","Batch","05/28/2024 18:42:46","BATCH","05/28/2025 00:00:00","PVS_XP_2061","123","10","03","B","20240527","20240528","桐生圏","","1273","1581","20240331","308"
"05/29/2024 00:00:00","05/27/2025 00:00:00","False","Batch","05/28/2024 18:42:46","BATCH","05/28/2025 00:00:00","PVS_XP_2061","123","10","04","B","20240527","20240528","伊勢崎圏","","1854","1890","20240331","36"
"05/29/2024 00:00:00","05/27/2025 00:00:00","False","Batch","05/28/2024 18:42:46","BATCH","05/28/2025 00:00:00","PVS_XP_2061","123","10","05","B","20240527","20240528","太田・館林圏","","2667","2806","20240331","139"
"05/29/2024 00:00:00","05/27/2025 00:00:00","False","Batch","05/28/2024 18:42:46","BATCH","05/28/2025 00:00:00","PVS_XP_2061","123","10","06","B","20240527","20240528","渋川圏","","969","1061","20240331","92"
"05/29/2024 00:00:00","05/27/2025 00:00:00","False","Batch","05/28/2024 18:42:46","BATCH","05/28/2025 00:00:00","PVS_XP_2061","123","10","07","B","20240527","20240528","藤岡圏","","595","862","20240331","267"
"05/29/2024 00:00:00","05/27/2025 00:00:00","False","Batch","05/28/2024 18:42:46","BATCH","05/28/2025 00:00:00","PVS_XP_2061","123","10","08","B","20240527","20240528","富岡圏","","577","593","20240331","16"
"05/29/2024 00:00:00","05/27/2025 00:00:00","False","Batch","05/28/2024 18:42:46","BATCH","05/28/2025 00:00:00","PVS_XP_2061","123","10","09","B","20240527","20240528","吾妻圏","","365","748","20240331","383"
"05/29/2024 00:00:00","05/27/2025 00:00:00","False","Batch","05/28/2024 18:42:46","BATCH","05/28/2025 00:00:00","PVS_XP_2061","123","10","10","B","20240527","20240528","沼田圏","","658","958","20240331","300"
"05/29/2024 00:00:00","12/31/9999 00:00:00","False","Batch","05/28/2024 18:42:46","BATCH","05/29/2024 00:00:00","PVS_XP_2061","123","11","01","B","20240527","20240528","南部圏（埼玉）","","5271","4781","20230331","-490"
"05/29/2024 00:00:00","12/31/9999 00:00:00","False","Batch","05/28/2024 18:42:46","BATCH","05/29/2024 00:00:00","PVS_XP_2061","123","11","02","B","20240527","20240528","南西部圏（埼玉）","","4609","4633","20230331","24"
"05/29/2024 00:00:00","12/31/9999 00:00:00","False","Batch","05/28/2024 18:42:46","BATCH","05/29/2024 00:00:00","PVS_XP_2061","123","11","03","B","20240527","20240528","東部圏（埼玉）","","9192","8598","20230331","-594"
"05/29/2024 00:00:00","12/31/9999 00:00:00","False","Batch","05/28/2024 18:42:46","BATCH","05/29/2024 00:00:00","PVS_XP_2061","123","11","04","B","20240527","20240528","さいたま圏","","9896","7612","20230331","-2284"
"05/29/2024 00:00:00","12/31/9999 00:00:00","False","Batch","05/28/2024 18:42:46","BATCH","05/29/2024 00:00:00","PVS_XP_2061","123","11","05","B","20240527","20240528","県央圏（埼玉）","","4319","3289","20230331","-1030"
"05/29/2024 00:00:00","12/31/9999 00:00:00","False","Batch","05/28/2024 18:42:46","BATCH","05/29/2024 00:00:00","PVS_XP_2061","123","11","06","B","20240527","20240528","川越比企圏","","7587","6825","20230331","-762"
"05/29/2024 00:00:00","12/31/9999 00:00:00","False","Batch","05/28/2024 18:42:46","BATCH","05/29/2024 00:00:00","PVS_XP_2061","123","11","07","B","20240527","20240528","西部圏（埼玉）","","7767","7697","20230331","-70"
"05/29/2024 00:00:00","12/31/9999 00:00:00","False","Batch","05/28/2024 18:42:46","BATCH","05/29/2024 00:00:00","PVS_XP_2061","123","11","08","B","20240527","20240528","利根圏","","4906","4238","20230331","-668"
"05/29/2024 00:00:00","12/31/9999 00:00:00","False","Batch","05/28/2024 18:42:46","BATCH","05/29/2024 00:00:00","PVS_XP_2061","123","11","09","B","20240527","20240528","北部圏（埼玉）","","3797","3562","20230331","-235"
"05/29/2024 00:00:00","12/31/9999 00:00:00","False","Batch","05/28/2024 18:42:46","BATCH","05/29/2024 00:00:00","PVS_XP_2061","123","11","10","B","20240527","20240528","秩父圏","","580","753","20230331","173"
"05/29/2024 00:00:00","12/31/9999 00:00:00","False","Batch","05/28/2024 18:42:46","BATCH","05/29/2024 00:00:00","PVS_XP_2061","123","12","01","B","20240527","20240528","千葉圏","","8962","8097","20231001","-865"
"05/29/2024 00:00:00","12/31/9999 00:00:00","False","Batch","05/28/2024 18:42:46","BATCH","05/29/2024 00:00:00","PVS_XP_2061","123","12","02","B","20240527","20240528","東葛南部圏","","13782","12546","20231001","-1236"
"05/29/2024 00:00:00","12/31/9999 00:00:00","False","Batch","05/28/2024 18:42:46","BATCH","05/29/2024 00:00:00","PVS_XP_2061","123","12","03","B","20240527","20240528","東葛北部圏","","12034","11268","20231001","-766"
"05/29/2024 00:00:00","12/31/9999 00:00:00","False","Batch","05/28/2024 18:42:46","BATCH","05/29/2024 00:00:00","PVS_XP_2061","123","12","04","B","20240527","20240528","印旛圏","","6409","6252","20231001","-157"
"05/29/2024 00:00:00","12/31/9999 00:00:00","False","Batch","05/28/2024 18:42:46","BATCH","05/29/2024 00:00:00","PVS_XP_2061","123","12","05","B","20240527","20240528","香取海匝圏","","2557","2760","20231001","203"
"05/29/2024 00:00:00","12/31/9999 00:00:00","False","Batch","05/28/2024 18:42:46","BATCH","05/29/2024 00:00:00","PVS_XP_2061","123","12","06","B","20240527","20240528","山武長生夷隅圏","","3544","3151","20231001","-393"
"05/29/2024 00:00:00","12/31/9999 00:00:00","False","Batch","05/28/2024 18:42:46","BATCH","05/29/2024 00:00:00","PVS_XP_2061","123","12","07","B","20240527","20240528","安房圏","","1621","2083","20231001","462"
"05/29/2024 00:00:00","12/31/9999 00:00:00","False","Batch","05/28/2024 18:42:46","BATCH","05/29/2024 00:00:00","PVS_XP_2061","123","12","08","B","20240527","20240528","君津圏","","2626","2531","20231001","-95"
"05/29/2024 00:00:00","12/31/9999 00:00:00","False","Batch","05/28/2024 18:42:46","BATCH","05/29/2024 00:00:00","PVS_XP_2061","123","12","09","B","20240527","20240528","市原圏","","2457","2143","20231001","-314"
"05/29/2024 00:00:00","05/27/2025 00:00:00","False","Batch","05/28/2024 18:42:46","BATCH","05/28/2025 00:00:00","PVS_XP_2061","123","13","01","B","20240527","20240528","区中央部圏（東京）","","5657","13271","20240201","7614"
"05/29/2024 00:00:00","05/27/2025 00:00:00","False","Batch","05/28/2024 18:42:46","BATCH","05/28/2025 00:00:00","PVS_XP_2061","123","13","02","B","20240527","20240528","区南部圏（東京）","","7972","8139","20240201","167"
"05/29/2024 00:00:00","05/27/2025 00:00:00","False","Batch","05/28/2024 18:42:46","BATCH","05/28/2025 00:00:00","PVS_XP_2061","123","13","03","B","20240527","20240528","区西南部圏（東京）","","9874","9731","20240201","-143"
"05/29/2024 00:00:00","05/27/2025 00:00:00","False","Batch","05/28/2024 18:42:46","BATCH","05/28/2025 00:00:00","PVS_XP_2061","123","13","04","B","20240527","20240528","区西部圏（東京）","","8276","10028","20240201","1752"
"05/29/2024 00:00:00","05/27/2025 00:00:00","False","Batch","05/28/2024 18:42:46","BATCH","05/28/2025 00:00:00","PVS_XP_2061","123","13","05","B","20240527","20240528","区西北部圏（東京）","","15589","14651","20240201","-938"
"05/29/2024 00:00:00","05/27/2025 00:00:00","False","Batch","05/28/2024 18:42:46","BATCH","05/28/2025 00:00:00","PVS_XP_2061","123","13","06","B","20240527","20240528","区東北部圏（東京）","","11405","10996","20240201","-409"
"05/29/2024 00:00:00","05/27/2025 00:00:00","False","Batch","05/28/2024 18:42:46","BATCH","05/28/2025 00:00:00","PVS_XP_2061","123","13","07","B","20240527","20240528","区東部圏（東京）","","10713","9307","20240201","-1406"
"05/29/2024 00:00:00","05/27/2025 00:00:00","False","Batch","05/28/2024 18:42:46","BATCH","05/28/2025 00:00:00","PVS_XP_2061","123","13","08","B","20240527","20240528","西多摩圏","","3328","4086","20240201","758"
"05/29/2024 00:00:00","05/27/2025 00:00:00","False","Batch","05/28/2024 18:42:46","BATCH","05/28/2025 00:00:00","PVS_XP_2061","123","13","09","B","20240527","20240528","南多摩圏","","11960","10568","20240201","-1392"
"05/29/2024 00:00:00","05/27/2025 00:00:00","False","Batch","05/28/2024 18:42:46","BATCH","05/28/2025 00:00:00","PVS_XP_2061","123","13","10","B","20240527","20240528","北多摩西部圏","","5074","4321","20240201","-753"
"05/29/2024 00:00:00","05/27/2025 00:00:00","False","Batch","05/28/2024 18:42:46","BATCH","05/28/2025 00:00:00","PVS_XP_2061","123","13","11","B","20240527","20240528","北多摩南部圏","","7512","7285","20240201","-227"
"05/29/2024 00:00:00","05/27/2025 00:00:00","False","Batch","05/28/2024 18:42:46","BATCH","05/28/2025 00:00:00","PVS_XP_2061","123","13","12","B","20240527","20240528","北多摩北部圏","","6351","5730","20240201","-621"
"05/29/2024 00:00:00","05/27/2025 00:00:00","False","Batch","05/28/2024 18:42:46","BATCH","05/28/2025 00:00:00","PVS_XP_2061","123","13","13","B","20240527","20240528","島しょ圏（東京）","","255","80","20240201","-175"
"05/29/2024 00:00:00","12/31/9999 00:00:00","False","Batch","05/28/2024 18:42:46","BATCH","05/29/2024 00:00:00","PVS_XP_2061","123","14","01","B","20240527","20240528","横浜圏","","25209","23608","20230401","-1601"
"05/29/2024 00:00:00","12/31/9999 00:00:00","False","Batch","05/28/2024 18:42:46","BATCH","05/29/2024 00:00:00","PVS_XP_2061","123","14","02","B","20240527","20240528","川崎北部圏","","4279","4115","20230401","-164"
"05/29/2024 00:00:00","12/31/9999 00:00:00","False","Batch","05/28/2024 18:42:46","BATCH","05/29/2024 00:00:00","PVS_XP_2061","123","14","03","B","20240527","20240528","川崎南部圏","","3658","4776","20230401","1118"
"05/29/2024 00:00:00","12/31/9999 00:00:00","False","Batch","05/28/2024 18:42:46","BATCH","05/29/2024 00:00:00","PVS_XP_2061","123","14","04","B","20240527","20240528","横須賀・三浦圏","","5238","5098","20230401","-140"
"05/29/2024 00:00:00","12/31/9999 00:00:00","False","Batch","05/28/2024 18:42:46","BATCH","05/29/2024 00:00:00","PVS_XP_2061","123","14","05","B","20240527","20240528","湘南東部圏","","4726","4417","20230401","-309"
"05/29/2024 00:00:00","12/31/9999 00:00:00","False","Batch","05/28/2024 18:42:46","BATCH","05/29/2024 00:00:00","PVS_XP_2061","123","14","06","B","20240527","20240528","湘南西部圏","","4360","4638","20230401","278"
"05/29/2024 00:00:00","12/31/9999 00:00:00","False","Batch","05/28/2024 18:42:46","BATCH","05/29/2024 00:00:00","PVS_XP_2061","123","14","07","B","20240527","20240528","県央圏（神奈川）","","5229","5333","20230401","104"
"05/29/2024 00:00:00","12/31/9999 00:00:00","False","Batch","05/28/2024 18:42:46","BATCH","05/29/2024 00:00:00","PVS_XP_2061","123","14","08","B","20240527","20240528","相模原圏","","6389","6302","20230401","-87"
"05/29/2024 00:00:00","12/31/9999 00:00:00","False","Batch","05/28/2024 18:42:46","BATCH","05/29/2024 00:00:00","PVS_XP_2061","123","14","09","B","20240527","20240528","県西圏（神奈川）","","2678","3092","20230401","414"
"05/29/2024 00:00:00","12/31/9999 00:00:00","False","Batch","05/28/2024 18:42:46","BATCH","05/29/2024 00:00:00","PVS_XP_2061","123","15","01","B","20240527","20240528","下越圏","","1954","2050","20231001","96"
"05/29/2024 00:00:00","12/31/9999 00:00:00","False","Batch","05/28/2024 18:42:46","BATCH","05/29/2024 00:00:00","PVS_XP_2061","123","15","02","B","20240527","20240528","新潟圏","","8127","8743","20231001","616"
"05/29/2024 00:00:00","12/31/9999 00:00:00","False","Batch","05/28/2024 18:42:46","BATCH","05/29/2024 00:00:00","PVS_XP_2061","123","15","03","B","20240527","20240528","県央圏（新潟）","","1910","2256","20231001","346"
"05/29/2024 00:00:00","12/31/9999 00:00:00","False","Batch","05/28/2024 18:42:46","BATCH","05/29/2024 00:00:00","PVS_XP_2061","123","15","04","B","20240527","20240528","中越圏","","4188","3946","20231001","-242"
"05/29/2024 00:00:00","12/31/9999 00:00:00","False","Batch","05/28/2024 18:42:46","BATCH","05/29/2024 00:00:00","PVS_XP_2061","123","15","05","B","20240527","20240528","魚沼圏","","1445","1322","20231001","-123"
"05/29/2024 00:00:00","12/31/9999 00:00:00","False","Batch","05/28/2024 18:42:46","BATCH","05/29/2024 00:00:00","PVS_XP_2061","123","15","06","B","20240527","20240528","上越圏","","2623","2024","20231001","-599"
"05/29/2024 00:00:00","12/31/9999 00:00:00","False","Batch","05/28/2024 18:42:46","BATCH","05/29/2024 00:00:00","PVS_XP_2061","123","15","07","B","20240527","20240528","佐渡圏","","543","388","20231001","-155"
"05/29/2024 00:00:00","05/27/2025 00:00:00","False","Batch","05/28/2024 18:42:46","BATCH","05/28/2025 00:00:00","PVS_XP_2061","123","16","01","B","20240527","20240528","新川圏","","947","1228","20240331","281"
"05/29/2024 00:00:00","05/27/2025 00:00:00","False","Batch","05/28/2024 18:42:46","BATCH","05/28/2025 00:00:00","PVS_XP_2061","123","16","02","B","20240527","20240528","富山圏","","5499","5509","20240331","10"
"05/29/2024 00:00:00","05/27/2025 00:00:00","False","Batch","05/28/2024 18:42:46","BATCH","05/28/2025 00:00:00","PVS_XP_2061","123","16","03","B","20240527","20240528","高岡圏","","2869","2793","20240331","-76"
"05/29/2024 00:00:00","05/27/2025 00:00:00","False","Batch","05/28/2024 18:42:46","BATCH","05/28/2025 00:00:00","PVS_XP_2061","123","16","04","B","20240527","20240528","砺波圏","","1235","1461","20240331","226"
"05/29/2024 00:00:00","12/31/9999 00:00:00","False","Batch","05/28/2024 18:42:46","BATCH","05/29/2024 00:00:00","PVS_XP_2061","123","18","01","B","20240527","20240528","福井・坂井圏","","4873","4960","20231031","87"
"05/29/2024 00:00:00","12/31/9999 00:00:00","False","Batch","05/28/2024 18:42:46","BATCH","05/29/2024 00:00:00","PVS_XP_2061","123","18","02","B","20240527","20240528","奥越圏","","415","391","20231031","-24"
"05/29/2024 00:00:00","12/31/9999 00:00:00","False","Batch","05/28/2024 18:42:46","BATCH","05/29/2024 00:00:00","PVS_XP_2061","123","18","03","B","20240527","20240528","丹南圏","","1492","1670","20231031","178"
"05/29/2024 00:00:00","12/31/9999 00:00:00","False","Batch","05/28/2024 18:42:46","BATCH","05/29/2024 00:00:00","PVS_XP_2061","123","18","04","B","20240527","20240528","嶺南圏","","1296","1239","20231031","-57"
"05/29/2024 00:00:00","12/31/9999 00:00:00","False","Batch","05/28/2024 18:42:46","BATCH","05/29/2024 00:00:00","PVS_XP_2061","123","19","01","B","20240527","20240528","中北圏","","4416","4629","20231227","213"
"05/29/2024 00:00:00","12/31/9999 00:00:00","False","Batch","05/28/2024 18:42:46","BATCH","05/29/2024 00:00:00","PVS_XP_2061","123","19","02","B","20240527","20240528","峡東圏","","1504","1954","20231227","450"
"05/29/2024 00:00:00","12/31/9999 00:00:00","False","Batch","05/28/2024 18:42:46","BATCH","05/29/2024 00:00:00","PVS_XP_2061","123","19","03","B","20240527","20240528","峡南圏","","250","545","20231227","295"
"05/29/2024 00:00:00","12/31/9999 00:00:00","False","Batch","05/28/2024 18:42:46","BATCH","05/29/2024 00:00:00","PVS_XP_2061","123","19","04","B","20240527","20240528","富士・東部圏","","819","1142","20231227","323"
"05/29/2024 00:00:00","12/31/9999 00:00:00","False","Batch","05/28/2024 18:42:46","BATCH","05/29/2024 00:00:00","PVS_XP_2061","123","20","01","B","20240527","20240528","佐久圏","","1824","1970","20240101","146"
"05/29/2024 00:00:00","12/31/9999 00:00:00","False","Batch","05/28/2024 18:42:46","BATCH","05/29/2024 00:00:00","PVS_XP_2061","123","20","02","B","20240527","20240528","上小圏","","1895","1820","20240101","-75"
"05/29/2024 00:00:00","12/31/9999 00:00:00","False","Batch","05/28/2024 18:42:46","BATCH","05/29/2024 00:00:00","PVS_XP_2061","123","20","03","B","20240527","20240528","諏訪圏","","1815","1635","20240101","-180"
"05/29/2024 00:00:00","12/31/9999 00:00:00","False","Batch","05/28/2024 18:42:46","BATCH","05/29/2024 00:00:00","PVS_XP_2061","123","20","04","B","20240527","20240528","上伊那圏","","1552","1244","20240101","-308"
"05/29/2024 00:00:00","12/31/9999 00:00:00","False","Batch","05/28/2024 18:42:46","BATCH","05/29/2024 00:00:00","PVS_XP_2061","123","20","05","B","20240527","20240528","飯伊圏","","1521","1339","20240101","-182"
"05/29/2024 00:00:00","12/31/9999 00:00:00","False","Batch","05/28/2024 18:42:46","BATCH","05/29/2024 00:00:00","PVS_XP_2061","123","20","06","B","20240527","20240528","木曽圏","","186","193","20240101","7"
"05/29/2024 00:00:00","12/31/9999 00:00:00","False","Batch","05/28/2024 18:42:46","BATCH","05/29/2024 00:00:00","PVS_XP_2061","123","20","07","B","20240527","20240528","松本圏","","3722","3682","20240101","-40"
"05/29/2024 00:00:00","12/31/9999 00:00:00","False","Batch","05/28/2024 18:42:46","BATCH","05/29/2024 00:00:00","PVS_XP_2061","123","20","08","B","20240527","20240528","大北圏","","463","409","20240101","-54"
"05/29/2024 00:00:00","12/31/9999 00:00:00","False","Batch","05/28/2024 18:42:46","BATCH","05/29/2024 00:00:00","PVS_XP_2061","123","20","09","B","20240527","20240528","長野圏","","4825","4649","20240101","-176"
"05/29/2024 00:00:00","12/31/9999 00:00:00","False","Batch","05/28/2024 18:42:46","BATCH","05/29/2024 00:00:00","PVS_XP_2061","123","20","10","B","20240527","20240528","北信圏","","599","700","20240101","101"
"05/29/2024 00:00:00","12/31/9999 00:00:00","False","Batch","05/28/2024 18:42:46","BATCH","05/29/2024 00:00:00","PVS_XP_2061","123","21","01","B","20240527","20240528","岐阜圏","","6908","6955","20230930","47"
"05/29/2024 00:00:00","12/31/9999 00:00:00","False","Batch","05/28/2024 18:42:46","BATCH","05/29/2024 00:00:00","PVS_XP_2061","123","21","02","B","20240527","20240528","西濃圏","","2568","2403","20230930","-165"
"05/29/2024 00:00:00","12/31/9999 00:00:00","False","Batch","05/28/2024 18:42:46","BATCH","05/29/2024 00:00:00","PVS_XP_2061","123","21","03","B","20240527","20240528","中濃圏","","2725","2700","20230930","-25"
"05/29/2024 00:00:00","12/31/9999 00:00:00","False","Batch","05/28/2024 18:42:46","BATCH","05/29/2024 00:00:00","PVS_XP_2061","123","21","04","B","20240527","20240528","東濃圏","","2666","2369","20230930","-297"
"05/29/2024 00:00:00","12/31/9999 00:00:00","False","Batch","05/28/2024 18:42:46","BATCH","05/29/2024 00:00:00","PVS_XP_2061","123","21","05","B","20240527","20240528","飛騨圏","","1199","1270","20230930","71"
"05/29/2024 00:00:00","12/31/9999 00:00:00","False","Batch","05/28/2024 18:42:46","BATCH","05/29/2024 00:00:00","PVS_XP_2061","123","22","01","B","20240527","20240528","賀茂圏","","420","726","20240101","306"
"05/29/2024 00:00:00","12/31/9999 00:00:00","False","Batch","05/28/2024 18:42:46","BATCH","05/29/2024 00:00:00","PVS_XP_2061","123","22","02","B","20240527","20240528","熱海伊東圏","","852","1047","20240101","195"
"05/29/2024 00:00:00","12/31/9999 00:00:00","False","Batch","05/28/2024 18:42:46","BATCH","05/29/2024 00:00:00","PVS_XP_2061","123","22","03","B","20240527","20240528","駿東田方圏","","5190","5954","20240101","764"
"05/29/2024 00:00:00","12/31/9999 00:00:00","False","Batch","05/28/2024 18:42:46","BATCH","05/29/2024 00:00:00","PVS_XP_2061","123","22","04","B","20240527","20240528","富士圏","","2365","2538","20240101","173"
"05/29/2024 00:00:00","12/31/9999 00:00:00","False","Batch","05/28/2024 18:42:46","BATCH","05/29/2024 00:00:00","PVS_XP_2061","123","22","05","B","20240527","20240528","静岡圏","","5462","6029","20240101","567"
"05/29/2024 00:00:00","12/31/9999 00:00:00","False","Batch","05/28/2024 18:42:46","BATCH","05/29/2024 00:00:00","PVS_XP_2061","123","22","06","B","20240527","20240528","志太榛原圏","","2982","3304","20240101","322"
"05/29/2024 00:00:00","12/31/9999 00:00:00","False","Batch","05/28/2024 18:42:46","BATCH","05/29/2024 00:00:00","PVS_XP_2061","123","22","07","B","20240527","20240528","中東遠圏","","2602","2757","20240101","155"
"05/29/2024 00:00:00","12/31/9999 00:00:00","False","Batch","05/28/2024 18:42:46","BATCH","05/29/2024 00:00:00","PVS_XP_2061","123","22","08","B","20240527","20240528","西部圏（静岡）","","5891","6723","20240101","832"
"05/29/2024 00:00:00","12/31/9999 00:00:00","False","Batch","05/28/2024 18:42:46","BATCH","05/29/2024 00:00:00","PVS_XP_2061","123","23","01","B","20240527","20240528","名古屋・尾張中部圏","","19667","20051","20230930","384"
"05/29/2024 00:00:00","12/31/9999 00:00:00","False","Batch","05/28/2024 18:42:46","BATCH","05/29/2024 00:00:00","PVS_XP_2061","123","23","02","B","20240527","20240528","海部圏","","1834","1700","20230930","-134"
"05/29/2024 00:00:00","12/31/9999 00:00:00","False","Batch","05/28/2024 18:42:46","BATCH","05/29/2024 00:00:00","PVS_XP_2061","123","23","03","B","20240527","20240528","尾張東部圏","","4395","4248","20230930","-147"
"05/29/2024 00:00:00","12/31/9999 00:00:00","False","Batch","05/28/2024 18:42:46","BATCH","05/29/2024 00:00:00","PVS_XP_2061","123","23","04","B","20240527","20240528","尾張西部圏","","3979","3608","20230930","-371"
"05/29/2024 00:00:00","12/31/9999 00:00:00","False","Batch","05/28/2024 18:42:46","BATCH","05/29/2024 00:00:00","PVS_XP_2061","123","23","05","B","20240527","20240528","尾張北部圏","","5520","4986","20230930","-534"
"05/29/2024 00:00:00","12/31/9999 00:00:00","False","Batch","05/28/2024 18:42:46","BATCH","05/29/2024 00:00:00","PVS_XP_2061","123","23","06","B","20240527","20240528","知多半島圏","","3540","3179","20230930","-361"
"05/29/2024 00:00:00","12/31/9999 00:00:00","False","Batch","05/28/2024 18:42:46","BATCH","05/29/2024 00:00:00","PVS_XP_2061","123","23","07","B","20240527","20240528","西三河北部圏","","3013","2663","20230930","-350"
"05/29/2024 00:00:00","12/31/9999 00:00:00","False","Batch","05/28/2024 18:42:46","BATCH","05/29/2024 00:00:00","PVS_XP_2061","123","23","08","B","20240527","20240528","西三河南部東圏","","2715","2383","20230930","-332"
"05/29/2024 00:00:00","12/31/9999 00:00:00","False","Batch","05/28/2024 18:42:46","BATCH","05/29/2024 00:00:00","PVS_XP_2061","123","23","09","B","20240527","20240528","西三河南部西圏","","4544","4411","20230930","-133"
"05/29/2024 00:00:00","12/31/9999 00:00:00","False","Batch","05/28/2024 18:42:46","BATCH","05/29/2024 00:00:00","PVS_XP_2061","123","23","10","B","20240527","20240528","東三河北部圏","","182","303","20230930","121"
"05/29/2024 00:00:00","12/31/9999 00:00:00","False","Batch","05/28/2024 18:42:46","BATCH","05/29/2024 00:00:00","PVS_XP_2061","123","23","11","B","20240527","20240528","東三河南部圏","","5012","5891","20230930","879"
"05/29/2024 00:00:00","12/31/9999 00:00:00","False","Batch","05/28/2024 18:42:46","BATCH","05/29/2024 00:00:00","PVS_XP_2061","123","24","01","B","20240527","20240528","北勢圏","","5748","5734","20231201","-14"
"05/29/2024 00:00:00","12/31/9999 00:00:00","False","Batch","05/28/2024 18:42:46","BATCH","05/29/2024 00:00:00","PVS_XP_2061","123","24","02","B","20240527","20240528","中勢伊賀圏","","3836","4220","20231201","384"
"05/29/2024 00:00:00","12/31/9999 00:00:00","False","Batch","05/28/2024 18:42:46","BATCH","05/29/2024 00:00:00","PVS_XP_2061","123","24","03","B","20240527","20240528","南勢志摩圏","","3426","3756","20231201","330"
"05/29/2024 00:00:00","12/31/9999 00:00:00","False","Batch","05/28/2024 18:42:46","BATCH","05/29/2024 00:00:00","PVS_XP_2061","123","24","04","B","20240527","20240528","東紀州圏","","380","761","20231201","381"
"05/29/2024 00:00:00","12/31/9999 00:00:00","False","Batch","05/28/2024 18:42:46","BATCH","05/29/2024 00:00:00","PVS_XP_2061","123","25","01","B","20240527","20240528","大津圏","","3669","2992","20230401","-677"
"05/29/2024 00:00:00","12/31/9999 00:00:00","False","Batch","05/28/2024 18:42:46","BATCH","05/29/2024 00:00:00","PVS_XP_2061","123","25","02","B","20240527","20240528","湖南圏","","3067","2555","20230401","-512"
"05/29/2024 00:00:00","12/31/9999 00:00:00","False","Batch","05/28/2024 18:42:46","BATCH","05/29/2024 00:00:00","PVS_XP_2061","123","25","03","B","20240527","20240528","甲賀圏","","1335","1056","20230401","-279"
"05/29/2024 00:00:00","12/31/9999 00:00:00","False","Batch","05/28/2024 18:42:46","BATCH","05/29/2024 00:00:00","PVS_XP_2061","123","25","04","B","20240527","20240528","東近江圏","","2077","2252","20230401","175"
"05/29/2024 00:00:00","12/31/9999 00:00:00","False","Batch","05/28/2024 18:42:46","BATCH","05/29/2024 00:00:00","PVS_XP_2061","123","25","05","B","20240527","20240528","湖東圏","","1149","1164","20230401","15"
"05/29/2024 00:00:00","12/31/9999 00:00:00","False","Batch","05/28/2024 18:42:46","BATCH","05/29/2024 00:00:00","PVS_XP_2061","123","25","06","B","20240527","20240528","湖北圏","","1091","1156","20230401","65"
"05/29/2024 00:00:00","12/31/9999 00:00:00","False","Batch","05/28/2024 18:42:46","BATCH","05/29/2024 00:00:00","PVS_XP_2061","123","25","07","B","20240527","20240528","湖西圏","","442","406","20230401","-36"
"05/29/2024 00:00:00","12/31/9999 00:00:00","False","Batch","05/28/2024 18:42:46","BATCH","05/29/2024 00:00:00","PVS_XP_2061","123","26","01","B","20240527","20240528","丹後圏","","1186","1196","20231201","10"
"05/29/2024 00:00:00","12/31/9999 00:00:00","False","Batch","05/28/2024 18:42:46","BATCH","05/29/2024 00:00:00","PVS_XP_2061","123","26","02","B","20240527","20240528","中丹圏","","2122","2125","20231201","3"
"05/29/2024 00:00:00","12/31/9999 00:00:00","False","Batch","05/28/2024 18:42:46","BATCH","05/29/2024 00:00:00","PVS_XP_2061","123","26","03","B","20240527","20240528","南丹圏","","1184","1190","20231201","6"
"05/29/2024 00:00:00","12/31/9999 00:00:00","False","Batch","05/28/2024 18:42:46","BATCH","05/29/2024 00:00:00","PVS_XP_2061","123","26","04","B","20240527","20240528","京都・乙訓圏","","16716","17240","20231201","524"
"05/29/2024 00:00:00","12/31/9999 00:00:00","False","Batch","05/28/2024 18:42:46","BATCH","05/29/2024 00:00:00","PVS_XP_2061","123","26","05","B","20240527","20240528","山城北圏","","3991","3996","20231201","5"
"05/29/2024 00:00:00","12/31/9999 00:00:00","False","Batch","05/28/2024 18:42:46","BATCH","05/29/2024 00:00:00","PVS_XP_2061","123","26","06","B","20240527","20240528","山城南圏","","726","710","20231201","-16"
"05/29/2024 00:00:00","12/31/9999 00:00:00","False","Batch","05/28/2024 18:42:46","BATCH","05/29/2024 00:00:00","PVS_XP_2061","123","27","01","B","20240527","20240528","豊能圏","","8683","8879","20230630","196"
"05/29/2024 00:00:00","12/31/9999 00:00:00","False","Batch","05/28/2024 18:42:46","BATCH","05/29/2024 00:00:00","PVS_XP_2061","123","27","02","B","20240527","20240528","三島圏","","5742","6301","20230630","559"
"05/29/2024 00:00:00","12/31/9999 00:00:00","False","Batch","05/28/2024 18:42:46","BATCH","05/29/2024 00:00:00","PVS_XP_2061","123","27","03","B","20240527","20240528","北河内圏","","9318","9572","20230630","254"
"05/29/2024 00:00:00","12/31/9999 00:00:00","False","Batch","05/28/2024 18:42:46","BATCH","05/29/2024 00:00:00","PVS_XP_2061","123","27","04","B","20240527","20240528","中河内圏","","4924","5693","20230630","769"
"05/29/2024 00:00:00","12/31/9999 00:00:00","False","Batch","05/28/2024 18:42:46","BATCH","05/29/2024 00:00:00","PVS_XP_2061","123","27","05","B","20240527","20240528","南河内圏","","5587","6352","20230630","765"
"05/29/2024 00:00:00","12/31/9999 00:00:00","False","Batch","05/28/2024 18:42:46","BATCH","05/29/2024 00:00:00","PVS_XP_2061","123","27","06","B","20240527","20240528","堺市圏","","5401","9222","20230630","3821"
"05/29/2024 00:00:00","12/31/9999 00:00:00","False","Batch","05/28/2024 18:42:46","BATCH","05/29/2024 00:00:00","PVS_XP_2061","123","27","07","B","20240527","20240528","泉州圏","","5171","8698","20230630","3527"
"05/29/2024 00:00:00","12/31/9999 00:00:00","False","Batch","05/28/2024 18:42:46","BATCH","05/29/2024 00:00:00","PVS_XP_2061","123","27","08","B","20240527","20240528","大阪市圏","","25001","31235","20230630","6234"
"05/29/2024 00:00:00","12/31/9999 00:00:00","False","Batch","05/28/2024 18:42:46","BATCH","05/29/2024 00:00:00","PVS_XP_2061","123","28","01","B","20240527","20240528","神戸圏","","15676","15418","20231001","-258"
"05/29/2024 00:00:00","12/31/9999 00:00:00","False","Batch","05/28/2024 18:42:46","BATCH","05/29/2024 00:00:00","PVS_XP_2061","123","28","02","B","20240527","20240528","阪神圏","","17118","15550","20231001","-1568"
"05/29/2024 00:00:00","12/31/9999 00:00:00","False","Batch","05/28/2024 18:42:46","BATCH","05/29/2024 00:00:00","PVS_XP_2061","123","28","03","B","20240527","20240528","東播磨圏","","7012","6358","20231001","-654"
"05/29/2024 00:00:00","12/31/9999 00:00:00","False","Batch","05/28/2024 18:42:46","BATCH","05/29/2024 00:00:00","PVS_XP_2061","123","28","04","B","20240527","20240528","北播磨圏","","3307","3203","20231001","-104"
"05/29/2024 00:00:00","12/31/9999 00:00:00","False","Batch","05/28/2024 18:42:46","BATCH","05/29/2024 00:00:00","PVS_XP_2061","123","28","05","B","20240527","20240528","播磨姫路圏","","7773","8113","20231001","340"
"05/29/2024 00:00:00","12/31/9999 00:00:00","False","Batch","05/28/2024 18:42:46","BATCH","05/29/2024 00:00:00","PVS_XP_2061","123","28","06","B","20240527","20240528","但馬圏","","1380","1350","20231001","-30"
"05/29/2024 00:00:00","12/31/9999 00:00:00","False","Batch","05/28/2024 18:42:46","BATCH","05/29/2024 00:00:00","PVS_XP_2061","123","28","07","B","20240527","20240528","丹波圏","","751","1158","20231001","407"
"05/29/2024 00:00:00","12/31/9999 00:00:00","False","Batch","05/28/2024 18:42:46","BATCH","05/29/2024 00:00:00","PVS_XP_2061","123","28","08","B","20240527","20240528","淡路圏","","1145","1645","20231001","500"
"05/29/2024 00:00:00","05/27/2025 00:00:00","False","Batch","05/28/2024 18:42:46","BATCH","05/28/2025 00:00:00","PVS_XP_2061","123","29","01","B","20240527","20240528","奈良圏","","3769","3335","20231231","-434"
"05/29/2024 00:00:00","05/27/2025 00:00:00","False","Batch","05/28/2024 18:42:46","BATCH","05/28/2025 00:00:00","PVS_XP_2061","123","29","02","B","20240527","20240528","東和圏","","2257","2432","20231231","175"
"05/29/2024 00:00:00","05/27/2025 00:00:00","False","Batch","05/28/2024 18:42:46","BATCH","05/28/2025 00:00:00","PVS_XP_2061","123","29","03","B","20240527","20240528","西和圏","","3564","2990","20231231","-574"
"05/29/2024 00:00:00","05/27/2025 00:00:00","False","Batch","05/28/2024 18:42:46","BATCH","05/28/2025 00:00:00","PVS_XP_2061","123","29","04","B","20240527","20240528","中和圏","","3482","3391","20231231","-91"
"05/29/2024 00:00:00","05/27/2025 00:00:00","False","Batch","05/28/2024 18:42:46","BATCH","05/28/2025 00:00:00","PVS_XP_2061","123","29","05","B","20240527","20240528","南和圏","","680","534","20231231","-146"
"05/29/2024 00:00:00","12/31/9999 00:00:00","False","Batch","05/28/2024 18:42:46","BATCH","05/29/2024 00:00:00","PVS_XP_2061","123","30","01","B","20240527","20240528","和歌山圏","","5118","5226","20231231","108"
"05/29/2024 00:00:00","12/31/9999 00:00:00","False","Batch","05/28/2024 18:42:46","BATCH","05/29/2024 00:00:00","PVS_XP_2061","123","30","02","B","20240527","20240528","那賀圏","","825","762","20231231","-63"
"05/29/2024 00:00:00","12/31/9999 00:00:00","False","Batch","05/28/2024 18:42:46","BATCH","05/29/2024 00:00:00","PVS_XP_2061","123","30","03","B","20240527","20240528","橋本圏","","756","833","20231231","77"
"05/29/2024 00:00:00","12/31/9999 00:00:00","False","Batch","05/28/2024 18:42:46","BATCH","05/29/2024 00:00:00","PVS_XP_2061","123","30","04","B","20240527","20240528","有田圏","","528","643","20231231","115"
"05/29/2024 00:00:00","12/31/9999 00:00:00","False","Batch","05/28/2024 18:42:46","BATCH","05/29/2024 00:00:00","PVS_XP_2061","123","30","05","B","20240527","20240528","御坊圏","","617","695","20231231","78"
"05/29/2024 00:00:00","12/31/9999 00:00:00","False","Batch","05/28/2024 18:42:46","BATCH","05/29/2024 00:00:00","PVS_XP_2061","123","30","06","B","20240527","20240528","田辺圏","","1389","1196","20231231","-193"
"05/29/2024 00:00:00","12/31/9999 00:00:00","False","Batch","05/28/2024 18:42:46","BATCH","05/29/2024 00:00:00","PVS_XP_2061","123","30","07","B","20240527","20240528","新宮圏","","717","806","20231231","89"
"05/29/2024 00:00:00","12/31/9999 00:00:00","False","Batch","05/28/2024 18:42:46","BATCH","05/29/2024 00:00:00","PVS_XP_2061","123","32","01","B","20240527","20240528","松江圏","","2481","2489","20230930","8"
"05/29/2024 00:00:00","12/31/9999 00:00:00","False","Batch","05/28/2024 18:42:46","BATCH","05/29/2024 00:00:00","PVS_XP_2061","123","32","02","B","20240527","20240528","雲南圏","","525","566","20230930","41"
"05/29/2024 00:00:00","12/31/9999 00:00:00","False","Batch","05/28/2024 18:42:46","BATCH","05/29/2024 00:00:00","PVS_XP_2061","123","32","03","B","20240527","20240528","出雲圏","","1758","2194","20230930","436"
"05/29/2024 00:00:00","12/31/9999 00:00:00","False","Batch","05/28/2024 18:42:46","BATCH","05/29/2024 00:00:00","PVS_XP_2061","123","32","04","B","20240527","20240528","大田圏","","448","459","20230930","11"
"05/29/2024 00:00:00","12/31/9999 00:00:00","False","Batch","05/28/2024 18:42:46","BATCH","05/29/2024 00:00:00","PVS_XP_2061","123","32","05","B","20240527","20240528","浜田圏","","862","784","20230930","-78"
"05/29/2024 00:00:00","12/31/9999 00:00:00","False","Batch","05/28/2024 18:42:46","BATCH","05/29/2024 00:00:00","PVS_XP_2061","123","32","06","B","20240527","20240528","益田圏","","624","767","20230930","143"
"05/29/2024 00:00:00","12/31/9999 00:00:00","False","Batch","05/28/2024 18:42:46","BATCH","05/29/2024 00:00:00","PVS_XP_2061","123","32","07","B","20240527","20240528","隠岐圏","","135","135","20230930","0"
"05/29/2024 00:00:00","12/31/9999 00:00:00","False","Batch","05/28/2024 18:42:46","BATCH","05/29/2024 00:00:00","PVS_XP_2061","123","33","01","B","20240527","20240528","県南東部圏（岡山）","","9635","9865","20240301","230"
"05/29/2024 00:00:00","12/31/9999 00:00:00","False","Batch","05/28/2024 18:42:46","BATCH","05/29/2024 00:00:00","PVS_XP_2061","123","33","02","B","20240527","20240528","県南西部圏（岡山）","","7311","7803","20240301","492"
"05/29/2024 00:00:00","12/31/9999 00:00:00","False","Batch","05/28/2024 18:42:46","BATCH","05/29/2024 00:00:00","PVS_XP_2061","123","33","03","B","20240527","20240528","高梁・新見圏","","447","628","20240301","181"
"05/29/2024 00:00:00","12/31/9999 00:00:00","False","Batch","05/28/2024 18:42:46","BATCH","05/29/2024 00:00:00","PVS_XP_2061","123","33","04","B","20240527","20240528","真庭圏","","434","466","20240301","32"
"05/29/2024 00:00:00","12/31/9999 00:00:00","False","Batch","05/28/2024 18:42:46","BATCH","05/29/2024 00:00:00","PVS_XP_2061","123","33","05","B","20240527","20240528","津山・英田圏","","1609","1770","20240301","161"
"05/29/2024 00:00:00","12/31/9999 00:00:00","False","Batch","05/28/2024 18:42:46","BATCH","05/29/2024 00:00:00","PVS_XP_2061","123","34","01","B","20240527","20240528","広島圏","","11074","13516","20230930","2442"
"05/29/2024 00:00:00","12/31/9999 00:00:00","False","Batch","05/28/2024 18:42:46","BATCH","05/29/2024 00:00:00","PVS_XP_2061","123","34","02","B","20240527","20240528","広島西圏","","1266","1779","20230930","513"
"05/29/2024 00:00:00","12/31/9999 00:00:00","False","Batch","05/28/2024 18:42:46","BATCH","05/29/2024 00:00:00","PVS_XP_2061","123","34","03","B","20240527","20240528","呉圏","","2173","3224","20230930","1051"
"05/29/2024 00:00:00","12/31/9999 00:00:00","False","Batch","05/28/2024 18:42:46","BATCH","05/29/2024 00:00:00","PVS_XP_2061","123","34","04","B","20240527","20240528","広島中央圏","","1834","2171","20230930","337"
"05/29/2024 00:00:00","12/31/9999 00:00:00","False","Batch","05/28/2024 18:42:46","BATCH","05/29/2024 00:00:00","PVS_XP_2061","123","34","05","B","20240527","20240528","尾三圏","","2325","3305","20230930","980"
"05/29/2024 00:00:00","12/31/9999 00:00:00","False","Batch","05/28/2024 18:42:46","BATCH","05/29/2024 00:00:00","PVS_XP_2061","123","34","06","B","20240527","20240528","福山・府中圏","","4754","4823","20230930","69"
"05/29/2024 00:00:00","12/31/9999 00:00:00","False","Batch","05/28/2024 18:42:46","BATCH","05/29/2024 00:00:00","PVS_XP_2061","123","34","07","B","20240527","20240528","備北圏","","765","1508","20230930","743"
"05/29/2024 00:00:00","12/31/9999 00:00:00","False","Batch","05/28/2024 18:42:46","BATCH","05/29/2024 00:00:00","PVS_XP_2061","123","35","01","B","20240527","20240528","岩国圏","","1232","1639","20231201","407"
"05/29/2024 00:00:00","12/31/9999 00:00:00","False","Batch","05/28/2024 18:42:46","BATCH","05/29/2024 00:00:00","PVS_XP_2061","123","35","02","B","20240527","20240528","柳井圏","","879","1153","20231201","274"
"05/29/2024 00:00:00","12/31/9999 00:00:00","False","Batch","05/28/2024 18:42:46","BATCH","05/29/2024 00:00:00","PVS_XP_2061","123","35","03","B","20240527","20240528","周南圏","","2193","2884","20231201","691"
"05/29/2024 00:00:00","12/31/9999 00:00:00","False","Batch","05/28/2024 18:42:46","BATCH","05/29/2024 00:00:00","PVS_XP_2061","123","35","04","B","20240527","20240528","山口・防府圏","","2774","3192","20231201","418"
"05/29/2024 00:00:00","12/31/9999 00:00:00","False","Batch","05/28/2024 18:42:46","BATCH","05/29/2024 00:00:00","PVS_XP_2061","123","35","05","B","20240527","20240528","宇部・小野田圏","","2428","3862","20231201","1434"
"05/29/2024 00:00:00","12/31/9999 00:00:00","False","Batch","05/28/2024 18:42:46","BATCH","05/29/2024 00:00:00","PVS_XP_2061","123","35","06","B","20240527","20240528","下関圏","","2359","3937","20231201","1578"
"05/29/2024 00:00:00","12/31/9999 00:00:00","False","Batch","05/28/2024 18:42:46","BATCH","05/29/2024 00:00:00","PVS_XP_2061","123","35","07","B","20240527","20240528","長門圏","","355","477","20231201","122"
"05/29/2024 00:00:00","12/31/9999 00:00:00","False","Batch","05/28/2024 18:42:46","BATCH","05/29/2024 00:00:00","PVS_XP_2061","123","35","08","B","20240527","20240528","萩圏","","372","778","20231201","406"
"05/29/2024 00:00:00","12/31/9999 00:00:00","False","Batch","05/28/2024 18:42:46","BATCH","05/29/2024 00:00:00","PVS_XP_2061","123","36","01","B","20240527","20240528","東部圏（徳島）","","5379","7371","20230331","1992"
"05/29/2024 00:00:00","12/31/9999 00:00:00","False","Batch","05/28/2024 18:42:46","BATCH","05/29/2024 00:00:00","PVS_XP_2061","123","36","02","B","20240527","20240528","南部圏（徳島）","","1409","1796","20230331","387"
"05/29/2024 00:00:00","12/31/9999 00:00:00","False","Batch","05/28/2024 18:42:46","BATCH","05/29/2024 00:00:00","PVS_XP_2061","123","36","03","B","20240527","20240528","西部圏（徳島）","","678","1056","20230331","378"
"05/29/2024 00:00:00","12/31/9999 00:00:00","False","Batch","05/28/2024 18:42:46","BATCH","05/29/2024 00:00:00","PVS_XP_2061","123","37","01","B","20240527","20240528","東部圏（香川）","","5397","5518","20231130","121"
"05/29/2024 00:00:00","12/31/9999 00:00:00","False","Batch","05/28/2024 18:42:46","BATCH","05/29/2024 00:00:00","PVS_XP_2061","123","37","02","B","20240527","20240528","小豆圏","","231","272","20231130","41"
"05/29/2024 00:00:00","12/31/9999 00:00:00","False","Batch","05/28/2024 18:42:46","BATCH","05/29/2024 00:00:00","PVS_XP_2061","123","37","03","B","20240527","20240528","西部圏（香川）","","4090","4819","20231130","729"
"05/29/2024 00:00:00","12/31/9999 00:00:00","False","Batch","05/28/2024 18:42:46","BATCH","05/29/2024 00:00:00","PVS_XP_2061","123","38","01","B","20240527","20240528","宇摩圏","","637","919","20231031","282"
"05/29/2024 00:00:00","12/31/9999 00:00:00","False","Batch","05/28/2024 18:42:46","BATCH","05/29/2024 00:00:00","PVS_XP_2061","123","38","02","B","20240527","20240528","新居浜・西条圏","","1965","2649","20231031","684"
"05/29/2024 00:00:00","12/31/9999 00:00:00","False","Batch","05/28/2024 18:42:46","BATCH","05/29/2024 00:00:00","PVS_XP_2061","123","38","03","B","20240527","20240528","今治圏","","1467","1831","20231031","364"
"05/29/2024 00:00:00","12/31/9999 00:00:00","False","Batch","05/28/2024 18:42:46","BATCH","05/29/2024 00:00:00","PVS_XP_2061","123","38","04","B","20240527","20240528","松山圏","","7770","7440","20231031","-330"
"05/29/2024 00:00:00","12/31/9999 00:00:00","False","Batch","05/28/2024 18:42:46","BATCH","05/29/2024 00:00:00","PVS_XP_2061","123","38","05","B","20240527","20240528","八幡浜・大洲圏","","1345","1544","20231031","199"
"05/29/2024 00:00:00","12/31/9999 00:00:00","False","Batch","05/28/2024 18:42:46","BATCH","05/29/2024 00:00:00","PVS_XP_2061","123","38","06","B","20240527","20240528","宇和島圏","","1405","1640","20231031","235"
"05/29/2024 00:00:00","12/31/9999 00:00:00","False","Batch","05/28/2024 18:42:46","BATCH","05/29/2024 00:00:00","PVS_XP_2061","123","39","01","B","20240527","20240528","安芸圏","","528","519","20231231","-9"
"05/29/2024 00:00:00","12/31/9999 00:00:00","False","Batch","05/28/2024 18:42:46","BATCH","05/29/2024 00:00:00","PVS_XP_2061","123","39","02","B","20240527","20240528","中央圏（高知）","","4743","9684","20231231","4941"
"05/29/2024 00:00:00","12/31/9999 00:00:00","False","Batch","05/28/2024 18:42:46","BATCH","05/29/2024 00:00:00","PVS_XP_2061","123","39","03","B","20240527","20240528","高幡圏","","550","625","20231231","75"
"05/29/2024 00:00:00","12/31/9999 00:00:00","False","Batch","05/28/2024 18:42:46","BATCH","05/29/2024 00:00:00","PVS_XP_2061","123","39","04","B","20240527","20240528","幡多圏","","901","1135","20231231","234"
"05/29/2024 00:00:00","12/31/9999 00:00:00","False","Batch","05/28/2024 18:42:46","BATCH","05/29/2024 00:00:00","PVS_XP_2061","123","40","01","B","20240527","20240528","福岡・糸島圏","","18080","18802","20231101","722"
"05/29/2024 00:00:00","12/31/9999 00:00:00","False","Batch","05/28/2024 18:42:46","BATCH","05/29/2024 00:00:00","PVS_XP_2061","123","40","02","B","20240527","20240528","粕屋圏","","2586","3296","20231101","710"
"05/29/2024 00:00:00","12/31/9999 00:00:00","False","Batch","05/28/2024 18:42:46","BATCH","05/29/2024 00:00:00","PVS_XP_2061","123","40","03","B","20240527","20240528","宗像圏","","1151","1573","20231101","422"
"05/29/2024 00:00:00","12/31/9999 00:00:00","False","Batch","05/28/2024 18:42:46","BATCH","05/29/2024 00:00:00","PVS_XP_2061","123","40","04","B","20240527","20240528","筑紫圏","","3277","3661","20231101","384"
"05/29/2024 00:00:00","12/31/9999 00:00:00","False","Batch","05/28/2024 18:42:46","BATCH","05/29/2024 00:00:00","PVS_XP_2061","123","40","05","B","20240527","20240528","朝倉圏","","693","948","20231101","255"
"05/29/2024 00:00:00","12/31/9999 00:00:00","False","Batch","05/28/2024 18:42:46","BATCH","05/29/2024 00:00:00","PVS_XP_2061","123","40","06","B","20240527","20240528","久留米圏","","5501","7012","20231101","1511"
"05/29/2024 00:00:00","12/31/9999 00:00:00","False","Batch","05/28/2024 18:42:46","BATCH","05/29/2024 00:00:00","PVS_XP_2061","123","40","07","B","20240527","20240528","八女・筑後圏","","1537","1898","20231101","361"
"05/29/2024 00:00:00","12/31/9999 00:00:00","False","Batch","05/28/2024 18:42:46","BATCH","05/29/2024 00:00:00","PVS_XP_2061","123","40","08","B","20240527","20240528","有明圏（福岡）","","2145","3866","20231101","1721"
"05/29/2024 00:00:00","12/31/9999 00:00:00","False","Batch","05/28/2024 18:42:46","BATCH","05/29/2024 00:00:00","PVS_XP_2061","123","40","09","B","20240527","20240528","飯塚圏","","2305","2845","20231101","540"
"05/29/2024 00:00:00","12/31/9999 00:00:00","False","Batch","05/28/2024 18:42:46","BATCH","05/29/2024 00:00:00","PVS_XP_2061","123","40","10","B","20240527","20240528","直方・鞍手圏","","731","1193","20231101","462"
"05/29/2024 00:00:00","12/31/9999 00:00:00","False","Batch","05/28/2024 18:42:46","BATCH","05/29/2024 00:00:00","PVS_XP_2061","123","40","11","B","20240527","20240528","田川圏","","952","1330","20231101","378"
"05/29/2024 00:00:00","12/31/9999 00:00:00","False","Batch","05/28/2024 18:42:46","BATCH","05/29/2024 00:00:00","PVS_XP_2061","123","40","12","B","20240527","20240528","北九州圏","","11511","15931","20231101","4420"
"05/29/2024 00:00:00","12/31/9999 00:00:00","False","Batch","05/28/2024 18:42:46","BATCH","05/29/2024 00:00:00","PVS_XP_2061","123","40","13","B","20240527","20240528","京築圏","","1442","1580","20231101","138"
"05/29/2024 00:00:00","12/31/9999 00:00:00","False","Batch","05/28/2024 18:42:46","BATCH","05/29/2024 00:00:00","PVS_XP_2061","123","41","01","B","20240527","20240528","中部圏（佐賀）","","3708","4337","20231031","629"
"05/29/2024 00:00:00","12/31/9999 00:00:00","False","Batch","05/28/2024 18:42:46","BATCH","05/29/2024 00:00:00","PVS_XP_2061","123","41","02","B","20240527","20240528","東部圏（佐賀）","","1273","1411","20231031","138"
"05/29/2024 00:00:00","12/31/9999 00:00:00","False","Batch","05/28/2024 18:42:46","BATCH","05/29/2024 00:00:00","PVS_XP_2061","123","41","03","B","20240527","20240528","北部圏（佐賀）","","1346","1463","20231031","117"
"05/29/2024 00:00:00","12/31/9999 00:00:00","False","Batch","05/28/2024 18:42:46","BATCH","05/29/2024 00:00:00","PVS_XP_2061","123","41","04","B","20240527","20240528","西部圏（佐賀）","","719","890","20231031","171"
"05/29/2024 00:00:00","12/31/9999 00:00:00","False","Batch","05/28/2024 18:42:46","BATCH","05/29/2024 00:00:00","PVS_XP_2061","123","41","05","B","20240527","20240528","南部圏（佐賀）","","1620","2350","20231031","730"
"05/29/2024 00:00:00","12/31/9999 00:00:00","False","Batch","05/28/2024 18:42:46","BATCH","05/29/2024 00:00:00","PVS_XP_2061","123","42","01","B","20240527","20240528","長崎圏","","5274","7296","20230930","2022"
"05/29/2024 00:00:00","12/31/9999 00:00:00","False","Batch","05/28/2024 18:42:46","BATCH","05/29/2024 00:00:00","PVS_XP_2061","123","42","02","B","20240527","20240528","佐世保県北圏","","3323","4423","20230930","1100"
"05/29/2024 00:00:00","12/31/9999 00:00:00","False","Batch","05/28/2024 18:42:46","BATCH","05/29/2024 00:00:00","PVS_XP_2061","123","42","03","B","20240527","20240528","県央圏（長崎）","","3343","3390","20230930","47"
"05/29/2024 00:00:00","12/31/9999 00:00:00","False","Batch","05/28/2024 18:42:46","BATCH","05/29/2024 00:00:00","PVS_XP_2061","123","42","04","B","20240527","20240528","県南圏（長崎）","","1126","1635","20230930","509"
"05/29/2024 00:00:00","12/31/9999 00:00:00","False","Batch","05/28/2024 18:42:46","BATCH","05/29/2024 00:00:00","PVS_XP_2061","123","42","05","B","20240527","20240528","五島圏","","412","502","20230930","90"
"05/29/2024 00:00:00","12/31/9999 00:00:00","False","Batch","05/28/2024 18:42:46","BATCH","05/29/2024 00:00:00","PVS_XP_2061","123","42","06","B","20240527","20240528","上五島圏","","234","190","20230930","-44"
"05/29/2024 00:00:00","12/31/9999 00:00:00","False","Batch","05/28/2024 18:42:46","BATCH","05/29/2024 00:00:00","PVS_XP_2061","123","42","07","B","20240527","20240528","壱岐圏","","269","395","20230930","126"
"05/29/2024 00:00:00","12/31/9999 00:00:00","False","Batch","05/28/2024 18:42:46","BATCH","05/29/2024 00:00:00","PVS_XP_2061","123","42","08","B","20240527","20240528","対馬圏","","365","282","20230930","-83"
"05/29/2024 00:00:00","12/31/9999 00:00:00","False","Batch","05/28/2024 18:42:46","BATCH","05/29/2024 00:00:00","PVS_XP_2061","123","43","01","B","20240527","20240528","熊本・上益城圏","","10989","12438","20230401","1449"
"05/29/2024 00:00:00","12/31/9999 00:00:00","False","Batch","05/28/2024 18:42:46","BATCH","05/29/2024 00:00:00","PVS_XP_2061","123","43","02","B","20240527","20240528","宇城圏","","701","943","20230401","242"
"05/29/2024 00:00:00","12/31/9999 00:00:00","False","Batch","05/28/2024 18:42:46","BATCH","05/29/2024 00:00:00","PVS_XP_2061","123","43","03","B","20240527","20240528","有明圏（熊本）","","1193","1509","20230401","316"
"05/29/2024 00:00:00","12/31/9999 00:00:00","False","Batch","05/28/2024 18:42:46","BATCH","05/29/2024 00:00:00","PVS_XP_2061","123","43","04","B","20240527","20240528","鹿本圏","","467","628","20230401","161"
"05/29/2024 00:00:00","12/31/9999 00:00:00","False","Batch","05/28/2024 18:42:46","BATCH","05/29/2024 00:00:00","PVS_XP_2061","123","43","05","B","20240527","20240528","菊池圏","","1525","1527","20230401","2"
"05/29/2024 00:00:00","12/31/9999 00:00:00","False","Batch","05/28/2024 18:42:46","BATCH","05/29/2024 00:00:00","PVS_XP_2061","123","43","06","B","20240527","20240528","阿蘇圏","","296","660","20230401","364"
"05/29/2024 00:00:00","12/31/9999 00:00:00","False","Batch","05/28/2024 18:42:46","BATCH","05/29/2024 00:00:00","PVS_XP_2061","123","43","07","B","20240527","20240528","八代圏","","1414","1620","20230401","206"
"05/29/2024 00:00:00","12/31/9999 00:00:00","False","Batch","05/28/2024 18:42:46","BATCH","05/29/2024 00:00:00","PVS_XP_2061","123","43","08","B","20240527","20240528","芦北圏","","454","836","20230401","382"
"05/29/2024 00:00:00","12/31/9999 00:00:00","False","Batch","05/28/2024 18:42:46","BATCH","05/29/2024 00:00:00","PVS_XP_2061","123","43","09","B","20240527","20240528","球磨圏","","809","1094","20230401","285"
"05/29/2024 00:00:00","12/31/9999 00:00:00","False","Batch","05/28/2024 18:42:46","BATCH","05/29/2024 00:00:00","PVS_XP_2061","123","43","10","B","20240527","20240528","天草圏","","880","1835","20230401","955"
"05/29/2024 00:00:00","12/31/9999 00:00:00","False","Batch","05/28/2024 18:42:46","BATCH","05/29/2024 00:00:00","PVS_XP_2061","123","44","01","B","20240527","20240528","東部圏（大分）","","2852","3632","20240101","780"
"05/29/2024 00:00:00","12/31/9999 00:00:00","False","Batch","05/28/2024 18:42:46","BATCH","05/29/2024 00:00:00","PVS_XP_2061","123","44","02","B","20240527","20240528","中部圏（大分）","","6953","6622","20240101","-331"
"05/29/2024 00:00:00","12/31/9999 00:00:00","False","Batch","05/28/2024 18:42:46","BATCH","05/29/2024 00:00:00","PVS_XP_2061","123","44","03","B","20240527","20240528","南部圏（大分）","","823","1000","20240101","177"
"05/29/2024 00:00:00","12/31/9999 00:00:00","False","Batch","05/28/2024 18:42:46","BATCH","05/29/2024 00:00:00","PVS_XP_2061","123","44","04","B","20240527","20240528","豊肥圏","","616","669","20240101","53"
"05/29/2024 00:00:00","12/31/9999 00:00:00","False","Batch","05/28/2024 18:42:46","BATCH","05/29/2024 00:00:00","PVS_XP_2061","123","44","05","B","20240527","20240528","西部圏（大分）","","910","1045","20240101","135"
"05/29/2024 00:00:00","12/31/9999 00:00:00","False","Batch","05/28/2024 18:42:46","BATCH","05/29/2024 00:00:00","PVS_XP_2061","123","44","06","B","20240527","20240528","北部圏（大分）","","1545","2036","20240101","491"
"05/29/2024 00:00:00","12/31/9999 00:00:00","False","Batch","05/28/2024 18:42:46","BATCH","05/29/2024 00:00:00","PVS_XP_2061","123","45","01","B","20240527","20240528","宮崎東諸県圏","","5429","4789","20240105","-640"
"05/29/2024 00:00:00","12/31/9999 00:00:00","False","Batch","05/28/2024 18:42:46","BATCH","05/29/2024 00:00:00","PVS_XP_2061","123","45","02","B","20240527","20240528","都城北諸県圏","","2233","2299","20240105","66"
"05/29/2024 00:00:00","12/31/9999 00:00:00","False","Batch","05/28/2024 18:42:46","BATCH","05/29/2024 00:00:00","PVS_XP_2061","123","45","03","B","20240527","20240528","延岡西臼杵圏","","1660","1605","20240105","-55"
"05/29/2024 00:00:00","12/31/9999 00:00:00","False","Batch","05/28/2024 18:42:46","BATCH","05/29/2024 00:00:00","PVS_XP_2061","123","45","04","B","20240527","20240528","日南串間圏","","739","885","20240105","146"
"05/29/2024 00:00:00","12/31/9999 00:00:00","False","Batch","05/28/2024 18:42:46","BATCH","05/29/2024 00:00:00","PVS_XP_2061","123","45","05","B","20240527","20240528","西諸圏","","775","979","20240105","204"
"05/29/2024 00:00:00","12/31/9999 00:00:00","False","Batch","05/28/2024 18:42:46","BATCH","05/29/2024 00:00:00","PVS_XP_2061","123","45","06","B","20240527","20240528","西都児湯圏","","819","957","20240105","138"
"05/29/2024 00:00:00","12/31/9999 00:00:00","False","Batch","05/28/2024 18:42:46","BATCH","05/29/2024 00:00:00","PVS_XP_2061","123","45","07","B","20240527","20240528","日向入郷圏","","771","800","20240105","29"
"05/29/2024 00:00:00","12/31/9999 00:00:00","False","Batch","05/28/2024 18:42:46","BATCH","05/29/2024 00:00:00","PVS_XP_2061","123","46","01","B","20240527","20240528","鹿児島圏","","7746","10578","20240101","2832"
"05/29/2024 00:00:00","12/31/9999 00:00:00","False","Batch","05/28/2024 18:42:46","BATCH","05/29/2024 00:00:00","PVS_XP_2061","123","46","02","B","20240527","20240528","南薩圏","","1128","2366","20240101","1238"
"05/29/2024 00:00:00","12/31/9999 00:00:00","False","Batch","05/28/2024 18:42:46","BATCH","05/29/2024 00:00:00","PVS_XP_2061","123","46","03","B","20240527","20240528","川薩圏","","1075","1490","20240101","415"
"05/29/2024 00:00:00","12/31/9999 00:00:00","False","Batch","05/28/2024 18:42:46","BATCH","05/29/2024 00:00:00","PVS_XP_2061","123","46","04","B","20240527","20240528","出水圏","","840","930","20240101","90"
"05/29/2024 00:00:00","12/31/9999 00:00:00","False","Batch","05/28/2024 18:42:46","BATCH","05/29/2024 00:00:00","PVS_XP_2061","123","46","05","B","20240527","20240528","姶良・伊佐圏","","2093","3238","20240101","1145"
"05/29/2024 00:00:00","12/31/9999 00:00:00","False","Batch","05/28/2024 18:42:46","BATCH","05/29/2024 00:00:00","PVS_XP_2061","123","46","06","B","20240527","20240528","曽於圏","","605","690","20240101","85"
"05/29/2024 00:00:00","12/31/9999 00:00:00","False","Batch","05/28/2024 18:42:46","BATCH","05/29/2024 00:00:00","PVS_XP_2061","123","46","07","B","20240527","20240528","肝属圏","","1713","1838","20240101","125"
"05/29/2024 00:00:00","12/31/9999 00:00:00","False","Batch","05/28/2024 18:42:46","BATCH","05/29/2024 00:00:00","PVS_XP_2061","123","46","08","B","20240527","20240528","熊毛圏","","380","417","20240101","37"
"05/29/2024 00:00:00","12/31/9999 00:00:00","False","Batch","05/28/2024 18:42:46","BATCH","05/29/2024 00:00:00","PVS_XP_2061","123","46","09","B","20240527","20240528","奄美圏","","1099","1621","20240101","522"
"05/29/2024 00:00:00","12/31/9999 00:00:00","False","Batch","05/28/2024 18:42:46","BATCH","05/29/2024 00:00:00","PVS_XP_2061","123","47","01","B","20240527","20240528","北部圏（沖縄）","","748","1004","20240229","256"
"05/29/2024 00:00:00","12/31/9999 00:00:00","False","Batch","05/28/2024 18:42:46","BATCH","05/29/2024 00:00:00","PVS_XP_2061","123","47","02","B","20240527","20240528","中部圏（沖縄）","","4529","3936","20240229","-593"
"05/29/2024 00:00:00","12/31/9999 00:00:00","False","Batch","05/28/2024 18:42:46","BATCH","05/29/2024 00:00:00","PVS_XP_2061","123","47","03","B","20240527","20240528","南部圏（沖縄）","","7328","6724","20240229","-604"
"05/29/2024 00:00:00","12/31/9999 00:00:00","False","Batch","05/28/2024 18:42:46","BATCH","05/29/2024 00:00:00","PVS_XP_2061","123","47","04","B","20240527","20240528","宮古圏（沖縄）","","454","567","20240229","113"
"05/29/2024 00:00:00","12/31/9999 00:00:00","False","Batch","05/28/2024 18:42:46","BATCH","05/29/2024 00:00:00","PVS_XP_2061","123","47","05","B","20240527","20240528","八重山圏","","418","417","20240229","-1"
"05/30/2018 00:00:00","06/25/2024 00:00:00","False","Batch","05/29/2018 19:02:25","BATCH","06/26/2024 00:00:00","PVS_XP_2061","123","02","01","B","20180528","20180529","津軽地域圏","","3236","3622","20180101","386"
"05/30/2018 00:00:00","06/25/2024 00:00:00","False","Batch","05/29/2018 19:02:25","BATCH","06/26/2024 00:00:00","PVS_XP_2061","123","02","02","B","20180528","20180529","八戸地域圏","","2992","3129","20180101","137"
"05/30/2018 00:00:00","06/25/2024 00:00:00","False","Batch","05/29/2018 19:02:25","BATCH","06/26/2024 00:00:00","PVS_XP_2061","123","02","03","B","20180528","20180529","青森地域圏","","3062","3186","20180101","124"
"05/30/2018 00:00:00","06/25/2024 00:00:00","False","Batch","05/29/2018 19:02:25","BATCH","06/26/2024 00:00:00","PVS_XP_2061","123","02","04","B","20180528","20180529","西北五地域圏","","931","1201","20180101","270"
"05/30/2018 00:00:00","06/25/2024 00:00:00","False","Batch","05/29/2018 19:02:25","BATCH","06/26/2024 00:00:00","PVS_XP_2061","123","02","05","B","20180528","20180529","上十三地域圏","","1259","1191","20180101","-68"
"05/30/2018 00:00:00","06/25/2024 00:00:00","False","Batch","05/29/2018 19:02:25","BATCH","06/26/2024 00:00:00","PVS_XP_2061","123","02","06","B","20180528","20180529","下北地域圏","","600","563","20180101","-37"
"06/26/2024 00:00:00","12/31/9999 00:00:00","False","Batch","06/25/2024 18:30:47","BATCH","06/26/2024 00:00:00","PVS_XP_2061","123","02","01","B","20240624","20240625","津軽地域圏","","2917","3316","20240101","399"
"06/26/2024 00:00:00","12/31/9999 00:00:00","False","Batch","06/25/2024 18:30:47","BATCH","06/26/2024 00:00:00","PVS_XP_2061","123","02","02","B","20240624","20240625","八戸地域圏","","2893","2891","20240101","-2"
"06/26/2024 00:00:00","12/31/9999 00:00:00","False","Batch","06/25/2024 18:30:47","BATCH","06/26/2024 00:00:00","PVS_XP_2061","123","02","03","B","20240624","20240625","青森地域圏","","2939","2915","20240101","-24"
"06/26/2024 00:00:00","12/31/9999 00:00:00","False","Batch","06/25/2024 18:30:47","BATCH","06/26/2024 00:00:00","PVS_XP_2061","123","02","04","B","20240624","20240625","西北五地域圏","","726","830","20240101","104"
"06/26/2024 00:00:00","12/31/9999 00:00:00","False","Batch","06/25/2024 18:30:47","BATCH","06/26/2024 00:00:00","PVS_XP_2061","123","02","05","B","20240624","20240625","上十三地域圏","","1321","1160","20240101","-161"
"06/26/2024 00:00:00","12/31/9999 00:00:00","False","Batch","06/25/2024 18:30:47","BATCH","06/26/2024 00:00:00","PVS_XP_2061","123","02","06","B","20240624","20240625","下北地域圏","","521","563","20240101","42"
"05/30/2018 00:00:00","07/28/2024 00:00:00","False","Batch","05/29/2018 19:02:25","BATCH","07/29/2024 00:00:00","PVS_XP_2061","123","31","01","B","20180528","20180529","東部圏（鳥取）","","2338","2498","20180401","160"
"05/30/2018 00:00:00","07/28/2024 00:00:00","False","Batch","05/29/2018 19:02:25","BATCH","07/29/2024 00:00:00","PVS_XP_2061","123","31","02","B","20180528","20180529","中部圏（鳥取）","","968","1263","20180401","295"
"05/30/2018 00:00:00","07/28/2024 00:00:00","False","Batch","05/29/2018 19:02:25","BATCH","07/29/2024 00:00:00","PVS_XP_2061","123","31","03","B","20180528","20180529","西部圏（鳥取）","","2629","2757","20180401","128"
"07/29/2024 00:00:00","12/31/9999 00:00:00","False","Batch","07/26/2024 18:34:06","BATCH","07/29/2024 00:00:00","PVS_XP_2061","123","31","01","B","20240725","20240726","東部圏（鳥取）","","2308","2319","20240401","11"
"07/29/2024 00:00:00","12/31/9999 00:00:00","False","Batch","07/26/2024 18:34:06","BATCH","07/29/2024 00:00:00","PVS_XP_2061","123","31","02","B","20240725","20240726","中部圏（鳥取）","","1067","1220","20240401","153"
"07/29/2024 00:00:00","12/31/9999 00:00:00","False","Batch","07/26/2024 18:34:06","BATCH","07/29/2024 00:00:00","PVS_XP_2061","123","31","03","B","20240725","20240726","西部圏（鳥取）","","2683","2742","20240401","59"
"05/27/2021 00:00:00","08/27/2024 00:00:00","False","Batch","05/26/2021 18:58:21","BATCH","08/28/2024 00:00:00","PVS_XP_2061","123","03","09","B","20210525","20210526","二戸圏","","302","429","20200930","127"
"05/27/2021 00:00:00","08/27/2024 00:00:00","False","Batch","05/26/2021 18:58:21","BATCH","08/28/2024 00:00:00","PVS_XP_2061","123","03","08","B","20210525","20210526","久慈圏","","470","452","20200930","-18"
"05/27/2021 00:00:00","08/27/2024 00:00:00","False","Batch","05/26/2021 18:58:21","BATCH","08/28/2024 00:00:00","PVS_XP_2061","123","03","07","B","20210525","20210526","宮古圏（岩手）","","586","635","20200930","49"
"05/27/2021 00:00:00","08/27/2024 00:00:00","False","Batch","05/26/2021 18:58:21","BATCH","08/28/2024 00:00:00","PVS_XP_2061","123","03","06","B","20210525","20210526","釜石圏","","628","695","20200930","67"
"05/27/2021 00:00:00","08/27/2024 00:00:00","False","Batch","05/26/2021 18:58:21","BATCH","08/28/2024 00:00:00","PVS_XP_2061","123","03","05","B","20210525","20210526","気仙圏","","448","509","20200930","61"
"05/27/2021 00:00:00","08/27/2024 00:00:00","False","Batch","05/26/2021 18:58:21","BATCH","08/28/2024 00:00:00","PVS_XP_2061","123","03","04","B","20210525","20210526","両磐圏","","1280","1055","20200930","-225"
"05/27/2021 00:00:00","08/27/2024 00:00:00","False","Batch","05/26/2021 18:58:21","BATCH","08/28/2024 00:00:00","PVS_XP_2061","123","03","03","B","20210525","20210526","胆江圏","","1203","1326","20200930","123"
"05/27/2021 00:00:00","08/27/2024 00:00:00","False","Batch","05/26/2021 18:58:21","BATCH","08/28/2024 00:00:00","PVS_XP_2061","123","03","02","B","20210525","20210526","岩手中部圏","","1768","1431","20200930","-337"
"05/27/2021 00:00:00","08/27/2024 00:00:00","False","Batch","05/26/2021 18:58:21","BATCH","08/28/2024 00:00:00","PVS_XP_2061","123","03","01","B","20210525","20210526","盛岡圏","","5253","5701","20200930","448"
"08/28/2024 00:00:00","12/31/9999 00:00:00","False","Batch","08/27/2024 18:38:48","BATCH","08/28/2024 00:00:00","PVS_XP_2061","123","03","01","B","20240826","20240827","盛岡圏","","4951","5602","20230930","651"
"08/28/2024 00:00:00","12/31/9999 00:00:00","False","Batch","08/27/2024 18:38:48","BATCH","08/28/2024 00:00:00","PVS_XP_2061","123","03","02","B","20240826","20240827","岩手中部圏","","1698","1345","20230930","-353"
"08/28/2024 00:00:00","12/31/9999 00:00:00","False","Batch","08/27/2024 18:38:48","BATCH","08/28/2024 00:00:00","PVS_XP_2061","123","03","03","B","20240826","20240827","胆江圏","","1133","1286","20230930","153"
"08/28/2024 00:00:00","12/31/9999 00:00:00","False","Batch","08/27/2024 18:38:48","BATCH","08/28/2024 00:00:00","PVS_XP_2061","123","03","04","B","20240826","20240827","両磐圏","","1116","1045","20230930","-71"
"08/28/2024 00:00:00","12/31/9999 00:00:00","False","Batch","08/27/2024 18:38:48","BATCH","08/28/2024 00:00:00","PVS_XP_2061","123","03","05","B","20240826","20240827","気仙圏","","389","509","20230930","120"
"08/28/2024 00:00:00","12/31/9999 00:00:00","False","Batch","08/27/2024 18:38:48","BATCH","08/28/2024 00:00:00","PVS_XP_2061","123","03","06","B","20240826","20240827","釜石圏","","411","695","20230930","284"
"08/28/2024 00:00:00","12/31/9999 00:00:00","False","Batch","08/27/2024 18:38:48","BATCH","08/28/2024 00:00:00","PVS_XP_2061","123","03","07","B","20240826","20240827","宮古圏（岩手）","","601","635","20230930","34"
"08/28/2024 00:00:00","12/31/9999 00:00:00","False","Batch","08/27/2024 18:38:48","BATCH","08/28/2024 00:00:00","PVS_XP_2061","123","03","08","B","20240826","20240827","久慈圏","","516","452","20230930","-64"
"08/28/2024 00:00:00","12/31/9999 00:00:00","False","Batch","08/27/2024 18:38:48","BATCH","08/28/2024 00:00:00","PVS_XP_2061","123","03","09","B","20240826","20240827","二戸圏","","381","429","20230930","48"
"05/30/2018 00:00:00","09/25/2024 00:00:00","False","Batch","05/29/2018 19:02:25","BATCH","09/26/2024 00:00:00","PVS_XP_2061","123","17","01","B","20180528","20180529","南加賀圏","","1917","2254","20180331","337"
"05/30/2018 00:00:00","09/25/2024 00:00:00","False","Batch","05/29/2018 19:02:25","BATCH","09/26/2024 00:00:00","PVS_XP_2061","123","17","02","B","20180528","20180529","石川中央圏","","6875","9225","20180331","2350"
"05/30/2018 00:00:00","09/25/2024 00:00:00","False","Batch","05/29/2018 19:02:25","BATCH","09/26/2024 00:00:00","PVS_XP_2061","123","17","03","B","20180528","20180529","能登中部圏","","1084","1624","20180331","540"
"05/30/2018 00:00:00","09/25/2024 00:00:00","False","Batch","05/29/2018 19:02:25","BATCH","09/26/2024 00:00:00","PVS_XP_2061","123","17","04","B","20180528","20180529","能登北部圏","","550","783","20180331","233"
"09/26/2024 00:00:00","12/31/9999 00:00:00","False","Batch","09/25/2024 18:42:17","BATCH","09/26/2024 00:00:00","PVS_XP_2061","123","17","01","B","20240924","20240925","南加賀圏","","2028","2178","20240331","150"
"09/26/2024 00:00:00","12/31/9999 00:00:00","False","Batch","09/25/2024 18:42:17","BATCH","09/26/2024 00:00:00","PVS_XP_2061","123","17","02","B","20240924","20240925","石川中央圏","","7823","9395","20240331","1572"
"09/26/2024 00:00:00","12/31/9999 00:00:00","False","Batch","09/25/2024 18:42:17","BATCH","09/26/2024 00:00:00","PVS_XP_2061","123","17","03","B","20240924","20240925","能登中部圏","","952","1371","20240331","419"
"09/26/2024 00:00:00","12/31/9999 00:00:00","False","Batch","09/25/2024 18:42:17","BATCH","09/26/2024 00:00:00","PVS_XP_2061","123","17","04","B","20240924","20240925","能登北部圏","","426","549","20240331","123"
"05/28/2025 00:00:00","11/25/2025 00:00:00","False","Batch","05/27/2025 18:58:56","BATCH","11/26/2025 00:00:00","PVS_XP_2061","123","10","01","B","20250526","20250527","前橋圏","","3383","3534","20240930","151"
"05/28/2025 00:00:00","11/25/2025 00:00:00","False","Batch","05/27/2025 18:58:56","BATCH","11/26/2025 00:00:00","PVS_XP_2061","123","10","02","B","20250526","20250527","高崎・安中圏","","3660","3377","20240930","-283"
"05/28/2025 00:00:00","11/25/2025 00:00:00","False","Batch","05/27/2025 18:58:56","BATCH","11/26/2025 00:00:00","PVS_XP_2061","123","10","03","B","20250526","20250527","桐生圏","","1273","1581","20240930","308"
"05/28/2025 00:00:00","11/25/2025 00:00:00","False","Batch","05/27/2025 18:58:56","BATCH","11/26/2025 00:00:00","PVS_XP_2061","123","10","04","B","20250526","20250527","伊勢崎圏","","1854","1890","20240930","36"
"05/28/2025 00:00:00","11/25/2025 00:00:00","False","Batch","05/27/2025 18:58:56","BATCH","11/26/2025 00:00:00","PVS_XP_2061","123","10","05","B","20250526","20250527","太田・館林圏","","2667","2718","20240930","51"
"05/28/2025 00:00:00","11/25/2025 00:00:00","False","Batch","05/27/2025 18:58:56","BATCH","11/26/2025 00:00:00","PVS_XP_2061","123","10","06","B","20250526","20250527","渋川圏","","969","1080","20240930","111"
"05/28/2025 00:00:00","11/25/2025 00:00:00","False","Batch","05/27/2025 18:58:56","BATCH","11/26/2025 00:00:00","PVS_XP_2061","123","10","07","B","20250526","20250527","藤岡圏","","595","862","20240930","267"
"05/28/2025 00:00:00","11/25/2025 00:00:00","False","Batch","05/27/2025 18:58:56","BATCH","11/26/2025 00:00:00","PVS_XP_2061","123","10","08","B","20250526","20250527","富岡圏","","577","571","20240930","-6"
"11/26/2025 00:00:00","12/31/9999 00:00:00","False","Batch","11/25/2025 18:55:49","BATCH","11/26/2025 00:00:00","PVS_XP_2061","123","10","01","B","20251121","20251125","前橋圏","","3383","3534","20250331","151"
"11/26/2025 00:00:00","12/31/9999 00:00:00","False","Batch","11/25/2025 18:55:49","BATCH","11/26/2025 00:00:00","PVS_XP_2061","123","10","02","B","20251121","20251125","高崎・安中圏","","3660","3356","20250331","-304"
"11/26/2025 00:00:00","12/31/9999 00:00:00","False","Batch","11/25/2025 18:55:49","BATCH","11/26/2025 00:00:00","PVS_XP_2061","123","10","03","B","20251121","20251125","桐生圏","","1273","1581","20250331","308"
"11/26/2025 00:00:00","12/31/9999 00:00:00","False","Batch","11/25/2025 18:55:49","BATCH","11/26/2025 00:00:00","PVS_XP_2061","123","10","04","B","20251121","20251125","伊勢崎圏","","1854","1890","20250331","36"
"11/26/2025 00:00:00","12/31/9999 00:00:00","False","Batch","11/25/2025 18:55:49","BATCH","11/26/2025 00:00:00","PVS_XP_2061","123","10","05","B","20251121","20251125","太田・館林圏","","2667","2718","20250331","51"
"11/26/2025 00:00:00","12/31/9999 00:00:00","False","Batch","11/25/2025 18:55:49","BATCH","11/26/2025 00:00:00","PVS_XP_2061","123","10","06","B","20251121","20251125","渋川圏","","969","1080","20250331","111"
"11/26/2025 00:00:00","12/31/9999 00:00:00","False","Batch","11/25/2025 18:55:49","BATCH","11/26/2025 00:00:00","PVS_XP_2061","123","10","07","B","20251121","20251125","藤岡圏","","595","862","20250331","267"
"11/26/2025 00:00:00","12/31/9999 00:00:00","False","Batch","11/25/2025 18:55:49","BATCH","11/26/2025 00:00:00","PVS_XP_2061","123","10","08","B","20251121","20251125","富岡圏","","577","571","20250331","-6"
"11/26/2025 00:00:00","12/31/9999 00:00:00","False","Batch","11/25/2025 18:55:49","BATCH","11/26/2025 00:00:00","PVS_XP_2061","123","10","09","B","20251121","20251125","吾妻圏","","365","748","20250331","383"
"11/26/2025 00:00:00","12/31/9999 00:00:00","False","Batch","11/25/2025 18:55:49","BATCH","11/26/2025 00:00:00","PVS_XP_2061","123","10","10","B","20251121","20251125","沼田圏","","658","889","20250331","231"
"11/26/2025 00:00:00","12/31/9999 00:00:00","False","Batch","11/25/2025 18:55:49","BATCH","11/26/2025 00:00:00","PVS_XP_2061","123","13","01","B","20251121","20251125","区中央部圏（東京）","","5657","13236","20250401","7579"
"11/26/2025 00:00:00","12/31/9999 00:00:00","False","Batch","11/25/2025 18:55:49","BATCH","11/26/2025 00:00:00","PVS_XP_2061","123","13","02","B","20251121","20251125","区南部圏（東京）","","7972","7819","20250401","-153"
"05/28/2025 00:00:00","11/25/2025 00:00:00","False","Batch","05/27/2025 18:58:56","BATCH","11/26/2025 00:00:00","PVS_XP_2061","123","10","09","B","20250526","20250527","吾妻圏","","365","748","20240930","383"
"05/28/2025 00:00:00","11/25/2025 00:00:00","False","Batch","05/27/2025 18:58:56","BATCH","11/26/2025 00:00:00","PVS_XP_2061","123","10","10","B","20250526","20250527","沼田圏","","658","889","20240930","231"
"05/28/2025 00:00:00","11/25/2025 00:00:00","False","Batch","05/27/2025 18:58:56","BATCH","11/26/2025 00:00:00","PVS_XP_2061","123","13","01","B","20250526","20250527","区中央部圏（東京）","","5657","13271","20240401","7614"
"05/28/2025 00:00:00","12/31/9999 00:00:00","False","Batch","05/27/2025 18:58:56","BATCH","05/28/2025 00:00:00","PVS_XP_2061","123","16","01","B","20250526","20250527","新川圏","","947","1459","20250401","512"
"05/28/2025 00:00:00","12/31/9999 00:00:00","False","Batch","05/27/2025 18:58:56","BATCH","05/28/2025 00:00:00","PVS_XP_2061","123","16","02","B","20250526","20250527","富山圏","","5499","5548","20250401","49"
"05/28/2025 00:00:00","12/31/9999 00:00:00","False","Batch","05/27/2025 18:58:56","BATCH","05/28/2025 00:00:00","PVS_XP_2061","123","16","03","B","20250526","20250527","高岡圏","","2869","3130","20250401","261"
"05/28/2025 00:00:00","12/31/9999 00:00:00","False","Batch","05/27/2025 18:58:56","BATCH","05/28/2025 00:00:00","PVS_XP_2061","123","16","04","B","20250526","20250527","砺波圏","","1235","1321","20250401","86"
"05/28/2025 00:00:00","11/25/2025 00:00:00","False","Batch","05/27/2025 18:58:56","BATCH","11/26/2025 00:00:00","PVS_XP_2061","123","13","02","B","20250526","20250527","区南部圏（東京）","","7972","7884","20240401","-88"
"05/28/2025 00:00:00","12/31/9999 00:00:00","False","Batch","05/27/2025 18:58:56","BATCH","05/28/2025 00:00:00","PVS_XP_2061","123","29","01","B","20250526","20250527","奈良圏","","3769","3713","20250306","-56"
"05/28/2025 00:00:00","12/31/9999 00:00:00","False","Batch","05/27/2025 18:58:56","BATCH","05/28/2025 00:00:00","PVS_XP_2061","123","29","02","B","20250526","20250527","東和圏","","2257","2486","20250306","229"
"05/28/2025 00:00:00","12/31/9999 00:00:00","False","Batch","05/27/2025 18:58:56","BATCH","05/28/2025 00:00:00","PVS_XP_2061","123","29","03","B","20250526","20250527","西和圏","","3564","3131","20250306","-433"
"05/28/2025 00:00:00","12/31/9999 00:00:00","False","Batch","05/27/2025 18:58:56","BATCH","05/28/2025 00:00:00","PVS_XP_2061","123","29","04","B","20250526","20250527","中和圏","","3482","3418","20250306","-64"
"05/28/2025 00:00:00","12/31/9999 00:00:00","False","Batch","05/27/2025 18:58:56","BATCH","05/28/2025 00:00:00","PVS_XP_2061","123","29","05","B","20250526","20250527","南和圏","","680","574","20250306","-106"
"05/28/2025 00:00:00","11/25/2025 00:00:00","False","Batch","05/27/2025 18:58:56","BATCH","11/26/2025 00:00:00","PVS_XP_2061","123","13","03","B","20250526","20250527","区西南部圏（東京）","","9874","9582","20240401","-292"
"05/28/2025 00:00:00","11/25/2025 00:00:00","False","Batch","05/27/2025 18:58:56","BATCH","11/26/2025 00:00:00","PVS_XP_2061","123","13","04","B","20250526","20250527","区西部圏（東京）","","8276","9926","20240401","1650"
"05/28/2025 00:00:00","11/25/2025 00:00:00","False","Batch","05/27/2025 18:58:56","BATCH","11/26/2025 00:00:00","PVS_XP_2061","123","13","05","B","20250526","20250527","区西北部圏（東京）","","15589","14388","20240401","-1201"
"05/28/2025 00:00:00","11/25/2025 00:00:00","False","Batch","05/27/2025 18:58:56","BATCH","11/26/2025 00:00:00","PVS_XP_2061","123","13","06","B","20250526","20250527","区東北部圏（東京）","","11405","10698","20240401","-707"
"05/28/2025 00:00:00","11/25/2025 00:00:00","False","Batch","05/27/2025 18:58:56","BATCH","11/26/2025 00:00:00","PVS_XP_2061","123","13","07","B","20250526","20250527","区東部圏（東京）","","10713","9200","20240401","-1513"
"05/28/2025 00:00:00","11/25/2025 00:00:00","False","Batch","05/27/2025 18:58:56","BATCH","11/26/2025 00:00:00","PVS_XP_2061","123","13","08","B","20250526","20250527","西多摩圏","","3328","3825","20240401","497"
"05/28/2025 00:00:00","11/25/2025 00:00:00","False","Batch","05/27/2025 18:58:56","BATCH","11/26/2025 00:00:00","PVS_XP_2061","123","13","09","B","20250526","20250527","南多摩圏","","11960","9954","20240401","-2006"
"05/28/2025 00:00:00","11/25/2025 00:00:00","False","Batch","05/27/2025 18:58:56","BATCH","11/26/2025 00:00:00","PVS_XP_2061","123","13","10","B","20250526","20250527","北多摩西部圏","","5074","4259","20240401","-815"
"05/28/2025 00:00:00","11/25/2025 00:00:00","False","Batch","05/27/2025 18:58:56","BATCH","11/26/2025 00:00:00","PVS_XP_2061","123","13","11","B","20250526","20250527","北多摩南部圏","","7512","6946","20240401","-566"
"05/28/2025 00:00:00","11/25/2025 00:00:00","False","Batch","05/27/2025 18:58:56","BATCH","11/26/2025 00:00:00","PVS_XP_2061","123","13","12","B","20250526","20250527","北多摩北部圏","","6351","5485","20240401","-866"
"05/28/2025 00:00:00","11/25/2025 00:00:00","False","Batch","05/27/2025 18:58:56","BATCH","11/26/2025 00:00:00","PVS_XP_2061","123","13","13","B","20250526","20250527","島しょ圏（東京）","","255","80","20240401","-175"
"11/26/2025 00:00:00","12/31/9999 00:00:00","False","Batch","11/25/2025 18:55:49","BATCH","11/26/2025 00:00:00","PVS_XP_2061","123","13","03","B","20251121","20251125","区西南部圏（東京）","","9874","9546","20250401","-328"
"11/26/2025 00:00:00","12/31/9999 00:00:00","False","Batch","11/25/2025 18:55:49","BATCH","11/26/2025 00:00:00","PVS_XP_2061","123","13","04","B","20251121","20251125","区西部圏（東京）","","8276","9794","20250401","1518"
"11/26/2025 00:00:00","12/31/9999 00:00:00","False","Batch","11/25/2025 18:55:49","BATCH","11/26/2025 00:00:00","PVS_XP_2061","123","13","05","B","20251121","20251125","区西北部圏（東京）","","15589","14210","20250401","-1379"
"11/26/2025 00:00:00","12/31/9999 00:00:00","False","Batch","11/25/2025 18:55:49","BATCH","11/26/2025 00:00:00","PVS_XP_2061","123","13","06","B","20251121","20251125","区東北部圏（東京）","","11405","10620","20250401","-785"
"11/26/2025 00:00:00","12/31/9999 00:00:00","False","Batch","11/25/2025 18:55:49","BATCH","11/26/2025 00:00:00","PVS_XP_2061","123","13","07","B","20251121","20251125","区東部圏（東京）","","10713","9173","20250401","-1540"
"11/26/2025 00:00:00","12/31/9999 00:00:00","False","Batch","11/25/2025 18:55:49","BATCH","11/26/2025 00:00:00","PVS_XP_2061","123","13","08","B","20251121","20251125","西多摩圏","","3328","3692","20250401","364"
"11/26/2025 00:00:00","12/31/9999 00:00:00","False","Batch","11/25/2025 18:55:49","BATCH","11/26/2025 00:00:00","PVS_XP_2061","123","13","09","B","20251121","20251125","南多摩圏","","11960","9909","20250401","-2051"
"11/26/2025 00:00:00","12/31/9999 00:00:00","False","Batch","11/25/2025 18:55:49","BATCH","11/26/2025 00:00:00","PVS_XP_2061","123","13","10","B","20251121","20251125","北多摩西部圏","","5074","4262","20250401","-812"
"11/26/2025 00:00:00","12/31/9999 00:00:00","False","Batch","11/25/2025 18:55:49","BATCH","11/26/2025 00:00:00","PVS_XP_2061","123","13","11","B","20251121","20251125","北多摩南部圏","","7512","6860","20250401","-652"
"11/26/2025 00:00:00","12/31/9999 00:00:00","False","Batch","11/25/2025 18:55:49","BATCH","11/26/2025 00:00:00","PVS_XP_2061","123","13","12","B","20251121","20251125","北多摩北部圏","","6351","5486","20250401","-865"
"11/26/2025 00:00:00","12/31/9999 00:00:00","False","Batch","11/25/2025 18:55:49","BATCH","11/26/2025 00:00:00","PVS_XP_2061","123","13","13","B","20251121","20251125","島しょ圏（東京）","","255","80","20250401","-175"
