"DairitenTK_CD","Corp_ID","TekiyoKaishi_DT","TekiyoShuryo_DT","Del_FLG","Sakuseisha_ID","Sakusei_DT","SakuseiProgram_ID","Koshinsha_ID","Koshin_DT","KoshinProgram_ID","RyutsuSoshiki_CD","RyutsuBuin_CD","SalsTokei_KBN","Hosho_FLG","DairitenTokeiShitei_FLG"
"01001","ECL","01/01/2000 00:00:00","03/31/2013 00:00:00","0","ecld0918","03/29/2018 18:50:00","803001","ecld0918","03/29/2018 18:50:00","803001","01","07086","3","1","3"
"01001","ECL","04/01/2013 00:00:00","10/31/2016 00:00:00","0","ecl07868","03/29/2018 18:50:00","803001","ecl07868","03/29/2018 18:50:00","803001","48","07086","3","1","3"
"01001","ECL","11/01/2016 00:00:00","10/09/2019 00:00:00","0","ecl07868","03/29/2018 18:50:00","803001","ecl07868","03/29/2018 18:50:00","803001","48","08164","3","1","3"
"01003","ECL","01/01/2000 00:00:00","03/31/2013 00:00:00","0","ecld0918","03/29/2018 18:50:00","803001","ecld0918","03/29/2018 18:50:00","803001","01","03659","1","1","1"
"01003","ECL","04/01/2013 00:00:00","10/31/2016 00:00:00","0","ecl07868","03/29/2018 18:50:00","803001","ecl07868","03/29/2018 18:50:00","803001","48","03659","1","1","1"
"01003","ECL","11/01/2016 00:00:00","04/19/2018 00:00:00","0","ecl07868","03/29/2018 18:50:00","803001","ecl07868","03/29/2018 18:50:00","803001","48","05245","1","1","1"
"01005","ECL","01/01/2000 00:00:00","03/31/2013 00:00:00","0","ecld0918","03/29/2018 18:50:00","803001","ecld0918","03/29/2018 18:50:00","803001","01","03659","3","1","3"
"01005","ECL","04/01/2013 00:00:00","10/31/2016 00:00:00","0","ecld0918","03/29/2018 18:50:00","803001","ecld0918","03/29/2018 18:50:00","803001","48","03659","3","1","3"
"01005","ECL","11/01/2016 00:00:00","04/23/2018 00:00:00","0","ecl07868","03/29/2018 18:50:00","803001","ecl07868","03/29/2018 18:50:00","803001","48","05245","3","1","3"
"01020","ECL","01/01/2000 00:00:00","03/31/2013 00:00:00","0","ecl04960","03/29/2018 18:50:00","803001","ecl04960","03/29/2018 18:50:00","803001","01","07086","3","1","3"
"01020","ECL","04/01/2013 00:00:00","10/31/2016 00:00:00","0","ecl07868","03/29/2018 18:50:00","803001","ecl07868","03/29/2018 18:50:00","803001","48","07086","3","1","3"
"01020","ECL","11/01/2016 00:00:00","10/09/2019 00:00:00","0","ecl07868","03/29/2018 18:50:00","803001","ecl07868","03/29/2018 18:50:00","803001","48","08164","3","1","3"
"01029","ECL","01/01/2000 00:00:00","03/31/2013 00:00:00","0","ecl07870","03/29/2018 18:50:00","803001","ecl07870","03/29/2018 18:50:00","803001","01","06341","1","0","1"
"01029","ECL","04/01/2013 00:00:00","10/31/2016 00:00:00","0","ecl07870","03/29/2018 18:50:00","803001","ecl07870","03/29/2018 18:50:00","803001","48","06341","1","0","1"
"01029","ECL","11/01/2016 00:00:00","10/09/2019 00:00:00","0","ecl07868","03/29/2018 18:50:00","803001","ecl07868","03/29/2018 18:50:00","803001","48","08164","1","0","1"
"01048","ECL","01/01/2000 00:00:00","03/31/2013 00:00:00","0","ecl04960    ","03/29/2018 18:50:00","803001","ecl04960    ","03/29/2018 18:50:00","803001","01","05317","","0",""
"01048","ECL","04/01/2013 00:00:00","10/08/2020 00:00:00","0","ecl04960    ","03/29/2018 18:50:00","803001","ecl04960    ","03/29/2018 18:50:00","803001","48","05317","","0",""
"01049","ECL","01/01/2000 00:00:00","03/31/2013 00:00:00","0","ecl04321","03/29/2018 18:50:00","803001","ecl04321","03/29/2018 18:50:00","803001","01","05683","2","1","2"
"01049","ECL","04/01/2013 00:00:00","05/31/2014 00:00:00","0","ecl04321","03/29/2018 18:50:00","803001","ecl04321","03/29/2018 18:50:00","803001","48","05683","2","1","2"
"01049","ECL","06/01/2014 00:00:00","10/08/2020 00:00:00","0","ecl04321","03/29/2018 18:50:00","803001","ecl04321","03/29/2018 18:50:00","803001","48","05119","2","1","2"
"01050","ECL","01/01/2000 00:00:00","03/31/2013 00:00:00","0","ecl05053","03/29/2018 18:50:00","803001","ecl05053","03/29/2018 18:50:00","803001","01","05496","3","1","2"
"01050","ECL","04/01/2013 00:00:00","11/30/2013 00:00:00","0","ecl04321","03/29/2018 18:50:00","803001","ecl04321","03/29/2018 18:50:00","803001","48","05496","3","1","2"
"01050","ECL","12/01/2013 00:00:00","05/31/2014 00:00:00","0","ecl04321","03/29/2018 18:50:00","803001","ecl04321","03/29/2018 18:50:00","803001","48","05683","3","1","2"
"01050","ECL","06/01/2014 00:00:00","10/08/2020 00:00:00","0","ecl04321","03/29/2018 18:50:00","803001","ecl04321","03/29/2018 18:50:00","803001","48","05119","3","1","2"
"01051","ECL","01/01/2000 00:00:00","03/31/2013 00:00:00","0","ecld0918","03/29/2018 18:50:00","803001","ecld0918","03/29/2018 18:50:00","803001","01","06341","1","1","1"
"01051","ECL","04/01/2013 00:00:00","10/31/2016 00:00:00","0","ecl07868","03/29/2018 18:50:00","803001","ecl07868","03/29/2018 18:50:00","803001","48","06341","1","1","1"
"01051","ECL","11/01/2016 00:00:00","04/19/2018 00:00:00","0","ecl07868","03/29/2018 18:50:00","803001","ecl07868","03/29/2018 18:50:00","803001","48","08164","1","1","1"
"01053","ECL","01/01/2000 00:00:00","03/31/2013 00:00:00","0","ecl02796","03/29/2018 18:50:00","803001","ecl02796","03/29/2018 18:50:00","803001","01","03659","1","0",""
"01053","ECL","04/01/2013 00:00:00","10/31/2016 00:00:00","0","ecl02796","03/29/2018 18:50:00","803001","ecl02796","03/29/2018 18:50:00","803001","48","03659","1","0",""
"01053","ECL","11/01/2016 00:00:00","04/19/2018 00:00:00","0","ecl07868","03/29/2018 18:50:00","803001","ecl07868","03/29/2018 18:50:00","803001","48","05245","1","0",""
"01888","ECL","01/01/2000 00:00:00","03/31/2013 00:00:00","0","","03/29/2018 18:50:00","803001","","03/29/2018 18:50:00","803001","01","","","0",""
"01888","ECL","04/01/2013 00:00:00","12/31/9999 00:00:00","0","","03/29/2018 18:50:00","803001","","03/29/2018 18:50:00","803001","48","","","0",""
"01889","ECL","01/01/2000 00:00:00","03/31/2013 00:00:00","0","","03/29/2018 18:50:00","803001","","03/29/2018 18:50:00","803001","01","","","0",""
"01889","ECL","04/01/2013 00:00:00","12/31/9999 00:00:00","0","","03/29/2018 18:50:00","803001","","03/29/2018 18:50:00","803001","48","","","0",""
"02001","ECL","01/01/2000 00:00:00","03/31/2013 00:00:00","0","ecld0918","03/29/2018 18:50:00","803001","ecld0918","03/29/2018 18:50:00","803001","07","05245","3","1","3"
"02001","ECL","04/01/2013 00:00:00","04/30/2013 00:00:00","0","ecld0918","03/29/2018 18:50:00","803001","ecld0918","03/29/2018 18:50:00","803001","49","05245","3","1","3"
"02001","ECL","05/01/2013 00:00:00","03/31/2016 00:00:00","0","ips00015","03/29/2018 18:50:00","803001","ips00015","03/29/2018 18:50:00","803001","49","","3","1","3"
"02001","ECL","04/01/2016 00:00:00","12/31/9999 00:00:00","0","ips00015","03/29/2018 18:50:00","803001","ips00015","03/29/2018 18:50:00","803001","48","","3","1","3"
"02003","ECL","01/01/2000 00:00:00","03/31/2013 00:00:00","0","ecl07868","03/29/2018 18:50:00","803001","ecl07868","03/29/2018 18:50:00","803001","07","05245","1","1","3"
"02003","ECL","04/01/2013 00:00:00","04/30/2013 00:00:00","0","ecl07868","03/29/2018 18:50:00","803001","ecl07868","03/29/2018 18:50:00","803001","49","05245","1","1","3"
"02003","ECL","05/01/2013 00:00:00","03/31/2016 00:00:00","0","ips00015","03/29/2018 18:50:00","803001","ips00015","03/29/2018 18:50:00","803001","49","","1","1","3"
"02003","ECL","04/01/2016 00:00:00","12/31/9999 00:00:00","0","ips00015","03/29/2018 18:50:00","803001","ips00015","03/29/2018 18:50:00","803001","48","","1","1","3"
"02004","ECL","01/01/2000 00:00:00","03/31/2013 00:00:00","0","ecl07868","03/29/2018 18:50:00","803001","ecl07868","03/29/2018 18:50:00","803001","07","05245","1","1","3"
"02004","ECL","04/01/2013 00:00:00","03/31/2016 00:00:00","0","ecl07868","03/29/2018 18:50:00","803001","ecl07868","03/29/2018 18:50:00","803001","49","05245","1","1","3"
"02004","ECL","04/01/2016 00:00:00","10/31/2016 00:00:00","0","ecl07868","03/29/2018 18:50:00","803001","ecl07868","03/29/2018 18:50:00","803001","48","05245","1","1","3"
"02004","ECL","11/01/2016 00:00:00","10/09/2019 00:00:00","0","ecl07868","03/29/2018 18:50:00","803001","ecl07868","03/29/2018 18:50:00","803001","48","07086","1","1","3"
"02017","ECL","01/01/2000 00:00:00","03/31/2013 00:00:00","0","ecl07868","03/29/2018 18:50:00","803001","ecl07868","03/29/2018 18:50:00","803001","07","05245","1","1","3"
"02017","ECL","04/01/2013 00:00:00","03/31/2016 00:00:00","0","ecl07868","03/29/2018 18:50:00","803001","ecl07868","03/29/2018 18:50:00","803001","49","05245","1","1","3"
"02017","ECL","04/01/2016 00:00:00","10/31/2016 00:00:00","0","ecl07868","03/29/2018 18:50:00","803001","ecl07868","03/29/2018 18:50:00","803001","48","05245","1","1","3"
"02017","ECL","11/01/2016 00:00:00","04/14/2019 00:00:00","0","ecl07868","03/29/2018 18:50:00","803001","ecl07868","03/29/2018 18:50:00","803001","48","07086","1","1","3"
"02018","ECL","01/01/2000 00:00:00","03/31/2013 00:00:00","0","ecl07868","03/29/2018 18:50:00","803001","ecl07868","03/29/2018 18:50:00","803001","07","05245","3","1","3"
"02018","ECL","04/01/2013 00:00:00","03/31/2016 00:00:00","0","ecl07868","03/29/2018 18:50:00","803001","ecl07868","03/29/2018 18:50:00","803001","49","05245","3","1","3"
"02018","ECL","04/01/2016 00:00:00","10/31/2016 00:00:00","0","ecl07868","03/29/2018 18:50:00","803001","ecl07868","03/29/2018 18:50:00","803001","48","05245","3","1","3"
"02018","ECL","11/01/2016 00:00:00","04/14/2019 00:00:00","0","ecl07868","03/29/2018 18:50:00","803001","ecl07868","03/29/2018 18:50:00","803001","48","07086","3","1","3"
"02026","ECL","01/01/2000 00:00:00","03/31/2013 00:00:00","0","ecl07868","03/29/2018 18:50:00","803001","ecl07868","03/29/2018 18:50:00","803001","07","05245","1","1","3"
"02026","ECL","04/01/2013 00:00:00","03/31/2016 00:00:00","0","ecl07868","03/29/2018 18:50:00","803001","ecl07868","03/29/2018 18:50:00","803001","49","05245","1","1","3"
"02026","ECL","04/01/2016 00:00:00","10/31/2016 00:00:00","0","ecl07868","03/29/2018 18:50:00","803001","ecl07868","03/29/2018 18:50:00","803001","48","05245","1","1","3"
"02026","ECL","11/01/2016 00:00:00","04/14/2019 00:00:00","0","ecl07868","03/29/2018 18:50:00","803001","ecl07868","03/29/2018 18:50:00","803001","48","07086","1","1","3"
"02027","ECL","01/01/2000 00:00:00","03/31/2013 00:00:00","0","ecl07868","03/29/2018 18:50:00","803001","ecl07868","03/29/2018 18:50:00","803001","07","05245","1","1","3"
"02027","ECL","04/01/2013 00:00:00","03/31/2016 00:00:00","0","ecl02796","03/29/2018 18:50:00","803001","ecl02796","03/29/2018 18:50:00","803001","49","05245","1","1","3"
"02027","ECL","04/01/2016 00:00:00","10/31/2016 00:00:00","0","ecl02796","03/29/2018 18:50:00","803001","ecl02796","03/29/2018 18:50:00","803001","48","05245","1","1","3"
"02027","ECL","11/01/2016 00:00:00","04/14/2019 00:00:00","0","ecl07868","03/29/2018 18:50:00","803001","ecl07868","03/29/2018 18:50:00","803001","48","07086","1","1","3"
"02888","ECL","01/01/2000 00:00:00","03/31/2013 00:00:00","0","","03/29/2018 18:50:00","803001","","03/29/2018 18:50:00","803001","07","","","0",""
"02888","ECL","04/01/2013 00:00:00","03/31/2016 00:00:00","0","","03/29/2018 18:50:00","803001","","03/29/2018 18:50:00","803001","49","","","0",""
"02888","ECL","04/01/2016 00:00:00","12/31/9999 00:00:00","0","","03/29/2018 18:50:00","803001","","03/29/2018 18:50:00","803001","48","","","0",""
"02889","ECL","01/01/2000 00:00:00","03/31/2013 00:00:00","0","","03/29/2018 18:50:00","803001","","03/29/2018 18:50:00","803001","07","","","0",""
"02889","ECL","04/01/2013 00:00:00","03/31/2016 00:00:00","0","","03/29/2018 18:50:00","803001","","03/29/2018 18:50:00","803001","49","","","0",""
"02889","ECL","04/01/2016 00:00:00","12/31/9999 00:00:00","0","","03/29/2018 18:50:00","803001","","03/29/2018 18:50:00","803001","48","","","0",""
"03002","ECL","01/01/2000 00:00:00","03/31/2013 00:00:00","0","ecl07708","03/29/2018 18:50:00","803001","ecl07708","03/29/2018 18:50:00","803001","07","08362","1","1","3"
"03002","ECL","04/01/2013 00:00:00","03/31/2016 00:00:00","0","ecl07708","03/29/2018 18:50:00","803001","ecl07708","03/29/2018 18:50:00","803001","49","08362","1","1","3"
"03002","ECL","04/01/2016 00:00:00","10/31/2016 00:00:00","0","ecl07868","03/29/2018 18:50:00","803001","ecl07868","03/29/2018 18:50:00","803001","48","08362","1","1","3"
"03002","ECL","11/01/2016 00:00:00","10/09/2019 00:00:00","0","ecl07868","03/29/2018 18:50:00","803001","ecl07868","03/29/2018 18:50:00","803001","48","06343","1","1","3"
"03005","ECL","01/01/2000 00:00:00","03/31/2013 00:00:00","0","ecl07868","03/29/2018 18:50:00","803001","ecl07868","03/29/2018 18:50:00","803001","07","08362","1","1","3"
"03005","ECL","04/01/2013 00:00:00","03/31/2016 00:00:00","0","ecl07868","03/29/2018 18:50:00","803001","ecl07868","03/29/2018 18:50:00","803001","49","08362","1","1","3"
"03005","ECL","04/01/2016 00:00:00","10/31/2016 00:00:00","0","ecl07868","03/29/2018 18:50:00","803001","ecl07868","03/29/2018 18:50:00","803001","48","08362","1","1","3"
"03005","ECL","11/01/2016 00:00:00","04/14/2019 00:00:00","0","ecl07868","03/29/2018 18:50:00","803001","ecl07868","03/29/2018 18:50:00","803001","48","06343","1","1","3"
"03010","ECL","01/01/2000 00:00:00","03/31/2013 00:00:00","0","ecl07868","03/29/2018 18:50:00","803001","ecl07868","03/29/2018 18:50:00","803001","07","","","0",""
"03010","ECL","04/01/2013 00:00:00","03/31/2016 00:00:00","0","ecl07868","03/29/2018 18:50:00","803001","ecl07868","03/29/2018 18:50:00","803001","49","","","0",""
"03010","ECL","04/01/2016 00:00:00","12/31/9999 00:00:00","0","ecl07868","03/29/2018 18:50:00","803001","ecl07868","03/29/2018 18:50:00","803001","48","","","0",""
"03019","ECL","01/01/2000 00:00:00","03/31/2013 00:00:00","0","ecl07868","03/29/2018 18:50:00","803001","ecl07868","03/29/2018 18:50:00","803001","07","08362","1","1","3"
"03019","ECL","04/01/2013 00:00:00","03/31/2016 00:00:00","0","ecl07868","03/29/2018 18:50:00","803001","ecl07868","03/29/2018 18:50:00","803001","49","08362","1","1","3"
"03019","ECL","04/01/2016 00:00:00","10/31/2016 00:00:00","0","ecl07868","03/29/2018 18:50:00","803001","ecl07868","03/29/2018 18:50:00","803001","48","08362","1","1","3"
"03019","ECL","11/01/2016 00:00:00","04/14/2019 00:00:00","0","ecl07868","03/29/2018 18:50:00","803001","ecl07868","03/29/2018 18:50:00","803001","48","06343","1","1","3"
"03025","ECL","01/01/2000 00:00:00","03/31/2013 00:00:00","0","ecld0918","03/29/2018 18:50:00","803001","ecld0918","03/29/2018 18:50:00","803001","07","08362","1","1","3"
"03025","ECL","04/01/2013 00:00:00","04/30/2013 00:00:00","0","ecld0918","03/29/2018 18:50:00","803001","ecld0918","03/29/2018 18:50:00","803001","49","08362","1","1","3"
"03025","ECL","05/01/2013 00:00:00","03/31/2016 00:00:00","0","ips00015","03/29/2018 18:50:00","803001","ips00015","03/29/2018 18:50:00","803001","49","","1","1","3"
"03025","ECL","04/01/2016 00:00:00","12/31/9999 00:00:00","0","ips00015","03/29/2018 18:50:00","803001","ips00015","03/29/2018 18:50:00","803001","48","","1","1","3"
"03027","ECL","01/01/2000 00:00:00","03/31/2013 00:00:00","0","ecl07868","03/29/2018 18:50:00","803001","ecl07868","03/29/2018 18:50:00","803001","07","08362","1","1","3"
"03027","ECL","04/01/2013 00:00:00","03/31/2016 00:00:00","0","ecl07868","03/29/2018 18:50:00","803001","ecl07868","03/29/2018 18:50:00","803001","49","08362","1","1","3"
"03027","ECL","04/01/2016 00:00:00","10/31/2016 00:00:00","0","ecl07868","03/29/2018 18:50:00","803001","ecl07868","03/29/2018 18:50:00","803001","48","08362","1","1","3"
"03027","ECL","11/01/2016 00:00:00","04/14/2019 00:00:00","0","ecl07868","03/29/2018 18:50:00","803001","ecl07868","03/29/2018 18:50:00","803001","48","06343","1","1","3"
"03028","ECL","01/01/2000 00:00:00","03/31/2013 00:00:00","0","ecl07868","03/29/2018 18:50:00","803001","ecl07868","03/29/2018 18:50:00","803001","07","08362","1","1","3"
"03028","ECL","04/01/2013 00:00:00","03/31/2016 00:00:00","0","ecl02796","03/29/2018 18:50:00","803001","ecl02796","03/29/2018 18:50:00","803001","49","08362","1","1","3"
"03028","ECL","04/01/2016 00:00:00","10/31/2016 00:00:00","0","ecl02796","03/29/2018 18:50:00","803001","ecl02796","03/29/2018 18:50:00","803001","48","08362","1","1","3"
"03028","ECL","11/01/2016 00:00:00","04/14/2019 00:00:00","0","ecl07868","03/29/2018 18:50:00","803001","ecl07868","03/29/2018 18:50:00","803001","48","06343","1","1","3"
"03888","ECL","01/01/2000 00:00:00","03/31/2013 00:00:00","0","","03/29/2018 18:50:00","803001","","03/29/2018 18:50:00","803001","07","","","0",""
"03888","ECL","04/01/2013 00:00:00","03/31/2016 00:00:00","0","","03/29/2018 18:50:00","803001","","03/29/2018 18:50:00","803001","49","","","0",""
"03888","ECL","04/01/2016 00:00:00","12/31/9999 00:00:00","0","","03/29/2018 18:50:00","803001","","03/29/2018 18:50:00","803001","48","","","0",""
"03889","ECL","01/01/2000 00:00:00","03/31/2013 00:00:00","0","","03/29/2018 18:50:00","803001","","03/29/2018 18:50:00","803001","07","","","0",""
"03889","ECL","04/01/2013 00:00:00","03/31/2016 00:00:00","0","","03/29/2018 18:50:00","803001","","03/29/2018 18:50:00","803001","49","","","0",""
"03889","ECL","04/01/2016 00:00:00","12/31/9999 00:00:00","0","","03/29/2018 18:50:00","803001","","03/29/2018 18:50:00","803001","48","","","0",""
"04001","ECL","01/01/2000 00:00:00","03/31/2013 00:00:00","0","ecl07868","03/29/2018 18:50:00","803001","ecl07868","03/29/2018 18:50:00","803001","07","07675","3","1","3"
"04001","ECL","04/01/2013 00:00:00","03/31/2016 00:00:00","0","ecl07868","03/29/2018 18:50:00","803001","ecl07868","03/29/2018 18:50:00","803001","49","07675","3","1","3"
"04001","ECL","04/01/2016 00:00:00","10/31/2016 00:00:00","0","ecl07868","03/29/2018 18:50:00","803001","ecl07868","03/29/2018 18:50:00","803001","48","07675","3","1","3"
"04001","ECL","11/01/2016 00:00:00","10/09/2019 00:00:00","0","ecl07868","03/29/2018 18:50:00","803001","ecl07868","03/29/2018 18:50:00","803001","48","07086","3","1","3"
"04002","ECL","01/01/2000 00:00:00","03/31/2013 00:00:00","0","ecl07868","03/29/2018 18:50:00","803001","ecl07868","03/29/2018 18:50:00","803001","07","07675","1","1","3"
"04002","ECL","04/01/2013 00:00:00","03/31/2016 00:00:00","0","ecl07868","03/29/2018 18:50:00","803001","ecl07868","03/29/2018 18:50:00","803001","49","07675","1","1","3"
"04002","ECL","04/01/2016 00:00:00","10/31/2016 00:00:00","0","ecl07868","03/29/2018 18:50:00","803001","ecl07868","03/29/2018 18:50:00","803001","48","07675","1","1","3"
"04002","ECL","11/01/2016 00:00:00","10/09/2019 00:00:00","0","ecl07868","03/29/2018 18:50:00","803001","ecl07868","03/29/2018 18:50:00","803001","48","07086","1","1","3"
"04004","ECL","01/01/2000 00:00:00","03/31/2013 00:00:00","0","ecld0918","03/29/2018 18:50:00","803001","ecld0918","03/29/2018 18:50:00","803001","07","07675","3","1","3"
"04004","ECL","04/01/2013 00:00:00","04/30/2013 00:00:00","0","ecld0918","03/29/2018 18:50:00","803001","ecld0918","03/29/2018 18:50:00","803001","49","07675","3","1","3"
"04004","ECL","05/01/2013 00:00:00","03/31/2016 00:00:00","0","ips00015","03/29/2018 18:50:00","803001","ips00015","03/29/2018 18:50:00","803001","49","","3","1","3"
"04004","ECL","04/01/2016 00:00:00","12/31/9999 00:00:00","0","ips00015","03/29/2018 18:50:00","803001","ips00015","03/29/2018 18:50:00","803001","48","","3","1","3"
"04005","ECL","01/01/2000 00:00:00","03/31/2013 00:00:00","0","ecl04321","03/29/2018 18:50:00","803001","ecl04321","03/29/2018 18:50:00","803001","07","05119","1","0","3"
"04005","ECL","04/01/2013 00:00:00","04/14/2020 00:00:00","0","ecl04321","03/29/2018 18:50:00","803001","ecl04321","03/29/2018 18:50:00","803001","49","05119","1","0","3"
"04014","ECL","01/01/2000 00:00:00","03/31/2013 00:00:00","0","ecl07868","03/29/2018 18:50:00","803001","ecl07868","03/29/2018 18:50:00","803001","07","07675","1","0","3"
"04014","ECL","04/01/2013 00:00:00","03/31/2016 00:00:00","0","ecl07868","03/29/2018 18:50:00","803001","ecl07868","03/29/2018 18:50:00","803001","49","07675","1","0","3"
"04014","ECL","04/01/2016 00:00:00","10/31/2016 00:00:00","0","ecl07868","03/29/2018 18:50:00","803001","ecl07868","03/29/2018 18:50:00","803001","48","07675","1","0","3"
"04014","ECL","11/01/2016 00:00:00","10/09/2019 00:00:00","0","ecl07868","03/29/2018 18:50:00","803001","ecl07868","03/29/2018 18:50:00","803001","48","07086","1","0","3"
"04019","ECL","01/01/2000 00:00:00","03/31/2013 00:00:00","0","ecld0918","03/29/2018 18:50:00","803001","ecld0918","03/29/2018 18:50:00","803001","07","","","0","3"
"04019","ECL","04/01/2013 00:00:00","03/31/2016 00:00:00","0","ecld0918","03/29/2018 18:50:00","803001","ecld0918","03/29/2018 18:50:00","803001","49","","","0","3"
"04019","ECL","04/01/2016 00:00:00","12/31/9999 00:00:00","0","ecld0918","03/29/2018 18:50:00","803001","ecld0918","03/29/2018 18:50:00","803001","48","","","0","3"
"04020","ECL","01/01/2000 00:00:00","03/31/2013 00:00:00","0","ecld0918","03/29/2018 18:50:00","803001","ecld0918","03/29/2018 18:50:00","803001","07","","","0",""
"04020","ECL","04/01/2013 00:00:00","09/30/2020 00:00:00","0","ecld0918","03/29/2018 18:50:00","803001","ecld0918","03/29/2018 18:50:00","803001","49","","","0",""
"04030","ECL","01/01/2000 00:00:00","10/31/2012 00:00:00","0","ecl04321","03/29/2018 18:50:00","803001","ecl04321","03/29/2018 18:50:00","803001","07","05496","2","0","2"
"04030","ECL","11/01/2012 00:00:00","03/31/2013 00:00:00","0","ecl04321","03/29/2018 18:50:00","803001","ecl04321","03/29/2018 18:50:00","803001","07","05683","2","0","2"
"04030","ECL","04/01/2013 00:00:00","05/31/2014 00:00:00","0","ecl04321","03/29/2018 18:50:00","803001","ecl04321","03/29/2018 18:50:00","803001","49","05683","2","0","2"
"04030","ECL","06/01/2014 00:00:00","03/31/2016 00:00:00","0","ecl04321","03/29/2018 18:50:00","803001","ecl04321","03/29/2018 18:50:00","803001","49","05119","2","0","2"
"04030","ECL","04/01/2016 00:00:00","10/08/2020 00:00:00","0","ecl04321","03/29/2018 18:50:00","803001","ecl04321","03/29/2018 18:50:00","803001","48","05119","2","0","2"
"04040","ECL","01/01/2000 00:00:00","03/31/2013 00:00:00","0","ecl04187","03/29/2018 18:50:00","803001","ecl04187","03/29/2018 18:50:00","803001","07","07675","3","1","3"
"04040","ECL","04/01/2013 00:00:00","04/30/2013 00:00:00","0","ecl04187","03/29/2018 18:50:00","803001","ecl04187","03/29/2018 18:50:00","803001","49","07675","3","1","3"
"04040","ECL","05/01/2013 00:00:00","03/31/2016 00:00:00","0","ips00015","03/29/2018 18:50:00","803001","ips00015","03/29/2018 18:50:00","803001","49","","3","1","3"
"04040","ECL","04/01/2016 00:00:00","12/31/9999 00:00:00","0","ips00015","03/29/2018 18:50:00","803001","ips00015","03/29/2018 18:50:00","803001","48","","3","1","3"
"04041","ECL","01/01/2000 00:00:00","03/31/2013 00:00:00","0","ecl04187","03/29/2018 18:50:00","803001","ecl04187","03/29/2018 18:50:00","803001","07","07675","3","1",""
"04041","ECL","04/01/2013 00:00:00","03/31/2016 00:00:00","0","ecl07868","03/29/2018 18:50:00","803001","ecl07868","03/29/2018 18:50:00","803001","49","07675","3","1",""
"04041","ECL","04/01/2016 00:00:00","10/31/2016 00:00:00","0","ecl07868","03/29/2018 18:50:00","803001","ecl07868","03/29/2018 18:50:00","803001","48","07675","3","1",""
"04041","ECL","11/01/2016 00:00:00","10/08/2020 00:00:00","0","ecl07868","03/29/2018 18:50:00","803001","ecl07868","03/29/2018 18:50:00","803001","48","07086","3","1",""
"04042","ECL","01/01/2000 00:00:00","03/31/2013 00:00:00","0","ecl07708","03/29/2018 18:50:00","803001","ecl07708","03/29/2018 18:50:00","803001","07","06192","3","1",""
"04042","ECL","04/01/2013 00:00:00","04/30/2015 00:00:00","0","ecl07868","03/29/2018 18:50:00","803001","ecl07868","03/29/2018 18:50:00","803001","49","06192","3","1",""
"04042","ECL","05/01/2015 00:00:00","03/31/2016 00:00:00","0","ecl07868","03/29/2018 18:50:00","803001","ecl07868","03/29/2018 18:50:00","803001","49","07368","3","1",""
"04042","ECL","04/01/2016 00:00:00","04/14/2019 00:00:00","0","ecl07868","03/29/2018 18:50:00","803001","ecl07868","03/29/2018 18:50:00","803001","48","07368","3","1",""
"04044","ECL","01/01/2000 00:00:00","03/31/2013 00:00:00","0","ecl05053","03/29/2018 18:50:00","803001","ecl05053","03/29/2018 18:50:00","803001","07","05683","3","1",""
"04044","ECL","04/01/2013 00:00:00","05/31/2014 00:00:00","0","ecl05053","03/29/2018 18:50:00","803001","ecl05053","03/29/2018 18:50:00","803001","49","05683","3","1",""
"04044","ECL","06/01/2014 00:00:00","03/31/2016 00:00:00","0","ecl04321","03/29/2018 18:50:00","803001","ecl04321","03/29/2018 18:50:00","803001","49","05119","3","1",""
"04044","ECL","04/01/2016 00:00:00","10/08/2020 00:00:00","0","ecl04321","03/29/2018 18:50:00","803001","ecl04321","03/29/2018 18:50:00","803001","48","05119","3","1",""
"04045","ECL","01/01/2000 00:00:00","03/31/2013 00:00:00","0","ecl04321","03/29/2018 18:50:00","803001","ecl04321","03/29/2018 18:50:00","803001","07","05496","2","0",""
"04045","ECL","04/01/2013 00:00:00","04/14/2020 00:00:00","0","ecl04321","03/29/2018 18:50:00","803001","ecl04321","03/29/2018 18:50:00","803001","49","05496","2","0",""
"04046","ECL","01/01/2000 00:00:00","03/31/2013 00:00:00","0","ecl07868","03/29/2018 18:50:00","803001","ecl07868","03/29/2018 18:50:00","803001","07","07675","1","1","3"
"04046","ECL","04/01/2013 00:00:00","03/31/2016 00:00:00","0","ecl07868","03/29/2018 18:50:00","803001","ecl07868","03/29/2018 18:50:00","803001","49","07675","1","1","3"
"04046","ECL","04/01/2016 00:00:00","10/31/2016 00:00:00","0","ecl07868","03/29/2018 18:50:00","803001","ecl07868","03/29/2018 18:50:00","803001","48","07675","1","1","3"
"04046","ECL","11/01/2016 00:00:00","10/09/2019 00:00:00","0","ecl07868","03/29/2018 18:50:00","803001","ecl07868","03/29/2018 18:50:00","803001","48","07086","1","1","3"
"04048","ECL","01/01/2000 00:00:00","03/31/2013 00:00:00","0","ecl07868","03/29/2018 18:50:00","803001","ecl07868","03/29/2018 18:50:00","803001","07","07300","1","1","1"
"04048","ECL","04/01/2013 00:00:00","03/31/2014 00:00:00","0","ecl07868","03/29/2018 18:50:00","803001","ecl07868","03/29/2018 18:50:00","803001","49","07300","1","1","1"
"04048","ECL","04/01/2014 00:00:00","03/31/2016 00:00:00","0","ecl07868","03/29/2018 18:50:00","803001","ecl07868","03/29/2018 18:50:00","803001","49","07675","1","1","1"
"04048","ECL","04/01/2016 00:00:00","10/31/2016 00:00:00","0","ecl07868","03/29/2018 18:50:00","803001","ecl07868","03/29/2018 18:50:00","803001","48","07675","1","1","1"
"04048","ECL","11/01/2016 00:00:00","04/14/2019 00:00:00","0","ecl07868","03/29/2018 18:50:00","803001","ecl07868","03/29/2018 18:50:00","803001","48","07086","1","1","1"
"04050","ECL","01/01/2000 00:00:00","03/31/2013 00:00:00","0","ecl04321","03/29/2018 18:50:00","803001","ecl04321","03/29/2018 18:50:00","803001","07","05683","3","1",""
"04050","ECL","04/01/2013 00:00:00","05/31/2014 00:00:00","0","ecl04321","03/29/2018 18:50:00","803001","ecl04321","03/29/2018 18:50:00","803001","49","05683","3","1",""
"04050","ECL","06/01/2014 00:00:00","03/31/2016 00:00:00","0","ecl04321","03/29/2018 18:50:00","803001","ecl04321","03/29/2018 18:50:00","803001","49","05119","3","1",""
"04050","ECL","04/01/2016 00:00:00","03/31/2017 00:00:00","0","ecl04321","03/29/2018 18:50:00","803001","ecl04321","03/29/2018 18:50:00","803001","48","05119","3","1",""
"04050","ECL","04/01/2017 00:00:00","04/19/2018 00:00:00","0","ecl07189","03/29/2018 18:50:00","803001","ecl07189","03/29/2018 18:50:00","803001","51","05119","3","1",""
"04051","ECL","01/01/2000 00:00:00","03/31/2013 00:00:00","0","ecl07868","03/29/2018 18:50:00","803001","ecl07868","03/29/2018 18:50:00","803001","07","07675","1","1","3"
"04051","ECL","04/01/2013 00:00:00","03/31/2016 00:00:00","0","ecl02796","03/29/2018 18:50:00","803001","ecl02796","03/29/2018 18:50:00","803001","49","07675","1","1","3"
"04051","ECL","04/01/2016 00:00:00","10/31/2016 00:00:00","0","ecl02796","03/29/2018 18:50:00","803001","ecl02796","03/29/2018 18:50:00","803001","48","07675","1","1","3"
"04051","ECL","11/01/2016 00:00:00","10/09/2019 00:00:00","0","ecl07868","03/29/2018 18:50:00","803001","ecl07868","03/29/2018 18:50:00","803001","48","07086","1","1","3"
"04504","ECL","01/01/2000 00:00:00","03/31/2013 00:00:00","0","ecl07868","03/29/2018 18:50:00","803001","ecl07868","03/29/2018 18:50:00","803001","07","07675","1","1","3"
"04504","ECL","04/01/2013 00:00:00","03/31/2016 00:00:00","0","ecl07868","03/29/2018 18:50:00","803001","ecl07868","03/29/2018 18:50:00","803001","49","07675","1","1","3"
"04504","ECL","04/01/2016 00:00:00","10/31/2016 00:00:00","0","ecl07868","03/29/2018 18:50:00","803001","ecl07868","03/29/2018 18:50:00","803001","48","07675","1","1","3"
"04504","ECL","11/01/2016 00:00:00","10/09/2019 00:00:00","0","ecl07868","03/29/2018 18:50:00","803001","ecl07868","03/29/2018 18:50:00","803001","48","07086","1","1","3"
"04888","ECL","01/01/2000 00:00:00","03/31/2013 00:00:00","0","","03/29/2018 18:50:00","803001","","03/29/2018 18:50:00","803001","07","","","0",""
"04888","ECL","04/01/2013 00:00:00","03/31/2016 00:00:00","0","","03/29/2018 18:50:00","803001","","03/29/2018 18:50:00","803001","49","","","0",""
"04888","ECL","04/01/2016 00:00:00","12/31/9999 00:00:00","0","","03/29/2018 18:50:00","803001","","03/29/2018 18:50:00","803001","48","","","0",""
"04889","ECL","01/01/2000 00:00:00","03/31/2013 00:00:00","0","","03/29/2018 18:50:00","803001","","03/29/2018 18:50:00","803001","07","","","0",""
"04889","ECL","04/01/2013 00:00:00","03/31/2016 00:00:00","0","","03/29/2018 18:50:00","803001","","03/29/2018 18:50:00","803001","49","","","0",""
"04889","ECL","04/01/2016 00:00:00","12/31/9999 00:00:00","0","","03/29/2018 18:50:00","803001","","03/29/2018 18:50:00","803001","48","","","0",""
"04890","ECL","09/01/2011 00:00:00","08/31/2012 00:00:00","0","ecl05317","03/29/2018 18:50:00","803001","ecl05317","03/29/2018 18:50:00","803001","07","05683","2","0","2"
"04890","ECL","09/01/2012 00:00:00","03/31/2013 00:00:00","0","ecl04321","03/29/2018 18:50:00","803001","ecl04321","03/29/2018 18:50:00","803001","07","05296","2","0","2"
"04890","ECL","04/01/2013 00:00:00","11/30/2013 00:00:00","0","ecl04321","03/29/2018 18:50:00","803001","ecl04321","03/29/2018 18:50:00","803001","49","05296","2","0","2"
"04890","ECL","12/01/2013 00:00:00","05/31/2014 00:00:00","0","ecl04321","03/29/2018 18:50:00","803001","ecl04321","03/29/2018 18:50:00","803001","49","05683","2","0","2"
"04890","ECL","06/01/2014 00:00:00","03/31/2016 00:00:00","0","ecl04321","03/29/2018 18:50:00","803001","ecl04321","03/29/2018 18:50:00","803001","49","05119","2","0","2"
"04890","ECL","04/01/2016 00:00:00","10/08/2020 00:00:00","0","ecl04321","03/29/2018 18:50:00","803001","ecl04321","03/29/2018 18:50:00","803001","48","05119","2","0","2"
"05003","ECL","01/01/2000 00:00:00","03/31/2013 00:00:00","0","ecl07868","03/29/2018 18:50:00","803001","ecl07868","03/29/2018 18:50:00","803001","07","07300","1","1","3"
"05003","ECL","04/01/2013 00:00:00","03/31/2014 00:00:00","0","ecl07868","03/29/2018 18:50:00","803001","ecl07868","03/29/2018 18:50:00","803001","49","07300","1","1","3"
"05003","ECL","04/01/2014 00:00:00","03/31/2016 00:00:00","0","ecl07868","03/29/2018 18:50:00","803001","ecl07868","03/29/2018 18:50:00","803001","49","05245","1","1","3"
"05003","ECL","04/01/2016 00:00:00","10/31/2016 00:00:00","0","ecl07868","03/29/2018 18:50:00","803001","ecl07868","03/29/2018 18:50:00","803001","48","05245","1","1","3"
"05003","ECL","11/01/2016 00:00:00","10/09/2019 00:00:00","0","ecl07868","03/29/2018 18:50:00","803001","ecl07868","03/29/2018 18:50:00","803001","48","06343","1","1","3"
"05007","ECL","01/01/2000 00:00:00","03/31/2013 00:00:00","0","ecl07868","03/29/2018 18:50:00","803001","ecl07868","03/29/2018 18:50:00","803001","07","07300","3","1","3"
"05007","ECL","04/01/2013 00:00:00","03/31/2014 00:00:00","0","ecl07868","03/29/2018 18:50:00","803001","ecl07868","03/29/2018 18:50:00","803001","49","07300","3","1","3"
"05007","ECL","04/01/2014 00:00:00","03/31/2016 00:00:00","0","ecl07868","03/29/2018 18:50:00","803001","ecl07868","03/29/2018 18:50:00","803001","49","05245","3","1","3"
"05007","ECL","04/01/2016 00:00:00","10/31/2016 00:00:00","0","ecl07868","03/29/2018 18:50:00","803001","ecl07868","03/29/2018 18:50:00","803001","48","05245","3","1","3"
"05007","ECL","11/01/2016 00:00:00","04/14/2019 00:00:00","0","ecl07868","03/29/2018 18:50:00","803001","ecl07868","03/29/2018 18:50:00","803001","48","06343","3","1","3"
"05013","ECL","01/01/2000 00:00:00","03/31/2013 00:00:00","0","ecl07868","03/29/2018 18:50:00","803001","ecl07868","03/29/2018 18:50:00","803001","07","07300","1","1","3"
"05013","ECL","04/01/2013 00:00:00","03/31/2014 00:00:00","0","ecl07868","03/29/2018 18:50:00","803001","ecl07868","03/29/2018 18:50:00","803001","49","07300","1","1","3"
"05013","ECL","04/01/2014 00:00:00","03/31/2016 00:00:00","0","ecl07868","03/29/2018 18:50:00","803001","ecl07868","03/29/2018 18:50:00","803001","49","05245","1","1","3"
"05013","ECL","04/01/2016 00:00:00","10/31/2016 00:00:00","0","ecl07868","03/29/2018 18:50:00","803001","ecl07868","03/29/2018 18:50:00","803001","48","05245","1","1","3"
"05013","ECL","11/01/2016 00:00:00","04/14/2019 00:00:00","0","ecl07868","03/29/2018 18:50:00","803001","ecl07868","03/29/2018 18:50:00","803001","48","06343","1","1","3"
"05016","ECL","01/01/2000 00:00:00","03/31/2013 00:00:00","0","ecl07868","03/29/2018 18:50:00","803001","ecl07868","03/29/2018 18:50:00","803001","07","07300","1","1","3"
"05016","ECL","04/01/2013 00:00:00","03/31/2014 00:00:00","0","ecl07868","03/29/2018 18:50:00","803001","ecl07868","03/29/2018 18:50:00","803001","49","07300","1","1","3"
"05016","ECL","04/01/2014 00:00:00","03/31/2016 00:00:00","0","ecl07868","03/29/2018 18:50:00","803001","ecl07868","03/29/2018 18:50:00","803001","49","05245","1","1","3"
"05016","ECL","04/01/2016 00:00:00","10/31/2016 00:00:00","0","ecl07868","03/29/2018 18:50:00","803001","ecl07868","03/29/2018 18:50:00","803001","48","05245","1","1","3"
"05016","ECL","11/01/2016 00:00:00","04/14/2019 00:00:00","0","ecl07868","03/29/2018 18:50:00","803001","ecl07868","03/29/2018 18:50:00","803001","48","06343","1","1","3"
"05017","ECL","01/01/2000 00:00:00","03/31/2013 00:00:00","0","ecl07868","03/29/2018 18:50:00","803001","ecl07868","03/29/2018 18:50:00","803001","07","07300","1","1","1"
"05017","ECL","04/01/2013 00:00:00","03/31/2014 00:00:00","0","ecl07868","03/29/2018 18:50:00","803001","ecl07868","03/29/2018 18:50:00","803001","49","07300","1","1","1"
"05017","ECL","04/01/2014 00:00:00","03/31/2016 00:00:00","0","ecl07868","03/29/2018 18:50:00","803001","ecl07868","03/29/2018 18:50:00","803001","49","08362","1","1","1"
"05017","ECL","04/01/2016 00:00:00","10/31/2016 00:00:00","0","ecl07868","03/29/2018 18:50:00","803001","ecl07868","03/29/2018 18:50:00","803001","48","08362","1","1","1"
"05017","ECL","11/01/2016 00:00:00","04/14/2019 00:00:00","0","ecl07868","03/29/2018 18:50:00","803001","ecl07868","03/29/2018 18:50:00","803001","48","06343","1","1","1"
"05018","ECL","01/01/2000 00:00:00","03/31/2013 00:00:00","0","ecl07868","03/29/2018 18:50:00","803001","ecl07868","03/29/2018 18:50:00","803001","07","07300","1","1","3"
"05018","ECL","04/01/2013 00:00:00","03/31/2014 00:00:00","0","ecl02796","03/29/2018 18:50:00","803001","ecl02796","03/29/2018 18:50:00","803001","49","07300","1","1","3"
"05018","ECL","04/01/2014 00:00:00","03/31/2016 00:00:00","0","ecl07868","03/29/2018 18:50:00","803001","ecl07868","03/29/2018 18:50:00","803001","49","05245","1","1","3"
"05018","ECL","04/01/2016 00:00:00","10/31/2016 00:00:00","0","ecl07868","03/29/2018 18:50:00","803001","ecl07868","03/29/2018 18:50:00","803001","48","05245","1","1","3"
"05018","ECL","11/01/2016 00:00:00","04/14/2019 00:00:00","0","ecl07868","03/29/2018 18:50:00","803001","ecl07868","03/29/2018 18:50:00","803001","48","06343","1","1","3"
"05888","ECL","01/01/2000 00:00:00","03/31/2013 00:00:00","0","","03/29/2018 18:50:00","803001","","03/29/2018 18:50:00","803001","07","","","0",""
"05888","ECL","04/01/2013 00:00:00","03/31/2016 00:00:00","0","","03/29/2018 18:50:00","803001","","03/29/2018 18:50:00","803001","49","","","0",""
"05888","ECL","04/01/2016 00:00:00","12/31/9999 00:00:00","0","","03/29/2018 18:50:00","803001","","03/29/2018 18:50:00","803001","48","","","0",""
"05889","ECL","01/01/2000 00:00:00","03/31/2013 00:00:00","0","","03/29/2018 18:50:00","803001","","03/29/2018 18:50:00","803001","07","","","0",""
"05889","ECL","04/01/2013 00:00:00","03/31/2016 00:00:00","0","","03/29/2018 18:50:00","803001","","03/29/2018 18:50:00","803001","49","","","0",""
"05889","ECL","04/01/2016 00:00:00","12/31/9999 00:00:00","0","","03/29/2018 18:50:00","803001","","03/29/2018 18:50:00","803001","48","","","0",""
"06002","ECL","01/01/2000 00:00:00","03/31/2013 00:00:00","0","ecld0918","03/29/2018 18:50:00","803001","ecld0918","03/29/2018 18:50:00","803001","07","06808","3","1","3"
"06002","ECL","04/01/2013 00:00:00","04/30/2013 00:00:00","0","ecld0918","03/29/2018 18:50:00","803001","ecld0918","03/29/2018 18:50:00","803001","49","06808","3","1","3"
"06002","ECL","05/01/2013 00:00:00","03/31/2016 00:00:00","0","ips00015","03/29/2018 18:50:00","803001","ips00015","03/29/2018 18:50:00","803001","49","","3","1","3"
"06002","ECL","04/01/2016 00:00:00","12/31/9999 00:00:00","0","ips00015","03/29/2018 18:50:00","803001","ips00015","03/29/2018 18:50:00","803001","48","","3","1","3"
"06007","ECL","01/01/2000 00:00:00","09/30/2012 00:00:00","0","ecl07868","03/29/2018 18:50:00","803001","ecl07868","03/29/2018 18:50:00","803001","07","06808","1","1","3"
"06007","ECL","10/01/2012 00:00:00","03/31/2013 00:00:00","0","ecl07868","03/29/2018 18:50:00","803001","ecl07868","03/29/2018 18:50:00","803001","07","05666","1","1","3"
"06007","ECL","04/01/2013 00:00:00","03/31/2016 00:00:00","0","ecl07868","03/29/2018 18:50:00","803001","ecl07868","03/29/2018 18:50:00","803001","49","05666","1","1","3"
"06007","ECL","04/01/2016 00:00:00","04/14/2020 00:00:00","0","ecl07868","03/29/2018 18:50:00","803001","ecl07868","03/29/2018 18:50:00","803001","48","05666","1","1","3"
"06010","ECL","01/01/2000 00:00:00","09/30/2012 00:00:00","0","ecl07868","03/29/2018 18:50:00","803001","ecl07868","03/29/2018 18:50:00","803001","07","06808","3","1","3"
"06010","ECL","10/01/2012 00:00:00","03/31/2013 00:00:00","0","ecl07868","03/29/2018 18:50:00","803001","ecl07868","03/29/2018 18:50:00","803001","07","05666","3","1","3"
"06010","ECL","04/01/2013 00:00:00","03/31/2016 00:00:00","0","ecl07868","03/29/2018 18:50:00","803001","ecl07868","03/29/2018 18:50:00","803001","49","05666","3","1","3"
"06010","ECL","04/01/2016 00:00:00","04/14/2020 00:00:00","0","ecl07868","03/29/2018 18:50:00","803001","ecl07868","03/29/2018 18:50:00","803001","48","05666","3","1","3"
"06014","ECL","01/01/2000 00:00:00","09/30/2012 00:00:00","0","ecl07868","03/29/2018 18:50:00","803001","ecl07868","03/29/2018 18:50:00","803001","07","06808","1","1","3"
"06014","ECL","10/01/2012 00:00:00","03/31/2013 00:00:00","0","ecl07868","03/29/2018 18:50:00","803001","ecl07868","03/29/2018 18:50:00","803001","07","05666","1","1","3"
"06014","ECL","04/01/2013 00:00:00","03/31/2016 00:00:00","0","ecl07868","03/29/2018 18:50:00","803001","ecl07868","03/29/2018 18:50:00","803001","49","05666","1","1","3"
"06014","ECL","04/01/2016 00:00:00","04/14/2020 00:00:00","0","ecl07868","03/29/2018 18:50:00","803001","ecl07868","03/29/2018 18:50:00","803001","48","05666","1","1","3"
"06015","ECL","01/01/2000 00:00:00","09/30/2012 00:00:00","0","ecl07868","03/29/2018 18:50:00","803001","ecl07868","03/29/2018 18:50:00","803001","07","06808","1","1","3"
"06015","ECL","10/01/2012 00:00:00","03/31/2013 00:00:00","0","ecl07868","03/29/2018 18:50:00","803001","ecl07868","03/29/2018 18:50:00","803001","07","05666","1","1","3"
"06015","ECL","04/01/2013 00:00:00","03/31/2016 00:00:00","0","ecl07868","03/29/2018 18:50:00","803001","ecl07868","03/29/2018 18:50:00","803001","49","05666","1","1","3"
"06015","ECL","04/01/2016 00:00:00","04/14/2020 00:00:00","0","ecl07868","03/29/2018 18:50:00","803001","ecl07868","03/29/2018 18:50:00","803001","48","05666","1","1","3"
"06016","ECL","01/01/2000 00:00:00","09/30/2012 00:00:00","0","ecl07868","03/29/2018 18:50:00","803001","ecl07868","03/29/2018 18:50:00","803001","07","06808","1","1","3"
"06016","ECL","10/01/2012 00:00:00","03/31/2013 00:00:00","0","ecl02796","03/29/2018 18:50:00","803001","ecl02796","03/29/2018 18:50:00","803001","07","05666","1","1","3"
"06016","ECL","04/01/2013 00:00:00","03/31/2016 00:00:00","0","ecl02796","03/29/2018 18:50:00","803001","ecl02796","03/29/2018 18:50:00","803001","49","05666","1","1","3"
"06016","ECL","04/01/2016 00:00:00","04/14/2020 00:00:00","0","ecl02796","03/29/2018 18:50:00","803001","ecl02796","03/29/2018 18:50:00","803001","48","05666","1","1","3"
"06888","ECL","01/01/2000 00:00:00","03/31/2013 00:00:00","0","","03/29/2018 18:50:00","803001","","03/29/2018 18:50:00","803001","07","","","0",""
"06888","ECL","04/01/2013 00:00:00","03/31/2016 00:00:00","0","","03/29/2018 18:50:00","803001","","03/29/2018 18:50:00","803001","49","","","0",""
"06888","ECL","04/01/2016 00:00:00","12/31/9999 00:00:00","0","","03/29/2018 18:50:00","803001","","03/29/2018 18:50:00","803001","48","","","0",""
"06889","ECL","01/01/2000 00:00:00","03/31/2013 00:00:00","0","","03/29/2018 18:50:00","803001","","03/29/2018 18:50:00","803001","07","","","0",""
"06889","ECL","04/01/2013 00:00:00","03/31/2016 00:00:00","0","","03/29/2018 18:50:00","803001","","03/29/2018 18:50:00","803001","49","","","0",""
"06889","ECL","04/01/2016 00:00:00","12/31/9999 00:00:00","0","","03/29/2018 18:50:00","803001","","03/29/2018 18:50:00","803001","48","","","0",""
"07001","ECL","01/01/2000 00:00:00","03/31/2013 00:00:00","0","ecld0918","03/29/2018 18:50:00","803001","ecld0918","03/29/2018 18:50:00","803001","07","06808","3","1","3"
"07001","ECL","04/01/2013 00:00:00","04/30/2013 00:00:00","0","ecld0918","03/29/2018 18:50:00","803001","ecld0918","03/29/2018 18:50:00","803001","49","06808","3","1","3"
"07001","ECL","05/01/2013 00:00:00","03/31/2016 00:00:00","0","ips00015","03/29/2018 18:50:00","803001","ips00015","03/29/2018 18:50:00","803001","49","","3","1","3"
"07001","ECL","04/01/2016 00:00:00","12/31/9999 00:00:00","0","ips00015","03/29/2018 18:50:00","803001","ips00015","03/29/2018 18:50:00","803001","48","","3","1","3"
"07004","ECL","01/01/2000 00:00:00","09/30/2012 00:00:00","0","ecl07708","03/29/2018 18:50:00","803001","ecl07708","03/29/2018 18:50:00","803001","07","06808","1","1","3"
"07004","ECL","10/01/2012 00:00:00","03/31/2013 00:00:00","0","ecl07868","03/29/2018 18:50:00","803001","ecl07868","03/29/2018 18:50:00","803001","07","05666","1","1","3"
"07004","ECL","04/01/2013 00:00:00","03/31/2016 00:00:00","0","ecl07868","03/29/2018 18:50:00","803001","ecl07868","03/29/2018 18:50:00","803001","49","05666","1","1","3"
"07004","ECL","04/01/2016 00:00:00","04/14/2020 00:00:00","0","ecl07868","03/29/2018 18:50:00","803001","ecl07868","03/29/2018 18:50:00","803001","48","05666","1","1","3"
"07020","ECL","01/01/2000 00:00:00","09/30/2012 00:00:00","0","ecl07868","03/29/2018 18:50:00","803001","ecl07868","03/29/2018 18:50:00","803001","07","06808","1","1","3"
"07020","ECL","10/01/2012 00:00:00","03/31/2013 00:00:00","0","ecl07868","03/29/2018 18:50:00","803001","ecl07868","03/29/2018 18:50:00","803001","07","05666","1","1","3"
"07020","ECL","04/01/2013 00:00:00","03/31/2016 00:00:00","0","ecl07868","03/29/2018 18:50:00","803001","ecl07868","03/29/2018 18:50:00","803001","49","05666","1","1","3"
"07020","ECL","04/01/2016 00:00:00","10/09/2019 00:00:00","0","ecl07868","03/29/2018 18:50:00","803001","ecl07868","03/29/2018 18:50:00","803001","48","05666","1","1","3"
"07022","ECL","01/01/2000 00:00:00","09/30/2012 00:00:00","0","ecl07868","03/29/2018 18:50:00","803001","ecl07868","03/29/2018 18:50:00","803001","07","06808","3","1","3"
"07022","ECL","10/01/2012 00:00:00","03/31/2013 00:00:00","0","ecl07868","03/29/2018 18:50:00","803001","ecl07868","03/29/2018 18:50:00","803001","07","05666","3","1","3"
"07022","ECL","04/01/2013 00:00:00","03/31/2016 00:00:00","0","ecl07868","03/29/2018 18:50:00","803001","ecl07868","03/29/2018 18:50:00","803001","49","05666","3","1","3"
"07022","ECL","04/01/2016 00:00:00","04/14/2020 00:00:00","0","ecl07868","03/29/2018 18:50:00","803001","ecl07868","03/29/2018 18:50:00","803001","48","05666","3","1","3"
"07025","ECL","01/01/2000 00:00:00","09/30/2012 00:00:00","0","ecl07868","03/29/2018 18:50:00","803001","ecl07868","03/29/2018 18:50:00","803001","07","06808","1","1","3"
"07025","ECL","10/01/2012 00:00:00","03/31/2013 00:00:00","0","ecl07868","03/29/2018 18:50:00","803001","ecl07868","03/29/2018 18:50:00","803001","07","05666","1","1","3"
"07025","ECL","04/01/2013 00:00:00","03/31/2016 00:00:00","0","ecl07868","03/29/2018 18:50:00","803001","ecl07868","03/29/2018 18:50:00","803001","49","05666","1","1","3"
"07025","ECL","04/01/2016 00:00:00","04/14/2020 00:00:00","0","ecl07868","03/29/2018 18:50:00","803001","ecl07868","03/29/2018 18:50:00","803001","48","05666","1","1","3"
"07027","ECL","01/01/2000 00:00:00","03/31/2013 00:00:00","0","ecl04321","03/29/2018 18:50:00","803001","ecl04321","03/29/2018 18:50:00","803001","07","04737","3","1","3"
"07027","ECL","04/01/2013 00:00:00","11/30/2013 00:00:00","0","ecl04321","03/29/2018 18:50:00","803001","ecl04321","03/29/2018 18:50:00","803001","49","04737","3","1","3"
"07027","ECL","12/01/2013 00:00:00","03/31/2016 00:00:00","0","ecl04321","03/29/2018 18:50:00","803001","ecl04321","03/29/2018 18:50:00","803001","49","","3","1","3"
"07027","ECL","04/01/2016 00:00:00","12/31/9999 00:00:00","0","ecl04321","03/29/2018 18:50:00","803001","ecl04321","03/29/2018 18:50:00","803001","48","","3","1","3"
"07028","ECL","01/01/2000 00:00:00","09/30/2012 00:00:00","0","ecl07868","03/29/2018 18:50:00","803001","ecl07868","03/29/2018 18:50:00","803001","07","06808","1","1","3"
"07028","ECL","10/01/2012 00:00:00","03/31/2013 00:00:00","0","ecl02796","03/29/2018 18:50:00","803001","ecl02796","03/29/2018 18:50:00","803001","07","05666","1","1","3"
"07028","ECL","04/01/2013 00:00:00","03/31/2016 00:00:00","0","ecl02796","03/29/2018 18:50:00","803001","ecl02796","03/29/2018 18:50:00","803001","49","05666","1","1","3"
"07028","ECL","04/01/2016 00:00:00","04/14/2020 00:00:00","0","ecl02796","03/29/2018 18:50:00","803001","ecl02796","03/29/2018 18:50:00","803001","48","05666","1","1","3"
"07031","ECL","10/01/2017 00:00:00","04/14/2020 00:00:00","0","ecl07868","03/29/2018 18:50:00","803001","ecl07868","03/29/2018 18:50:00","803001","48","05666","","0",""
"07888","ECL","01/01/2000 00:00:00","03/31/2013 00:00:00","0","","03/29/2018 18:50:00","803001","","03/29/2018 18:50:00","803001","07","","","0",""
"07888","ECL","04/01/2013 00:00:00","03/31/2016 00:00:00","0","","03/29/2018 18:50:00","803001","","03/29/2018 18:50:00","803001","49","","","0",""
"07888","ECL","04/01/2016 00:00:00","12/31/9999 00:00:00","0","","03/29/2018 18:50:00","803001","","03/29/2018 18:50:00","803001","48","","","0",""
"07889","ECL","01/01/2000 00:00:00","03/31/2013 00:00:00","0","","03/29/2018 18:50:00","803001","","03/29/2018 18:50:00","803001","07","","","0",""
"07889","ECL","04/01/2013 00:00:00","03/31/2016 00:00:00","0","","03/29/2018 18:50:00","803001","","03/29/2018 18:50:00","803001","49","","","0",""
"07889","ECL","04/01/2016 00:00:00","12/31/9999 00:00:00","0","","03/29/2018 18:50:00","803001","","03/29/2018 18:50:00","803001","48","","","0",""
"08007","ECL","01/01/2000 00:00:00","03/31/2013 00:00:00","0","ecl06616","03/29/2018 18:50:00","803001","ecl06616","03/29/2018 18:50:00","803001","16","03894","1","1","3"
"08007","ECL","04/01/2013 00:00:00","03/31/2016 00:00:00","0","ecl06616","03/29/2018 18:50:00","803001","ecl06616","03/29/2018 18:50:00","803001","50","03894","1","1","3"
"08007","ECL","04/01/2016 00:00:00","10/31/2016 00:00:00","0","ecl06616","03/29/2018 18:50:00","803001","ecl06616","03/29/2018 18:50:00","803001","51","03894","1","1","3"
"08007","ECL","11/01/2016 00:00:00","12/31/9999 00:00:00","0","ecl07868","03/29/2018 18:50:00","803001","ecl07868","03/29/2018 18:50:00","803001","51","","1","1","3"
"08010","ECL","01/01/2000 00:00:00","03/31/2013 00:00:00","0","ecld0918","03/29/2018 18:50:00","803001","ecld0918","03/29/2018 18:50:00","803001","16","03894","1","1","1"
"08010","ECL","04/01/2013 00:00:00","03/31/2016 00:00:00","0","ecl07868","03/29/2018 18:50:00","803001","ecl07868","03/29/2018 18:50:00","803001","50","03894","1","1","1"
"08010","ECL","04/01/2016 00:00:00","09/30/2017 00:00:00","0","ecl07868","03/29/2018 18:50:00","803001","ecl07868","03/29/2018 18:50:00","803001","51","03894","1","1","1"
"08010","ECL","10/01/2017 00:00:00","04/14/2020 00:00:00","0","ecl05206","03/29/2018 18:50:00","803001","ecl05206","03/29/2018 18:50:00","803001","51","06189","1","1","1"
"08021","ECL","01/01/2000 00:00:00","03/31/2013 00:00:00","0","ecld0918","03/29/2018 18:50:00","803001","ecld0918","03/29/2018 18:50:00","803001","16","","1","1","1"
"08021","ECL","04/01/2013 00:00:00","08/31/2015 00:00:00","0","ecl07868","03/29/2018 18:50:00","803001","ecl07868","03/29/2018 18:50:00","803001","50","","1","1","1"
"08021","ECL","09/01/2015 00:00:00","03/31/2016 00:00:00","0","ecl07868","03/29/2018 18:50:00","803001","ecl07868","03/29/2018 18:50:00","803001","50","03894","1","1","1"
"08021","ECL","04/01/2016 00:00:00","09/30/2017 00:00:00","0","ecl07868","03/29/2018 18:50:00","803001","ecl07868","03/29/2018 18:50:00","803001","51","03894","1","1","1"
"08021","ECL","10/01/2017 00:00:00","04/14/2020 00:00:00","0","ecl05206","03/29/2018 18:50:00","803001","ecl05206","03/29/2018 18:50:00","803001","51","06189","1","1","1"
"08095","ECL","01/01/2000 00:00:00","03/31/2013 00:00:00","0","ecld0918","03/29/2018 18:50:00","803001","ecld0918","03/29/2018 18:50:00","803001","16","03894","3","1","3"
"08095","ECL","04/01/2013 00:00:00","03/31/2016 00:00:00","0","ecl07868","03/29/2018 18:50:00","803001","ecl07868","03/29/2018 18:50:00","803001","50","03894","3","1","3"
"08095","ECL","04/01/2016 00:00:00","09/30/2017 00:00:00","0","ecl07868","03/29/2018 18:50:00","803001","ecl07868","03/29/2018 18:50:00","803001","51","03894","3","1","3"
"08095","ECL","10/01/2017 00:00:00","04/14/2020 00:00:00","0","ecl05206","03/29/2018 18:50:00","803001","ecl05206","03/29/2018 18:50:00","803001","51","06189","3","1","3"
"08504","ECL","01/01/2000 00:00:00","03/31/2013 00:00:00","0","ecld0918","03/29/2018 18:50:00","803001","ecld0918","03/29/2018 18:50:00","803001","16","03894","1","1","1"
"08504","ECL","04/01/2013 00:00:00","03/31/2016 00:00:00","0","ecl07868","03/29/2018 18:50:00","803001","ecl07868","03/29/2018 18:50:00","803001","50","03894","1","1","1"
"08504","ECL","04/01/2016 00:00:00","09/30/2017 00:00:00","0","ecl07868","03/29/2018 18:50:00","803001","ecl07868","03/29/2018 18:50:00","803001","51","03894","1","1","1"
"08504","ECL","10/01/2017 00:00:00","04/14/2020 00:00:00","0","ecl05206","03/29/2018 18:50:00","803001","ecl05206","03/29/2018 18:50:00","803001","51","06189","1","1","1"
"08888","ECL","01/01/2000 00:00:00","03/31/2013 00:00:00","0","ecl04742","03/29/2018 18:50:00","803001","ecl04742","03/29/2018 18:50:00","803001","16","","","0",""
"08888","ECL","04/01/2013 00:00:00","03/31/2016 00:00:00","0","ecl04742","03/29/2018 18:50:00","803001","ecl04742","03/29/2018 18:50:00","803001","50","","","0",""
"08888","ECL","04/01/2016 00:00:00","12/31/9999 00:00:00","0","ecl04742","03/29/2018 18:50:00","803001","ecl04742","03/29/2018 18:50:00","803001","51","","","0",""
"08889","ECL","01/01/2000 00:00:00","03/31/2013 00:00:00","0","ecl04742","03/29/2018 18:50:00","803001","ecl04742","03/29/2018 18:50:00","803001","16","","","0",""
"08889","ECL","04/01/2013 00:00:00","03/31/2016 00:00:00","0","ecl04742","03/29/2018 18:50:00","803001","ecl04742","03/29/2018 18:50:00","803001","50","","","0",""
"08889","ECL","04/01/2016 00:00:00","12/31/9999 00:00:00","0","ecl04742","03/29/2018 18:50:00","803001","ecl04742","03/29/2018 18:50:00","803001","51","","","0",""
"09003","ECL","01/01/2000 00:00:00","03/31/2013 00:00:00","0","ecl07708","03/29/2018 18:50:00","803001","ecl07708","03/29/2018 18:50:00","803001","16","07830","1","1","1"
"09003","ECL","04/01/2013 00:00:00","04/30/2013 00:00:00","0","ecl07868","03/29/2018 18:50:00","803001","ecl07868","03/29/2018 18:50:00","803001","50","07830","1","1","1"
"09003","ECL","05/01/2013 00:00:00","09/30/2013 00:00:00","0","ips00015","03/29/2018 18:50:00","803001","ips00015","03/29/2018 18:50:00","803001","50","04907","1","1","1"
"09003","ECL","10/01/2013 00:00:00","03/31/2016 00:00:00","0","ecl07868","03/29/2018 18:50:00","803001","ecl07868","03/29/2018 18:50:00","803001","50","09025","1","1","1"
"09003","ECL","04/01/2016 00:00:00","10/31/2016 00:00:00","0","ecl07868","03/29/2018 18:50:00","803001","ecl07868","03/29/2018 18:50:00","803001","51","09025","1","1","1"
"09003","ECL","11/01/2016 00:00:00","09/30/2017 00:00:00","0","ecl07868","03/29/2018 18:50:00","803001","ecl07868","03/29/2018 18:50:00","803001","51","03894","1","1","1"
"09003","ECL","10/01/2017 00:00:00","04/14/2020 00:00:00","0","ecl05206","03/29/2018 18:50:00","803001","ecl05206","03/29/2018 18:50:00","803001","51","06189","1","1","1"
"09012","ECL","01/01/2000 00:00:00","03/31/2013 00:00:00","0","ecld0918","03/29/2018 18:50:00","803001","ecld0918","03/29/2018 18:50:00","803001","16","07830","1","1","3"
"09012","ECL","04/01/2013 00:00:00","04/30/2013 00:00:00","0","ecl07868","03/29/2018 18:50:00","803001","ecl07868","03/29/2018 18:50:00","803001","50","07830","1","1","3"
"09012","ECL","05/01/2013 00:00:00","09/30/2013 00:00:00","0","ips00015","03/29/2018 18:50:00","803001","ips00015","03/29/2018 18:50:00","803001","50","04907","1","1","3"
"09012","ECL","10/01/2013 00:00:00","03/31/2016 00:00:00","0","ecl07868","03/29/2018 18:50:00","803001","ecl07868","03/29/2018 18:50:00","803001","50","09025","1","1","3"
"09012","ECL","04/01/2016 00:00:00","10/31/2016 00:00:00","0","ecl07868","03/29/2018 18:50:00","803001","ecl07868","03/29/2018 18:50:00","803001","51","09025","1","1","3"
"09012","ECL","11/01/2016 00:00:00","09/30/2017 00:00:00","0","ecl07868","03/29/2018 18:50:00","803001","ecl07868","03/29/2018 18:50:00","803001","51","03894","1","1","3"
"09012","ECL","10/01/2017 00:00:00","04/14/2020 00:00:00","0","ecl05206","03/29/2018 18:50:00","803001","ecl05206","03/29/2018 18:50:00","803001","51","06189","1","1","3"
"09013","ECL","01/01/2000 00:00:00","03/31/2013 00:00:00","0","ecld0918","03/29/2018 18:50:00","803001","ecld0918","03/29/2018 18:50:00","803001","16","07830","1","1","3"
"09013","ECL","04/01/2013 00:00:00","04/30/2013 00:00:00","0","ecl07868","03/29/2018 18:50:00","803001","ecl07868","03/29/2018 18:50:00","803001","50","07830","1","1","3"
"09013","ECL","05/01/2013 00:00:00","09/30/2013 00:00:00","0","ips00015","03/29/2018 18:50:00","803001","ips00015","03/29/2018 18:50:00","803001","50","04907","1","1","3"
"09013","ECL","10/01/2013 00:00:00","03/31/2016 00:00:00","0","ecl07868","03/29/2018 18:50:00","803001","ecl07868","03/29/2018 18:50:00","803001","50","09025","1","1","3"
"09013","ECL","04/01/2016 00:00:00","10/31/2016 00:00:00","0","ecl07868","03/29/2018 18:50:00","803001","ecl07868","03/29/2018 18:50:00","803001","51","09025","1","1","3"
"09013","ECL","11/01/2016 00:00:00","09/30/2017 00:00:00","0","ecl07868","03/29/2018 18:50:00","803001","ecl07868","03/29/2018 18:50:00","803001","51","03894","1","1","3"
"09013","ECL","10/01/2017 00:00:00","04/14/2020 00:00:00","0","ecl05206","03/29/2018 18:50:00","803001","ecl05206","03/29/2018 18:50:00","803001","51","06189","1","1","3"
"09015","ECL","01/01/2000 00:00:00","03/31/2013 00:00:00","0","ecld0918","03/29/2018 18:50:00","803001","ecld0918","03/29/2018 18:50:00","803001","16","07830","1","1","1"
"09015","ECL","04/01/2013 00:00:00","04/30/2013 00:00:00","0","ecl07868","03/29/2018 18:50:00","803001","ecl07868","03/29/2018 18:50:00","803001","50","07830","1","1","1"
"09015","ECL","05/01/2013 00:00:00","09/30/2013 00:00:00","0","ips00015","03/29/2018 18:50:00","803001","ips00015","03/29/2018 18:50:00","803001","50","04907","1","1","1"
"09015","ECL","10/01/2013 00:00:00","03/31/2016 00:00:00","0","ecl07868","03/29/2018 18:50:00","803001","ecl07868","03/29/2018 18:50:00","803001","50","09025","1","1","1"
"09015","ECL","04/01/2016 00:00:00","10/31/2016 00:00:00","0","ecl07868","03/29/2018 18:50:00","803001","ecl07868","03/29/2018 18:50:00","803001","51","09025","1","1","1"
"09015","ECL","11/01/2016 00:00:00","09/30/2017 00:00:00","0","ecl07868","03/29/2018 18:50:00","803001","ecl07868","03/29/2018 18:50:00","803001","51","03894","1","1","1"
"09015","ECL","10/01/2017 00:00:00","04/14/2020 00:00:00","0","ecl05206","03/29/2018 18:50:00","803001","ecl05206","03/29/2018 18:50:00","803001","51","06189","1","1","1"
"09016","ECL","01/01/2000 00:00:00","03/31/2013 00:00:00","0","ecl03890","03/29/2018 18:50:00","803001","ecl03890","03/29/2018 18:50:00","803001","16","05119","1","0",""
"09016","ECL","04/01/2013 00:00:00","03/31/2016 00:00:00","0","ecl03890","03/29/2018 18:50:00","803001","ecl03890","03/29/2018 18:50:00","803001","50","05119","1","0",""
"09016","ECL","04/01/2016 00:00:00","10/08/2020 00:00:00","0","ecl03890","03/29/2018 18:50:00","803001","ecl03890","03/29/2018 18:50:00","803001","51","05119","1","0",""
"09888","ECL","01/01/2000 00:00:00","03/31/2013 00:00:00","0","ecl04742","03/29/2018 18:50:00","803001","ecl04742","03/29/2018 18:50:00","803001","16","","","0",""
"09888","ECL","04/01/2013 00:00:00","03/31/2016 00:00:00","0","ecl04742","03/29/2018 18:50:00","803001","ecl04742","03/29/2018 18:50:00","803001","50","","","0",""
"09888","ECL","04/01/2016 00:00:00","12/31/9999 00:00:00","0","ecl04742","03/29/2018 18:50:00","803001","ecl04742","03/29/2018 18:50:00","803001","51","","","0",""
"09889","ECL","01/01/2000 00:00:00","03/31/2013 00:00:00","0","ecld0913","03/29/2018 18:50:00","803001","ecld0913","03/29/2018 18:50:00","803001","16","","","0",""
"09889","ECL","04/01/2013 00:00:00","03/31/2016 00:00:00","0","ecld0913","03/29/2018 18:50:00","803001","ecld0913","03/29/2018 18:50:00","803001","50","","","0",""
"09889","ECL","04/01/2016 00:00:00","12/31/9999 00:00:00","0","ecld0913","03/29/2018 18:50:00","803001","ecld0913","03/29/2018 18:50:00","803001","51","","","0",""
"10002","ECL","01/01/2000 00:00:00","03/31/2013 00:00:00","0","ecld0918","03/29/2018 18:50:00","803001","ecld0918","03/29/2018 18:50:00","803001","16","07830","1","1","1"
"10002","ECL","04/01/2013 00:00:00","04/30/2013 00:00:00","0","ecl02796","03/29/2018 18:50:00","803001","ecl02796","03/29/2018 18:50:00","803001","50","07830","1","1","1"
"10002","ECL","05/01/2013 00:00:00","09/30/2013 00:00:00","0","ips00015","03/29/2018 18:50:00","803001","ips00015","03/29/2018 18:50:00","803001","50","04907","1","1","1"
"10002","ECL","10/01/2013 00:00:00","03/31/2016 00:00:00","0","ecl07868","03/29/2018 18:50:00","803001","ecl07868","03/29/2018 18:50:00","803001","50","09025","1","1","1"
"10002","ECL","04/01/2016 00:00:00","09/30/2017 00:00:00","0","ecl07868","03/29/2018 18:50:00","803001","ecl07868","03/29/2018 18:50:00","803001","51","09025","1","1","1"
"10002","ECL","10/01/2017 00:00:00","04/14/2019 00:00:00","0","ecl05206","03/29/2018 18:50:00","803001","ecl05206","03/29/2018 18:50:00","803001","51","07042","1","1","1"
"10008","ECL","01/01/2000 00:00:00","03/31/2013 00:00:00","0","ecl04321","03/29/2018 18:50:00","803001","ecl04321","03/29/2018 18:50:00","803001","18","05496","","0",""
"10008","ECL","04/01/2013 00:00:00","11/30/2013 00:00:00","0","ecl04321","03/29/2018 18:50:00","803001","ecl04321","03/29/2018 18:50:00","803001","51","05496","","0",""
"10008","ECL","12/01/2013 00:00:00","05/31/2014 00:00:00","0","ecl04321","03/29/2018 18:50:00","803001","ecl04321","03/29/2018 18:50:00","803001","51","05683","","0",""
"10008","ECL","06/01/2014 00:00:00","10/31/2015 00:00:00","0","ecl04321","03/29/2018 18:50:00","803001","ecl04321","03/29/2018 18:50:00","803001","51","05923","","0",""
"10008","ECL","11/01/2015 00:00:00","10/09/2019 00:00:00","0","ecl04321","03/29/2018 18:50:00","803001","ecl04321","03/29/2018 18:50:00","803001","51","05296","","0",""
"10009","ECL","01/01/2000 00:00:00","03/31/2013 00:00:00","0","ecld0918","03/29/2018 18:50:00","803001","ecld0918","03/29/2018 18:50:00","803001","16","07830","1","1","1"
"10009","ECL","04/01/2013 00:00:00","04/30/2013 00:00:00","0","ecl07868","03/29/2018 18:50:00","803001","ecl07868","03/29/2018 18:50:00","803001","50","07830","1","1","1"
"10009","ECL","05/01/2013 00:00:00","09/30/2013 00:00:00","0","ips00015","03/29/2018 18:50:00","803001","ips00015","03/29/2018 18:50:00","803001","50","04907","1","1","1"
"10009","ECL","10/01/2013 00:00:00","03/31/2016 00:00:00","0","ecl07868","03/29/2018 18:50:00","803001","ecl07868","03/29/2018 18:50:00","803001","50","09025","1","1","1"
"10009","ECL","04/01/2016 00:00:00","09/30/2017 00:00:00","0","ecl07868","03/29/2018 18:50:00","803001","ecl07868","03/29/2018 18:50:00","803001","51","09025","1","1","1"
"10009","ECL","10/01/2017 00:00:00","04/14/2019 00:00:00","0","ecl05206","03/29/2018 18:50:00","803001","ecl05206","03/29/2018 18:50:00","803001","51","07042","1","1","1"
"10018","ECL","01/01/2000 00:00:00","03/31/2013 00:00:00","0","ecl04291","03/29/2018 18:50:00","803001","ecl04291","03/29/2018 18:50:00","803001","16","07830","1","1","3"
"10018","ECL","04/01/2013 00:00:00","04/30/2013 00:00:00","0","ecl07868","03/29/2018 18:50:00","803001","ecl07868","03/29/2018 18:50:00","803001","50","07830","1","1","3"
"10018","ECL","05/01/2013 00:00:00","09/30/2013 00:00:00","0","ips00015","03/29/2018 18:50:00","803001","ips00015","03/29/2018 18:50:00","803001","50","04907","1","1","3"
"10018","ECL","10/01/2013 00:00:00","03/31/2016 00:00:00","0","ecl07868","03/29/2018 18:50:00","803001","ecl07868","03/29/2018 18:50:00","803001","50","09025","1","1","3"
"10018","ECL","04/01/2016 00:00:00","09/30/2017 00:00:00","0","ecl07868","03/29/2018 18:50:00","803001","ecl07868","03/29/2018 18:50:00","803001","51","09025","1","1","3"
"10018","ECL","10/01/2017 00:00:00","04/14/2019 00:00:00","0","ecl05206","03/29/2018 18:50:00","803001","ecl05206","03/29/2018 18:50:00","803001","51","07042","1","1","3"
"10022","ECL","01/01/2000 00:00:00","03/31/2013 00:00:00","0","ecl04321","03/29/2018 18:50:00","803001","ecl04321","03/29/2018 18:50:00","803001","16","05496","2","0",""
"10022","ECL","04/01/2013 00:00:00","11/30/2013 00:00:00","0","ecl04321","03/29/2018 18:50:00","803001","ecl04321","03/29/2018 18:50:00","803001","50","05496","2","0",""
"10022","ECL","12/01/2013 00:00:00","05/31/2014 00:00:00","0","ecl04321","03/29/2018 18:50:00","803001","ecl04321","03/29/2018 18:50:00","803001","50","05683","2","0",""
"10022","ECL","06/01/2014 00:00:00","10/31/2015 00:00:00","0","ecl04321","03/29/2018 18:50:00","803001","ecl04321","03/29/2018 18:50:00","803001","50","05923","2","0",""
"10022","ECL","11/01/2015 00:00:00","03/31/2016 00:00:00","0","ecl04321","03/29/2018 18:50:00","803001","ecl04321","03/29/2018 18:50:00","803001","50","05296","2","0",""
"10022","ECL","04/01/2016 00:00:00","10/31/2016 00:00:00","0","ecl04321","03/29/2018 18:50:00","803001","ecl04321","03/29/2018 18:50:00","803001","51","05296","2","0",""
"10022","ECL","11/01/2016 00:00:00","10/08/2020 00:00:00","0","ecl07189","03/29/2018 18:50:00","803001","ecl07189","03/29/2018 18:50:00","803001","51","05119","2","0",""
"10023","ECL","01/01/2000 00:00:00","03/31/2013 00:00:00","0","ecl04321","03/29/2018 18:50:00","803001","ecl04321","03/29/2018 18:50:00","803001","16","05496","2","0",""
"10023","ECL","04/01/2013 00:00:00","11/30/2013 00:00:00","0","ecl04321","03/29/2018 18:50:00","803001","ecl04321","03/29/2018 18:50:00","803001","50","05496","2","0",""
"10023","ECL","12/01/2013 00:00:00","05/31/2014 00:00:00","0","ecl04321","03/29/2018 18:50:00","803001","ecl04321","03/29/2018 18:50:00","803001","50","05683","2","0",""
"10023","ECL","06/01/2014 00:00:00","10/31/2015 00:00:00","0","ecl04321","03/29/2018 18:50:00","803001","ecl04321","03/29/2018 18:50:00","803001","50","05923","2","0",""
"10023","ECL","11/01/2015 00:00:00","03/31/2016 00:00:00","0","ecl04321","03/29/2018 18:50:00","803001","ecl04321","03/29/2018 18:50:00","803001","50","05296","2","0",""
"10023","ECL","04/01/2016 00:00:00","10/31/2016 00:00:00","0","ecl04321","03/29/2018 18:50:00","803001","ecl04321","03/29/2018 18:50:00","803001","51","05296","2","0",""
"10023","ECL","11/01/2016 00:00:00","10/08/2020 00:00:00","0","ecl07189","03/29/2018 18:50:00","803001","ecl07189","03/29/2018 18:50:00","803001","51","05119","2","0",""
"10024","ECL","01/01/2000 00:00:00","03/31/2013 00:00:00","0","ecld0918","03/29/2018 18:50:00","803001","ecld0918","03/29/2018 18:50:00","803001","16","07830","1","1",""
"10024","ECL","04/01/2013 00:00:00","04/30/2013 00:00:00","0","ecl07868","03/29/2018 18:50:00","803001","ecl07868","03/29/2018 18:50:00","803001","50","07830","1","1",""
"10024","ECL","05/01/2013 00:00:00","09/30/2013 00:00:00","0","ips00015","03/29/2018 18:50:00","803001","ips00015","03/29/2018 18:50:00","803001","50","04907","1","1",""
"10024","ECL","10/01/2013 00:00:00","03/31/2016 00:00:00","0","ecl07868","03/29/2018 18:50:00","803001","ecl07868","03/29/2018 18:50:00","803001","50","09025","1","1",""
"10024","ECL","04/01/2016 00:00:00","10/31/2016 00:00:00","0","ecl07868","03/29/2018 18:50:00","803001","ecl07868","03/29/2018 18:50:00","803001","51","09025","1","1",""
"10024","ECL","11/01/2016 00:00:00","12/31/9999 00:00:00","0","ecl07868","03/29/2018 18:50:00","803001","ecl07868","03/29/2018 18:50:00","803001","51","","1","1",""
"10888","ECL","01/01/2000 00:00:00","03/31/2013 00:00:00","0","ecl04742","03/29/2018 18:50:00","803001","ecl04742","03/29/2018 18:50:00","803001","16","","","0",""
"10888","ECL","04/01/2013 00:00:00","03/31/2016 00:00:00","0","ecl04742","03/29/2018 18:50:00","803001","ecl04742","03/29/2018 18:50:00","803001","50","","","0",""
"10888","ECL","04/01/2016 00:00:00","12/31/9999 00:00:00","0","ecl04742","03/29/2018 18:50:00","803001","ecl04742","03/29/2018 18:50:00","803001","51","","","0",""
"10889","ECL","01/01/2000 00:00:00","03/31/2013 00:00:00","0","ecl04742","03/29/2018 18:50:00","803001","ecl04742","03/29/2018 18:50:00","803001","16","","","0",""
"10889","ECL","04/01/2013 00:00:00","03/31/2016 00:00:00","0","ecl04742","03/29/2018 18:50:00","803001","ecl04742","03/29/2018 18:50:00","803001","50","","","0",""
"10889","ECL","04/01/2016 00:00:00","12/31/9999 00:00:00","0","ecl04742","03/29/2018 18:50:00","803001","ecl04742","03/29/2018 18:50:00","803001","51","","","0",""
"11004","ECL","01/01/2000 00:00:00","03/31/2013 00:00:00","0","ecl07868","03/29/2018 18:50:00","803001","ecl07868","03/29/2018 18:50:00","803001","18","03122","1","1","1"
"11004","ECL","04/01/2013 00:00:00","04/30/2013 00:00:00","0","ecl07868","03/29/2018 18:50:00","803001","ecl07868","03/29/2018 18:50:00","803001","51","03122","1","1","1"
"11004","ECL","05/01/2013 00:00:00","04/30/2015 00:00:00","0","ips00015","03/29/2018 18:50:00","803001","ips00015","03/29/2018 18:50:00","803001","51","06720","1","1","1"
"11004","ECL","05/01/2015 00:00:00","04/19/2018 00:00:00","0","ecl07868","03/29/2018 18:50:00","803001","ecl07868","03/29/2018 18:50:00","803001","51","09776","1","1","1"
"11008","ECL","01/01/2000 00:00:00","03/31/2013 00:00:00","0","ecld0918","03/29/2018 18:50:00","803001","ecld0918","03/29/2018 18:50:00","803001","18","03122","1","1","3"
"11008","ECL","04/01/2013 00:00:00","04/30/2013 00:00:00","0","ecl02796","03/29/2018 18:50:00","803001","ecl02796","03/29/2018 18:50:00","803001","51","03122","1","1","3"
"11008","ECL","05/01/2013 00:00:00","04/30/2015 00:00:00","0","ips00015","03/29/2018 18:50:00","803001","ips00015","03/29/2018 18:50:00","803001","51","06720","1","1","3"
"11008","ECL","05/01/2015 00:00:00","04/19/2018 00:00:00","0","ecl07868","03/29/2018 18:50:00","803001","ecl07868","03/29/2018 18:50:00","803001","51","09776","1","1","3"
"11009","ECL","01/01/2000 00:00:00","03/31/2013 00:00:00","0","ecld0918","03/29/2018 18:50:00","803001","ecld0918","03/29/2018 18:50:00","803001","18","03122","1","1","1"
"11009","ECL","04/01/2013 00:00:00","04/30/2013 00:00:00","0","ecld0918","03/29/2018 18:50:00","803001","ecld0918","03/29/2018 18:50:00","803001","51","03122","1","1","1"
"11009","ECL","05/01/2013 00:00:00","04/30/2015 00:00:00","0","ips00015","03/29/2018 18:50:00","803001","ips00015","03/29/2018 18:50:00","803001","51","06720","1","1","1"
"11009","ECL","05/01/2015 00:00:00","04/23/2018 00:00:00","0","ecl07868","03/29/2018 18:50:00","803001","ecl07868","03/29/2018 18:50:00","803001","51","09776","1","1","1"
"11022","ECL","01/01/2000 00:00:00","03/31/2013 00:00:00","0","ecl04321","03/29/2018 18:50:00","803001","ecl04321","03/29/2018 18:50:00","803001","18","04737","3","0",""
"11022","ECL","04/01/2013 00:00:00","11/30/2013 00:00:00","0","ecl04321","03/29/2018 18:50:00","803001","ecl04321","03/29/2018 18:50:00","803001","51","04737","3","0",""
"11022","ECL","12/01/2013 00:00:00","12/31/9999 00:00:00","0","ecl04321","03/29/2018 18:50:00","803001","ecl04321","03/29/2018 18:50:00","803001","51","","3","0",""
"11024","ECL","01/01/2000 00:00:00","03/31/2013 00:00:00","0","ecld0918","03/29/2018 18:50:00","803001","ecld0918","03/29/2018 18:50:00","803001","18","03122","1","1","1"
"11024","ECL","04/01/2013 00:00:00","04/30/2013 00:00:00","0","ecld0918","03/29/2018 18:50:00","803001","ecld0918","03/29/2018 18:50:00","803001","51","03122","1","1","1"
"11024","ECL","05/01/2013 00:00:00","04/30/2015 00:00:00","0","ips00015","03/29/2018 18:50:00","803001","ips00015","03/29/2018 18:50:00","803001","51","06720","1","1","1"
"11024","ECL","05/01/2015 00:00:00","04/14/2020 00:00:00","0","ecl07868","03/29/2018 18:50:00","803001","ecl07868","03/29/2018 18:50:00","803001","51","09776","1","1","1"
"11026","ECL","01/01/2000 00:00:00","03/31/2013 00:00:00","0","ecl02796","03/29/2018 18:50:00","803001","ecl02796","03/29/2018 18:50:00","803001","18","","1","1","1"
"11026","ECL","04/01/2013 00:00:00","04/30/2013 00:00:00","0","ecl07868","03/29/2018 18:50:00","803001","ecl07868","03/29/2018 18:50:00","803001","51","","1","1","1"
"11026","ECL","05/01/2013 00:00:00","04/30/2015 00:00:00","0","ips00015","03/29/2018 18:50:00","803001","ips00015","03/29/2018 18:50:00","803001","51","06720","1","1","1"
"11026","ECL","05/01/2015 00:00:00","04/19/2018 00:00:00","0","ecl07868","03/29/2018 18:50:00","803001","ecl07868","03/29/2018 18:50:00","803001","51","09776","1","1","1"
"11111","ECL","01/01/2000 00:00:00","03/31/2013 00:00:00","0","ips00015","03/29/2018 18:50:00","803001","ips00015","03/29/2018 18:50:00","803001","18","","","0",""
"11111","ECL","04/01/2013 00:00:00","01/31/2014 00:00:00","0","ips00015","03/29/2018 18:50:00","803001","ips00015","03/29/2018 18:50:00","803001","49","","","0",""
"11111","ECL","02/01/2014 00:00:00","12/31/9999 00:00:00","0","ips00015","03/29/2018 18:50:00","803001","ips00015","03/29/2018 18:50:00","803001","51","","","0",""
"11888","ECL","01/01/2000 00:00:00","03/31/2013 00:00:00","0","ecl04742","03/29/2018 18:50:00","803001","ecl04742","03/29/2018 18:50:00","803001","18","","","0",""
"11888","ECL","04/01/2013 00:00:00","12/31/9999 00:00:00","0","ecl04742","03/29/2018 18:50:00","803001","ecl04742","03/29/2018 18:50:00","803001","51","","","0",""
"11889","ECL","01/01/2000 00:00:00","03/31/2013 00:00:00","0","ecl04742","03/29/2018 18:50:00","803001","ecl04742","03/29/2018 18:50:00","803001","18","","","0",""
"11889","ECL","04/01/2013 00:00:00","12/31/9999 00:00:00","0","ecl04742","03/29/2018 18:50:00","803001","ecl04742","03/29/2018 18:50:00","803001","51","","","0",""
"11890","ECL","09/01/2011 00:00:00","03/31/2013 00:00:00","0","ecl05317","03/29/2018 18:50:00","803001","ecl05317","03/29/2018 18:50:00","803001","18","05683","2","0","2"
"11890","ECL","04/01/2013 00:00:00","05/31/2014 00:00:00","0","ecl05317","03/29/2018 18:50:00","803001","ecl05317","03/29/2018 18:50:00","803001","51","05683","2","0","2"
"11890","ECL","06/01/2014 00:00:00","10/31/2015 00:00:00","0","ecl04321","03/29/2018 18:50:00","803001","ecl04321","03/29/2018 18:50:00","803001","51","05923","2","0","2"
"11890","ECL","11/01/2015 00:00:00","03/31/2017 00:00:00","0","ecl04321","03/29/2018 18:50:00","803001","ecl04321","03/29/2018 18:50:00","803001","51","05296","2","0","2"
"11890","ECL","04/01/2017 00:00:00","04/14/2020 00:00:00","0","ecl07189","03/29/2018 18:50:00","803001","ecl07189","03/29/2018 18:50:00","803001","51","05119","2","0","2"
"12001","ECL","01/01/2000 00:00:00","03/31/2013 00:00:00","0","ecl05573","03/29/2018 18:50:00","803001","ecl05573","03/29/2018 18:50:00","803001","18","07507","1","1","3"
"12001","ECL","04/01/2013 00:00:00","09/30/2013 00:00:00","0","ecl07868","03/29/2018 18:50:00","803001","ecl07868","03/29/2018 18:50:00","803001","51","07507","1","1","3"
"12001","ECL","10/01/2013 00:00:00","10/31/2016 00:00:00","0","ecl07868","03/29/2018 18:50:00","803001","ecl07868","03/29/2018 18:50:00","803001","51","08164","1","1","3"
"12001","ECL","11/01/2016 00:00:00","04/14/2019 00:00:00","0","ecl07868","03/29/2018 18:50:00","803001","ecl07868","03/29/2018 18:50:00","803001","51","08362","1","1","3"
"12004","ECL","01/01/2000 00:00:00","03/31/2013 00:00:00","0","ecl07868","03/29/2018 18:50:00","803001","ecl07868","03/29/2018 18:50:00","803001","18","07507","1","1","1"
"12004","ECL","04/01/2013 00:00:00","09/30/2013 00:00:00","0","ecl07868","03/29/2018 18:50:00","803001","ecl07868","03/29/2018 18:50:00","803001","51","07507","1","1","1"
"12004","ECL","10/01/2013 00:00:00","08/31/2015 00:00:00","0","ecl07868","03/29/2018 18:50:00","803001","ecl07868","03/29/2018 18:50:00","803001","51","08164","1","1","1"
"12004","ECL","09/01/2015 00:00:00","09/30/2017 00:00:00","0","ecl07868","03/29/2018 18:50:00","803001","ecl07868","03/29/2018 18:50:00","803001","51","05115","1","1","1"
"12004","ECL","10/01/2017 00:00:00","04/14/2019 00:00:00","0","ecl05206","03/29/2018 18:50:00","803001","ecl05206","03/29/2018 18:50:00","803001","51","08362","1","1","1"
"12008","ECL","01/01/2000 00:00:00","03/31/2013 00:00:00","0","ecld0918","03/29/2018 18:50:00","803001","ecld0918","03/29/2018 18:50:00","803001","18","03141","1","1","3"
"12008","ECL","04/01/2013 00:00:00","04/30/2013 00:00:00","0","ecl02796","03/29/2018 18:50:00","803001","ecl02796","03/29/2018 18:50:00","803001","51","03141","1","1","3"
"12008","ECL","05/01/2013 00:00:00","09/30/2013 00:00:00","0","ips00015","03/29/2018 18:50:00","803001","ips00015","03/29/2018 18:50:00","803001","51","07507","1","1","3"
"12008","ECL","10/01/2013 00:00:00","10/31/2016 00:00:00","0","ecl07868","03/29/2018 18:50:00","803001","ecl07868","03/29/2018 18:50:00","803001","51","08164","1","1","3"
"12008","ECL","11/01/2016 00:00:00","04/14/2019 00:00:00","0","ecl07868","03/29/2018 18:50:00","803001","ecl07868","03/29/2018 18:50:00","803001","51","08362","1","1","3"
"12010","ECL","01/01/2000 00:00:00","03/31/2013 00:00:00","0","ecld0918","03/29/2018 18:50:00","803001","ecld0918","03/29/2018 18:50:00","803001","18","03141","1","1","1"
"12010","ECL","04/01/2013 00:00:00","04/30/2013 00:00:00","0","ecld0918","03/29/2018 18:50:00","803001","ecld0918","03/29/2018 18:50:00","803001","51","03141","1","1","1"
"12010","ECL","05/01/2013 00:00:00","04/14/2019 00:00:00","0","ips00015","03/29/2018 18:50:00","803001","ips00015","03/29/2018 18:50:00","803001","51","05115","1","1","1"
"12033","ECL","01/01/2000 00:00:00","03/31/2013 00:00:00","0","ecl04321","03/29/2018 18:50:00","803001","ecl04321","03/29/2018 18:50:00","803001","18","05496","2","0",""
"12033","ECL","04/01/2013 00:00:00","11/30/2013 00:00:00","0","ecl04321","03/29/2018 18:50:00","803001","ecl04321","03/29/2018 18:50:00","803001","51","05496","2","0",""
"12033","ECL","12/01/2013 00:00:00","05/31/2014 00:00:00","0","ecl04321","03/29/2018 18:50:00","803001","ecl04321","03/29/2018 18:50:00","803001","51","","2","0",""
"12033","ECL","06/01/2014 00:00:00","10/08/2020 00:00:00","0","ecl04321","03/29/2018 18:50:00","803001","ecl04321","03/29/2018 18:50:00","803001","51","05119","2","0",""
"12037","ECL","01/01/2000 00:00:00","03/31/2013 00:00:00","0","ecld0918","03/29/2018 18:50:00","803001","ecld0918","03/29/2018 18:50:00","803001","18","","1","1","1"
"12037","ECL","04/01/2013 00:00:00","04/30/2013 00:00:00","0","ecl07868","03/29/2018 18:50:00","803001","ecl07868","03/29/2018 18:50:00","803001","51","","1","1","1"
"12037","ECL","05/01/2013 00:00:00","09/30/2013 00:00:00","0","ips00015","03/29/2018 18:50:00","803001","ips00015","03/29/2018 18:50:00","803001","51","07507","1","1","1"
"12037","ECL","10/01/2013 00:00:00","10/31/2016 00:00:00","0","ecl07868","03/29/2018 18:50:00","803001","ecl07868","03/29/2018 18:50:00","803001","51","08164","1","1","1"
"12037","ECL","11/01/2016 00:00:00","04/14/2019 00:00:00","0","ecl07868","03/29/2018 18:50:00","803001","ecl07868","03/29/2018 18:50:00","803001","51","08362","1","1","1"
"12888","ECL","01/01/2000 00:00:00","03/31/2013 00:00:00","0","ecl04742","03/29/2018 18:50:00","803001","ecl04742","03/29/2018 18:50:00","803001","18","","","0",""
"12888","ECL","04/01/2013 00:00:00","12/31/9999 00:00:00","0","ecl04742","03/29/2018 18:50:00","803001","ecl04742","03/29/2018 18:50:00","803001","51","","","0",""
"12889","ECL","01/01/2000 00:00:00","03/31/2013 00:00:00","0","ecl04742","03/29/2018 18:50:00","803001","ecl04742","03/29/2018 18:50:00","803001","18","","","0",""
"12889","ECL","04/01/2013 00:00:00","12/31/9999 00:00:00","0","ecl04742","03/29/2018 18:50:00","803001","ecl04742","03/29/2018 18:50:00","803001","51","","","0",""
"13003","ECL","01/01/2000 00:00:00","03/31/2013 00:00:00","0","ecld0918","03/29/2018 18:50:00","803001","ecld0918","03/29/2018 18:50:00","803001","17","05496","2","0","3"
"13003","ECL","04/01/2013 00:00:00","11/30/2013 00:00:00","0","ecld0918","03/29/2018 18:50:00","803001","ecld0918","03/29/2018 18:50:00","803001","51","05496","2","0","3"
"13003","ECL","12/01/2013 00:00:00","05/31/2014 00:00:00","0","ecl04321","03/29/2018 18:50:00","803001","ecl04321","03/29/2018 18:50:00","803001","51","05683","2","0","3"
"13003","ECL","06/01/2014 00:00:00","10/31/2015 00:00:00","0","ecl04321","03/29/2018 18:50:00","803001","ecl04321","03/29/2018 18:50:00","803001","51","05923","2","0","3"
"13003","ECL","11/01/2015 00:00:00","04/19/2018 00:00:00","0","ecl04321","03/29/2018 18:50:00","803001","ecl04321","03/29/2018 18:50:00","803001","51","05296","2","0","3"
"13010","ECL","01/01/2000 00:00:00","03/31/2013 00:00:00","0","ecld0918","03/29/2018 18:50:00","803001","ecld0918","03/29/2018 18:50:00","803001","17","03349","1","1","3"
"13010","ECL","04/01/2013 00:00:00","04/30/2013 00:00:00","0","ecl07868","03/29/2018 18:50:00","803001","ecl07868","03/29/2018 18:50:00","803001","51","03349","1","1","3"
"13010","ECL","05/01/2013 00:00:00","03/31/2014 00:00:00","0","ips00015","03/29/2018 18:50:00","803001","ips00015","03/29/2018 18:50:00","803001","51","06147","1","1","3"
"13010","ECL","04/01/2014 00:00:00","04/14/2020 00:00:00","0","ecl07868","03/29/2018 18:50:00","803001","ecl07868","03/29/2018 18:50:00","803001","51","05711","1","1","3"
"13012","ECL","01/01/2000 00:00:00","09/30/2011 00:00:00","0","ecl06595","03/29/2018 18:50:00","803001","ecl06595","03/29/2018 18:50:00","803001","17","05496","2","0","2"
"13012","ECL","10/01/2011 00:00:00","03/31/2013 00:00:00","0","ecl04321","03/29/2018 18:50:00","803001","ecl04321","03/29/2018 18:50:00","803001","17","05683","2","0","2"
"13012","ECL","04/01/2013 00:00:00","05/31/2014 00:00:00","0","ecl04321","03/29/2018 18:50:00","803001","ecl04321","03/29/2018 18:50:00","803001","51","05683","2","0","2"
"13012","ECL","06/01/2014 00:00:00","10/08/2020 00:00:00","0","ecl04321","03/29/2018 18:50:00","803001","ecl04321","03/29/2018 18:50:00","803001","51","05119","2","0","2"
"13013","ECL","01/01/2000 00:00:00","03/31/2013 00:00:00","0","ecld0918","03/29/2018 18:50:00","803001","ecld0918","03/29/2018 18:50:00","803001","17","05884","1","1","3"
"13013","ECL","04/01/2013 00:00:00","03/31/2014 00:00:00","0","ecl07868","03/29/2018 18:50:00","803001","ecl07868","03/29/2018 18:50:00","803001","51","05884","1","1","3"
"13013","ECL","04/01/2014 00:00:00","08/31/2015 00:00:00","0","ecl07868","03/29/2018 18:50:00","803001","ecl07868","03/29/2018 18:50:00","803001","51","06060","1","1","3"
"13013","ECL","09/01/2015 00:00:00","09/30/2015 00:00:00","0","ecl07868","03/29/2018 18:50:00","803001","ecl07868","03/29/2018 18:50:00","803001","51","05711","1","1","3"
"13013","ECL","10/01/2015 00:00:00","10/31/2016 00:00:00","0","ecl07868","03/29/2018 18:50:00","803001","ecl07868","03/29/2018 18:50:00","803001","51","05240","1","1","3"
"13013","ECL","11/01/2016 00:00:00","04/14/2019 00:00:00","0","ecl07868","03/29/2018 18:50:00","803001","ecl07868","03/29/2018 18:50:00","803001","51","05120","1","1","3"
"13017","ECL","01/01/2000 00:00:00","03/31/2013 00:00:00","0","ecld0918","03/29/2018 18:50:00","803001","ecld0918","03/29/2018 18:50:00","803001","17","03081","1","1","1"
"13017","ECL","04/01/2013 00:00:00","04/30/2013 00:00:00","0","ecld0918","03/29/2018 18:50:00","803001","ecld0918","03/29/2018 18:50:00","803001","51","03081","1","1","1"
"13017","ECL","05/01/2013 00:00:00","04/23/2018 00:00:00","0","ips00015","03/29/2018 18:50:00","803001","ips00015","03/29/2018 18:50:00","803001","51","06580","1","1","1"
"13038","ECL","01/01/2000 00:00:00","03/31/2013 00:00:00","0","ecl04321","03/29/2018 18:50:00","803001","ecl04321","03/29/2018 18:50:00","803001","17","05317","","0",""
"13038","ECL","04/01/2013 00:00:00","10/08/2020 00:00:00","0","ecl04321","03/29/2018 18:50:00","803001","ecl04321","03/29/2018 18:50:00","803001","51","05317","","0",""
"13049","ECL","01/01/2000 00:00:00","12/31/9999 00:00:00","0","ecl07868","03/29/2018 18:50:00","803001","ecl07868","03/29/2018 18:50:00","803001","88","","","0","1"
"13078","ECL","01/01/2000 00:00:00","03/31/2013 00:00:00","0","ecld0918","03/29/2018 18:50:00","803001","ecld0918","03/29/2018 18:50:00","803001","17","04310","1","1","3"
"13078","ECL","04/01/2013 00:00:00","03/31/2014 00:00:00","0","ecl07868","03/29/2018 18:50:00","803001","ecl07868","03/29/2018 18:50:00","803001","51","04310","1","1","3"
"13078","ECL","04/01/2014 00:00:00","08/31/2015 00:00:00","0","ecl07868","03/29/2018 18:50:00","803001","ecl07868","03/29/2018 18:50:00","803001","51","05711","1","1","3"
"13078","ECL","09/01/2015 00:00:00","09/30/2015 00:00:00","0","ecl07868","03/29/2018 18:50:00","803001","ecl07868","03/29/2018 18:50:00","803001","51","05240","1","1","3"
"13078","ECL","10/01/2015 00:00:00","04/19/2018 00:00:00","0","ecl07868","03/29/2018 18:50:00","803001","ecl07868","03/29/2018 18:50:00","803001","51","09284","1","1","3"
"13093","ECL","01/01/2000 00:00:00","03/31/2013 00:00:00","0","ecl04904","03/29/2018 18:50:00","803001","ecl04904","03/29/2018 18:50:00","803001","17","05317","","0",""
"13093","ECL","04/01/2013 00:00:00","10/08/2020 00:00:00","0","ecl04904","03/29/2018 18:50:00","803001","ecl04904","03/29/2018 18:50:00","803001","51","05317","","0",""
"13099","ECL","01/01/2000 00:00:00","03/31/2013 00:00:00","0","ecl05573","03/29/2018 18:50:00","803001","ecl05573","03/29/2018 18:50:00","803001","17","04310","1","1","3"
"13099","ECL","04/01/2013 00:00:00","03/31/2014 00:00:00","0","ecl05573","03/29/2018 18:50:00","803001","ecl05573","03/29/2018 18:50:00","803001","51","04310","1","1","3"
"13099","ECL","04/01/2014 00:00:00","08/31/2015 00:00:00","0","ecl07868","03/29/2018 18:50:00","803001","ecl07868","03/29/2018 18:50:00","803001","51","05711","1","1","3"
"13099","ECL","09/01/2015 00:00:00","09/30/2015 00:00:00","0","ecl07868","03/29/2018 18:50:00","803001","ecl07868","03/29/2018 18:50:00","803001","51","05240","1","1","3"
"13099","ECL","10/01/2015 00:00:00","04/23/2018 00:00:00","0","ecl07868","03/29/2018 18:50:00","803001","ecl07868","03/29/2018 18:50:00","803001","51","06580","1","1","3"
"13149","ECL","01/01/2000 00:00:00","03/31/2013 00:00:00","0","ecld0918","03/29/2018 18:50:00","803001","ecld0918","03/29/2018 18:50:00","803001","17","07377","1","1","1"
"13149","ECL","04/01/2013 00:00:00","05/31/2015 00:00:00","0","ecld0918","03/29/2018 18:50:00","803001","ecld0918","03/29/2018 18:50:00","803001","51","07377","1","1","1"
"13149","ECL","06/01/2015 00:00:00","04/23/2018 00:00:00","0","ecl07868","03/29/2018 18:50:00","803001","ecl07868","03/29/2018 18:50:00","803001","51","07707","1","1","1"
"13153","ECL","01/01/2000 00:00:00","03/31/2013 00:00:00","0","ecl04321","03/29/2018 18:50:00","803001","ecl04321","03/29/2018 18:50:00","803001","17","04737","3","1","3"
"13153","ECL","04/01/2013 00:00:00","11/30/2013 00:00:00","0","ecl04321","03/29/2018 18:50:00","803001","ecl04321","03/29/2018 18:50:00","803001","51","04737","3","1","3"
"13153","ECL","12/01/2013 00:00:00","12/31/9999 00:00:00","0","ecl04321","03/29/2018 18:50:00","803001","ecl04321","03/29/2018 18:50:00","803001","51","","3","1","3"
"13157","ECL","01/01/2000 00:00:00","03/31/2013 00:00:00","0","ecl04321","03/29/2018 18:50:00","803001","ecl04321","03/29/2018 18:50:00","803001","17","05683","2","0","3"
"13157","ECL","04/01/2013 00:00:00","05/31/2014 00:00:00","0","ecl04321","03/29/2018 18:50:00","803001","ecl04321","03/29/2018 18:50:00","803001","51","05683","2","0","3"
"13157","ECL","06/01/2014 00:00:00","10/08/2020 00:00:00","0","ecl04321","03/29/2018 18:50:00","803001","ecl04321","03/29/2018 18:50:00","803001","51","05119","2","0","3"
"13160","ECL","01/01/2000 00:00:00","12/31/2012 00:00:00","0","ecl07708","03/29/2018 18:50:00","803001","ecl07708","03/29/2018 18:50:00","803001","17","","1","1","1"
"13160","ECL","01/01/2013 00:00:00","03/31/2013 00:00:00","0","ecl07868","03/29/2018 18:50:00","803001","ecl07868","03/29/2018 18:50:00","803001","17","07996","1","1","1"
"13160","ECL","04/01/2013 00:00:00","08/31/2015 00:00:00","0","ecl07868","03/29/2018 18:50:00","803001","ecl07868","03/29/2018 18:50:00","803001","51","07996","1","1","1"
"13160","ECL","09/01/2015 00:00:00","04/19/2018 00:00:00","0","ecl07868","03/29/2018 18:50:00","803001","ecl07868","03/29/2018 18:50:00","803001","51","09284","1","1","1"
"13161","ECL","01/01/2000 00:00:00","03/31/2013 00:00:00","0","ecl04291","03/29/2018 18:50:00","803001","ecl04291","03/29/2018 18:50:00","803001","17","","1","0","1"
"13161","ECL","04/01/2013 00:00:00","10/31/2016 00:00:00","0","ecl04291","03/29/2018 18:50:00","803001","ecl04291","03/29/2018 18:50:00","803001","51","","1","0","1"
"13161","ECL","11/01/2016 00:00:00","04/19/2018 00:00:00","0","ecl07868","03/29/2018 18:50:00","803001","ecl07868","03/29/2018 18:50:00","803001","51","09284","1","0","1"
"13162","ECL","01/01/2000 00:00:00","03/31/2013 00:00:00","0","ecld0918","03/29/2018 18:50:00","803001","ecld0918","03/29/2018 18:50:00","803001","17","","1","1","1"
"13162","ECL","04/01/2013 00:00:00","08/31/2015 00:00:00","0","ecl07868","03/29/2018 18:50:00","803001","ecl07868","03/29/2018 18:50:00","803001","51","","1","1","1"
"13162","ECL","09/01/2015 00:00:00","04/19/2018 00:00:00","0","ecl07868","03/29/2018 18:50:00","803001","ecl07868","03/29/2018 18:50:00","803001","51","09284","1","1","1"
"13163","ECL","01/01/2000 00:00:00","03/31/2013 00:00:00","0","ecl02796","03/29/2018 18:50:00","803001","ecl02796","03/29/2018 18:50:00","803001","17","04310","1","1","1"
"13163","ECL","04/01/2013 00:00:00","03/31/2014 00:00:00","0","ecl02796","03/29/2018 18:50:00","803001","ecl02796","03/29/2018 18:50:00","803001","51","04310","1","1","1"
"13163","ECL","04/01/2014 00:00:00","08/31/2015 00:00:00","0","ecl07868","03/29/2018 18:50:00","803001","ecl07868","03/29/2018 18:50:00","803001","51","05711","1","1","1"
"13163","ECL","09/01/2015 00:00:00","10/31/2016 00:00:00","0","ecl07868","03/29/2018 18:50:00","803001","ecl07868","03/29/2018 18:50:00","803001","51","05240","1","1","1"
"13163","ECL","11/01/2016 00:00:00","04/14/2019 00:00:00","0","ecl07868","03/29/2018 18:50:00","803001","ecl07868","03/29/2018 18:50:00","803001","51","05120","1","1","1"
"13164","ECL","01/01/2000 00:00:00","03/31/2013 00:00:00","0","ecl07868","03/29/2018 18:50:00","803001","ecl07868","03/29/2018 18:50:00","803001","17","04310","1","1","1"
"13164","ECL","04/01/2013 00:00:00","03/31/2014 00:00:00","0","ecl07868","03/29/2018 18:50:00","803001","ecl07868","03/29/2018 18:50:00","803001","51","04310","1","1","1"
"13164","ECL","04/01/2014 00:00:00","08/31/2015 00:00:00","0","ecl07868","03/29/2018 18:50:00","803001","ecl07868","03/29/2018 18:50:00","803001","51","05711","1","1","1"
"13164","ECL","09/01/2015 00:00:00","10/31/2016 00:00:00","0","ecl07868","03/29/2018 18:50:00","803001","ecl07868","03/29/2018 18:50:00","803001","51","05240","1","1","1"
"13164","ECL","11/01/2016 00:00:00","04/14/2019 00:00:00","0","ecl07868","03/29/2018 18:50:00","803001","ecl07868","03/29/2018 18:50:00","803001","51","05120","1","1","1"
"13165","ECL","01/01/2000 00:00:00","03/31/2013 00:00:00","0","ecl07868","03/29/2018 18:50:00","803001","ecl07868","03/29/2018 18:50:00","803001","17","04310","1","1","1"
"13165","ECL","04/01/2013 00:00:00","03/31/2014 00:00:00","0","ecl07868","03/29/2018 18:50:00","803001","ecl07868","03/29/2018 18:50:00","803001","51","04310","1","1","1"
"13165","ECL","04/01/2014 00:00:00","04/19/2018 00:00:00","0","ecl07868","03/29/2018 18:50:00","803001","ecl07868","03/29/2018 18:50:00","803001","51","05711","1","1","1"
"13180","ECL","07/01/2013 00:00:00","09/30/2013 00:00:00","0","ecl02796","03/29/2018 18:50:00","803001","ecl02796","03/29/2018 18:50:00","803001","51","06189","1","1","1"
"13180","ECL","10/01/2013 00:00:00","05/31/2015 00:00:00","0","ecl07868","03/29/2018 18:50:00","803001","ecl07868","03/29/2018 18:50:00","803001","51","06784","1","1","1"
"13180","ECL","06/01/2015 00:00:00","04/19/2018 00:00:00","0","ecl07868","03/29/2018 18:50:00","803001","ecl07868","03/29/2018 18:50:00","803001","51","09284","1","1","1"
"13181","ECL","09/01/2013 00:00:00","05/31/2014 00:00:00","0","ecl05317","03/29/2018 18:50:00","803001","ecl05317","03/29/2018 18:50:00","803001","51","05683","","0",""
"13181","ECL","06/01/2014 00:00:00","10/31/2015 00:00:00","0","ecl04321","03/29/2018 18:50:00","803001","ecl04321","03/29/2018 18:50:00","803001","51","05923","","0",""
"13181","ECL","11/01/2015 00:00:00","04/08/2019 00:00:00","0","ecl04321","03/29/2018 18:50:00","803001","ecl04321","03/29/2018 18:50:00","803001","51","05296","","0",""
"13193","ECL","09/01/2016 00:00:00","09/30/2017 00:00:00","0","ecl07750","03/29/2018 18:50:00","803001","ecl07750","03/29/2018 18:50:00","803001","50","05687","1","0","1"
"13193","ECL","10/01/2017 00:00:00","10/08/2019 00:00:00","0","ecl06861","03/29/2018 18:50:00","803001","ecl06861","03/29/2018 18:50:00","803001","50","06793","1","0","1"
"13200","ECL","09/01/2017 00:00:00","12/31/9999 00:00:00","0","ecl04750","03/29/2018 18:50:00","803001","ecl04750","03/29/2018 18:50:00","803001","49","","","0","1"
"13201","ECL","10/01/2017 00:00:00","12/31/9999 00:00:00","0","ecl06861","03/29/2018 18:50:00","803001","ecl06861","03/29/2018 18:50:00","803001","50","09558","1","0","1"
"13777","ECL","01/01/2000 00:00:00","03/31/2013 00:00:00","0","eclbatch","03/29/2018 18:50:00","803001","eclbatch","03/29/2018 18:50:00","803001","88","","1","0","1"
"13803","ECL","01/01/2000 00:00:00","03/31/2013 00:00:00","0","ecl04321","03/29/2018 18:50:00","803001","ecl04321","03/29/2018 18:50:00","803001","17","05317","","0",""
"13803","ECL","04/01/2013 00:00:00","10/08/2020 00:00:00","0","ecl04321","03/29/2018 18:50:00","803001","ecl04321","03/29/2018 18:50:00","803001","51","05317","","0",""
"13888","ECL","01/01/2000 00:00:00","03/31/2013 00:00:00","0","","03/29/2018 18:50:00","803001","","03/29/2018 18:50:00","803001","17","","","0",""
"13888","ECL","04/01/2013 00:00:00","12/31/9999 00:00:00","0","","03/29/2018 18:50:00","803001","","03/29/2018 18:50:00","803001","51","","","0",""
"13889","ECL","01/01/2000 00:00:00","03/31/2013 00:00:00","0","","03/29/2018 18:50:00","803001","","03/29/2018 18:50:00","803001","17","","","0",""
"13889","ECL","04/01/2013 00:00:00","12/31/9999 00:00:00","0","","03/29/2018 18:50:00","803001","","03/29/2018 18:50:00","803001","51","","","0",""
"13982","ECL","01/01/2000 00:00:00","03/31/2013 00:00:00","0","ecl05317","03/29/2018 18:50:00","803001","ecl05317","03/29/2018 18:50:00","803001","17","05496","2","0","2"
"13982","ECL","04/01/2013 00:00:00","11/30/2013 00:00:00","0","ecl05317","03/29/2018 18:50:00","803001","ecl05317","03/29/2018 18:50:00","803001","51","05496","2","0","2"
"13982","ECL","12/01/2013 00:00:00","12/31/9999 00:00:00","0","ecl04321","03/29/2018 18:50:00","803001","ecl04321","03/29/2018 18:50:00","803001","51","","2","0","2"
"13983","ECL","09/01/2011 00:00:00","03/31/2013 00:00:00","0","ecl05317","03/29/2018 18:50:00","803001","ecl05317","03/29/2018 18:50:00","803001","17","05683","2","0","2"
"13983","ECL","04/01/2013 00:00:00","05/31/2014 00:00:00","0","ecl05317","03/29/2018 18:50:00","803001","ecl05317","03/29/2018 18:50:00","803001","51","05683","2","0","2"
"13983","ECL","06/01/2014 00:00:00","10/08/2020 00:00:00","0","ecl04321","03/29/2018 18:50:00","803001","ecl04321","03/29/2018 18:50:00","803001","51","05119","2","0","2"
"13984","ECL","09/01/2011 00:00:00","03/31/2013 00:00:00","0","ecl04321","03/29/2018 18:50:00","803001","ecl04321","03/29/2018 18:50:00","803001","17","05683","2","0","2"
"13984","ECL","04/01/2013 00:00:00","05/31/2014 00:00:00","0","ecl04321","03/29/2018 18:50:00","803001","ecl04321","03/29/2018 18:50:00","803001","51","05683","2","0","2"
"13984","ECL","06/01/2014 00:00:00","10/08/2020 00:00:00","0","ecl04321","03/29/2018 18:50:00","803001","ecl04321","03/29/2018 18:50:00","803001","51","05119","2","0","2"
"13985","ECL","09/01/2011 00:00:00","03/31/2013 00:00:00","0","ecl05317","03/29/2018 18:50:00","803001","ecl05317","03/29/2018 18:50:00","803001","17","05683","2","0","2"
"13985","ECL","04/01/2013 00:00:00","05/31/2014 00:00:00","0","ecl05317","03/29/2018 18:50:00","803001","ecl05317","03/29/2018 18:50:00","803001","51","05683","2","0","2"
"13985","ECL","06/01/2014 00:00:00","04/14/2020 00:00:00","0","ecl04321","03/29/2018 18:50:00","803001","ecl04321","03/29/2018 18:50:00","803001","51","05119","2","0","2"
"13986","ECL","09/01/2011 00:00:00","03/31/2013 00:00:00","0","ecl04321","03/29/2018 18:50:00","803001","ecl04321","03/29/2018 18:50:00","803001","17","05683","2","0","2"
"13986","ECL","04/01/2013 00:00:00","05/31/2014 00:00:00","0","ecl04321","03/29/2018 18:50:00","803001","ecl04321","03/29/2018 18:50:00","803001","51","05683","2","0","2"
"13986","ECL","06/01/2014 00:00:00","04/14/2020 00:00:00","0","ecl04321","03/29/2018 18:50:00","803001","ecl04321","03/29/2018 18:50:00","803001","51","05119","2","0","2"
"13990","ECL","01/01/2014 00:00:00","01/31/2014 00:00:00","0","ips00015","03/29/2018 18:50:00","803001","ips00015","03/29/2018 18:50:00","803001","82","","","0",""
"13990","ECL","02/01/2014 00:00:00","12/31/9999 00:00:00","0","ips00015","03/29/2018 18:50:00","803001","ips00015","03/29/2018 18:50:00","803001","51","","","0",""
"14005","ECL","01/01/2000 00:00:00","09/30/2012 00:00:00","0","ecl07868","03/29/2018 18:50:00","803001","ecl07868","03/29/2018 18:50:00","803001","19","03508","1","1","1"
"14005","ECL","10/01/2012 00:00:00","03/31/2013 00:00:00","0","ecl07868","03/29/2018 18:50:00","803001","ecl07868","03/29/2018 18:50:00","803001","19","06504","1","1","1"
"14005","ECL","04/01/2013 00:00:00","04/30/2015 00:00:00","0","ecl07868","03/29/2018 18:50:00","803001","ecl07868","03/29/2018 18:50:00","803001","51","06504","1","1","1"
"14005","ECL","05/01/2015 00:00:00","10/31/2016 00:00:00","0","ecl07868","03/29/2018 18:50:00","803001","ecl07868","03/29/2018 18:50:00","803001","51","05120","1","1","1"
"14005","ECL","11/01/2016 00:00:00","04/19/2018 00:00:00","0","ecl07868","03/29/2018 18:50:00","803001","ecl07868","03/29/2018 18:50:00","803001","51","05710","1","1","1"
"14016","ECL","01/01/2000 00:00:00","09/30/2012 00:00:00","0","ecld0918","03/29/2018 18:50:00","803001","ecld0918","03/29/2018 18:50:00","803001","19","05100","1","1","3"
"14016","ECL","10/01/2012 00:00:00","03/31/2013 00:00:00","0","ecl07868","03/29/2018 18:50:00","803001","ecl07868","03/29/2018 18:50:00","803001","19","06504","1","1","3"
"14016","ECL","04/01/2013 00:00:00","04/30/2015 00:00:00","0","ecl07868","03/29/2018 18:50:00","803001","ecl07868","03/29/2018 18:50:00","803001","51","06504","1","1","3"
"14016","ECL","05/01/2015 00:00:00","10/31/2016 00:00:00","0","ecl07868","03/29/2018 18:50:00","803001","ecl07868","03/29/2018 18:50:00","803001","51","05120","1","1","3"
"14016","ECL","11/01/2016 00:00:00","04/14/2020 00:00:00","0","ecl07868","03/29/2018 18:50:00","803001","ecl07868","03/29/2018 18:50:00","803001","51","05710","1","1","3"
"14025","ECL","01/01/2000 00:00:00","09/30/2012 00:00:00","0","ecld0918","03/29/2018 18:50:00","803001","ecld0918","03/29/2018 18:50:00","803001","19","03508","3","1","3"
"14025","ECL","10/01/2012 00:00:00","03/31/2013 00:00:00","0","ecl07868","03/29/2018 18:50:00","803001","ecl07868","03/29/2018 18:50:00","803001","19","06504","3","1","3"
"14025","ECL","04/01/2013 00:00:00","04/30/2015 00:00:00","0","ecl07868","03/29/2018 18:50:00","803001","ecl07868","03/29/2018 18:50:00","803001","51","06504","3","1","3"
"14025","ECL","05/01/2015 00:00:00","08/31/2015 00:00:00","0","ecl07868","03/29/2018 18:50:00","803001","ecl07868","03/29/2018 18:50:00","803001","51","05120","3","1","3"
"14025","ECL","09/01/2015 00:00:00","10/31/2016 00:00:00","0","ecl07868","03/29/2018 18:50:00","803001","ecl07868","03/29/2018 18:50:00","803001","51","09363","3","1","3"
"14025","ECL","11/01/2016 00:00:00","09/30/2017 00:00:00","0","ecl07868","03/29/2018 18:50:00","803001","ecl07868","03/29/2018 18:50:00","803001","51","07830","3","1","3"
"14025","ECL","10/01/2017 00:00:00","04/14/2020 00:00:00","0","ecl05206","03/29/2018 18:50:00","803001","ecl05206","03/29/2018 18:50:00","803001","51","05115","3","1","3"
"14027","ECL","01/01/2000 00:00:00","03/31/2013 00:00:00","0","ecld0918","03/29/2018 18:50:00","803001","ecld0918","03/29/2018 18:50:00","803001","19","06795","1","1","1"
"14027","ECL","04/01/2013 00:00:00","04/30/2013 00:00:00","0","ecld0918","03/29/2018 18:50:00","803001","ecld0918","03/29/2018 18:50:00","803001","51","06795","1","1","1"
"14027","ECL","05/01/2013 00:00:00","08/31/2015 00:00:00","0","ips00015","03/29/2018 18:50:00","803001","ips00015","03/29/2018 18:50:00","803001","51","","1","1","1"
"14027","ECL","09/01/2015 00:00:00","10/31/2016 00:00:00","0","ecl07868","03/29/2018 18:50:00","803001","ecl07868","03/29/2018 18:50:00","803001","51","09363","1","1","1"
"14027","ECL","11/01/2016 00:00:00","09/30/2017 00:00:00","0","ecl07868","03/29/2018 18:50:00","803001","ecl07868","03/29/2018 18:50:00","803001","51","07830","1","1","1"
"14027","ECL","10/01/2017 00:00:00","04/14/2020 00:00:00","0","ecl05206","03/29/2018 18:50:00","803001","ecl05206","03/29/2018 18:50:00","803001","51","05115","1","1","1"
"14034","ECL","01/01/2000 00:00:00","03/31/2013 00:00:00","0","ecl07868","03/29/2018 18:50:00","803001","ecl07868","03/29/2018 18:50:00","803001","19","07316","1","1","1"
"14034","ECL","04/01/2013 00:00:00","05/31/2015 00:00:00","0","ecl07868","03/29/2018 18:50:00","803001","ecl07868","03/29/2018 18:50:00","803001","51","07316","1","1","1"
"14034","ECL","06/01/2015 00:00:00","09/30/2017 00:00:00","0","ecl07868","03/29/2018 18:50:00","803001","ecl07868","03/29/2018 18:50:00","803001","51","05120","1","1","1"
"14034","ECL","10/01/2017 00:00:00","04/19/2018 00:00:00","0","ecl05206","03/29/2018 18:50:00","803001","ecl05206","03/29/2018 18:50:00","803001","51","05710","1","1","1"
"14053","ECL","01/01/2000 00:00:00","03/31/2013 00:00:00","0","ecl04960","03/29/2018 18:50:00","803001","ecl04960","03/29/2018 18:50:00","803001","19","05496","2","0",""
"14053","ECL","04/01/2013 00:00:00","11/30/2013 00:00:00","0","ecl04960","03/29/2018 18:50:00","803001","ecl04960","03/29/2018 18:50:00","803001","51","05496","2","0",""
"14053","ECL","12/01/2013 00:00:00","10/08/2020 00:00:00","0","ecl04321","03/29/2018 18:50:00","803001","ecl04321","03/29/2018 18:50:00","803001","51","05119","2","0",""
"14056","ECL","01/01/2000 00:00:00","09/30/2012 00:00:00","0","ecl02796","03/29/2018 18:50:00","803001","ecl02796","03/29/2018 18:50:00","803001","19","","1","1","1"
"14056","ECL","10/01/2012 00:00:00","03/31/2013 00:00:00","0","ecl07868","03/29/2018 18:50:00","803001","ecl07868","03/29/2018 18:50:00","803001","19","06504","1","1","1"
"14056","ECL","04/01/2013 00:00:00","04/30/2015 00:00:00","0","ecl07868","03/29/2018 18:50:00","803001","ecl07868","03/29/2018 18:50:00","803001","51","06504","1","1","1"
"14056","ECL","05/01/2015 00:00:00","10/31/2016 00:00:00","0","ecl07868","03/29/2018 18:50:00","803001","ecl07868","03/29/2018 18:50:00","803001","51","05120","1","1","1"
"14056","ECL","11/01/2016 00:00:00","04/19/2018 00:00:00","0","ecl07868","03/29/2018 18:50:00","803001","ecl07868","03/29/2018 18:50:00","803001","51","05710","1","1","1"
"14059","ECL","10/01/2017 00:00:00","10/08/2020 00:00:00","0","ecl05317","03/29/2018 18:50:00","803001","ecl05317","03/29/2018 18:50:00","803001","51","05119","2","0","2"
"14888","ECL","01/01/2000 00:00:00","03/31/2013 00:00:00","0","ecl04742","03/29/2018 18:50:00","803001","ecl04742","03/29/2018 18:50:00","803001","19","","","0",""
"14888","ECL","04/01/2013 00:00:00","12/31/9999 00:00:00","0","ecl04742","03/29/2018 18:50:00","803001","ecl04742","03/29/2018 18:50:00","803001","51","","","0",""
"14889","ECL","01/01/2000 00:00:00","03/31/2013 00:00:00","0","ecl04742","03/29/2018 18:50:00","803001","ecl04742","03/29/2018 18:50:00","803001","19","","","0",""
"14889","ECL","04/01/2013 00:00:00","12/31/9999 00:00:00","0","ecl04742","03/29/2018 18:50:00","803001","ecl04742","03/29/2018 18:50:00","803001","51","","","0",""
"15002","ECL","01/01/2000 00:00:00","03/31/2013 00:00:00","0","ecld0918","03/29/2018 18:50:00","803001","ecld0918","03/29/2018 18:50:00","803001","16","07508","3","1","3"
"15002","ECL","04/01/2013 00:00:00","09/30/2013 00:00:00","0","ecl07868","03/29/2018 18:50:00","803001","ecl07868","03/29/2018 18:50:00","803001","50","07508","3","1","3"
"15002","ECL","10/01/2013 00:00:00","03/31/2016 00:00:00","0","ecl07868","03/29/2018 18:50:00","803001","ecl07868","03/29/2018 18:50:00","803001","50","06189","3","1","3"
"15002","ECL","04/01/2016 00:00:00","10/31/2016 00:00:00","0","ecl07868","03/29/2018 18:50:00","803001","ecl07868","03/29/2018 18:50:00","803001","51","06189","3","1","3"
"15002","ECL","11/01/2016 00:00:00","09/30/2017 00:00:00","0","ecl07868","03/29/2018 18:50:00","803001","ecl07868","03/29/2018 18:50:00","803001","51","09025","3","1","3"
"15002","ECL","10/01/2017 00:00:00","04/14/2019 00:00:00","0","ecl05206","03/29/2018 18:50:00","803001","ecl05206","03/29/2018 18:50:00","803001","51","07042","3","1","3"
"15003","ECL","01/01/2000 00:00:00","03/31/2013 00:00:00","0","ecld0918","03/29/2018 18:50:00","803001","ecld0918","03/29/2018 18:50:00","803001","16","07508","3","1","3"
"15003","ECL","04/01/2013 00:00:00","09/30/2013 00:00:00","0","ecld0918","03/29/2018 18:50:00","803001","ecld0918","03/29/2018 18:50:00","803001","50","07508","3","1","3"
"15003","ECL","10/01/2013 00:00:00","03/31/2016 00:00:00","0","ecl07868","03/29/2018 18:50:00","803001","ecl07868","03/29/2018 18:50:00","803001","50","06189","3","1","3"
"15003","ECL","04/01/2016 00:00:00","10/31/2016 00:00:00","0","ecl07868","03/29/2018 18:50:00","803001","ecl07868","03/29/2018 18:50:00","803001","51","06189","3","1","3"
"15003","ECL","11/01/2016 00:00:00","09/30/2017 00:00:00","0","ecl07868","03/29/2018 18:50:00","803001","ecl07868","03/29/2018 18:50:00","803001","51","09025","3","1","3"
"15003","ECL","10/01/2017 00:00:00","04/14/2019 00:00:00","0","ecl05206","03/29/2018 18:50:00","803001","ecl05206","03/29/2018 18:50:00","803001","51","07042","3","1","3"
"15006","ECL","01/01/2000 00:00:00","03/31/2013 00:00:00","0","ecld1316","03/29/2018 18:50:00","803001","ecld1316","03/29/2018 18:50:00","803001","16","07508","1","0","3"
"15006","ECL","04/01/2013 00:00:00","09/30/2013 00:00:00","0","ecld1316","03/29/2018 18:50:00","803001","ecld1316","03/29/2018 18:50:00","803001","50","07508","1","0","3"
"15006","ECL","10/01/2013 00:00:00","03/31/2016 00:00:00","0","ecl07868","03/29/2018 18:50:00","803001","ecl07868","03/29/2018 18:50:00","803001","50","06189","1","0","3"
"15006","ECL","04/01/2016 00:00:00","10/31/2016 00:00:00","0","ecl07868","03/29/2018 18:50:00","803001","ecl07868","03/29/2018 18:50:00","803001","51","06189","1","0","3"
"15006","ECL","11/01/2016 00:00:00","12/31/9999 00:00:00","0","ecl07868","03/29/2018 18:50:00","803001","ecl07868","03/29/2018 18:50:00","803001","51","","1","0","3"
"15012","ECL","01/01/2000 00:00:00","03/31/2013 00:00:00","0","ecld0918","03/29/2018 18:50:00","803001","ecld0918","03/29/2018 18:50:00","803001","16","07508","1","1","1"
"15012","ECL","04/01/2013 00:00:00","09/30/2013 00:00:00","0","ecld0918","03/29/2018 18:50:00","803001","ecld0918","03/29/2018 18:50:00","803001","50","07508","1","1","1"
"15012","ECL","10/01/2013 00:00:00","03/31/2016 00:00:00","0","ecl07868","03/29/2018 18:50:00","803001","ecl07868","03/29/2018 18:50:00","803001","50","06189","1","1","1"
"15012","ECL","04/01/2016 00:00:00","10/31/2016 00:00:00","0","ecl07868","03/29/2018 18:50:00","803001","ecl07868","03/29/2018 18:50:00","803001","51","06189","1","1","1"
"15012","ECL","11/01/2016 00:00:00","09/30/2017 00:00:00","0","ecl07868","03/29/2018 18:50:00","803001","ecl07868","03/29/2018 18:50:00","803001","51","09025","1","1","1"
"15012","ECL","10/01/2017 00:00:00","04/14/2019 00:00:00","0","ecl05206","03/29/2018 18:50:00","803001","ecl05206","03/29/2018 18:50:00","803001","51","07042","1","1","1"
"28008","ECL","04/24/2018 00:00:00","04/14/2019 00:00:00","0","itg04213","04/24/2018 13:42:41","PVU_EX_1400","itg04213","04/24/2018 13:42:41","PVU_EX_1400","52","06580","1","1","3"
"34041","ECL","04/24/2018 00:00:00","04/14/2021 00:00:00","0","itg04213","04/24/2018 13:47:17","PVU_EX_1400","itg04213","04/24/2018 13:47:17","PVU_EX_1400","54","07316","1","1","1"
"14001","ECL","05/08/2018 00:00:00","12/31/9999 00:00:00","0","itg04213","05/08/2018 15:13:25","PVU_EX_1400","itg04213","05/08/2018 15:13:25","PVU_EX_1400","51","","","0",""
"14001","EMEC","05/08/2018 00:00:00","10/09/2019 00:00:00","0","itg04213","05/08/2018 15:13:25","PVU_EX_1400","itg40916","10/09/2019 00:00:00","H191136","24","","","0",""
"14002","EA","05/08/2018 00:00:00","04/04/2022 00:00:00","0","itg04213","05/08/2018 15:24:46","PVU_EX_1400","itg04213","05/08/2018 15:24:46","PVU_EX_1400","04","","","0",""
"04003","ECL","05/21/2018 00:00:00","12/31/9999 00:00:00","0","itg04213","05/21/2018 14:20:04","PVU_EX_1400","itg04213","05/21/2018 14:20:04","PVU_EX_1400","48","","","0",""
"04003","EMEC","05/21/2018 00:00:00","10/09/2019 00:00:00","0","itg04213","05/21/2018 14:20:06","PVU_EX_1400","itg40916","10/09/2019 00:00:00","H191136","24","","","0",""
"40010","ECL","10/02/2018 00:00:00","04/14/2020 00:00:00","0","itg04213","10/02/2018 13:44:51","PVU_EX_1400","itg04213","10/02/2018 13:44:51","PVU_EX_1400","55","06538","1","1","1"
"44014","ECL","10/02/2018 00:00:00","04/14/2020 00:00:00","0","itg04213","10/02/2018 13:54:50","PVU_EX_1400","itg04213","10/02/2018 14:07:57","PVU_EX_1400","55","06770","3","1","3"
"23049","ECL","02/15/2019 00:00:00","10/08/2020 00:00:00","0","itg19647","02/15/2019 13:11:43","PVU_EX_1400","itg19647","02/15/2019 13:24:34","PVU_EX_1400","52","07300","3","1",""
"16021","EA","04/01/2019 00:00:00","04/04/2022 00:00:00","0","ITSP","03/30/2018 21:56:22","ENW","ITSP","03/28/2019 00:00:00","2019KK","06","","","0",""
"16001","EA","04/01/2019 00:00:00","04/04/2022 00:00:00","0","ITSP","03/30/2018 21:56:22","ENW","ITSP","03/28/2019 00:00:00","2019KK","06","","","0",""
"17011","EA","04/01/2019 00:00:00","04/04/2022 00:00:00","0","ITSP","03/30/2018 21:56:22","ENW","ITSP","03/28/2019 00:00:00","2019KK","06","","","0",""
"17024","EA","04/01/2019 00:00:00","04/04/2022 00:00:00","0","ITSP","03/30/2018 21:56:22","ENW","ITSP","03/28/2019 00:00:00","2019KK","06","","","0",""
"17001","EA","04/01/2019 00:00:00","04/04/2022 00:00:00","0","ITSP","03/30/2018 21:56:22","ENW","ITSP","03/28/2019 00:00:00","2019KK","06","","","0",""
"16005","EA","04/01/2019 00:00:00","04/04/2022 00:00:00","0","ITSP","03/30/2018 21:56:22","ENW","ITSP","03/28/2019 00:00:00","2019KK","06","","","0",""
"17004","EA","04/01/2019 00:00:00","04/04/2022 00:00:00","0","ITSP","03/30/2018 21:56:22","ENW","ITSP","03/28/2019 00:00:00","2019KK","06","","","0",""
"17022","EA","04/01/2019 00:00:00","04/04/2022 00:00:00","0","ITSP","03/30/2018 21:56:22","ENW","ITSP","03/28/2019 00:00:00","2019KK","06","","","0",""
"18009","EA","04/01/2019 00:00:00","04/04/2022 00:00:00","0","ITSP","03/30/2018 21:56:22","ENW","ITSP","03/28/2019 00:00:00","2019KK","06","","","0",""
"16004","EA","04/01/2019 00:00:00","04/04/2022 00:00:00","0","ITSP","03/30/2018 21:56:22","ENW","ITSP","03/28/2019 00:00:00","2019KK","06","","","0",""
"37011","ECL","04/04/2019 00:00:00","10/08/2020 00:00:00","0","itg04213","04/04/2019 15:43:59","PVU_EX_1400","itg04213","04/04/2019 15:43:59","PVU_EX_1400","54","08969","3","0","3"
"37011","EMEC","04/04/2019 00:00:00","10/09/2019 00:00:00","0","itg04213","04/04/2019 15:43:59","PVU_EX_1400","itg40916","10/09/2019 00:00:00","H191136","24","","","0",""
"13181","ECL","04/09/2019 00:00:00","10/08/2020 00:00:00","0","itg36186","04/09/2019 14:51:18","PVU_EX_1400","itg36186","04/09/2019 14:51:18","PVU_EX_1400","51","08120","","0",""
"02018","ECL","04/15/2019 00:00:00","10/12/2022 00:00:00","0","itg04213","04/15/2019 11:55:02","PVU_EX_1400","itg04213","04/15/2019 11:55:02","PVU_EX_1400","48","05120","3","1","3"
"15002","ECL","04/15/2019 00:00:00","10/15/2024 00:00:00","0","itg04213","04/15/2019 11:58:53","PVU_EX_1400","itg04213","04/15/2019 11:58:53","PVU_EX_1400","51","06196","3","1","3"
"12001","ECL","04/15/2019 00:00:00","04/14/2021 00:00:00","0","itg04213","04/15/2019 11:59:52","PVU_EX_1400","itg04213","04/15/2019 11:59:52","PVU_EX_1400","51","05111","1","1","3"
"12008","ECL","04/15/2019 00:00:00","04/14/2021 00:00:00","0","itg04213","04/15/2019 12:36:28","PVU_EX_1400","itg04213","04/15/2019 12:36:28","PVU_EX_1400","51","05111","1","1","3"
"26024","ECL","04/15/2019 00:00:00","04/14/2020 00:00:00","0","itg04213","04/15/2019 12:41:22","PVU_EX_1400","itg04213","04/15/2019 12:41:22","PVU_EX_1400","52","06720","1","1","3"
"43001","ECL","04/15/2019 00:00:00","04/15/2025 00:00:00","0","itg04213","04/15/2019 12:44:23","PVU_EX_1400","itg04213","04/15/2019 12:44:23","PVU_EX_1400","55","09586","1","1","3"
"45017","ECL","04/15/2019 00:00:00","10/08/2020 00:00:00","0","itg04213","04/15/2019 12:44:49","PVU_EX_1400","itg04213","04/15/2019 12:44:49","PVU_EX_1400","55","06538","","0",""
"23052","ECL","04/15/2019 00:00:00","04/14/2024 00:00:00","0","itg04213","04/15/2019 12:59:49","PVU_EX_1400","itg04213","04/15/2019 12:59:49","PVU_EX_1400","52","07689","1","1","3"
"24012","ECL","04/15/2019 00:00:00","04/14/2024 00:00:00","0","itg04213","04/15/2019 13:00:14","PVU_EX_1400","itg04213","04/15/2019 13:00:14","PVU_EX_1400","52","07689","1","1","3"
"28008","ECL","04/15/2019 00:00:00","10/09/2019 00:00:00","0","itg04213","04/15/2019 13:01:26","PVU_EX_1400","itg04213","04/15/2019 13:01:26","PVU_EX_1400","52","04313","1","1","3"
"47007","ECL","04/15/2019 00:00:00","04/14/2024 00:00:00","0","itg04213","04/15/2019 13:02:25","PVU_EX_1400","itg04213","04/15/2019 13:02:25","PVU_EX_1400","55","06770","","1",""
"13099","ECL","04/15/2019 00:00:00","10/09/2019 00:00:00","0","itg04213","04/15/2019 13:03:34","PVU_EX_1400","itg04213","04/15/2019 13:03:34","PVU_EX_1400","51","05711","1","1","3"
"15003","ECL","04/15/2019 00:00:00","10/15/2024 00:00:00","0","itg04213","04/15/2019 13:04:24","PVU_EX_1400","itg04213","04/15/2019 13:04:24","PVU_EX_1400","51","06196","3","1","3"
"15022","ECL","04/15/2019 00:00:00","10/08/2020 00:00:00","0","itg04213","04/15/2019 13:05:12","PVU_EX_1400","itg04213","04/15/2019 13:05:12","PVU_EX_1400","51","06196","3","1","3"
"23002","ECL","04/15/2019 00:00:00","04/14/2024 00:00:00","0","itg04213","04/15/2019 13:05:57","PVU_EX_1400","itg04213","04/15/2019 13:05:57","PVU_EX_1400","52","07689","3","1","3"
"03005","ECL","04/15/2019 00:00:00","10/12/2022 00:00:00","0","itg04213","04/15/2019 13:07:07","PVU_EX_1400","itg04213","04/15/2019 13:07:07","PVU_EX_1400","48","05120","1","1","3"
"05013","ECL","04/15/2019 00:00:00","10/12/2022 00:00:00","0","itg04213","04/15/2019 13:07:31","PVU_EX_1400","itg04213","04/15/2019 13:07:31","PVU_EX_1400","48","05120","1","1","3"
"13163","ECL","04/15/2019 00:00:00","10/09/2019 00:00:00","0","itg04213","04/15/2019 13:09:44","PVU_EX_1400","itg04213","04/15/2019 13:09:44","PVU_EX_1400","51","05711","1","1","1"
"13164","ECL","04/15/2019 00:00:00","10/09/2019 00:00:00","0","itg04213","04/15/2019 13:10:08","PVU_EX_1400","itg04213","04/15/2019 13:10:08","PVU_EX_1400","51","05711","1","1","1"
"25002","ECL","04/15/2019 00:00:00","04/14/2020 00:00:00","0","itg04213","04/15/2019 13:15:51","PVU_EX_1400","itg04213","04/15/2019 13:15:51","PVU_EX_1400","52","06720","1","1","1"
"26011","ECL","04/15/2019 00:00:00","04/14/2020 00:00:00","0","itg04213","04/15/2019 13:17:53","PVU_EX_1400","itg04213","04/15/2019 13:17:53","PVU_EX_1400","52","06720","1","1","1"
"26014","ECL","04/15/2019 00:00:00","04/14/2020 00:00:00","0","itg04213","04/15/2019 13:19:54","PVU_EX_1400","itg04213","04/15/2019 13:19:54","PVU_EX_1400","52","06720","3","1","3"
"28023","ECL","04/15/2019 00:00:00","10/09/2019 00:00:00","0","itg04213","04/15/2019 13:20:20","PVU_EX_1400","itg04213","04/15/2019 13:20:20","PVU_EX_1400","52","09776","3","1","3"
"01051","ECL","04/15/2019 00:00:00","10/09/2019 00:00:00","0","itg04213","04/15/2019 13:21:13","PVU_EX_1400","itg04213","04/15/2019 13:21:13","PVU_EX_1400","48","07086","1","1","1"
"04048","ECL","04/15/2019 00:00:00","12/31/9999 00:00:00","0","itg04213","04/15/2019 13:24:53","PVU_EX_1400","itg04213","04/15/2019 13:24:53","PVU_EX_1400","48","","1","1","1"
"05017","ECL","04/15/2019 00:00:00","12/31/9999 00:00:00","0","itg04213","04/15/2019 13:25:58","PVU_EX_1400","itg04213","04/15/2019 13:25:58","PVU_EX_1400","48","","1","1","1"
"12037","ECL","04/15/2019 00:00:00","04/14/2021 00:00:00","0","itg04213","04/15/2019 13:27:24","PVU_EX_1400","itg04213","04/15/2019 13:27:24","PVU_EX_1400","51","05111","1","1","1"
"28036","ECL","04/15/2019 00:00:00","10/09/2019 00:00:00","0","itg04213","04/15/2019 13:32:49","PVU_EX_1400","itg04213","04/15/2019 13:32:49","PVU_EX_1400","52","04313","1","1","1"
"40026","ECL","04/15/2019 00:00:00","04/15/2025 00:00:00","0","itg04213","04/15/2019 13:33:20","PVU_EX_1400","itg04213","04/15/2019 13:33:20","PVU_EX_1400","55","09586","1","1","1"
"41002","ECL","04/15/2019 00:00:00","04/15/2025 00:00:00","0","itg04213","04/15/2019 13:34:16","PVU_EX_1400","itg04213","04/15/2019 13:34:16","PVU_EX_1400","55","09586","1","1","1"
"43004","ECL","04/15/2019 00:00:00","04/14/2020 00:00:00","0","itg04213","04/15/2019 13:34:51","PVU_EX_1400","itg04213","04/15/2019 13:34:51","PVU_EX_1400","55","07837","1","1","1"
"45002","ECL","04/15/2019 00:00:00","04/14/2020 00:00:00","0","itg04213","04/15/2019 13:35:20","PVU_EX_1400","itg04213","04/15/2019 13:35:20","PVU_EX_1400","55","06538","1","1","1"
"47010","ECL","04/15/2019 00:00:00","04/14/2024 00:00:00","0","itg04213","04/15/2019 13:35:57","PVU_EX_1400","itg04213","04/15/2019 13:35:57","PVU_EX_1400","55","06770","1","1","1"
"40004","ECL","04/15/2019 00:00:00","04/15/2025 00:00:00","0","itg04213","04/15/2019 13:36:50","PVU_EX_1400","itg04213","04/15/2019 13:36:50","PVU_EX_1400","55","09586","1","1","1"
"40014","ECL","04/15/2019 00:00:00","04/15/2025 00:00:00","0","itg04213","04/15/2019 13:37:20","PVU_EX_1400","itg04213","04/15/2019 13:37:20","PVU_EX_1400","55","09586","1","1","1"
"43023","ECL","04/15/2019 00:00:00","04/14/2020 00:00:00","0","itg04213","04/15/2019 13:38:51","PVU_EX_1400","itg04213","04/15/2019 13:38:51","PVU_EX_1400","55","07837","1","1","1"
"43011","ECL","04/15/2019 00:00:00","04/14/2020 00:00:00","0","itg04213","04/15/2019 13:41:48","PVU_EX_1400","itg04213","04/15/2019 13:41:48","PVU_EX_1400","55","07837","3","1","3"
"43006","ECL","04/15/2019 00:00:00","04/14/2020 00:00:00","0","itg04213","04/15/2019 13:42:22","PVU_EX_1400","itg04213","04/15/2019 13:42:22","PVU_EX_1400","55","07837","1","1","3"
"40007","ECL","04/15/2019 00:00:00","04/07/2022 00:00:00","0","itg04213","04/15/2019 13:43:00","PVU_EX_1400","itg04213","04/15/2019 13:43:00","PVU_EX_1400","55","09586","1","1","1"
"42009","ECL","04/15/2019 00:00:00","04/15/2025 00:00:00","0","itg04213","04/15/2019 13:44:00","PVU_EX_1400","itg04213","04/15/2019 13:44:00","PVU_EX_1400","55","06052","1","1","3"
"43003","ECL","04/15/2019 00:00:00","04/14/2020 00:00:00","0","itg04213","04/15/2019 13:44:49","PVU_EX_1400","itg04213","04/15/2019 13:44:49","PVU_EX_1400","55","07837","1","1","3"
"45001","ECL","04/15/2019 00:00:00","04/14/2020 00:00:00","0","itg04213","04/15/2019 13:46:00","PVU_EX_1400","itg04213","04/15/2019 13:46:00","PVU_EX_1400","55","06538","1","1","3"
"13001","ECL","05/08/2019 00:00:00","12/31/9999 00:00:00","0","itg40916","05/08/2019 10:46:14","PVU_EX_1400","itg40916","05/08/2019 10:46:14","PVU_EX_1400","51","","","0",""
"13001","EMEC","05/08/2019 00:00:00","10/09/2019 00:00:00","0","itg40916","05/08/2019 10:46:15","PVU_EX_1400","itg40916","10/09/2019 00:00:00","H191136","24","","","0",""
"16002","ECL","05/16/2019 00:00:00","12/31/9999 00:00:00","0","itg40916","05/16/2019 15:23:28","PVU_EX_1400","itg40916","05/16/2019 15:51:54","PVU_EX_1400","52","","","0",""
"16002","EMEC","05/16/2019 00:00:00","10/09/2019 00:00:00","0","itg40916","05/16/2019 15:23:28","PVU_EX_1400","itg40916","10/09/2019 00:00:00","H191136","24","","","0",""
"27194","ECL","10/08/2019 00:00:00","10/08/2019 00:00:00","0","itg19647","10/08/2019 11:33:21","PVU_EX_1400","itg19647","10/08/2019 11:33:21","PVU_EX_1400","50","","","0",""
"27194","EMEC","10/08/2019 00:00:00","10/09/2019 00:00:00","0","itg19647","10/08/2019 11:33:21","PVU_EX_1400","itg40916","10/09/2019 00:00:00","H191136","24","","","0",""
"40001","ECL","04/24/2018 00:00:00","04/15/2025 00:00:00","0","itg04213","04/24/2018 13:48:27","PVU_EX_1400","itg04213","04/24/2018 13:48:27","PVU_EX_1400","55","06052","1","1","1"
"40003","ECL","04/24/2018 00:00:00","04/14/2020 00:00:00","0","itg04213","04/24/2018 13:49:22","PVU_EX_1400","itg04213","04/24/2018 13:49:22","PVU_EX_1400","55","07837","3","1","3"
"40026","ECL","04/24/2018 00:00:00","04/14/2019 00:00:00","0","itg04213","04/24/2018 13:50:54","PVU_EX_1400","itg04213","04/24/2018 13:50:54","PVU_EX_1400","55","06052","1","1","1"
"40061","ECL","04/24/2018 00:00:00","10/08/2020 00:00:00","0","itg04213","04/24/2018 13:51:33","PVU_EX_1400","itg04213","04/24/2018 13:51:33","PVU_EX_1400","55","06052","1","1","1"
"40005","ECL","10/02/2018 00:00:00","04/14/2020 00:00:00","0","itg04213","10/02/2018 13:48:06","PVU_EX_1400","itg04213","10/02/2018 13:48:06","PVU_EX_1400","55","06538","1","1","3"
"44001","ECL","10/02/2018 00:00:00","04/14/2019 00:00:00","0","itg04213","10/02/2018 14:11:36","PVU_EX_1400","itg04213","10/02/2018 14:11:36","PVU_EX_1400","55","06538","1","1","3"
"13078","ECL","04/15/2019 00:00:00","10/09/2019 00:00:00","0","itg04213","04/15/2019 11:58:22","PVU_EX_1400","itg04213","04/15/2019 11:58:22","PVU_EX_1400","51","05711","1","1","3"
"25008","ECL","04/15/2019 00:00:00","04/14/2020 00:00:00","0","itg04213","04/15/2019 12:41:01","PVU_EX_1400","itg04213","04/15/2019 12:41:01","PVU_EX_1400","52","06720","1","1","3"
"11009","ECL","04/15/2019 00:00:00","04/14/2020 00:00:00","0","itg04213","04/15/2019 12:54:19","PVU_EX_1400","itg04213","04/15/2019 12:54:19","PVU_EX_1400","51","06196","1","1","1"
"14005","ECL","04/15/2019 00:00:00","04/14/2020 00:00:00","0","itg04213","04/15/2019 13:11:12","PVU_EX_1400","itg04213","04/15/2019 13:11:12","PVU_EX_1400","51","05115","1","1","1"
"13193","ECL","10/09/2019 00:00:00","12/31/9999 00:00:00","0","itg36186","10/09/2019 11:22:38","PVU_EX_1400","itg36186","10/09/2019 11:22:38","PVU_EX_1400","50","05687","1","0","1"
"01001","ECL","10/10/2019 00:00:00","04/14/2020 00:00:00","0","itg40916","10/10/2019 09:34:03","PVU_EX_1400","itg40916","10/10/2019 09:34:03","PVU_EX_1400","48","06570","3","1","3"
"01029","ECL","10/10/2019 00:00:00","04/14/2020 00:00:00","0","itg40916","10/10/2019 09:37:18","PVU_EX_1400","itg40916","10/10/2019 09:37:18","PVU_EX_1400","48","06570","1","0","1"
"04051","ECL","10/10/2019 00:00:00","04/14/2024 00:00:00","0","itg40916","10/10/2019 09:44:23","PVU_EX_1400","itg40916","10/10/2019 09:44:23","PVU_EX_1400","48","08299","1","1","3"
"13017","ECL","10/10/2019 00:00:00","04/14/2024 00:00:00","0","itg40916","10/10/2019 10:52:21","PVU_EX_1400","itg40916","10/10/2019 10:52:21","PVU_EX_1400","51","10273","1","1","1"
"13078","ECL","10/10/2019 00:00:00","04/14/2024 00:00:00","0","itg40916","10/10/2019 10:53:17","PVU_EX_1400","itg40916","10/10/2019 10:53:17","PVU_EX_1400","51","10273","1","1","3"
"13099","ECL","10/10/2019 00:00:00","04/14/2024 00:00:00","0","itg40916","10/10/2019 10:55:11","PVU_EX_1400","itg40916","10/10/2019 10:55:11","PVU_EX_1400","51","10273","1","1","3"
"13164","ECL","10/10/2019 00:00:00","04/14/2024 00:00:00","0","itg40916","10/10/2019 10:57:30","PVU_EX_1400","itg40916","10/10/2019 10:57:30","PVU_EX_1400","51","10273","1","1","1"
"23100","ECL","10/10/2019 00:00:00","04/14/2021 00:00:00","0","itg40916","10/10/2019 11:07:10","PVU_EX_1400","itg40916","10/10/2019 11:07:10","PVU_EX_1400","52","07086","1","1","1"
"28022","ECL","10/10/2019 00:00:00","10/06/2021 00:00:00","0","itg40916","10/10/2019 11:12:30","PVU_EX_1400","itg40916","10/10/2019 11:12:30","PVU_EX_1400","52","05888","1","1","3"
"28023","ECL","10/10/2019 00:00:00","10/06/2021 00:00:00","0","itg40916","10/10/2019 11:13:10","PVU_EX_1400","itg40916","10/10/2019 11:13:10","PVU_EX_1400","52","05888","3","1","3"
"28037","ECL","10/10/2019 00:00:00","10/06/2021 00:00:00","0","itg40916","10/10/2019 11:14:41","PVU_EX_1400","itg40916","10/10/2019 11:14:41","PVU_EX_1400","52","05888","1","1","3"
"38010","ECL","10/10/2019 00:00:00","04/14/2021 00:00:00","0","itg40916","10/10/2019 11:17:59","PVU_EX_1400","itg40916","10/10/2019 11:17:59","PVU_EX_1400","54","06047","3","1","3"
"44001","ECL","10/10/2019 00:00:00","04/14/2020 00:00:00","0","itg40916","10/10/2019 11:20:50","PVU_EX_1400","itg40916","10/10/2019 11:20:50","PVU_EX_1400","55","06538","1","1","3"
"03002","ECL","10/10/2019 00:00:00","12/31/9999 00:00:00","0","itg40916","10/10/2019 11:24:11","PVU_EX_1400","itg40916","10/10/2019 11:24:11","PVU_EX_1400","48","","1","1","3"
"05003","ECL","10/10/2019 00:00:00","12/31/9999 00:00:00","0","itg40916","10/10/2019 11:25:39","PVU_EX_1400","itg40916","10/10/2019 11:25:39","PVU_EX_1400","48","","1","1","3"
"07020","ECL","10/10/2019 00:00:00","12/31/9999 00:00:00","0","itg40916","10/10/2019 11:26:41","PVU_EX_1400","itg40916","10/10/2019 11:26:41","PVU_EX_1400","48","","1","1","3"
"10008","ECL","10/10/2019 00:00:00","12/31/9999 00:00:00","0","itg40916","10/10/2019 11:27:39","PVU_EX_1400","itg40916","10/10/2019 11:27:39","PVU_EX_1400","51","","","0",""
"34037","ECL","10/10/2019 00:00:00","12/31/9999 00:00:00","0","itg40916","10/10/2019 11:28:45","PVU_EX_1400","itg40916","10/10/2019 11:28:45","PVU_EX_1400","54","","2","0",""
"38019","ECL","10/10/2019 00:00:00","12/31/9999 00:00:00","0","itg40916","10/10/2019 11:31:01","PVU_EX_1400","itg40916","10/10/2019 11:31:01","PVU_EX_1400","54","","2","1","3"
"40018","ECL","10/10/2019 00:00:00","12/31/9999 00:00:00","0","itg40916","10/10/2019 11:31:47","PVU_EX_1400","itg40916","10/10/2019 11:31:47","PVU_EX_1400","55","","2","0",""
"40081","ECL","10/10/2019 00:00:00","12/31/9999 00:00:00","0","itg40916","10/10/2019 11:32:45","PVU_EX_1400","itg40916","10/10/2019 11:32:45","PVU_EX_1400","55","","3","1","3"
"04005","ECL","04/15/2020 00:00:00","09/30/2020 00:00:00","0","itg35320","04/15/2020 09:18:24","PVU_EX_1400","itg35320","04/15/2020 09:18:24","PVU_EX_1400","49","","1","0","3"
"07028","ECL","04/15/2020 00:00:00","04/14/2021 00:00:00","0","itg35320","04/15/2020 12:03:28","PVU_EX_1400","itg35320","04/15/2020 12:03:28","PVU_EX_1400","48","05115","1","1","3"
"08021","ECL","04/15/2020 00:00:00","04/14/2024 00:00:00","0","itg35320","04/15/2020 13:03:56","PVU_EX_1400","itg35320","04/15/2020 13:03:56","PVU_EX_1400","51","05673","1","1","1"
"01020","ECL","04/15/2020 00:00:00","12/31/9999 00:00:00","0","itg35320","04/15/2020 13:09:39","PVU_EX_1400","itg35320","04/15/2020 13:09:39","PVU_EX_1400","48","07372","3","1","3"
"07022","ECL","04/15/2020 00:00:00","04/14/2021 00:00:00","0","itg35320","04/15/2020 13:15:56","PVU_EX_1400","itg35320","04/15/2020 13:15:56","PVU_EX_1400","48","05115","3","1","3"
"07025","ECL","04/15/2020 00:00:00","04/14/2021 00:00:00","0","itg35320","04/15/2020 13:16:26","PVU_EX_1400","itg35320","04/15/2020 13:16:26","PVU_EX_1400","48","05115","1","1","3"
"14027","ECL","04/15/2020 00:00:00","04/14/2021 00:00:00","0","itg35320","04/15/2020 13:36:46","PVU_EX_1400","itg35320","04/15/2020 13:36:46","PVU_EX_1400","51","06303","1","1","1"
"20017","ECL","04/15/2020 00:00:00","12/31/9999 00:00:00","0","itg35320","04/15/2020 13:45:14","PVU_EX_1400","itg35320","04/15/2020 13:45:14","PVU_EX_1400","51","","2","0","2"
"24004","ECL","04/15/2020 00:00:00","12/31/9999 00:00:00","0","itg35320","04/15/2020 13:46:18","PVU_EX_1400","itg35320","04/15/2020 13:46:18","PVU_EX_1400","52","","1","0","1"
"34031","ECL","04/15/2020 00:00:00","12/31/9999 00:00:00","0","itg35320","04/15/2020 13:56:15","PVU_EX_1400","itg35320","04/15/2020 13:56:15","PVU_EX_1400","54","","2","0",""
"37001","ECL","04/15/2020 00:00:00","04/14/2021 00:00:00","0","itg35320","04/15/2020 13:58:51","PVU_EX_1400","itg35320","04/15/2020 13:58:51","PVU_EX_1400","54","05666","3","1","3"
"43024","ECL","04/15/2020 00:00:00","12/31/9999 00:00:00","0","itg35320","04/15/2020 14:16:32","PVU_EX_1400","itg35320","04/15/2020 14:16:32","PVU_EX_1400","55","","1","0","1"
"44018","ECL","04/15/2020 00:00:00","12/31/9999 00:00:00","0","itg35320","04/15/2020 14:21:06","PVU_EX_1400","itg35320","04/15/2020 14:21:06","PVU_EX_1400","55","","1","0","1"
"46002","ECL","04/15/2020 00:00:00","04/14/2021 00:00:00","0","itg35320","04/15/2020 14:25:11","PVU_EX_1400","itg35320","04/15/2020 14:25:11","PVU_EX_1400","55","05281","1","1","1"
"04005","ECL","10/01/2020 00:00:00","12/31/9999 00:00:00","0","itg04213","09/30/2020 14:29:13","PVU_EX_1400","itg04213","09/30/2020 14:29:13","PVU_EX_1400","48","","1","0","3"
"01048","ECL","10/09/2020 00:00:00","12/31/9999 00:00:00","0","itg04213","10/09/2020 13:06:43","PVU_EX_1400","itg04213","10/09/2020 13:06:43","PVU_EX_1400","48","","","0",""
"04030","ECL","10/09/2020 00:00:00","12/31/9999 00:00:00","0","itg04213","10/09/2020 13:09:52","PVU_EX_1400","itg04213","10/09/2020 13:09:52","PVU_EX_1400","48","","2","0","2"
"04041","ECL","10/09/2020 00:00:00","12/31/9999 00:00:00","0","itg04213","10/09/2020 13:10:58","PVU_EX_1400","itg04213","10/09/2020 13:10:58","PVU_EX_1400","48","","3","1",""
"04044","ECL","10/09/2020 00:00:00","12/31/9999 00:00:00","0","itg04213","10/09/2020 13:12:38","PVU_EX_1400","itg04213","10/09/2020 13:12:38","PVU_EX_1400","48","","3","1",""
"13803","ECL","10/09/2020 00:00:00","12/31/9999 00:00:00","0","itg04213","10/09/2020 13:24:14","PVU_EX_1400","itg04213","10/09/2020 13:24:14","PVU_EX_1400","51","","","0",""
"15022","ECL","10/09/2020 00:00:00","12/31/9999 00:00:00","0","itg04213","10/09/2020 13:27:06","PVU_EX_1400","itg04213","10/09/2020 13:27:06","PVU_EX_1400","51","","3","1","3"
"23084","ECL","10/09/2020 00:00:00","12/31/9999 00:00:00","0","itg04213","10/09/2020 13:29:14","PVU_EX_1400","itg04213","10/09/2020 13:29:14","PVU_EX_1400","52","","2","0",""
"27803","ECL","10/09/2020 00:00:00","12/31/9999 00:00:00","0","itg04213","10/09/2020 13:32:52","PVU_EX_1400","itg04213","10/09/2020 13:32:52","PVU_EX_1400","52","","2","0",""
"29010","ECL","10/09/2020 00:00:00","12/31/9999 00:00:00","0","itg04213","10/09/2020 13:35:22","PVU_EX_1400","itg04213","10/09/2020 13:35:22","PVU_EX_1400","52","","3","1","3"
"13013","ECL","10/10/2019 00:00:00","04/14/2020 00:00:00","0","itg40916","10/10/2019 09:47:24","PVU_EX_1400","itg40916","10/10/2019 09:47:24","PVU_EX_1400","51","05711","1","1","3"
"21890","ECL","10/10/2019 00:00:00","04/14/2021 00:00:00","0","itg40916","10/10/2019 11:01:56","PVU_EX_1400","itg40916","10/10/2019 11:01:56","PVU_EX_1400","52","07086","1","1","3"
"22002","ECL","10/10/2019 00:00:00","04/14/2021 00:00:00","0","itg40916","10/10/2019 11:02:55","PVU_EX_1400","itg40916","10/10/2019 11:02:55","PVU_EX_1400","52","07086","3","1","3"
"24002","ECL","10/10/2019 00:00:00","04/14/2021 00:00:00","0","itg40916","10/10/2019 11:08:43","PVU_EX_1400","itg40916","10/10/2019 11:08:43","PVU_EX_1400","52","07086","3","1","3"
"24890","ECL","10/10/2019 00:00:00","04/14/2021 00:00:00","0","itg40916","10/10/2019 11:09:43","PVU_EX_1400","itg40916","10/10/2019 11:09:43","PVU_EX_1400","52","07086","1","1","3"
"08010","ECL","04/15/2020 00:00:00","04/14/2024 00:00:00","0","itg35320","04/15/2020 13:02:54","PVU_EX_1400","itg35320","04/15/2020 13:02:54","PVU_EX_1400","51","05673","1","1","1"
"16021","ECL","04/15/2020 00:00:00","10/12/2022 00:00:00","0","itg35320","04/15/2020 13:42:31","PVU_EX_1400","itg35320","04/15/2020 13:42:31","PVU_EX_1400","52","06189","","0",""
"17004","ECL","04/15/2020 00:00:00","10/12/2022 00:00:00","0","itg35320","04/15/2020 13:43:51","PVU_EX_1400","itg35320","04/15/2020 13:43:51","PVU_EX_1400","52","06189","1","1","1"
"18009","ECL","04/15/2020 00:00:00","10/12/2022 00:00:00","0","itg35320","04/15/2020 13:44:37","PVU_EX_1400","itg35320","04/15/2020 13:44:37","PVU_EX_1400","52","06189","1","1","1"
"29015","ECL","04/15/2020 00:00:00","04/18/2023 00:00:00","0","itg35320","04/15/2020 13:55:36","PVU_EX_1400","itg35320","04/15/2020 13:55:36","PVU_EX_1400","52","09776","3","1","3"
"40003","ECL","04/15/2020 00:00:00","12/31/9999 00:00:00","0","itg35320","04/15/2020 14:04:14","PVU_EX_1400","itg35320","04/15/2020 14:04:14","PVU_EX_1400","55","","3","1","3"
"01050","ECL","10/09/2020 00:00:00","12/31/9999 00:00:00","0","itg04213","10/09/2020 13:08:16","PVU_EX_1400","itg04213","10/09/2020 13:08:16","PVU_EX_1400","48","","3","1","2"
"04050","ECL","10/09/2020 00:00:00","12/31/9999 00:00:00","0","itg04213","10/09/2020 13:13:33","PVU_EX_1400","itg04213","10/09/2020 13:13:33","PVU_EX_1400","51","","3","1",""
"10022","ECL","10/09/2020 00:00:00","12/31/9999 00:00:00","0","itg04213","10/09/2020 13:15:48","PVU_EX_1400","itg04213","10/09/2020 13:15:48","PVU_EX_1400","51","","2","0",""
"10023","ECL","10/09/2020 00:00:00","12/31/9999 00:00:00","0","itg04213","10/09/2020 13:16:23","PVU_EX_1400","itg04213","10/09/2020 13:16:23","PVU_EX_1400","51","","2","0",""
"13003","ECL","10/09/2020 00:00:00","12/31/9999 00:00:00","0","itg04213","10/09/2020 13:18:01","PVU_EX_1400","itg04213","10/09/2020 13:18:01","PVU_EX_1400","51","","2","0","3"
"13149","ECL","10/09/2020 00:00:00","04/14/2024 00:00:00","0","itg04213","10/09/2020 13:21:56","PVU_EX_1400","itg04213","10/09/2020 13:21:56","PVU_EX_1400","51","","1","1","1"
"13161","ECL","10/09/2020 00:00:00","04/14/2024 00:00:00","0","itg04213","10/09/2020 13:23:04","PVU_EX_1400","itg04213","10/09/2020 13:23:04","PVU_EX_1400","51","","1","0","1"
"13984","ECL","10/09/2020 00:00:00","12/31/9999 00:00:00","0","itg04213","10/09/2020 13:25:20","PVU_EX_1400","itg04213","10/09/2020 13:25:20","PVU_EX_1400","51","","2","0","2"
"14059","ECL","10/09/2020 00:00:00","12/31/9999 00:00:00","0","itg04213","10/09/2020 13:26:28","PVU_EX_1400","itg04213","10/09/2020 13:26:28","PVU_EX_1400","51","","2","0","2"
"17011","ECL","10/09/2020 00:00:00","12/31/9999 00:00:00","0","itg04213","10/09/2020 13:27:49","PVU_EX_1400","itg04213","10/09/2020 13:27:49","PVU_EX_1400","52","","2","0",""
"27806","ECL","10/09/2020 00:00:00","12/31/9999 00:00:00","0","itg04213","10/09/2020 13:33:23","PVU_EX_1400","itg04213","10/09/2020 13:33:23","PVU_EX_1400","52","","","0",""
"39017","ECL","10/09/2020 00:00:00","12/31/9999 00:00:00","0","itg04213","10/09/2020 13:39:10","PVU_EX_1400","itg04213","10/09/2020 13:39:10","PVU_EX_1400","54","","3","1","3"
"40046","ECL","10/09/2020 00:00:00","12/31/9999 00:00:00","0","itg04213","10/09/2020 13:40:21","PVU_EX_1400","itg04213","10/09/2020 13:40:21","PVU_EX_1400","55","","2","0","2"
"40048","ECL","10/09/2020 00:00:00","12/31/9999 00:00:00","0","itg04213","10/09/2020 13:40:54","PVU_EX_1400","itg04213","10/09/2020 13:40:54","PVU_EX_1400","55","","","0","2"
"40051","ECL","10/09/2020 00:00:00","12/31/9999 00:00:00","0","itg04213","10/09/2020 13:41:28","PVU_EX_1400","itg04213","10/09/2020 13:41:28","PVU_EX_1400","55","","2","0","2"
"40061","ECL","10/09/2020 00:00:00","12/31/9999 00:00:00","0","itg04213","10/09/2020 13:42:00","PVU_EX_1400","itg04213","10/09/2020 13:42:00","PVU_EX_1400","55","","1","1","1"
"40080","ECL","10/09/2020 00:00:00","12/31/9999 00:00:00","0","itg04213","10/09/2020 13:42:34","PVU_EX_1400","itg04213","10/09/2020 13:42:34","PVU_EX_1400","55","","2","0","2"
"40085","ECL","10/09/2020 00:00:00","12/31/9999 00:00:00","0","itg04213","10/09/2020 13:43:04","PVU_EX_1400","itg04213","10/09/2020 13:43:04","PVU_EX_1400","55","","2","0","2"
"40091","ECL","10/09/2020 00:00:00","12/31/9999 00:00:00","0","itg04213","10/09/2020 13:43:32","PVU_EX_1400","itg04213","10/09/2020 13:43:32","PVU_EX_1400","55","","","0",""
"40890","ECL","10/09/2020 00:00:00","12/31/9999 00:00:00","0","itg04213","10/09/2020 13:44:05","PVU_EX_1400","itg04213","10/09/2020 13:44:05","PVU_EX_1400","55","","2","0","2"
"43007","ECL","10/09/2020 00:00:00","12/31/9999 00:00:00","0","itg04213","10/09/2020 13:44:52","PVU_EX_1400","itg04213","10/09/2020 13:44:52","PVU_EX_1400","55","","","0","3"
"45017","ECL","10/09/2020 00:00:00","12/31/9999 00:00:00","0","itg04213","10/09/2020 13:45:42","PVU_EX_1400","itg04213","10/09/2020 13:45:42","PVU_EX_1400","55","","","0",""
"47014","ECL","10/09/2020 00:00:00","12/31/9999 00:00:00","0","itg04213","10/09/2020 13:46:18","PVU_EX_1400","itg04213","10/09/2020 13:46:18","PVU_EX_1400","55","","2","0","2"
"34003","ECL","10/09/2020 00:00:00","04/15/2025 00:00:00","0","itg04213","10/09/2020 13:48:09","PVU_EX_1400","itg04213","10/09/2020 13:48:09","PVU_EX_1400","54","08449","3","1","3"
"34012","ECL","10/09/2020 00:00:00","04/15/2025 00:00:00","0","itg04213","10/09/2020 13:48:57","PVU_EX_1400","itg04213","10/09/2020 13:48:57","PVU_EX_1400","54","08449","1","1","3"
"34039","ECL","01/08/2021 00:00:00","12/31/9999 00:00:00","0","itg19647","01/08/2021 10:07:04","PVU_EX_1400","itg19647","01/08/2021 10:07:04","PVU_EX_1400","54","","","0",""
"04006","ECL","01/15/2021 00:00:00","12/31/9999 00:00:00","0","itg36186","01/15/2021 13:54:29","PVU_EX_1400","itg36186","01/15/2021 13:54:29","PVU_EX_1400","48","","","0",""
"01001","ECL","04/15/2021 00:00:00","10/12/2022 00:00:00","0","itg04213","04/15/2021 10:05:27","PVU_EX_1400","itg04213","04/15/2021 10:05:27","PVU_EX_1400","48","07372","3","1","3"
"06010","ECL","04/15/2021 00:00:00","04/14/2024 00:00:00","0","itg04213","04/15/2021 10:09:07","PVU_EX_1400","itg04213","04/15/2021 10:09:07","PVU_EX_1400","48","08299","3","1","3"
"06015","ECL","04/15/2021 00:00:00","04/14/2024 00:00:00","0","itg04213","04/15/2021 10:10:09","PVU_EX_1400","itg04213","04/15/2021 10:10:09","PVU_EX_1400","48","08299","1","1","3"
"24890","ECL","04/15/2021 00:00:00","10/12/2022 00:00:00","0","itg04213","04/15/2021 10:32:50","PVU_EX_1400","itg04213","04/15/2021 10:32:50","PVU_EX_1400","52","09568","1","1","3"
"46007","ECL","04/15/2021 00:00:00","12/31/9999 00:00:00","0","itg04213","04/15/2021 10:42:18","PVU_EX_1400","itg04213","04/15/2021 10:42:18","PVU_EX_1400","55","08362","1","1","3"
"27004","ECL","10/07/2021 00:00:00","04/15/2025 00:00:00","0","itg04213","10/07/2021 16:02:29","PVU_EX_1400","itg04213","10/07/2021 16:02:29","PVU_EX_1400","52","09722","3","1","3"
"28023","ECL","10/07/2021 00:00:00","04/15/2025 00:00:00","0","itg04213","10/07/2021 16:04:21","PVU_EX_1400","itg04213","10/07/2021 16:04:21","PVU_EX_1400","52","09722","3","1","3"
"42001","EA","04/05/2022 00:00:00","12/31/9999 00:00:00","0","itg19647","04/05/2022 15:52:07","PVU_EX_1400","itg19647","04/05/2022 15:52:07","PVU_EX_1400","04","","","0",""
"16021","EA","04/05/2022 00:00:00","12/31/9999 00:00:00","0","itg19647","04/05/2022 16:00:22","PVU_EX_1400","itg19647","04/05/2022 16:00:22","PVU_EX_1400","03","","","0",""
"13160","EA","04/05/2022 00:00:00","12/31/9999 00:00:00","0","itg19647","04/05/2022 16:05:04","PVU_EX_1400","itg19647","04/05/2022 16:05:04","PVU_EX_1400","02","","","0",""
"42009","EA","04/05/2022 00:00:00","12/31/9999 00:00:00","0","itg19647","04/05/2022 16:07:44","PVU_EX_1400","itg19647","04/05/2022 16:07:44","PVU_EX_1400","04","","","0",""
"40024","ECL","04/06/2022 00:00:00","04/07/2022 00:00:00","0","itg36186","04/06/2022 16:26:34","PVU_EX_1400","itg36186","04/06/2022 16:26:34","PVU_EX_1400","55","","","0",""
"40079","ECL","04/06/2022 00:00:00","04/07/2022 00:00:00","0","itg36186","04/06/2022 16:39:31","PVU_EX_1400","itg36186","04/06/2022 16:39:31","PVU_EX_1400","55","","","0",""
"40079","EA","04/06/2022 00:00:00","12/31/9999 00:00:00","0","itg36186","04/06/2022 16:39:31","PVU_EX_1400","itg36186","04/06/2022 16:39:31","PVU_EX_1400","04","","","0",""
"01051","ECL","04/07/2022 00:00:00","04/15/2025 00:00:00","0","itg04213","04/07/2022 15:57:12","PVU_EX_1400","itg04213","04/07/2022 15:57:12","PVU_EX_1400","48","06309","1","1","1"
"40007","ECL","04/08/2022 00:00:00","12/31/9999 00:00:00","0","itg04213","04/08/2022 13:30:01","PVU_EX_1400","itg04213","04/08/2022 13:30:01","PVU_EX_1400","55","","1","1","1"
"13002","ECL","04/25/2022 00:00:00","12/31/9999 00:00:00","0","itg19647","04/25/2022 15:53:45","PVU_EX_1400","itg19647","04/25/2022 15:53:45","PVU_EX_1400","51","","3","0","3"
"40002","ECL","10/06/2022 00:00:00","10/12/2022 00:00:00","0","itg19647","10/06/2022 14:02:05","PVU_EX_1400","itg19647","10/06/2022 14:02:05","PVU_EX_1400","55","","1","1","1"
"01001","ECL","10/13/2022 00:00:00","12/31/9999 00:00:00","0","itg43581","10/13/2022 10:38:46","PVU_EX_1400","itg43581","10/13/2022 10:38:46","PVU_EX_1400","48","08969","3","1","3"
"01005","ECL","10/13/2022 00:00:00","12/31/9999 00:00:00","0","itg43581","10/13/2022 10:39:55","PVU_EX_1400","itg43581","10/13/2022 10:39:55","PVU_EX_1400","48","08969","3","1","3"
"02018","ECL","10/13/2022 00:00:00","04/15/2025 00:00:00","0","itg43581","10/13/2022 10:41:17","PVU_EX_1400","itg43581","10/13/2022 10:41:17","PVU_EX_1400","48","05864","3","1","3"
"03019","ECL","10/13/2022 00:00:00","04/15/2025 00:00:00","0","itg43581","10/13/2022 10:41:39","PVU_EX_1400","itg43581","10/13/2022 10:41:39","PVU_EX_1400","48","05864","1","1","3"
"02017","ECL","10/13/2022 00:00:00","04/15/2025 00:00:00","0","itg43581","10/13/2022 10:44:22","PVU_EX_1400","itg43581","10/13/2022 10:44:22","PVU_EX_1400","48","05864","1","1","3"
"02026","ECL","10/13/2022 00:00:00","04/15/2025 00:00:00","0","itg43581","10/13/2022 10:45:50","PVU_EX_1400","itg43581","10/13/2022 10:45:50","PVU_EX_1400","48","05864","1","1","3"
"03027","ECL","10/13/2022 00:00:00","04/15/2025 00:00:00","0","itg43581","10/13/2022 10:46:10","PVU_EX_1400","itg43581","10/13/2022 10:46:10","PVU_EX_1400","48","05864","1","1","3"
"04046","ECL","10/13/2022 00:00:00","04/15/2025 00:00:00","0","itg43581","10/13/2022 10:46:58","PVU_EX_1400","itg43581","10/13/2022 10:46:58","PVU_EX_1400","48","06309","1","1","3"
"05016","ECL","10/13/2022 00:00:00","04/15/2025 00:00:00","0","itg43581","10/13/2022 10:47:32","PVU_EX_1400","itg43581","10/13/2022 10:47:32","PVU_EX_1400","48","05864","1","1","3"
"11026","ECL","10/13/2022 00:00:00","12/31/9999 00:00:00","0","itg43581","10/13/2022 10:48:07","PVU_EX_1400","itg43581","10/13/2022 10:48:07","PVU_EX_1400","51","06189","1","1","1"
"11009","ECL","10/13/2022 00:00:00","12/31/9999 00:00:00","0","itg43581","10/13/2022 10:48:31","PVU_EX_1400","itg43581","10/13/2022 10:48:31","PVU_EX_1400","51","06189","1","1","1"
"16004","ECL","10/13/2022 00:00:00","12/31/9999 00:00:00","0","itg43581","10/13/2022 10:50:45","PVU_EX_1400","itg43581","10/13/2022 10:50:45","PVU_EX_1400","52","07399","3","1","3"
"23009","ECL","10/13/2022 00:00:00","12/31/9999 00:00:00","0","itg43581","10/13/2022 10:51:52","PVU_EX_1400","itg43581","10/13/2022 10:51:52","PVU_EX_1400","52","09653","3","1","3"
"13163","ECL","10/10/2019 00:00:00","04/14/2024 00:00:00","0","itg40916","10/10/2019 10:56:04","PVU_EX_1400","itg40916","10/10/2019 10:56:04","PVU_EX_1400","51","10273","1","1","1"
"21004","ECL","10/10/2019 00:00:00","04/14/2021 00:00:00","0","itg40916","10/10/2019 11:00:23","PVU_EX_1400","itg40916","10/10/2019 11:00:23","PVU_EX_1400","52","07086","1","1","3"
"23890","ECL","10/10/2019 00:00:00","04/14/2021 00:00:00","0","itg40916","10/10/2019 11:07:59","PVU_EX_1400","itg40916","10/10/2019 11:07:59","PVU_EX_1400","52","07086","1","1","3"
"28036","ECL","10/10/2019 00:00:00","10/06/2021 00:00:00","0","itg40916","10/10/2019 11:13:54","PVU_EX_1400","itg40916","10/10/2019 11:13:54","PVU_EX_1400","52","05888","1","1","1"
"01003","ECL","04/15/2020 00:00:00","10/12/2022 00:00:00","0","itg35320","04/15/2020 13:08:52","PVU_EX_1400","itg35320","04/15/2020 13:08:52","PVU_EX_1400","48","07372","1","1","1"
"09013","ECL","04/15/2020 00:00:00","04/14/2024 00:00:00","0","itg35320","04/15/2020 13:20:40","PVU_EX_1400","itg35320","04/15/2020 13:20:40","PVU_EX_1400","51","05673","1","1","3"
"10009","ECL","04/15/2020 00:00:00","10/15/2024 00:00:00","0","itg35320","04/15/2020 13:22:52","PVU_EX_1400","itg35320","04/15/2020 13:22:52","PVU_EX_1400","51","06196","1","1","1"
"10018","ECL","04/15/2020 00:00:00","10/15/2024 00:00:00","0","itg35320","04/15/2020 13:23:32","PVU_EX_1400","itg35320","04/15/2020 13:23:32","PVU_EX_1400","51","06196","1","1","3"
"14034","ECL","04/15/2020 00:00:00","04/14/2021 00:00:00","0","itg35320","04/15/2020 13:37:24","PVU_EX_1400","itg35320","04/15/2020 13:37:24","PVU_EX_1400","51","06303","1","1","1"
"25002","ECL","04/15/2020 00:00:00","10/12/2022 00:00:00","0","itg35320","04/15/2020 13:48:08","PVU_EX_1400","itg35320","04/15/2020 13:48:08","PVU_EX_1400","52","07045","1","1","1"
"26008","ECL","04/15/2020 00:00:00","10/12/2022 00:00:00","0","itg35320","04/15/2020 13:49:42","PVU_EX_1400","itg35320","04/15/2020 13:49:42","PVU_EX_1400","52","07045","1","1","3"
"42019","ECL","04/15/2020 00:00:00","12/31/9999 00:00:00","0","itg35320","04/15/2020 14:10:54","PVU_EX_1400","itg35320","04/15/2020 14:10:54","PVU_EX_1400","55","","1","1","1"
"43023","ECL","04/15/2020 00:00:00","04/14/2021 00:00:00","0","itg35320","04/15/2020 14:15:55","PVU_EX_1400","itg35320","04/15/2020 14:15:55","PVU_EX_1400","55","05281","1","1","1"
"45002","ECL","04/15/2020 00:00:00","04/15/2025 00:00:00","0","itg35320","04/15/2020 14:22:19","PVU_EX_1400","itg35320","04/15/2020 14:22:19","PVU_EX_1400","55","06052","1","1","1"
"46027","ECL","04/15/2020 00:00:00","12/31/9999 00:00:00","0","itg35320","04/15/2020 14:27:27","PVU_EX_1400","itg35320","04/15/2020 14:27:27","PVU_EX_1400","55","","1","0","1"
"47008","ECL","04/15/2020 00:00:00","12/31/9999 00:00:00","0","itg35320","04/15/2020 14:27:55","PVU_EX_1400","itg35320","04/15/2020 14:27:55","PVU_EX_1400","55","","","0",""
"01029","ECL","04/15/2020 00:00:00","12/31/9999 00:00:00","0","itg35320","04/15/2020 16:48:46","PVU_EX_1400","itg35320","04/15/2020 16:48:46","PVU_EX_1400","48","07372","1","0","1"
"13012","ECL","10/09/2020 00:00:00","12/31/9999 00:00:00","0","itg04213","10/09/2020 13:18:48","PVU_EX_1400","itg04213","10/09/2020 13:18:48","PVU_EX_1400","51","","2","0","2"
"13038","ECL","10/09/2020 00:00:00","12/31/9999 00:00:00","0","itg04213","10/09/2020 13:19:26","PVU_EX_1400","itg04213","10/09/2020 13:19:26","PVU_EX_1400","51","","","0",""
"07022","ECL","04/15/2021 00:00:00","04/15/2025 00:00:00","0","itg04213","04/15/2021 10:11:36","PVU_EX_1400","itg04213","04/15/2021 10:11:36","PVU_EX_1400","48","06309","3","1","3"
"07028","ECL","04/15/2021 00:00:00","04/15/2025 00:00:00","0","itg04213","04/15/2021 10:12:26","PVU_EX_1400","itg04213","04/15/2021 10:12:26","PVU_EX_1400","48","06309","1","1","3"
"22890","ECL","04/15/2021 00:00:00","10/12/2022 00:00:00","0","itg04213","04/15/2021 10:30:25","PVU_EX_1400","itg04213","04/15/2021 10:30:25","PVU_EX_1400","52","09568","1","1","3"
"23890","ECL","04/15/2021 00:00:00","10/12/2022 00:00:00","0","itg04213","04/15/2021 10:32:00","PVU_EX_1400","itg04213","04/15/2021 10:32:00","PVU_EX_1400","52","09568","1","1","3"
"34010","ECL","04/15/2021 00:00:00","04/14/2024 00:00:00","0","itg04213","04/15/2021 10:33:51","PVU_EX_1400","itg04213","04/15/2021 10:33:51","PVU_EX_1400","54","09284","1","0","3"
"34041","ECL","04/15/2021 00:00:00","04/14/2024 00:00:00","0","itg04213","04/15/2021 10:34:48","PVU_EX_1400","itg04213","04/15/2021 10:34:48","PVU_EX_1400","54","09284","1","1","1"
"37001","ECL","04/15/2021 00:00:00","12/31/9999 00:00:00","0","itg04213","04/15/2021 10:36:01","PVU_EX_1400","itg04213","04/15/2021 10:36:01","PVU_EX_1400","54","07086","3","1","3"
"38010","ECL","04/15/2021 00:00:00","10/27/2025 00:00:00","0","itg04213","04/15/2021 10:37:34","PVU_EX_1400","itg04213","04/15/2021 10:37:34","PVU_EX_1400","54","06323","3","1","3"
"43002","ECL","04/15/2021 00:00:00","12/31/9999 00:00:00","0","itg04213","04/15/2021 10:38:54","PVU_EX_1400","itg04213","04/15/2021 10:38:54","PVU_EX_1400","55","08362","3","1","3"
"13149","EA","04/05/2022 00:00:00","12/31/9999 00:00:00","0","itg19647","04/05/2022 16:10:20","PVU_EX_1400","itg19647","04/05/2022 16:10:20","PVU_EX_1400","02","","","0",""
"46015","EA","04/05/2022 00:00:00","12/31/9999 00:00:00","0","ITSP","03/30/2018 21:56:22","ENW","UNYO","04/05/2022 16:17:02","2022_KAIHEN","04","","","0",""
"46026","EA","04/05/2022 00:00:00","12/31/9999 00:00:00","0","ITSP","03/30/2018 21:56:22","ENW","UNYO","04/05/2022 16:17:02","2022_KAIHEN","04","","","0",""
"46027","EA","04/05/2022 00:00:00","12/31/9999 00:00:00","0","ITSP","03/30/2018 21:56:22","ENW","UNYO","04/05/2022 16:17:02","2022_KAIHEN","04","","","0",""
"46888","EA","04/05/2022 00:00:00","12/31/9999 00:00:00","0","ITSP","03/30/2018 21:56:22","ENW","UNYO","04/05/2022 16:17:02","2022_KAIHEN","04","","","0",""
"46889","EA","04/05/2022 00:00:00","12/31/9999 00:00:00","0","ITSP","03/30/2018 21:56:22","ENW","UNYO","04/05/2022 16:17:02","2022_KAIHEN","04","","","0",""
"47001","EA","04/05/2022 00:00:00","12/31/9999 00:00:00","0","ITSP","03/30/2018 21:56:22","ENW","UNYO","04/05/2022 16:17:02","2022_KAIHEN","04","","","0",""
"47002","EA","04/05/2022 00:00:00","12/31/9999 00:00:00","0","ITSP","03/30/2018 21:56:22","ENW","UNYO","04/05/2022 16:17:02","2022_KAIHEN","04","","","0",""
"47008","EA","04/05/2022 00:00:00","12/31/9999 00:00:00","0","ITSP","03/30/2018 21:56:22","ENW","UNYO","04/05/2022 16:17:02","2022_KAIHEN","04","","","0",""
"47010","EA","04/05/2022 00:00:00","12/31/9999 00:00:00","0","ITSP","03/30/2018 21:56:22","ENW","UNYO","04/05/2022 16:17:02","2022_KAIHEN","04","","","0",""
"47011","EA","04/05/2022 00:00:00","12/31/9999 00:00:00","0","ITSP","03/30/2018 21:56:22","ENW","UNYO","04/05/2022 16:17:02","2022_KAIHEN","04","","","0",""
"47014","EA","04/05/2022 00:00:00","12/31/9999 00:00:00","0","ITSP","03/30/2018 21:56:22","ENW","UNYO","04/05/2022 16:17:02","2022_KAIHEN","04","","","0",""
"47016","EA","04/05/2022 00:00:00","12/31/9999 00:00:00","0","ITSP","03/30/2018 21:56:22","ENW","UNYO","04/05/2022 16:17:02","2022_KAIHEN","04","","","0",""
"47888","EA","04/05/2022 00:00:00","12/31/9999 00:00:00","0","ITSP","03/30/2018 21:56:22","ENW","UNYO","04/05/2022 16:17:02","2022_KAIHEN","04","","","0",""
"47889","EA","04/05/2022 00:00:00","12/31/9999 00:00:00","0","ITSP","03/30/2018 21:56:22","ENW","UNYO","04/05/2022 16:17:02","2022_KAIHEN","04","","","0",""
"05007","ECL","10/13/2022 00:00:00","04/15/2025 00:00:00","0","itg43581","10/13/2022 10:42:06","PVU_EX_1400","itg43581","10/13/2022 10:42:06","PVU_EX_1400","48","05864","3","1","3"
"05013","ECL","10/13/2022 00:00:00","04/15/2025 00:00:00","0","itg43581","10/13/2022 10:45:06","PVU_EX_1400","itg43581","10/13/2022 10:45:06","PVU_EX_1400","48","05864","1","1","3"
"23890","ECL","10/13/2022 00:00:00","12/31/9999 00:00:00","0","itg43581","10/13/2022 10:52:25","PVU_EX_1400","itg43581","10/13/2022 10:52:25","PVU_EX_1400","52","09653","1","1","3"
"21890","ECL","10/13/2022 00:00:00","12/31/9999 00:00:00","0","itg43581","10/13/2022 10:53:15","PVU_EX_1400","itg43581","10/13/2022 10:53:15","PVU_EX_1400","52","09653","1","1","3"
"22890","ECL","10/13/2022 00:00:00","12/31/9999 00:00:00","0","itg43581","10/13/2022 10:54:24","PVU_EX_1400","itg43581","10/13/2022 10:54:24","PVU_EX_1400","52","06507","1","1","3"
"23100","ECL","10/13/2022 00:00:00","12/31/9999 00:00:00","0","itg43581","10/13/2022 10:54:59","PVU_EX_1400","itg43581","10/13/2022 10:54:59","PVU_EX_1400","52","09653","1","1","1"
"21004","ECL","10/13/2022 00:00:00","12/31/9999 00:00:00","0","itg43581","10/13/2022 10:55:19","PVU_EX_1400","itg43581","10/13/2022 10:55:19","PVU_EX_1400","52","09653","1","1","3"
"24002","ECL","10/13/2022 00:00:00","04/14/2024 00:00:00","0","itg43581","10/13/2022 10:57:44","PVU_EX_1400","itg43581","10/13/2022 10:57:44","PVU_EX_1400","52","07689","3","1","3"
"28036","ECL","10/13/2022 00:00:00","04/14/2024 00:00:00","0","itg43581","10/13/2022 10:59:19","PVU_EX_1400","itg43581","10/13/2022 10:59:19","PVU_EX_1400","52","07045","1","1","1"
"28037","ECL","10/13/2022 00:00:00","04/14/2024 00:00:00","0","itg43581","10/13/2022 10:59:54","PVU_EX_1400","itg43581","10/13/2022 10:59:54","PVU_EX_1400","52","07045","1","1","3"
"26008","ECL","10/13/2022 00:00:00","12/31/9999 00:00:00","0","itg43581","10/13/2022 11:00:25","PVU_EX_1400","itg43581","10/13/2022 11:00:25","PVU_EX_1400","52","05886","1","1","3"
"25008","ECL","10/13/2022 00:00:00","12/31/9999 00:00:00","0","itg43581","10/13/2022 11:02:52","PVU_EX_1400","itg43581","10/13/2022 11:02:52","PVU_EX_1400","52","05886","1","1","3"
"16021","ECL","10/13/2022 00:00:00","12/31/9999 00:00:00","0","itg43581","10/13/2022 11:04:13","PVU_EX_1400","itg43581","10/13/2022 11:04:13","PVU_EX_1400","52","07399","","0",""
"40002","ECL","10/13/2022 00:00:00","04/14/2024 00:00:00","0","itg43581","10/13/2022 11:04:46","PVU_EX_1400","itg43581","10/13/2022 11:04:46","PVU_EX_1400","55","07011","1","1","1"
"23003","ECL","04/10/2023 00:00:00","12/31/9999 00:00:00","0","itg45886","04/10/2023 11:00:12","PVU_EX_1400","itg45886","04/10/2023 11:00:12","PVU_EX_1400","52","09653","3","1","3"
"07005","ECL","04/18/2023 00:00:00","04/15/2025 00:00:00","0","itg39895","04/14/2023 11:26:14","PVU_EX_1400","itg04213","04/14/2023 11:26:14","Tenyuryoku","48","06309","1","1","3"
"27014","ECL","04/19/2023 00:00:00","12/31/9999 00:00:00","0","itg04213","04/19/2023 11:24:29","PVU_EX_1400","itg04213","04/19/2023 11:24:29","PVU_EX_1400","52","07843","1","1","3"
"29016","ECL","04/19/2023 00:00:00","12/31/9999 00:00:00","0","itg04213","04/19/2023 11:27:49","PVU_EX_1400","itg04213","04/19/2023 11:27:49","PVU_EX_1400","52","07843","1","1","3"
"30016","ECL","04/19/2023 00:00:00","12/31/9999 00:00:00","0","itg04213","04/19/2023 11:28:17","PVU_EX_1400","itg04213","04/19/2023 11:28:17","PVU_EX_1400","52","07843","3","1","3"
"30018","ECL","04/19/2023 00:00:00","12/31/9999 00:00:00","0","itg04213","04/19/2023 11:28:46","PVU_EX_1400","itg04213","04/19/2023 11:28:46","PVU_EX_1400","52","07843","1","1","3"
"13013","ECL","10/27/2023 00:00:00","04/14/2024 00:00:00","0","itg04213","10/27/2023 13:34:06","PVU_EX_1400","itg04213","10/27/2023 13:34:06","PVU_EX_1400","51","07707","1","1","3"
"13165","ECL","10/10/2019 00:00:00","04/14/2024 00:00:00","0","itg40916","10/10/2019 10:58:56","PVU_EX_1400","itg40916","10/10/2019 10:58:56","PVU_EX_1400","51","10273","1","1","1"
"37010","ECL","10/10/2019 00:00:00","04/14/2021 00:00:00","0","itg40916","10/10/2019 11:16:53","PVU_EX_1400","itg40916","10/10/2019 11:16:53","PVU_EX_1400","54","06047","3","1","3"
"35019","ECL","10/10/2019 00:00:00","12/31/9999 00:00:00","0","itg40916","10/10/2019 11:29:36","PVU_EX_1400","itg40916","10/10/2019 11:29:36","PVU_EX_1400","54","","2","0","2"
"40082","ECL","10/10/2019 00:00:00","12/31/9999 00:00:00","0","itg40916","10/10/2019 11:33:32","PVU_EX_1400","itg40916","10/10/2019 11:33:32","PVU_EX_1400","55","","3","1","3"
"43022","ECL","10/10/2019 00:00:00","12/31/9999 00:00:00","0","itg40916","10/10/2019 11:34:33","PVU_EX_1400","itg40916","10/10/2019 11:34:33","PVU_EX_1400","55","","3","1","3"
"46026","ECL","10/10/2019 00:00:00","12/31/9999 00:00:00","0","itg40916","10/10/2019 11:35:29","PVU_EX_1400","itg40916","10/10/2019 11:35:29","PVU_EX_1400","55","","3","1","3"
"13986","ECL","04/15/2020 00:00:00","12/31/9999 00:00:00","0","itg35320","04/15/2020 13:32:57","PVU_EX_1400","itg35320","04/15/2020 13:32:57","PVU_EX_1400","51","","2","0","2"
"27001","ECL","04/15/2020 00:00:00","12/31/9999 00:00:00","0","itg35320","04/15/2020 13:52:50","PVU_EX_1400","itg35320","04/15/2020 13:52:50","PVU_EX_1400","52","","1","0","2"
"04045","ECL","10/01/2020 00:00:00","12/31/9999 00:00:00","0","itg04213","09/30/2020 14:31:16","PVU_EX_1400","itg04213","09/30/2020 14:31:16","PVU_EX_1400","48","","2","0",""
"04042","ECL","10/09/2020 00:00:00","04/14/2024 00:00:00","0","itg04213","10/09/2020 13:11:58","PVU_EX_1400","itg04213","10/09/2020 13:11:58","PVU_EX_1400","48","","3","1",""
"04890","ECL","10/09/2020 00:00:00","12/31/9999 00:00:00","0","itg04213","10/09/2020 13:14:15","PVU_EX_1400","itg04213","10/09/2020 13:14:15","PVU_EX_1400","48","","2","0","2"
"09016","ECL","10/09/2020 00:00:00","04/14/2024 00:00:00","0","itg04213","10/09/2020 13:14:57","PVU_EX_1400","itg04213","10/09/2020 13:14:57","PVU_EX_1400","51","","1","0",""
"13157","ECL","10/09/2020 00:00:00","12/31/9999 00:00:00","0","itg04213","10/09/2020 13:22:32","PVU_EX_1400","itg04213","10/09/2020 13:22:32","PVU_EX_1400","51","","2","0","3"
"37017","ECL","10/09/2020 00:00:00","12/31/9999 00:00:00","0","itg04213","10/09/2020 13:37:59","PVU_EX_1400","itg04213","10/09/2020 13:37:59","PVU_EX_1400","54","","3","1","3"
"40054","ECL","10/09/2020 00:00:00","12/31/9999 00:00:00","0","itg04213","10/09/2020 13:58:37","PVU_EX_1400","itg04213","10/09/2020 13:58:37","PVU_EX_1400","55","","","0",""
"12001","ECL","04/15/2021 00:00:00","12/31/9999 00:00:00","0","itg04213","04/15/2021 10:22:54","PVU_EX_1400","itg04213","04/15/2021 10:22:54","PVU_EX_1400","51","06828","1","1","3"
"28026","EA","04/05/2022 00:00:00","12/31/9999 00:00:00","0","itg19647","04/05/2022 16:13:12","PVU_EX_1400","itg19647","04/05/2022 16:13:12","PVU_EX_1400","03","","","0",""
"27890","EA","04/05/2022 00:00:00","12/31/9999 00:00:00","0","ITSP","03/30/2018 21:56:22","ENW","UNYO","04/05/2022 16:17:02","2022_KAIHEN","03","","","0",""
"28008","EA","04/05/2022 00:00:00","12/31/9999 00:00:00","0","ITSP","03/30/2018 21:56:22","ENW","UNYO","04/05/2022 16:17:02","2022_KAIHEN","03","","","0",""
"28022","EA","04/05/2022 00:00:00","12/31/9999 00:00:00","0","ITSP","03/30/2018 21:56:22","ENW","UNYO","04/05/2022 16:17:02","2022_KAIHEN","03","","","0",""
"28023","EA","04/05/2022 00:00:00","12/31/9999 00:00:00","0","ITSP","03/30/2018 21:56:22","ENW","UNYO","04/05/2022 16:17:02","2022_KAIHEN","03","","","0",""
"28036","EA","04/05/2022 00:00:00","12/31/9999 00:00:00","0","ITSP","03/30/2018 21:56:22","ENW","UNYO","04/05/2022 16:17:02","2022_KAIHEN","03","","","0",""
"28037","EA","04/05/2022 00:00:00","12/31/9999 00:00:00","0","ITSP","03/30/2018 21:56:22","ENW","UNYO","04/05/2022 16:17:02","2022_KAIHEN","03","","","0",""
"28888","EA","04/05/2022 00:00:00","12/31/9999 00:00:00","0","ITSP","03/30/2018 21:56:22","ENW","UNYO","04/05/2022 16:17:02","2022_KAIHEN","03","","","0",""
"28889","EA","04/05/2022 00:00:00","12/31/9999 00:00:00","0","ITSP","03/30/2018 21:56:22","ENW","UNYO","04/05/2022 16:17:02","2022_KAIHEN","03","","","0",""
"29005","EA","04/05/2022 00:00:00","12/31/9999 00:00:00","0","ITSP","03/30/2018 21:56:22","ENW","UNYO","04/05/2022 16:17:02","2022_KAIHEN","03","","","0",""
"29010","EA","04/05/2022 00:00:00","12/31/9999 00:00:00","0","ITSP","03/30/2018 21:56:22","ENW","UNYO","04/05/2022 16:17:02","2022_KAIHEN","03","","","0",""
"29012","EA","04/05/2022 00:00:00","12/31/9999 00:00:00","0","ITSP","03/30/2018 21:56:22","ENW","UNYO","04/05/2022 16:17:02","2022_KAIHEN","03","","","0",""
"29015","EA","04/05/2022 00:00:00","12/31/9999 00:00:00","0","ITSP","03/30/2018 21:56:22","ENW","UNYO","04/05/2022 16:17:02","2022_KAIHEN","03","","","0",""
"29016","EA","04/05/2022 00:00:00","12/31/9999 00:00:00","0","ITSP","03/30/2018 21:56:22","ENW","UNYO","04/05/2022 16:17:02","2022_KAIHEN","03","","","0",""
"29888","EA","04/05/2022 00:00:00","12/31/9999 00:00:00","0","ITSP","03/30/2018 21:56:22","ENW","UNYO","04/05/2022 16:17:02","2022_KAIHEN","03","","","0",""
"29889","EA","04/05/2022 00:00:00","12/31/9999 00:00:00","0","ITSP","03/30/2018 21:56:22","ENW","UNYO","04/05/2022 16:17:02","2022_KAIHEN","03","","","0",""
"30008","EA","04/05/2022 00:00:00","12/31/9999 00:00:00","0","ITSP","03/30/2018 21:56:22","ENW","UNYO","04/05/2022 16:17:02","2022_KAIHEN","03","","","0",""
"30016","EA","04/05/2022 00:00:00","12/31/9999 00:00:00","0","ITSP","03/30/2018 21:56:22","ENW","UNYO","04/05/2022 16:17:02","2022_KAIHEN","03","","","0",""
"30017","EA","04/05/2022 00:00:00","12/31/9999 00:00:00","0","ITSP","03/30/2018 21:56:22","ENW","UNYO","04/05/2022 16:17:02","2022_KAIHEN","03","","","0",""
"30018","EA","04/05/2022 00:00:00","12/31/9999 00:00:00","0","ITSP","03/30/2018 21:56:22","ENW","UNYO","04/05/2022 16:17:02","2022_KAIHEN","03","","","0",""
"30502","EA","04/05/2022 00:00:00","12/31/9999 00:00:00","0","ITSP","03/30/2018 21:56:22","ENW","UNYO","04/05/2022 16:17:02","2022_KAIHEN","03","","","0",""
"30888","EA","04/05/2022 00:00:00","12/31/9999 00:00:00","0","ITSP","03/30/2018 21:56:22","ENW","UNYO","04/05/2022 16:17:02","2022_KAIHEN","03","","","0",""
"30889","EA","04/05/2022 00:00:00","12/31/9999 00:00:00","0","ITSP","03/30/2018 21:56:22","ENW","UNYO","04/05/2022 16:17:02","2022_KAIHEN","03","","","0",""
"31888","EA","04/05/2022 00:00:00","12/31/9999 00:00:00","0","ITSP","03/30/2018 21:56:22","ENW","UNYO","04/05/2022 16:17:02","2022_KAIHEN","04","","","0",""
"31889","EA","04/05/2022 00:00:00","12/31/9999 00:00:00","0","ITSP","03/30/2018 21:56:22","ENW","UNYO","04/05/2022 16:17:02","2022_KAIHEN","04","","","0",""
"32888","EA","04/05/2022 00:00:00","12/31/9999 00:00:00","0","ITSP","03/30/2018 21:56:22","ENW","UNYO","04/05/2022 16:17:02","2022_KAIHEN","04","","","0",""
"32889","EA","04/05/2022 00:00:00","12/31/9999 00:00:00","0","ITSP","03/30/2018 21:56:22","ENW","UNYO","04/05/2022 16:17:02","2022_KAIHEN","04","","","0",""
"33888","EA","04/05/2022 00:00:00","12/31/9999 00:00:00","0","ITSP","03/30/2018 21:56:22","ENW","UNYO","04/05/2022 16:17:02","2022_KAIHEN","04","","","0",""
"33889","EA","04/05/2022 00:00:00","12/31/9999 00:00:00","0","ITSP","03/30/2018 21:56:22","ENW","UNYO","04/05/2022 16:17:02","2022_KAIHEN","04","","","0",""
"34003","EA","04/05/2022 00:00:00","12/31/9999 00:00:00","0","ITSP","03/30/2018 21:56:22","ENW","UNYO","04/05/2022 16:17:02","2022_KAIHEN","04","","","0",""
"34010","EA","04/05/2022 00:00:00","12/31/9999 00:00:00","0","ITSP","03/30/2018 21:56:22","ENW","UNYO","04/05/2022 16:17:02","2022_KAIHEN","04","","","0",""
"34012","EA","04/05/2022 00:00:00","12/31/9999 00:00:00","0","ITSP","03/30/2018 21:56:22","ENW","UNYO","04/05/2022 16:17:02","2022_KAIHEN","04","","","0",""
"34019","EA","04/05/2022 00:00:00","12/31/9999 00:00:00","0","ITSP","03/30/2018 21:56:22","ENW","UNYO","04/05/2022 16:17:02","2022_KAIHEN","04","","","0",""
"34031","EA","04/05/2022 00:00:00","12/31/9999 00:00:00","0","ITSP","03/30/2018 21:56:22","ENW","UNYO","04/05/2022 16:17:02","2022_KAIHEN","04","","","0",""
"34037","EA","04/05/2022 00:00:00","12/31/9999 00:00:00","0","ITSP","03/30/2018 21:56:22","ENW","UNYO","04/05/2022 16:17:02","2022_KAIHEN","04","","","0",""
"34039","EA","04/05/2022 00:00:00","12/31/9999 00:00:00","0","itg19647","01/08/2021 10:07:04","PVU_EX_1400","UNYO","04/05/2022 16:17:02","2022_KAIHEN","04","","","0",""
"34040","EA","04/05/2022 00:00:00","12/31/9999 00:00:00","0","ITSP","03/30/2018 21:56:22","ENW","UNYO","04/05/2022 16:17:02","2022_KAIHEN","04","","","0",""
"34041","EA","04/05/2022 00:00:00","12/31/9999 00:00:00","0","ITSP","03/30/2018 21:56:22","ENW","UNYO","04/05/2022 16:17:02","2022_KAIHEN","04","","","0",""
"34044","EA","04/05/2022 00:00:00","12/31/9999 00:00:00","0","ITSP","03/30/2018 21:56:22","ENW","UNYO","04/05/2022 16:17:02","2022_KAIHEN","04","","","0",""
"34888","EA","04/05/2022 00:00:00","12/31/9999 00:00:00","0","ITSP","03/30/2018 21:56:22","ENW","UNYO","04/05/2022 16:17:02","2022_KAIHEN","04","","","0",""
"34889","EA","04/05/2022 00:00:00","12/31/9999 00:00:00","0","ITSP","03/30/2018 21:56:22","ENW","UNYO","04/05/2022 16:17:02","2022_KAIHEN","04","","","0",""
"34890","EA","04/05/2022 00:00:00","12/31/9999 00:00:00","0","ITSP","03/30/2018 21:56:22","ENW","UNYO","04/05/2022 16:17:02","2022_KAIHEN","04","","","0",""
"35002","EA","04/05/2022 00:00:00","12/31/9999 00:00:00","0","ITSP","03/30/2018 21:56:22","ENW","UNYO","04/05/2022 16:17:02","2022_KAIHEN","04","","","0",""
"35003","EA","04/05/2022 00:00:00","12/31/9999 00:00:00","0","ITSP","03/30/2018 21:56:22","ENW","UNYO","04/05/2022 16:17:02","2022_KAIHEN","04","","","0",""
"35013","EA","04/05/2022 00:00:00","12/31/9999 00:00:00","0","ITSP","03/30/2018 21:56:22","ENW","UNYO","04/05/2022 16:17:02","2022_KAIHEN","04","","","0",""
"35019","EA","04/05/2022 00:00:00","12/31/9999 00:00:00","0","ITSP","03/30/2018 21:56:22","ENW","UNYO","04/05/2022 16:17:02","2022_KAIHEN","04","","","0",""
"35022","EA","04/05/2022 00:00:00","12/31/9999 00:00:00","0","ITSP","03/30/2018 21:56:22","ENW","UNYO","04/05/2022 16:17:02","2022_KAIHEN","04","","","0",""
"35888","EA","04/05/2022 00:00:00","12/31/9999 00:00:00","0","ITSP","03/30/2018 21:56:22","ENW","UNYO","04/05/2022 16:17:02","2022_KAIHEN","04","","","0",""
"35889","EA","04/05/2022 00:00:00","12/31/9999 00:00:00","0","ITSP","03/30/2018 21:56:22","ENW","UNYO","04/05/2022 16:17:02","2022_KAIHEN","04","","","0",""
"36888","EA","04/05/2022 00:00:00","12/31/9999 00:00:00","0","ITSP","03/30/2018 21:56:22","ENW","UNYO","04/05/2022 16:17:02","2022_KAIHEN","04","","","0",""
"36889","EA","04/05/2022 00:00:00","12/31/9999 00:00:00","0","ITSP","03/30/2018 21:56:22","ENW","UNYO","04/05/2022 16:17:02","2022_KAIHEN","04","","","0",""
"37001","EA","04/05/2022 00:00:00","12/31/9999 00:00:00","0","ITSP","03/30/2018 21:56:22","ENW","UNYO","04/05/2022 16:17:02","2022_KAIHEN","04","","","0",""
"37010","EA","04/05/2022 00:00:00","12/31/9999 00:00:00","0","ITSP","03/30/2018 21:56:22","ENW","UNYO","04/05/2022 16:17:02","2022_KAIHEN","04","","","0",""
"37011","EA","04/05/2022 00:00:00","12/31/9999 00:00:00","0","itg04213","04/04/2019 15:43:59","PVU_EX_1400","UNYO","04/05/2022 16:17:02","2022_KAIHEN","04","","","0",""
"37017","EA","04/05/2022 00:00:00","12/31/9999 00:00:00","0","ITSP","03/30/2018 21:56:22","ENW","UNYO","04/05/2022 16:17:02","2022_KAIHEN","04","","","0",""
"37021","EA","04/05/2022 00:00:00","12/31/9999 00:00:00","0","ITSP","03/30/2018 21:56:22","ENW","UNYO","04/05/2022 16:17:02","2022_KAIHEN","04","","","0",""
"37023","EA","04/05/2022 00:00:00","12/31/9999 00:00:00","0","ITSP","03/30/2018 21:56:22","ENW","UNYO","04/05/2022 16:17:02","2022_KAIHEN","04","","","0",""
"37888","EA","04/05/2022 00:00:00","12/31/9999 00:00:00","0","ITSP","03/30/2018 21:56:22","ENW","UNYO","04/05/2022 16:17:02","2022_KAIHEN","04","","","0",""
"37889","EA","04/05/2022 00:00:00","12/31/9999 00:00:00","0","ITSP","03/30/2018 21:56:22","ENW","UNYO","04/05/2022 16:17:02","2022_KAIHEN","04","","","0",""
"38010","EA","04/05/2022 00:00:00","12/31/9999 00:00:00","0","ITSP","03/30/2018 21:56:22","ENW","UNYO","04/05/2022 16:17:02","2022_KAIHEN","04","","","0",""
"38019","EA","04/05/2022 00:00:00","12/31/9999 00:00:00","0","ITSP","03/30/2018 21:56:22","ENW","UNYO","04/05/2022 16:17:02","2022_KAIHEN","04","","","0",""
"38888","EA","04/05/2022 00:00:00","12/31/9999 00:00:00","0","ITSP","03/30/2018 21:56:22","ENW","UNYO","04/05/2022 16:17:02","2022_KAIHEN","04","","","0",""
"38889","EA","04/05/2022 00:00:00","12/31/9999 00:00:00","0","ITSP","03/30/2018 21:56:22","ENW","UNYO","04/05/2022 16:17:02","2022_KAIHEN","04","","","0",""
"39001","EA","04/05/2022 00:00:00","12/31/9999 00:00:00","0","ITSP","03/30/2018 21:56:22","ENW","UNYO","04/05/2022 16:17:02","2022_KAIHEN","04","","","0",""
"39017","EA","04/05/2022 00:00:00","12/31/9999 00:00:00","0","ITSP","03/30/2018 21:56:22","ENW","UNYO","04/05/2022 16:17:02","2022_KAIHEN","04","","","0",""
"39888","EA","04/05/2022 00:00:00","12/31/9999 00:00:00","0","ITSP","03/30/2018 21:56:22","ENW","UNYO","04/05/2022 16:17:02","2022_KAIHEN","04","","","0",""
"39889","EA","04/05/2022 00:00:00","12/31/9999 00:00:00","0","ITSP","03/30/2018 21:56:22","ENW","UNYO","04/05/2022 16:17:02","2022_KAIHEN","04","","","0",""
"40001","EA","04/05/2022 00:00:00","12/31/9999 00:00:00","0","ITSP","03/30/2018 21:56:22","ENW","UNYO","04/05/2022 16:17:02","2022_KAIHEN","04","","","0",""
"40003","EA","04/05/2022 00:00:00","12/31/9999 00:00:00","0","ITSP","03/30/2018 21:56:22","ENW","UNYO","04/05/2022 16:17:02","2022_KAIHEN","04","","","0",""
"16001","EA","04/05/2022 00:00:00","12/31/9999 00:00:00","0","ITSP","03/30/2018 21:56:22","ENW","UNYO","04/05/2022 16:17:02","2022_KAIHEN","03","","","0",""
"16002","EA","04/05/2022 00:00:00","12/31/9999 00:00:00","0","itg40916","05/16/2019 15:23:28","PVU_EX_1400","UNYO","04/05/2022 16:17:02","2022_KAIHEN","03","","","0",""
"16004","EA","04/05/2022 00:00:00","12/31/9999 00:00:00","0","ITSP","03/30/2018 21:56:22","ENW","UNYO","04/05/2022 16:17:02","2022_KAIHEN","03","","","0",""
"16005","EA","04/05/2022 00:00:00","12/31/9999 00:00:00","0","ITSP","03/30/2018 21:56:22","ENW","UNYO","04/05/2022 16:17:02","2022_KAIHEN","03","","","0",""
"16888","EA","04/05/2022 00:00:00","12/31/9999 00:00:00","0","ITSP","03/30/2018 21:56:22","ENW","UNYO","04/05/2022 16:17:02","2022_KAIHEN","03","","","0",""
"16889","EA","04/05/2022 00:00:00","12/31/9999 00:00:00","0","ITSP","03/30/2018 21:56:22","ENW","UNYO","04/05/2022 16:17:02","2022_KAIHEN","03","","","0",""
"17001","EA","04/05/2022 00:00:00","12/31/9999 00:00:00","0","ITSP","03/30/2018 21:56:22","ENW","UNYO","04/05/2022 16:17:02","2022_KAIHEN","03","","","0",""
"17004","EA","04/05/2022 00:00:00","12/31/9999 00:00:00","0","ITSP","03/30/2018 21:56:22","ENW","UNYO","04/05/2022 16:17:02","2022_KAIHEN","03","","","0",""
"17011","EA","04/05/2022 00:00:00","12/31/9999 00:00:00","0","ITSP","03/30/2018 21:56:22","ENW","UNYO","04/05/2022 16:17:02","2022_KAIHEN","03","","","0",""
"17022","EA","04/05/2022 00:00:00","12/31/9999 00:00:00","0","ITSP","03/30/2018 21:56:22","ENW","UNYO","04/05/2022 16:17:02","2022_KAIHEN","03","","","0",""
"17024","EA","04/05/2022 00:00:00","12/31/9999 00:00:00","0","ITSP","03/30/2018 21:56:22","ENW","UNYO","04/05/2022 16:17:02","2022_KAIHEN","03","","","0",""
"17888","EA","04/05/2022 00:00:00","12/31/9999 00:00:00","0","ITSP","03/30/2018 21:56:22","ENW","UNYO","04/05/2022 16:17:02","2022_KAIHEN","03","","","0",""
"17889","EA","04/05/2022 00:00:00","12/31/9999 00:00:00","0","ITSP","03/30/2018 21:56:22","ENW","UNYO","04/05/2022 16:17:02","2022_KAIHEN","03","","","0",""
"18009","EA","04/05/2022 00:00:00","12/31/9999 00:00:00","0","ITSP","03/30/2018 21:56:22","ENW","UNYO","04/05/2022 16:17:02","2022_KAIHEN","03","","","0",""
"18888","EA","04/05/2022 00:00:00","12/31/9999 00:00:00","0","ITSP","03/30/2018 21:56:22","ENW","UNYO","04/05/2022 16:17:02","2022_KAIHEN","03","","","0",""
"18889","EA","04/05/2022 00:00:00","12/31/9999 00:00:00","0","ITSP","03/30/2018 21:56:22","ENW","UNYO","04/05/2022 16:17:02","2022_KAIHEN","03","","","0",""
"19003","EA","04/05/2022 00:00:00","12/31/9999 00:00:00","0","ITSP","03/30/2018 21:56:22","ENW","UNYO","04/05/2022 16:17:02","2022_KAIHEN","02","","","0",""
"19011","EA","04/05/2022 00:00:00","12/31/9999 00:00:00","0","ITSP","03/30/2018 21:56:22","ENW","UNYO","04/05/2022 16:17:02","2022_KAIHEN","02","","","0",""
"19888","EA","04/05/2022 00:00:00","12/31/9999 00:00:00","0","ITSP","03/30/2018 21:56:22","ENW","UNYO","04/05/2022 16:17:02","2022_KAIHEN","02","","","0",""
"19889","EA","04/05/2022 00:00:00","12/31/9999 00:00:00","0","ITSP","03/30/2018 21:56:22","ENW","UNYO","04/05/2022 16:17:02","2022_KAIHEN","02","","","0",""
"20001","EA","04/05/2022 00:00:00","12/31/9999 00:00:00","0","ITSP","03/30/2018 21:56:22","ENW","UNYO","04/05/2022 16:17:02","2022_KAIHEN","02","","","0",""
"20004","EA","04/05/2022 00:00:00","12/31/9999 00:00:00","0","ITSP","03/30/2018 21:56:22","ENW","UNYO","04/05/2022 16:17:02","2022_KAIHEN","02","","","0",""
"20005","EA","04/05/2022 00:00:00","12/31/9999 00:00:00","0","ITSP","03/30/2018 21:56:22","ENW","UNYO","04/05/2022 16:17:02","2022_KAIHEN","02","","","0",""
"20010","EA","04/05/2022 00:00:00","12/31/9999 00:00:00","0","ITSP","03/30/2018 21:56:22","ENW","UNYO","04/05/2022 16:17:02","2022_KAIHEN","02","","","0",""
"20017","EA","04/05/2022 00:00:00","12/31/9999 00:00:00","0","ITSP","03/30/2018 21:56:22","ENW","UNYO","04/05/2022 16:17:02","2022_KAIHEN","02","","","0",""
"20022","EA","04/05/2022 00:00:00","12/31/9999 00:00:00","0","ITSP","03/30/2018 21:56:22","ENW","UNYO","04/05/2022 16:17:02","2022_KAIHEN","02","","","0",""
"20023","EA","04/05/2022 00:00:00","12/31/9999 00:00:00","0","ITSP","03/30/2018 21:56:22","ENW","UNYO","04/05/2022 16:17:02","2022_KAIHEN","02","","","0",""
"20888","EA","04/05/2022 00:00:00","12/31/9999 00:00:00","0","ITSP","03/30/2018 21:56:22","ENW","UNYO","04/05/2022 16:17:02","2022_KAIHEN","02","","","0",""
"20889","EA","04/05/2022 00:00:00","12/31/9999 00:00:00","0","ITSP","03/30/2018 21:56:22","ENW","UNYO","04/05/2022 16:17:02","2022_KAIHEN","02","","","0",""
"21002","EA","04/05/2022 00:00:00","12/31/9999 00:00:00","0","ITSP","03/30/2018 21:56:22","ENW","UNYO","04/05/2022 16:17:02","2022_KAIHEN","03","","","0",""
"21004","EA","04/05/2022 00:00:00","12/31/9999 00:00:00","0","ITSP","03/30/2018 21:56:22","ENW","UNYO","04/05/2022 16:17:02","2022_KAIHEN","03","","","0",""
"21888","EA","04/05/2022 00:00:00","12/31/9999 00:00:00","0","ITSP","03/30/2018 21:56:22","ENW","UNYO","04/05/2022 16:17:02","2022_KAIHEN","02","","","0",""
"21889","EA","04/05/2022 00:00:00","12/31/9999 00:00:00","0","ITSP","03/30/2018 21:56:22","ENW","UNYO","04/05/2022 16:17:02","2022_KAIHEN","02","","","0",""
"21890","EA","04/05/2022 00:00:00","12/31/9999 00:00:00","0","ITSP","03/30/2018 21:56:22","ENW","UNYO","04/05/2022 16:17:02","2022_KAIHEN","03","","","0",""
"22002","EA","04/05/2022 00:00:00","12/31/9999 00:00:00","0","ITSP","03/30/2018 21:56:22","ENW","UNYO","04/05/2022 16:17:02","2022_KAIHEN","03","","","0",""
"22024","EA","04/05/2022 00:00:00","12/31/9999 00:00:00","0","ITSP","03/30/2018 21:56:22","ENW","UNYO","04/05/2022 16:17:02","2022_KAIHEN","03","","","0",""
"22888","EA","04/05/2022 00:00:00","12/31/9999 00:00:00","0","ITSP","03/30/2018 21:56:22","ENW","UNYO","04/05/2022 16:17:02","2022_KAIHEN","03","","","0",""
"22889","EA","04/05/2022 00:00:00","12/31/9999 00:00:00","0","ITSP","03/30/2018 21:56:22","ENW","UNYO","04/05/2022 16:17:02","2022_KAIHEN","03","","","0",""
"22890","EA","04/05/2022 00:00:00","12/31/9999 00:00:00","0","ITSP","03/30/2018 21:56:22","ENW","UNYO","04/05/2022 16:17:02","2022_KAIHEN","03","","","0",""
"23001","EA","04/05/2022 00:00:00","12/31/9999 00:00:00","0","itg04213","05/08/2018 15:32:10","PVU_EX_1400","UNYO","04/05/2022 16:17:02","2022_KAIHEN","03","","","0",""
"23002","EA","04/05/2022 00:00:00","12/31/9999 00:00:00","0","ITSP","03/30/2018 21:56:22","ENW","UNYO","04/05/2022 16:17:02","2022_KAIHEN","03","","","0",""
"23009","EA","04/05/2022 00:00:00","12/31/9999 00:00:00","0","ITSP","03/30/2018 21:56:22","ENW","UNYO","04/05/2022 16:17:02","2022_KAIHEN","03","","","0",""
"23017","EA","04/05/2022 00:00:00","12/31/9999 00:00:00","0","ITSP","03/30/2018 21:56:22","ENW","UNYO","04/05/2022 16:17:02","2022_KAIHEN","03","","","0",""
"23049","EA","04/05/2022 00:00:00","12/31/9999 00:00:00","0","ITSP","03/30/2018 21:56:22","ENW","UNYO","04/05/2022 16:17:02","2022_KAIHEN","03","","","0",""
"23052","EA","04/05/2022 00:00:00","12/31/9999 00:00:00","0","ITSP","03/30/2018 21:56:22","ENW","UNYO","04/05/2022 16:17:02","2022_KAIHEN","03","","","0",""
"23074","EA","04/05/2022 00:00:00","12/31/9999 00:00:00","0","ITSP","03/30/2018 21:56:22","ENW","UNYO","04/05/2022 16:17:02","2022_KAIHEN","03","","","0",""
"23075","EA","04/05/2022 00:00:00","12/31/9999 00:00:00","0","ITSP","03/30/2018 21:56:22","ENW","UNYO","04/05/2022 16:17:02","2022_KAIHEN","03","","","0",""
"23084","EA","04/05/2022 00:00:00","12/31/9999 00:00:00","0","ITSP","03/30/2018 21:56:22","ENW","UNYO","04/05/2022 16:17:02","2022_KAIHEN","03","","","0",""
"23100","EA","04/05/2022 00:00:00","12/31/9999 00:00:00","0","ITSP","03/30/2018 21:56:22","ENW","UNYO","04/05/2022 16:17:02","2022_KAIHEN","03","","","0",""
"23525","EA","04/05/2022 00:00:00","12/31/9999 00:00:00","0","ITSP","03/30/2018 21:56:22","ENW","UNYO","04/05/2022 16:17:02","2022_KAIHEN","03","","","0",""
"23888","EA","04/05/2022 00:00:00","12/31/9999 00:00:00","0","ITSP","03/30/2018 21:56:22","ENW","UNYO","04/05/2022 16:17:02","2022_KAIHEN","03","","","0",""
"23889","EA","04/05/2022 00:00:00","12/31/9999 00:00:00","0","ITSP","03/30/2018 21:56:22","ENW","UNYO","04/05/2022 16:17:02","2022_KAIHEN","03","","","0",""
"23890","EA","04/05/2022 00:00:00","12/31/9999 00:00:00","0","ITSP","03/30/2018 21:56:22","ENW","UNYO","04/05/2022 16:17:02","2022_KAIHEN","03","","","0",""
"23891","EA","04/05/2022 00:00:00","12/31/9999 00:00:00","0","ITSP","03/30/2018 21:56:22","ENW","UNYO","04/05/2022 16:17:02","2022_KAIHEN","03","","","0",""
"24002","EA","04/05/2022 00:00:00","12/31/9999 00:00:00","0","ITSP","03/30/2018 21:56:22","ENW","UNYO","04/05/2022 16:17:02","2022_KAIHEN","03","","","0",""
"24004","EA","04/05/2022 00:00:00","12/31/9999 00:00:00","0","ITSP","03/30/2018 21:56:22","ENW","UNYO","04/05/2022 16:17:02","2022_KAIHEN","03","","","0",""
"24011","EA","04/05/2022 00:00:00","12/31/9999 00:00:00","0","ITSP","03/30/2018 21:56:22","ENW","UNYO","04/05/2022 16:17:02","2022_KAIHEN","03","","","0",""
"24012","EA","04/05/2022 00:00:00","12/31/9999 00:00:00","0","ITSP","03/30/2018 21:56:22","ENW","UNYO","04/05/2022 16:17:02","2022_KAIHEN","03","","","0",""
"24888","EA","04/05/2022 00:00:00","12/31/9999 00:00:00","0","ITSP","03/30/2018 21:56:22","ENW","UNYO","04/05/2022 16:17:02","2022_KAIHEN","03","","","0",""
"24889","EA","04/05/2022 00:00:00","12/31/9999 00:00:00","0","ITSP","03/30/2018 21:56:22","ENW","UNYO","04/05/2022 16:17:02","2022_KAIHEN","03","","","0",""
"24890","EA","04/05/2022 00:00:00","12/31/9999 00:00:00","0","ITSP","03/30/2018 21:56:22","ENW","UNYO","04/05/2022 16:17:02","2022_KAIHEN","03","","","0",""
"25002","EA","04/05/2022 00:00:00","12/31/9999 00:00:00","0","ITSP","03/30/2018 21:56:22","ENW","UNYO","04/05/2022 16:17:02","2022_KAIHEN","03","","","0",""
"25007","EA","04/05/2022 00:00:00","12/31/9999 00:00:00","0","ITSP","03/30/2018 21:56:22","ENW","UNYO","04/05/2022 16:17:02","2022_KAIHEN","03","","","0",""
"25008","EA","04/05/2022 00:00:00","12/31/9999 00:00:00","0","ITSP","03/30/2018 21:56:22","ENW","UNYO","04/05/2022 16:17:02","2022_KAIHEN","03","","","0",""
"25888","EA","04/05/2022 00:00:00","12/31/9999 00:00:00","0","ITSP","03/30/2018 21:56:22","ENW","UNYO","04/05/2022 16:17:02","2022_KAIHEN","03","","","0",""
"25889","EA","04/05/2022 00:00:00","12/31/9999 00:00:00","0","ITSP","03/30/2018 21:56:22","ENW","UNYO","04/05/2022 16:17:02","2022_KAIHEN","03","","","0",""
"26008","EA","04/05/2022 00:00:00","12/31/9999 00:00:00","0","ITSP","03/30/2018 21:56:22","ENW","UNYO","04/05/2022 16:17:02","2022_KAIHEN","03","","","0",""
"26011","EA","04/05/2022 00:00:00","12/31/9999 00:00:00","0","ITSP","03/30/2018 21:56:22","ENW","UNYO","04/05/2022 16:17:02","2022_KAIHEN","03","","","0",""
"26014","EA","04/05/2022 00:00:00","12/31/9999 00:00:00","0","ITSP","03/30/2018 21:56:22","ENW","UNYO","04/05/2022 16:17:02","2022_KAIHEN","03","","","0",""
"26023","EA","04/05/2022 00:00:00","12/31/9999 00:00:00","0","ITSP","03/30/2018 21:56:22","ENW","UNYO","04/05/2022 16:17:02","2022_KAIHEN","03","","","0",""
"26024","EA","04/05/2022 00:00:00","12/31/9999 00:00:00","0","ITSP","03/30/2018 21:56:22","ENW","UNYO","04/05/2022 16:17:02","2022_KAIHEN","03","","","0",""
"26888","EA","04/05/2022 00:00:00","12/31/9999 00:00:00","0","ITSP","03/30/2018 21:56:22","ENW","UNYO","04/05/2022 16:17:02","2022_KAIHEN","03","","","0",""
"26889","EA","04/05/2022 00:00:00","12/31/9999 00:00:00","0","ITSP","03/30/2018 21:56:22","ENW","UNYO","04/05/2022 16:17:02","2022_KAIHEN","03","","","0",""
"27001","EA","04/05/2022 00:00:00","12/31/9999 00:00:00","0","ITSP","03/30/2018 21:56:22","ENW","UNYO","04/05/2022 16:17:02","2022_KAIHEN","03","","","0",""
"27004","EA","04/05/2022 00:00:00","12/31/9999 00:00:00","0","ITSP","03/30/2018 21:56:22","ENW","UNYO","04/05/2022 16:17:02","2022_KAIHEN","03","","","0",""
"27014","EA","04/05/2022 00:00:00","12/31/9999 00:00:00","0","ITSP","03/30/2018 21:56:22","ENW","UNYO","04/05/2022 16:17:02","2022_KAIHEN","03","","","0",""
"27042","EA","04/05/2022 00:00:00","12/31/9999 00:00:00","0","ITSP","03/30/2018 21:56:22","ENW","UNYO","04/05/2022 16:17:02","2022_KAIHEN","03","","","0",""
"27068","EA","04/05/2022 00:00:00","12/31/9999 00:00:00","0","ITSP","03/30/2018 21:56:22","ENW","UNYO","04/05/2022 16:17:02","2022_KAIHEN","03","","","0",""
"27070","EA","04/05/2022 00:00:00","12/31/9999 00:00:00","0","ITSP","03/30/2018 21:56:22","ENW","UNYO","04/05/2022 16:17:02","2022_KAIHEN","03","","","0",""
"27073","EA","04/05/2022 00:00:00","12/31/9999 00:00:00","0","ITSP","03/30/2018 21:56:22","ENW","UNYO","04/05/2022 16:17:02","2022_KAIHEN","03","","","0",""
"27074","EA","04/05/2022 00:00:00","12/31/9999 00:00:00","0","ITSP","03/30/2018 21:56:22","ENW","UNYO","04/05/2022 16:17:02","2022_KAIHEN","03","","","0",""
"27086","EA","04/05/2022 00:00:00","12/31/9999 00:00:00","0","ITSP","03/30/2018 21:56:22","ENW","UNYO","04/05/2022 16:17:02","2022_KAIHEN","03","","","0",""
"27091","EA","04/05/2022 00:00:00","12/31/9999 00:00:00","0","ITSP","03/30/2018 21:56:22","ENW","UNYO","04/05/2022 16:17:02","2022_KAIHEN","03","","","0",""
"27100","EA","04/05/2022 00:00:00","12/31/9999 00:00:00","0","itg04213","03/31/2018 16:11:28","PVU_EX_1400","UNYO","04/05/2022 16:17:02","2022_KAIHEN","03","","","0",""
"27194","EA","04/05/2022 00:00:00","12/31/9999 00:00:00","0","itg19647","10/08/2019 11:33:21","PVU_EX_1400","UNYO","04/05/2022 16:17:02","2022_KAIHEN","03","","","0",""
"27803","EA","04/05/2022 00:00:00","12/31/9999 00:00:00","0","ITSP","03/30/2018 21:56:22","ENW","UNYO","04/05/2022 16:17:02","2022_KAIHEN","03","","","0",""
"27806","EA","04/05/2022 00:00:00","12/31/9999 00:00:00","0","ITSP","03/30/2018 21:56:22","ENW","UNYO","04/05/2022 16:17:02","2022_KAIHEN","03","","","0",""
"27888","EA","04/05/2022 00:00:00","12/31/9999 00:00:00","0","ITSP","03/30/2018 21:56:22","ENW","UNYO","04/05/2022 16:17:02","2022_KAIHEN","03","","","0",""
"27889","EA","04/05/2022 00:00:00","12/31/9999 00:00:00","0","ITSP","03/30/2018 21:56:22","ENW","UNYO","04/05/2022 16:17:02","2022_KAIHEN","03","","","0",""
"09016","EA","04/05/2022 00:00:00","12/31/9999 00:00:00","0","ITSP","03/30/2018 21:56:22","ENW","UNYO","04/05/2022 16:17:02","2022_KAIHEN","02","","","0",""
"09888","EA","04/05/2022 00:00:00","12/31/9999 00:00:00","0","ITSP","03/30/2018 21:56:22","ENW","UNYO","04/05/2022 16:17:02","2022_KAIHEN","02","","","0",""
"09889","EA","04/05/2022 00:00:00","12/31/9999 00:00:00","0","ITSP","03/30/2018 21:56:22","ENW","UNYO","04/05/2022 16:17:02","2022_KAIHEN","02","","","0",""
"10002","EA","04/05/2022 00:00:00","12/31/9999 00:00:00","0","ITSP","03/30/2018 21:56:22","ENW","UNYO","04/05/2022 16:17:02","2022_KAIHEN","02","","","0",""
"10008","EA","04/05/2022 00:00:00","12/31/9999 00:00:00","0","ITSP","03/30/2018 21:56:22","ENW","UNYO","04/05/2022 16:17:02","2022_KAIHEN","02","","","0",""
"10009","EA","04/05/2022 00:00:00","12/31/9999 00:00:00","0","ITSP","03/30/2018 21:56:22","ENW","UNYO","04/05/2022 16:17:02","2022_KAIHEN","02","","","0",""
"10018","EA","04/05/2022 00:00:00","12/31/9999 00:00:00","0","ITSP","03/30/2018 21:56:22","ENW","UNYO","04/05/2022 16:17:02","2022_KAIHEN","02","","","0",""
"10022","EA","04/05/2022 00:00:00","12/31/9999 00:00:00","0","ITSP","03/30/2018 21:56:22","ENW","UNYO","04/05/2022 16:17:02","2022_KAIHEN","02","","","0",""
"10023","EA","04/05/2022 00:00:00","12/31/9999 00:00:00","0","ITSP","03/30/2018 21:56:22","ENW","UNYO","04/05/2022 16:17:02","2022_KAIHEN","02","","","0",""
"10024","EA","04/05/2022 00:00:00","12/31/9999 00:00:00","0","ITSP","03/30/2018 21:56:22","ENW","UNYO","04/05/2022 16:17:02","2022_KAIHEN","02","","","0",""
"10888","EA","04/05/2022 00:00:00","12/31/9999 00:00:00","0","ITSP","03/30/2018 21:56:22","ENW","UNYO","04/05/2022 16:17:02","2022_KAIHEN","02","","","0",""
"10889","EA","04/05/2022 00:00:00","12/31/9999 00:00:00","0","ITSP","03/30/2018 21:56:22","ENW","UNYO","04/05/2022 16:17:02","2022_KAIHEN","02","","","0",""
"11004","EA","04/05/2022 00:00:00","12/31/9999 00:00:00","0","ITSP","03/30/2018 21:56:22","ENW","UNYO","04/05/2022 16:17:02","2022_KAIHEN","02","","","0",""
"11008","EA","04/05/2022 00:00:00","12/31/9999 00:00:00","0","ITSP","03/30/2018 21:56:22","ENW","UNYO","04/05/2022 16:17:02","2022_KAIHEN","02","","","0",""
"11009","EA","04/05/2022 00:00:00","12/31/9999 00:00:00","0","ITSP","03/30/2018 21:56:22","ENW","UNYO","04/05/2022 16:17:02","2022_KAIHEN","02","","","0",""
"11022","EA","04/05/2022 00:00:00","12/31/9999 00:00:00","0","ITSP","03/30/2018 21:56:22","ENW","UNYO","04/05/2022 16:17:02","2022_KAIHEN","02","","","0",""
"11024","EA","04/05/2022 00:00:00","12/31/9999 00:00:00","0","ITSP","03/30/2018 21:56:22","ENW","UNYO","04/05/2022 16:17:02","2022_KAIHEN","02","","","0",""
"11026","EA","04/05/2022 00:00:00","12/31/9999 00:00:00","0","ITSP","03/30/2018 21:56:22","ENW","UNYO","04/05/2022 16:17:02","2022_KAIHEN","02","","","0",""
"11111","EA","04/05/2022 00:00:00","12/31/9999 00:00:00","0","ITSP","03/30/2018 21:56:22","ENW","UNYO","04/05/2022 16:17:02","2022_KAIHEN","02","","","0",""
"11887","EA","04/05/2022 00:00:00","12/31/9999 00:00:00","0","ITSP","03/30/2018 21:56:22","ENW","UNYO","04/05/2022 16:17:02","2022_KAIHEN","02","","","0",""
"11888","EA","04/05/2022 00:00:00","12/31/9999 00:00:00","0","ITSP","03/30/2018 21:56:22","ENW","UNYO","04/05/2022 16:17:02","2022_KAIHEN","02","","","0",""
"11889","EA","04/05/2022 00:00:00","12/31/9999 00:00:00","0","ITSP","03/30/2018 21:56:22","ENW","UNYO","04/05/2022 16:17:02","2022_KAIHEN","02","","","0",""
"11890","EA","04/05/2022 00:00:00","12/31/9999 00:00:00","0","ITSP","03/30/2018 21:56:22","ENW","UNYO","04/05/2022 16:17:02","2022_KAIHEN","02","","","0",""
"12001","EA","04/05/2022 00:00:00","12/31/9999 00:00:00","0","ITSP","03/30/2018 21:56:22","ENW","UNYO","04/05/2022 16:17:02","2022_KAIHEN","02","","","0",""
"12004","EA","04/05/2022 00:00:00","12/31/9999 00:00:00","0","ITSP","03/30/2018 21:56:22","ENW","UNYO","04/05/2022 16:17:02","2022_KAIHEN","02","","","0",""
"12008","EA","04/05/2022 00:00:00","12/31/9999 00:00:00","0","ITSP","03/30/2018 21:56:22","ENW","UNYO","04/05/2022 16:17:02","2022_KAIHEN","02","","","0",""
"12010","EA","04/05/2022 00:00:00","12/31/9999 00:00:00","0","ITSP","03/30/2018 21:56:22","ENW","UNYO","04/05/2022 16:17:02","2022_KAIHEN","02","","","0",""
"12033","EA","04/05/2022 00:00:00","12/31/9999 00:00:00","0","ITSP","03/30/2018 21:56:22","ENW","UNYO","04/05/2022 16:17:02","2022_KAIHEN","02","","","0",""
"12037","EA","04/05/2022 00:00:00","12/31/9999 00:00:00","0","ITSP","03/30/2018 21:56:22","ENW","UNYO","04/05/2022 16:17:02","2022_KAIHEN","02","","","0",""
"12888","EA","04/05/2022 00:00:00","12/31/9999 00:00:00","0","ITSP","03/30/2018 21:56:22","ENW","UNYO","04/05/2022 16:17:02","2022_KAIHEN","02","","","0",""
"12889","EA","04/05/2022 00:00:00","12/31/9999 00:00:00","0","ITSP","03/30/2018 21:56:22","ENW","UNYO","04/05/2022 16:17:02","2022_KAIHEN","02","","","0",""
"13001","EA","04/05/2022 00:00:00","12/31/9999 00:00:00","0","itg40916","05/08/2019 10:46:15","PVU_EX_1400","UNYO","04/05/2022 16:17:02","2022_KAIHEN","02","","","0",""
"13003","EA","04/05/2022 00:00:00","12/31/9999 00:00:00","0","ITSP","03/30/2018 21:56:22","ENW","UNYO","04/05/2022 16:17:02","2022_KAIHEN","02","","","0",""
"13010","EA","04/05/2022 00:00:00","12/31/9999 00:00:00","0","ITSP","03/30/2018 21:56:22","ENW","UNYO","04/05/2022 16:17:02","2022_KAIHEN","02","","","0",""
"13012","EA","04/05/2022 00:00:00","12/31/9999 00:00:00","0","ITSP","03/30/2018 21:56:22","ENW","UNYO","04/05/2022 16:17:02","2022_KAIHEN","02","","","0",""
"13013","EA","04/05/2022 00:00:00","12/31/9999 00:00:00","0","ITSP","03/30/2018 21:56:22","ENW","UNYO","04/05/2022 16:17:02","2022_KAIHEN","02","","","0",""
"13017","EA","04/05/2022 00:00:00","12/31/9999 00:00:00","0","ITSP","03/30/2018 21:56:22","ENW","UNYO","04/05/2022 16:17:02","2022_KAIHEN","02","","","0",""
"13038","EA","04/05/2022 00:00:00","12/31/9999 00:00:00","0","ITSP","03/30/2018 21:56:22","ENW","UNYO","04/05/2022 16:17:02","2022_KAIHEN","02","","","0",""
"13049","EA","04/05/2022 00:00:00","12/31/9999 00:00:00","0","ITSP","03/30/2018 21:56:22","ENW","UNYO","04/05/2022 16:17:02","2022_KAIHEN","02","","","0",""
"13078","EA","04/05/2022 00:00:00","12/31/9999 00:00:00","0","ITSP","03/30/2018 21:56:22","ENW","UNYO","04/05/2022 16:17:02","2022_KAIHEN","02","","","0",""
"13093","EA","04/05/2022 00:00:00","12/31/9999 00:00:00","0","ITSP","03/30/2018 21:56:22","ENW","UNYO","04/05/2022 16:17:02","2022_KAIHEN","02","","","0",""
"13099","EA","04/05/2022 00:00:00","12/31/9999 00:00:00","0","ITSP","03/30/2018 21:56:22","ENW","UNYO","04/05/2022 16:17:02","2022_KAIHEN","02","","","0",""
"13153","EA","04/05/2022 00:00:00","12/31/9999 00:00:00","0","ITSP","03/30/2018 21:56:22","ENW","UNYO","04/05/2022 16:17:02","2022_KAIHEN","02","","","0",""
"13157","EA","04/05/2022 00:00:00","12/31/9999 00:00:00","0","ITSP","03/30/2018 21:56:22","ENW","UNYO","04/05/2022 16:17:02","2022_KAIHEN","02","","","0",""
"13161","EA","04/05/2022 00:00:00","12/31/9999 00:00:00","0","ITSP","03/30/2018 21:56:22","ENW","UNYO","04/05/2022 16:17:02","2022_KAIHEN","02","","","0",""
"13162","EA","04/05/2022 00:00:00","12/31/9999 00:00:00","0","ITSP","03/30/2018 21:56:22","ENW","UNYO","04/05/2022 16:17:02","2022_KAIHEN","02","","","0",""
"13163","EA","04/05/2022 00:00:00","12/31/9999 00:00:00","0","ITSP","03/30/2018 21:56:22","ENW","UNYO","04/05/2022 16:17:02","2022_KAIHEN","02","","","0",""
"13164","EA","04/05/2022 00:00:00","12/31/9999 00:00:00","0","ITSP","03/30/2018 21:56:22","ENW","UNYO","04/05/2022 16:17:02","2022_KAIHEN","02","","","0",""
"13165","EA","04/05/2022 00:00:00","12/31/9999 00:00:00","0","ITSP","03/30/2018 21:56:22","ENW","UNYO","04/05/2022 16:17:02","2022_KAIHEN","02","","","0",""
"13180","EA","04/05/2022 00:00:00","12/31/9999 00:00:00","0","ITSP","03/30/2018 21:56:22","ENW","UNYO","04/05/2022 16:17:02","2022_KAIHEN","02","","","0",""
"13181","EA","04/05/2022 00:00:00","12/31/9999 00:00:00","0","ITSP","03/30/2018 21:56:22","ENW","UNYO","04/05/2022 16:17:02","2022_KAIHEN","02","","","0",""
"13193","EA","04/05/2022 00:00:00","12/31/9999 00:00:00","0","ITSP","03/30/2018 21:56:22","ENW","UNYO","04/05/2022 16:17:02","2022_KAIHEN","02","","","0",""
"13200","EA","04/05/2022 00:00:00","12/31/9999 00:00:00","0","ITSP","03/30/2018 21:56:22","ENW","UNYO","04/05/2022 16:17:02","2022_KAIHEN","02","","","0",""
"13201","EA","04/05/2022 00:00:00","12/31/9999 00:00:00","0","ITSP","03/30/2018 21:56:22","ENW","UNYO","04/05/2022 16:17:02","2022_KAIHEN","02","","","0",""
"13214","EA","04/05/2022 00:00:00","12/31/9999 00:00:00","0","itg04213","03/31/2018 16:23:32","PVU_EX_1400","UNYO","04/05/2022 16:17:02","2022_KAIHEN","02","","","0",""
"13217","EA","04/05/2022 00:00:00","12/31/9999 00:00:00","0","itg04213","02/15/2019 13:50:36","PVU_EX_1400","UNYO","04/05/2022 16:17:02","2022_KAIHEN","02","","","0",""
"13777","EA","04/05/2022 00:00:00","12/31/9999 00:00:00","0","ITSP","03/30/2018 21:56:22","ENW","UNYO","04/05/2022 16:17:02","2022_KAIHEN","02","","","0",""
"13803","EA","04/05/2022 00:00:00","12/31/9999 00:00:00","0","ITSP","03/30/2018 21:56:22","ENW","UNYO","04/05/2022 16:17:02","2022_KAIHEN","02","","","0",""
"13888","EA","04/05/2022 00:00:00","12/31/9999 00:00:00","0","ITSP","03/30/2018 21:56:22","ENW","UNYO","04/05/2022 16:17:02","2022_KAIHEN","02","","","0",""
"13889","EA","04/05/2022 00:00:00","12/31/9999 00:00:00","0","ITSP","03/30/2018 21:56:22","ENW","UNYO","04/05/2022 16:17:02","2022_KAIHEN","02","","","0",""
"13982","EA","04/05/2022 00:00:00","12/31/9999 00:00:00","0","ITSP","03/30/2018 21:56:22","ENW","UNYO","04/05/2022 16:17:02","2022_KAIHEN","02","","","0",""
"13983","EA","04/05/2022 00:00:00","12/31/9999 00:00:00","0","ITSP","03/30/2018 21:56:22","ENW","UNYO","04/05/2022 16:17:02","2022_KAIHEN","02","","","0",""
"13984","EA","04/05/2022 00:00:00","12/31/9999 00:00:00","0","ITSP","03/30/2018 21:56:22","ENW","UNYO","04/05/2022 16:17:02","2022_KAIHEN","02","","","0",""
"13985","EA","04/05/2022 00:00:00","12/31/9999 00:00:00","0","ITSP","03/30/2018 21:56:22","ENW","UNYO","04/05/2022 16:17:02","2022_KAIHEN","02","","","0",""
"13986","EA","04/05/2022 00:00:00","12/31/9999 00:00:00","0","ITSP","03/30/2018 21:56:22","ENW","UNYO","04/05/2022 16:17:02","2022_KAIHEN","02","","","0",""
"13990","EA","04/05/2022 00:00:00","12/31/9999 00:00:00","0","ITSP","03/30/2018 21:56:22","ENW","UNYO","04/05/2022 16:17:02","2022_KAIHEN","02","","","0",""
"14001","EA","04/05/2022 00:00:00","12/31/9999 00:00:00","0","itg04213","05/08/2018 15:13:25","PVU_EX_1400","UNYO","04/05/2022 16:17:02","2022_KAIHEN","02","","","0",""
"14002","EA","04/05/2022 00:00:00","12/31/9999 00:00:00","0","itg04213","05/08/2018 15:24:46","PVU_EX_1400","UNYO","04/05/2022 16:17:02","2022_KAIHEN","02","","","0",""
"14005","EA","04/05/2022 00:00:00","12/31/9999 00:00:00","0","ITSP","03/30/2018 21:56:22","ENW","UNYO","04/05/2022 16:17:02","2022_KAIHEN","02","","","0",""
"14016","EA","04/05/2022 00:00:00","12/31/9999 00:00:00","0","ITSP","03/30/2018 21:56:22","ENW","UNYO","04/05/2022 16:17:02","2022_KAIHEN","02","","","0",""
"14025","EA","04/05/2022 00:00:00","12/31/9999 00:00:00","0","ITSP","03/30/2018 21:56:22","ENW","UNYO","04/05/2022 16:17:02","2022_KAIHEN","02","","","0",""
"14027","EA","04/05/2022 00:00:00","12/31/9999 00:00:00","0","ITSP","03/30/2018 21:56:22","ENW","UNYO","04/05/2022 16:17:02","2022_KAIHEN","02","","","0",""
"14034","EA","04/05/2022 00:00:00","12/31/9999 00:00:00","0","ITSP","03/30/2018 21:56:22","ENW","UNYO","04/05/2022 16:17:02","2022_KAIHEN","02","","","0",""
"14053","EA","04/05/2022 00:00:00","12/31/9999 00:00:00","0","ITSP","03/30/2018 21:56:22","ENW","UNYO","04/05/2022 16:17:02","2022_KAIHEN","02","","","0",""
"14056","EA","04/05/2022 00:00:00","12/31/9999 00:00:00","0","ITSP","03/30/2018 21:56:22","ENW","UNYO","04/05/2022 16:17:02","2022_KAIHEN","02","","","0",""
"14059","EA","04/05/2022 00:00:00","12/31/9999 00:00:00","0","ITSP","03/30/2018 21:56:22","ENW","UNYO","04/05/2022 16:17:02","2022_KAIHEN","02","","","0",""
"14888","EA","04/05/2022 00:00:00","12/31/9999 00:00:00","0","ITSP","03/30/2018 21:56:22","ENW","UNYO","04/05/2022 16:17:02","2022_KAIHEN","02","","","0",""
"14889","EA","04/05/2022 00:00:00","12/31/9999 00:00:00","0","ITSP","03/30/2018 21:56:22","ENW","UNYO","04/05/2022 16:17:02","2022_KAIHEN","02","","","0",""
"15002","EA","04/05/2022 00:00:00","12/31/9999 00:00:00","0","ITSP","03/30/2018 21:56:22","ENW","UNYO","04/05/2022 16:17:02","2022_KAIHEN","02","","","0",""
"15003","EA","04/05/2022 00:00:00","12/31/9999 00:00:00","0","ITSP","03/30/2018 21:56:22","ENW","UNYO","04/05/2022 16:17:02","2022_KAIHEN","02","","","0",""
"15006","EA","04/05/2022 00:00:00","12/31/9999 00:00:00","0","ITSP","03/30/2018 21:56:22","ENW","UNYO","04/05/2022 16:17:02","2022_KAIHEN","02","","","0",""
"15012","EA","04/05/2022 00:00:00","12/31/9999 00:00:00","0","ITSP","03/30/2018 21:56:22","ENW","UNYO","04/05/2022 16:17:02","2022_KAIHEN","02","","","0",""
"15013","EA","04/05/2022 00:00:00","12/31/9999 00:00:00","0","ITSP","03/30/2018 21:56:22","ENW","UNYO","04/05/2022 16:17:02","2022_KAIHEN","02","","","0",""
"15020","EA","04/05/2022 00:00:00","12/31/9999 00:00:00","0","ITSP","03/30/2018 21:56:22","ENW","UNYO","04/05/2022 16:17:02","2022_KAIHEN","02","","","0",""
"15022","EA","04/05/2022 00:00:00","12/31/9999 00:00:00","0","ITSP","03/30/2018 21:56:22","ENW","UNYO","04/05/2022 16:17:02","2022_KAIHEN","02","","","0",""
"15027","EA","04/05/2022 00:00:00","12/31/9999 00:00:00","0","ITSP","03/30/2018 21:56:22","ENW","UNYO","04/05/2022 16:17:02","2022_KAIHEN","02","","","0",""
"15029","EA","04/05/2022 00:00:00","12/31/9999 00:00:00","0","ITSP","03/30/2018 21:56:22","ENW","UNYO","04/05/2022 16:17:02","2022_KAIHEN","02","","","0",""
"15888","EA","04/05/2022 00:00:00","12/31/9999 00:00:00","0","ITSP","03/30/2018 21:56:22","ENW","UNYO","04/05/2022 16:17:02","2022_KAIHEN","02","","","0",""
"15889","EA","04/05/2022 00:00:00","12/31/9999 00:00:00","0","ITSP","03/30/2018 21:56:22","ENW","UNYO","04/05/2022 16:17:02","2022_KAIHEN","02","","","0",""
"01001","EA","04/05/2022 00:00:00","12/31/9999 00:00:00","0","ITSP","03/30/2018 21:56:22","ENW","UNYO","04/05/2022 16:17:02","2022_KAIHEN","01","","","0",""
"01003","EA","04/05/2022 00:00:00","12/31/9999 00:00:00","0","ITSP","03/30/2018 21:56:22","ENW","UNYO","04/05/2022 16:17:02","2022_KAIHEN","01","","","0",""
"01005","EA","04/05/2022 00:00:00","12/31/9999 00:00:00","0","ITSP","03/30/2018 21:56:22","ENW","UNYO","04/05/2022 16:17:02","2022_KAIHEN","01","","","0",""
"01020","EA","04/05/2022 00:00:00","12/31/9999 00:00:00","0","ITSP","03/30/2018 21:56:22","ENW","UNYO","04/05/2022 16:17:02","2022_KAIHEN","01","","","0",""
"01029","EA","04/05/2022 00:00:00","12/31/9999 00:00:00","0","ITSP","03/30/2018 21:56:22","ENW","UNYO","04/05/2022 16:17:02","2022_KAIHEN","01","","","0",""
"01048","EA","04/05/2022 00:00:00","12/31/9999 00:00:00","0","ITSP","03/30/2018 21:56:22","ENW","UNYO","04/05/2022 16:17:02","2022_KAIHEN","01","","","0",""
"01049","EA","04/05/2022 00:00:00","12/31/9999 00:00:00","0","ITSP","03/30/2018 21:56:22","ENW","UNYO","04/05/2022 16:17:02","2022_KAIHEN","01","","","0",""
"01050","EA","04/05/2022 00:00:00","12/31/9999 00:00:00","0","ITSP","03/30/2018 21:56:22","ENW","UNYO","04/05/2022 16:17:02","2022_KAIHEN","01","","","0",""
"01051","EA","04/05/2022 00:00:00","12/31/9999 00:00:00","0","ITSP","03/30/2018 21:56:22","ENW","UNYO","04/05/2022 16:17:02","2022_KAIHEN","01","","","0",""
"01053","EA","04/05/2022 00:00:00","12/31/9999 00:00:00","0","ITSP","03/30/2018 21:56:22","ENW","UNYO","04/05/2022 16:17:02","2022_KAIHEN","01","","","0",""
"01888","EA","04/05/2022 00:00:00","12/31/9999 00:00:00","0","ITSP","03/30/2018 21:56:22","ENW","UNYO","04/05/2022 16:17:02","2022_KAIHEN","01","","","0",""
"01889","EA","04/05/2022 00:00:00","12/31/9999 00:00:00","0","ITSP","03/30/2018 21:56:22","ENW","UNYO","04/05/2022 16:17:02","2022_KAIHEN","01","","","0",""
"02001","EA","04/05/2022 00:00:00","12/31/9999 00:00:00","0","ITSP","03/30/2018 21:56:22","ENW","UNYO","04/05/2022 16:17:02","2022_KAIHEN","01","","","0",""
"02003","EA","04/05/2022 00:00:00","12/31/9999 00:00:00","0","ITSP","03/30/2018 21:56:22","ENW","UNYO","04/05/2022 16:17:02","2022_KAIHEN","01","","","0",""
"02004","EA","04/05/2022 00:00:00","12/31/9999 00:00:00","0","ITSP","03/30/2018 21:56:22","ENW","UNYO","04/05/2022 16:17:02","2022_KAIHEN","01","","","0",""
"02017","EA","04/05/2022 00:00:00","12/31/9999 00:00:00","0","ITSP","03/30/2018 21:56:22","ENW","UNYO","04/05/2022 16:17:02","2022_KAIHEN","01","","","0",""
"02018","EA","04/05/2022 00:00:00","12/31/9999 00:00:00","0","ITSP","03/30/2018 21:56:22","ENW","UNYO","04/05/2022 16:17:02","2022_KAIHEN","01","","","0",""
"02026","EA","04/05/2022 00:00:00","12/31/9999 00:00:00","0","ITSP","03/30/2018 21:56:22","ENW","UNYO","04/05/2022 16:17:02","2022_KAIHEN","01","","","0",""
"02027","EA","04/05/2022 00:00:00","12/31/9999 00:00:00","0","ITSP","03/30/2018 21:56:22","ENW","UNYO","04/05/2022 16:17:02","2022_KAIHEN","01","","","0",""
"02888","EA","04/05/2022 00:00:00","12/31/9999 00:00:00","0","ITSP","03/30/2018 21:56:22","ENW","UNYO","04/05/2022 16:17:02","2022_KAIHEN","01","","","0",""
"02889","EA","04/05/2022 00:00:00","12/31/9999 00:00:00","0","ITSP","03/30/2018 21:56:22","ENW","UNYO","04/05/2022 16:17:02","2022_KAIHEN","01","","","0",""
"03002","EA","04/05/2022 00:00:00","12/31/9999 00:00:00","0","ITSP","03/30/2018 21:56:22","ENW","UNYO","04/05/2022 16:17:02","2022_KAIHEN","01","","","0",""
"03005","EA","04/05/2022 00:00:00","12/31/9999 00:00:00","0","ITSP","03/30/2018 21:56:22","ENW","UNYO","04/05/2022 16:17:02","2022_KAIHEN","01","","","0",""
"03010","EA","04/05/2022 00:00:00","12/31/9999 00:00:00","0","ITSP","03/30/2018 21:56:22","ENW","UNYO","04/05/2022 16:17:02","2022_KAIHEN","01","","","0",""
"03019","EA","04/05/2022 00:00:00","12/31/9999 00:00:00","0","ITSP","03/30/2018 21:56:22","ENW","UNYO","04/05/2022 16:17:02","2022_KAIHEN","01","","","0",""
"03025","EA","04/05/2022 00:00:00","12/31/9999 00:00:00","0","ITSP","03/30/2018 21:56:22","ENW","UNYO","04/05/2022 16:17:02","2022_KAIHEN","01","","","0",""
"03027","EA","04/05/2022 00:00:00","12/31/9999 00:00:00","0","ITSP","03/30/2018 21:56:22","ENW","UNYO","04/05/2022 16:17:02","2022_KAIHEN","01","","","0",""
"03028","EA","04/05/2022 00:00:00","12/31/9999 00:00:00","0","ITSP","03/30/2018 21:56:22","ENW","UNYO","04/05/2022 16:17:02","2022_KAIHEN","01","","","0",""
"03031","EA","04/05/2022 00:00:00","12/31/9999 00:00:00","0","itg04213","03/31/2018 16:18:21","PVU_EX_1400","UNYO","04/05/2022 16:17:02","2022_KAIHEN","01","","","0",""
"03888","EA","04/05/2022 00:00:00","12/31/9999 00:00:00","0","ITSP","03/30/2018 21:56:22","ENW","UNYO","04/05/2022 16:17:02","2022_KAIHEN","01","","","0",""
"03889","EA","04/05/2022 00:00:00","12/31/9999 00:00:00","0","ITSP","03/30/2018 21:56:22","ENW","UNYO","04/05/2022 16:17:02","2022_KAIHEN","01","","","0",""
"04001","EA","04/05/2022 00:00:00","12/31/9999 00:00:00","0","ITSP","03/30/2018 21:56:22","ENW","UNYO","04/05/2022 16:17:02","2022_KAIHEN","01","","","0",""
"04002","EA","04/05/2022 00:00:00","12/31/9999 00:00:00","0","ITSP","03/30/2018 21:56:22","ENW","UNYO","04/05/2022 16:17:02","2022_KAIHEN","01","","","0",""
"04003","EA","04/05/2022 00:00:00","12/31/9999 00:00:00","0","itg04213","05/21/2018 14:20:05","PVU_EX_1400","UNYO","04/05/2022 16:17:02","2022_KAIHEN","01","","","0",""
"04004","EA","04/05/2022 00:00:00","12/31/9999 00:00:00","0","ITSP","03/30/2018 21:56:22","ENW","UNYO","04/05/2022 16:17:02","2022_KAIHEN","01","","","0",""
"04005","EA","04/05/2022 00:00:00","12/31/9999 00:00:00","0","ITSP","03/30/2018 21:56:22","ENW","UNYO","04/05/2022 16:17:02","2022_KAIHEN","01","","","0",""
"04006","EA","04/05/2022 00:00:00","12/31/9999 00:00:00","0","itg36186","01/15/2021 13:54:29","PVU_EX_1400","UNYO","04/05/2022 16:17:02","2022_KAIHEN","01","","","0",""
"04014","EA","04/05/2022 00:00:00","12/31/9999 00:00:00","0","ITSP","03/30/2018 21:56:22","ENW","UNYO","04/05/2022 16:17:02","2022_KAIHEN","01","","","0",""
"04019","EA","04/05/2022 00:00:00","12/31/9999 00:00:00","0","ITSP","03/30/2018 21:56:22","ENW","UNYO","04/05/2022 16:17:02","2022_KAIHEN","01","","","0",""
"04020","EA","04/05/2022 00:00:00","12/31/9999 00:00:00","0","ITSP","03/30/2018 21:56:22","ENW","UNYO","04/05/2022 16:17:02","2022_KAIHEN","01","","","0",""
"04030","EA","04/05/2022 00:00:00","12/31/9999 00:00:00","0","ITSP","03/30/2018 21:56:22","ENW","UNYO","04/05/2022 16:17:02","2022_KAIHEN","01","","","0",""
"04040","EA","04/05/2022 00:00:00","12/31/9999 00:00:00","0","ITSP","03/30/2018 21:56:22","ENW","UNYO","04/05/2022 16:17:02","2022_KAIHEN","01","","","0",""
"04044","EA","04/05/2022 00:00:00","12/31/9999 00:00:00","0","ITSP","03/30/2018 21:56:22","ENW","UNYO","04/05/2022 16:17:02","2022_KAIHEN","01","","","0",""
"04045","EA","04/05/2022 00:00:00","12/31/9999 00:00:00","0","ITSP","03/30/2018 21:56:22","ENW","UNYO","04/05/2022 16:17:02","2022_KAIHEN","01","","","0",""
"04046","EA","04/05/2022 00:00:00","12/31/9999 00:00:00","0","ITSP","03/30/2018 21:56:22","ENW","UNYO","04/05/2022 16:17:02","2022_KAIHEN","01","","","0",""
"04048","EA","04/05/2022 00:00:00","12/31/9999 00:00:00","0","ITSP","03/30/2018 21:56:22","ENW","UNYO","04/05/2022 16:17:02","2022_KAIHEN","01","","","0",""
"04050","EA","04/05/2022 00:00:00","12/31/9999 00:00:00","0","ITSP","03/30/2018 21:56:22","ENW","UNYO","04/05/2022 16:17:02","2022_KAIHEN","01","","","0",""
"04051","EA","04/05/2022 00:00:00","12/31/9999 00:00:00","0","ITSP","03/30/2018 21:56:22","ENW","UNYO","04/05/2022 16:17:02","2022_KAIHEN","01","","","0",""
"04504","EA","04/05/2022 00:00:00","12/31/9999 00:00:00","0","ITSP","03/30/2018 21:56:22","ENW","UNYO","04/05/2022 16:17:02","2022_KAIHEN","01","","","0",""
"04888","EA","04/05/2022 00:00:00","12/31/9999 00:00:00","0","ITSP","03/30/2018 21:56:22","ENW","UNYO","04/05/2022 16:17:02","2022_KAIHEN","01","","","0",""
"04889","EA","04/05/2022 00:00:00","12/31/9999 00:00:00","0","ITSP","03/30/2018 21:56:22","ENW","UNYO","04/05/2022 16:17:02","2022_KAIHEN","01","","","0",""
"04890","EA","04/05/2022 00:00:00","12/31/9999 00:00:00","0","ITSP","03/30/2018 21:56:22","ENW","UNYO","04/05/2022 16:17:02","2022_KAIHEN","01","","","0",""
"05003","EA","04/05/2022 00:00:00","12/31/9999 00:00:00","0","ITSP","03/30/2018 21:56:22","ENW","UNYO","04/05/2022 16:17:02","2022_KAIHEN","01","","","0",""
"05007","EA","04/05/2022 00:00:00","12/31/9999 00:00:00","0","ITSP","03/30/2018 21:56:22","ENW","UNYO","04/05/2022 16:17:02","2022_KAIHEN","01","","","0",""
"05013","EA","04/05/2022 00:00:00","12/31/9999 00:00:00","0","ITSP","03/30/2018 21:56:22","ENW","UNYO","04/05/2022 16:17:02","2022_KAIHEN","01","","","0",""
"05016","EA","04/05/2022 00:00:00","12/31/9999 00:00:00","0","ITSP","03/30/2018 21:56:22","ENW","UNYO","04/05/2022 16:17:02","2022_KAIHEN","01","","","0",""
"05017","EA","04/05/2022 00:00:00","12/31/9999 00:00:00","0","ITSP","03/30/2018 21:56:22","ENW","UNYO","04/05/2022 16:17:02","2022_KAIHEN","01","","","0",""
"05018","EA","04/05/2022 00:00:00","12/31/9999 00:00:00","0","ITSP","03/30/2018 21:56:22","ENW","UNYO","04/05/2022 16:17:02","2022_KAIHEN","01","","","0",""
"05888","EA","04/05/2022 00:00:00","12/31/9999 00:00:00","0","ITSP","03/30/2018 21:56:22","ENW","UNYO","04/05/2022 16:17:02","2022_KAIHEN","01","","","0",""
"05889","EA","04/05/2022 00:00:00","12/31/9999 00:00:00","0","ITSP","03/30/2018 21:56:22","ENW","UNYO","04/05/2022 16:17:02","2022_KAIHEN","01","","","0",""
"06002","EA","04/05/2022 00:00:00","12/31/9999 00:00:00","0","ITSP","03/30/2018 21:56:22","ENW","UNYO","04/05/2022 16:17:02","2022_KAIHEN","01","","","0",""
"06007","EA","04/05/2022 00:00:00","12/31/9999 00:00:00","0","ITSP","03/30/2018 21:56:22","ENW","UNYO","04/05/2022 16:17:02","2022_KAIHEN","01","","","0",""
"06010","EA","04/05/2022 00:00:00","12/31/9999 00:00:00","0","ITSP","03/30/2018 21:56:22","ENW","UNYO","04/05/2022 16:17:02","2022_KAIHEN","01","","","0",""
"06014","EA","04/05/2022 00:00:00","12/31/9999 00:00:00","0","ITSP","03/30/2018 21:56:22","ENW","UNYO","04/05/2022 16:17:02","2022_KAIHEN","01","","","0",""
"06015","EA","04/05/2022 00:00:00","12/31/9999 00:00:00","0","ITSP","03/30/2018 21:56:22","ENW","UNYO","04/05/2022 16:17:02","2022_KAIHEN","01","","","0",""
"06016","EA","04/05/2022 00:00:00","12/31/9999 00:00:00","0","ITSP","03/30/2018 21:56:22","ENW","UNYO","04/05/2022 16:17:02","2022_KAIHEN","01","","","0",""
"06888","EA","04/05/2022 00:00:00","12/31/9999 00:00:00","0","ITSP","03/30/2018 21:56:22","ENW","UNYO","04/05/2022 16:17:02","2022_KAIHEN","01","","","0",""
"06889","EA","04/05/2022 00:00:00","12/31/9999 00:00:00","0","ITSP","03/30/2018 21:56:22","ENW","UNYO","04/05/2022 16:17:02","2022_KAIHEN","01","","","0",""
"07001","EA","04/05/2022 00:00:00","12/31/9999 00:00:00","0","ITSP","03/30/2018 21:56:22","ENW","UNYO","04/05/2022 16:17:02","2022_KAIHEN","01","","","0",""
"07004","EA","04/05/2022 00:00:00","12/31/9999 00:00:00","0","ITSP","03/30/2018 21:56:22","ENW","UNYO","04/05/2022 16:17:02","2022_KAIHEN","01","","","0",""
"07020","EA","04/05/2022 00:00:00","12/31/9999 00:00:00","0","ITSP","03/30/2018 21:56:22","ENW","UNYO","04/05/2022 16:17:02","2022_KAIHEN","01","","","0",""
"07022","EA","04/05/2022 00:00:00","12/31/9999 00:00:00","0","ITSP","03/30/2018 21:56:22","ENW","UNYO","04/05/2022 16:17:02","2022_KAIHEN","01","","","0",""
"07025","EA","04/05/2022 00:00:00","12/31/9999 00:00:00","0","ITSP","03/30/2018 21:56:22","ENW","UNYO","04/05/2022 16:17:02","2022_KAIHEN","01","","","0",""
"07027","EA","04/05/2022 00:00:00","12/31/9999 00:00:00","0","ITSP","03/30/2018 21:56:22","ENW","UNYO","04/05/2022 16:17:02","2022_KAIHEN","01","","","0",""
"07028","EA","04/05/2022 00:00:00","12/31/9999 00:00:00","0","ITSP","03/30/2018 21:56:22","ENW","UNYO","04/05/2022 16:17:02","2022_KAIHEN","01","","","0",""
"07031","EA","04/05/2022 00:00:00","12/31/9999 00:00:00","0","ITSP","03/30/2018 21:56:22","ENW","UNYO","04/05/2022 16:17:02","2022_KAIHEN","01","","","0",""
"07888","EA","04/05/2022 00:00:00","12/31/9999 00:00:00","0","ITSP","03/30/2018 21:56:22","ENW","UNYO","04/05/2022 16:17:02","2022_KAIHEN","01","","","0",""
"07889","EA","04/05/2022 00:00:00","12/31/9999 00:00:00","0","ITSP","03/30/2018 21:56:22","ENW","UNYO","04/05/2022 16:17:02","2022_KAIHEN","01","","","0",""
"08007","EA","04/05/2022 00:00:00","12/31/9999 00:00:00","0","ITSP","03/30/2018 21:56:22","ENW","UNYO","04/05/2022 16:17:02","2022_KAIHEN","02","","","0",""
"08010","EA","04/05/2022 00:00:00","12/31/9999 00:00:00","0","ITSP","03/30/2018 21:56:22","ENW","UNYO","04/05/2022 16:17:02","2022_KAIHEN","02","","","0",""
"08021","EA","04/05/2022 00:00:00","12/31/9999 00:00:00","0","ITSP","03/30/2018 21:56:22","ENW","UNYO","04/05/2022 16:17:02","2022_KAIHEN","02","","","0",""
"08095","EA","04/05/2022 00:00:00","12/31/9999 00:00:00","0","ITSP","03/30/2018 21:56:22","ENW","UNYO","04/05/2022 16:17:02","2022_KAIHEN","02","","","0",""
"08504","EA","04/05/2022 00:00:00","12/31/9999 00:00:00","0","ITSP","03/30/2018 21:56:22","ENW","UNYO","04/05/2022 16:17:02","2022_KAIHEN","02","","","0",""
"08888","EA","04/05/2022 00:00:00","12/31/9999 00:00:00","0","ITSP","03/30/2018 21:56:22","ENW","UNYO","04/05/2022 16:17:02","2022_KAIHEN","02","","","0",""
"08889","EA","04/05/2022 00:00:00","12/31/9999 00:00:00","0","ITSP","03/30/2018 21:56:22","ENW","UNYO","04/05/2022 16:17:02","2022_KAIHEN","02","","","0",""
"09003","EA","04/05/2022 00:00:00","12/31/9999 00:00:00","0","ITSP","03/30/2018 21:56:22","ENW","UNYO","04/05/2022 16:17:02","2022_KAIHEN","02","","","0",""
"09012","EA","04/05/2022 00:00:00","12/31/9999 00:00:00","0","ITSP","03/30/2018 21:56:22","ENW","UNYO","04/05/2022 16:17:02","2022_KAIHEN","02","","","0",""
"09013","EA","04/05/2022 00:00:00","12/31/9999 00:00:00","0","ITSP","03/30/2018 21:56:22","ENW","UNYO","04/05/2022 16:17:02","2022_KAIHEN","02","","","0",""
"09015","EA","04/05/2022 00:00:00","12/31/9999 00:00:00","0","ITSP","03/30/2018 21:56:22","ENW","UNYO","04/05/2022 16:17:02","2022_KAIHEN","02","","","0",""
"15013","ECL","01/01/2000 00:00:00","03/31/2013 00:00:00","0","ecld0918","03/29/2018 18:50:00","803001","ecld0918","03/29/2018 18:50:00","803001","16","07508","3","1","3"
"15013","ECL","04/01/2013 00:00:00","09/30/2013 00:00:00","0","ecl07868","03/29/2018 18:50:00","803001","ecl07868","03/29/2018 18:50:00","803001","50","07508","3","1","3"
"15013","ECL","10/01/2013 00:00:00","03/31/2016 00:00:00","0","ecl07868","03/29/2018 18:50:00","803001","ecl07868","03/29/2018 18:50:00","803001","50","06189","3","1","3"
"15013","ECL","04/01/2016 00:00:00","10/31/2016 00:00:00","0","ecl07868","03/29/2018 18:50:00","803001","ecl07868","03/29/2018 18:50:00","803001","51","06189","3","1","3"
"15013","ECL","11/01/2016 00:00:00","09/30/2017 00:00:00","0","ecl07868","03/29/2018 18:50:00","803001","ecl07868","03/29/2018 18:50:00","803001","51","09025","3","1","3"
"15013","ECL","10/01/2017 00:00:00","04/14/2019 00:00:00","0","ecl05206","03/29/2018 18:50:00","803001","ecl05206","03/29/2018 18:50:00","803001","51","07042","3","1","3"
"15020","ECL","01/01/2000 00:00:00","03/31/2013 00:00:00","0","ecld0918","03/29/2018 18:50:00","803001","ecld0918","03/29/2018 18:50:00","803001","16","07508","1","1","1"
"15020","ECL","04/01/2013 00:00:00","09/30/2013 00:00:00","0","ecld0918","03/29/2018 18:50:00","803001","ecld0918","03/29/2018 18:50:00","803001","50","07508","1","1","1"
"15020","ECL","10/01/2013 00:00:00","03/31/2016 00:00:00","0","ecl07868","03/29/2018 18:50:00","803001","ecl07868","03/29/2018 18:50:00","803001","50","06189","1","1","1"
"15020","ECL","04/01/2016 00:00:00","10/31/2016 00:00:00","0","ecl07868","03/29/2018 18:50:00","803001","ecl07868","03/29/2018 18:50:00","803001","51","06189","1","1","1"
"15020","ECL","11/01/2016 00:00:00","09/30/2017 00:00:00","0","ecl07868","03/29/2018 18:50:00","803001","ecl07868","03/29/2018 18:50:00","803001","51","09025","1","1","1"
"15020","ECL","10/01/2017 00:00:00","04/14/2019 00:00:00","0","ecl05206","03/29/2018 18:50:00","803001","ecl05206","03/29/2018 18:50:00","803001","51","07042","1","1","1"
"15022","ECL","01/01/2000 00:00:00","03/31/2013 00:00:00","0","ecl04291","03/29/2018 18:50:00","803001","ecl04291","03/29/2018 18:50:00","803001","16","07508","3","1","3"
"15022","ECL","04/01/2013 00:00:00","09/30/2013 00:00:00","0","ecl04291","03/29/2018 18:50:00","803001","ecl04291","03/29/2018 18:50:00","803001","50","07508","3","1","3"
"15022","ECL","10/01/2013 00:00:00","03/31/2016 00:00:00","0","ecl07868","03/29/2018 18:50:00","803001","ecl07868","03/29/2018 18:50:00","803001","50","06189","3","1","3"
"15022","ECL","04/01/2016 00:00:00","10/31/2016 00:00:00","0","ecl07868","03/29/2018 18:50:00","803001","ecl07868","03/29/2018 18:50:00","803001","51","06189","3","1","3"
"15022","ECL","11/01/2016 00:00:00","09/30/2017 00:00:00","0","ecl07868","03/29/2018 18:50:00","803001","ecl07868","03/29/2018 18:50:00","803001","51","09025","3","1","3"
"15022","ECL","10/01/2017 00:00:00","04/14/2019 00:00:00","0","ecl05206","03/29/2018 18:50:00","803001","ecl05206","03/29/2018 18:50:00","803001","51","07042","3","1","3"
"15027","ECL","01/01/2000 00:00:00","03/31/2013 00:00:00","0","eclips01","03/29/2018 18:50:00","803001","eclips01","03/29/2018 18:50:00","803001","16","04520","3","1",""
"15027","ECL","04/01/2013 00:00:00","04/14/2020 00:00:00","0","eclips01","03/29/2018 18:50:00","803001","eclips01","03/29/2018 18:50:00","803001","49","04520","3","1",""
"15029","ECL","01/01/2000 00:00:00","03/31/2013 00:00:00","0","ecl04321","03/29/2018 18:50:00","803001","ecl04321","03/29/2018 18:50:00","803001","16","05496","2","0",""
"15029","ECL","04/01/2013 00:00:00","11/30/2013 00:00:00","0","ecl04321","03/29/2018 18:50:00","803001","ecl04321","03/29/2018 18:50:00","803001","50","05496","2","0",""
"15029","ECL","12/01/2013 00:00:00","03/31/2016 00:00:00","0","ecl04321","03/29/2018 18:50:00","803001","ecl04321","03/29/2018 18:50:00","803001","50","05119","2","0",""
"15029","ECL","04/01/2016 00:00:00","04/14/2020 00:00:00","0","ecl04321","03/29/2018 18:50:00","803001","ecl04321","03/29/2018 18:50:00","803001","51","05119","2","0",""
"15888","ECL","01/01/2000 00:00:00","03/31/2013 00:00:00","0","ecl04742","03/29/2018 18:50:00","803001","ecl04742","03/29/2018 18:50:00","803001","16","","","0",""
"15888","ECL","04/01/2013 00:00:00","03/31/2016 00:00:00","0","ecl04742","03/29/2018 18:50:00","803001","ecl04742","03/29/2018 18:50:00","803001","50","","","0",""
"15888","ECL","04/01/2016 00:00:00","12/31/9999 00:00:00","0","ecl04742","03/29/2018 18:50:00","803001","ecl04742","03/29/2018 18:50:00","803001","51","","","0",""
"15889","ECL","01/01/2000 00:00:00","03/31/2013 00:00:00","0","ecl04742","03/29/2018 18:50:00","803001","ecl04742","03/29/2018 18:50:00","803001","16","","","0",""
"15889","ECL","04/01/2013 00:00:00","03/31/2016 00:00:00","0","ecl04742","03/29/2018 18:50:00","803001","ecl04742","03/29/2018 18:50:00","803001","50","","","0",""
"15889","ECL","04/01/2016 00:00:00","12/31/9999 00:00:00","0","ecl04742","03/29/2018 18:50:00","803001","ecl04742","03/29/2018 18:50:00","803001","51","","","0",""
"16001","ECL","01/01/2000 00:00:00","03/31/2013 00:00:00","0","ecld0918","03/29/2018 18:50:00","803001","ecld0918","03/29/2018 18:50:00","803001","38","06323","1","1","3"
"16001","ECL","04/01/2013 00:00:00","09/30/2013 00:00:00","0","ecld0918","03/29/2018 18:50:00","803001","ecld0918","03/29/2018 18:50:00","803001","53","06323","1","1","3"
"16001","ECL","10/01/2013 00:00:00","10/31/2016 00:00:00","0","ecl07868","03/29/2018 18:50:00","803001","ecl07868","03/29/2018 18:50:00","803001","53","07316","1","1","3"
"16001","ECL","11/01/2016 00:00:00","03/31/2018 00:00:00","0","ecl07868","03/29/2018 18:50:00","803001","ecl07868","03/29/2018 18:50:00","803001","53","","1","1","3"
"16001","ECL","04/01/2018 00:00:00","12/31/9999 00:00:00","0","ecl07868","03/29/2018 18:50:00","803001","ecl07868","03/29/2018 18:50:00","803001","52","","1","1","3"
"16004","ECL","01/01/2000 00:00:00","09/30/2012 00:00:00","0","ecld0918","03/29/2018 18:50:00","803001","ecld0918","03/29/2018 18:50:00","803001","38","06504","3","1","3"
"16004","ECL","10/01/2012 00:00:00","03/31/2013 00:00:00","0","ecl07868","03/29/2018 18:50:00","803001","ecl07868","03/29/2018 18:50:00","803001","38","07114","3","1","3"
"16004","ECL","04/01/2013 00:00:00","04/30/2015 00:00:00","0","ecl07868","03/29/2018 18:50:00","803001","ecl07868","03/29/2018 18:50:00","803001","53","07114","3","1","3"
"16004","ECL","05/01/2015 00:00:00","10/31/2016 00:00:00","0","ecl07868","03/29/2018 18:50:00","803001","ecl07868","03/29/2018 18:50:00","803001","53","06374","3","1","3"
"16004","ECL","11/01/2016 00:00:00","03/31/2018 00:00:00","0","ecl07868","03/29/2018 18:50:00","803001","ecl07868","03/29/2018 18:50:00","803001","53","07316","3","1","3"
"16004","ECL","04/01/2018 00:00:00","04/23/2018 00:00:00","0","ecl07868","03/29/2018 18:50:00","803001","ecl07868","03/29/2018 18:50:00","803001","52","07316","3","1","3"
"16005","ECL","01/01/2000 00:00:00","09/30/2012 00:00:00","0","ecld0918","03/29/2018 18:50:00","803001","ecld0918","03/29/2018 18:50:00","803001","38","06504","1","1","1"
"16005","ECL","10/01/2012 00:00:00","03/31/2013 00:00:00","0","ecl07868","03/29/2018 18:50:00","803001","ecl07868","03/29/2018 18:50:00","803001","38","07114","1","1","1"
"16005","ECL","04/01/2013 00:00:00","04/30/2015 00:00:00","0","ecl07868","03/29/2018 18:50:00","803001","ecl07868","03/29/2018 18:50:00","803001","53","07114","1","1","1"
"16005","ECL","05/01/2015 00:00:00","10/31/2016 00:00:00","0","ecl07868","03/29/2018 18:50:00","803001","ecl07868","03/29/2018 18:50:00","803001","53","06374","1","1","1"
"16005","ECL","11/01/2016 00:00:00","03/31/2018 00:00:00","0","ecl07868","03/29/2018 18:50:00","803001","ecl07868","03/29/2018 18:50:00","803001","53","07316","1","1","1"
"16005","ECL","04/01/2018 00:00:00","04/19/2018 00:00:00","0","ecl07868","03/29/2018 18:50:00","803001","ecl07868","03/29/2018 18:50:00","803001","52","07316","1","1","1"
"16021","ECL","04/01/2017 00:00:00","03/31/2018 00:00:00","0","ecl07119","03/29/2018 18:50:00","803001","ecl07119","03/29/2018 18:50:00","803001","53","07316","","0",""
"16021","ECL","04/01/2018 00:00:00","04/14/2019 00:00:00","0","ecl07119","03/29/2018 18:50:00","803001","ecl07119","03/29/2018 18:50:00","803001","52","07316","","0",""
"16888","ECL","01/01/2000 00:00:00","03/31/2013 00:00:00","0","ecl04742","03/29/2018 18:50:00","803001","ecl04742","03/29/2018 18:50:00","803001","38","","","0",""
"16888","ECL","04/01/2013 00:00:00","03/31/2018 00:00:00","0","ecl04742","03/29/2018 18:50:00","803001","ecl04742","03/29/2018 18:50:00","803001","53","","","0",""
"16888","ECL","04/01/2018 00:00:00","12/31/9999 00:00:00","0","ecl04742","03/29/2018 18:50:00","803001","ecl04742","03/29/2018 18:50:00","803001","52","","","0",""
"16889","ECL","01/01/2000 00:00:00","03/31/2013 00:00:00","0","ecl04742","03/29/2018 18:50:00","803001","ecl04742","03/29/2018 18:50:00","803001","38","","","0",""
"16889","ECL","04/01/2013 00:00:00","03/31/2018 00:00:00","0","ecl04742","03/29/2018 18:50:00","803001","ecl04742","03/29/2018 18:50:00","803001","53","","","0",""
"16889","ECL","04/01/2018 00:00:00","12/31/9999 00:00:00","0","ecl04742","03/29/2018 18:50:00","803001","ecl04742","03/29/2018 18:50:00","803001","52","","","0",""
"17001","ECL","01/01/2000 00:00:00","03/31/2013 00:00:00","0","ecl07868","03/29/2018 18:50:00","803001","ecl07868","03/29/2018 18:50:00","803001","38","06323","3","1","3"
"17001","ECL","04/01/2013 00:00:00","09/30/2013 00:00:00","0","ecl07868","03/29/2018 18:50:00","803001","ecl07868","03/29/2018 18:50:00","803001","53","06323","3","1","3"
"17001","ECL","10/01/2013 00:00:00","03/31/2018 00:00:00","0","ecl07868","03/29/2018 18:50:00","803001","ecl07868","03/29/2018 18:50:00","803001","53","07316","3","1","3"
"17001","ECL","04/01/2018 00:00:00","04/23/2018 00:00:00","0","ecl07868","03/29/2018 18:50:00","803001","ecl07868","03/29/2018 18:50:00","803001","52","07316","3","1","3"
"17004","ECL","01/01/2000 00:00:00","09/30/2012 00:00:00","0","ecld0918","03/29/2018 18:50:00","803001","ecld0918","03/29/2018 18:50:00","803001","38","06504","1","1","1"
"17004","ECL","10/01/2012 00:00:00","03/31/2013 00:00:00","0","ecl07868","03/29/2018 18:50:00","803001","ecl07868","03/29/2018 18:50:00","803001","38","07114","1","1","1"
"17004","ECL","04/01/2013 00:00:00","04/30/2015 00:00:00","0","ecl07868","03/29/2018 18:50:00","803001","ecl07868","03/29/2018 18:50:00","803001","53","07114","1","1","1"
"17004","ECL","05/01/2015 00:00:00","10/31/2016 00:00:00","0","ecl07868","03/29/2018 18:50:00","803001","ecl07868","03/29/2018 18:50:00","803001","53","06374","1","1","1"
"17004","ECL","11/01/2016 00:00:00","03/31/2018 00:00:00","0","ecl07868","03/29/2018 18:50:00","803001","ecl07868","03/29/2018 18:50:00","803001","53","07316","1","1","1"
"17004","ECL","04/01/2018 00:00:00","04/19/2018 00:00:00","0","ecl07868","03/29/2018 18:50:00","803001","ecl07868","03/29/2018 18:50:00","803001","52","07316","1","1","1"
"17011","ECL","01/01/2000 00:00:00","03/31/2013 00:00:00","0","ecl04321","03/29/2018 18:50:00","803001","ecl04321","03/29/2018 18:50:00","803001","38","05496","2","0",""
"17011","ECL","04/01/2013 00:00:00","11/30/2013 00:00:00","0","ecl04321","03/29/2018 18:50:00","803001","ecl04321","03/29/2018 18:50:00","803001","53","05496","2","0",""
"17011","ECL","12/01/2013 00:00:00","03/31/2018 00:00:00","0","ecl04321","03/29/2018 18:50:00","803001","ecl04321","03/29/2018 18:50:00","803001","53","05119","2","0",""
"17011","ECL","04/01/2018 00:00:00","10/08/2020 00:00:00","0","ecl04321","03/29/2018 18:50:00","803001","ecl04321","03/29/2018 18:50:00","803001","52","05119","2","0",""
"17022","ECL","01/01/2000 00:00:00","03/31/2013 00:00:00","0","ecld0918","03/29/2018 18:50:00","803001","ecld0918","03/29/2018 18:50:00","803001","38","","1","1","1"
"17022","ECL","04/01/2013 00:00:00","04/30/2013 00:00:00","0","ecl07868","03/29/2018 18:50:00","803001","ecl07868","03/29/2018 18:50:00","803001","53","","1","1","1"
"17022","ECL","05/01/2013 00:00:00","09/30/2013 00:00:00","0","ips00015","03/29/2018 18:50:00","803001","ips00015","03/29/2018 18:50:00","803001","53","06323","1","1","1"
"17022","ECL","10/01/2013 00:00:00","03/31/2018 00:00:00","0","ecl07868","03/29/2018 18:50:00","803001","ecl07868","03/29/2018 18:50:00","803001","53","07316","1","1","1"
"17022","ECL","04/01/2018 00:00:00","04/19/2018 00:00:00","0","ecl07868","03/29/2018 18:50:00","803001","ecl07868","03/29/2018 18:50:00","803001","52","07316","1","1","1"
"17024","ECL","01/01/2000 00:00:00","03/31/2013 00:00:00","0","ecl04291","03/29/2018 18:50:00","803001","ecl04291","03/29/2018 18:50:00","803001","38","06323","3","0","3"
"17024","ECL","04/01/2013 00:00:00","04/30/2013 00:00:00","0","ecl04291","03/29/2018 18:50:00","803001","ecl04291","03/29/2018 18:50:00","803001","53","06323","3","0","3"
"17024","ECL","05/01/2013 00:00:00","03/31/2018 00:00:00","0","ips00015","03/29/2018 18:50:00","803001","ips00015","03/29/2018 18:50:00","803001","53","","3","0","3"
"17024","ECL","04/01/2018 00:00:00","12/31/9999 00:00:00","0","ips00015","03/29/2018 18:50:00","803001","ips00015","03/29/2018 18:50:00","803001","52","","3","0","3"
"17888","ECL","01/01/2000 00:00:00","03/31/2013 00:00:00","0","ecld0913","03/29/2018 18:50:00","803001","ecld0913","03/29/2018 18:50:00","803001","38","","","0",""
"17888","ECL","04/01/2013 00:00:00","03/31/2018 00:00:00","0","ecld0913","03/29/2018 18:50:00","803001","ecld0913","03/29/2018 18:50:00","803001","53","","","0",""
"17888","ECL","04/01/2018 00:00:00","12/31/9999 00:00:00","0","ecld0913","03/29/2018 18:50:00","803001","ecld0913","03/29/2018 18:50:00","803001","52","","","0",""
"17889","ECL","01/01/2000 00:00:00","03/31/2013 00:00:00","0","ecl04742","03/29/2018 18:50:00","803001","ecl04742","03/29/2018 18:50:00","803001","38","","","0",""
"17889","ECL","04/01/2013 00:00:00","03/31/2018 00:00:00","0","ecl04742","03/29/2018 18:50:00","803001","ecl04742","03/29/2018 18:50:00","803001","53","","","0",""
"17889","ECL","04/01/2018 00:00:00","12/31/9999 00:00:00","0","ecl04742","03/29/2018 18:50:00","803001","ecl04742","03/29/2018 18:50:00","803001","52","","","0",""
"18009","ECL","01/01/2000 00:00:00","09/30/2012 00:00:00","0","ecld0918","03/29/2018 18:50:00","803001","ecld0918","03/29/2018 18:50:00","803001","38","06504","1","1","1"
"18009","ECL","10/01/2012 00:00:00","03/31/2013 00:00:00","0","ecl07868","03/29/2018 18:50:00","803001","ecl07868","03/29/2018 18:50:00","803001","38","07114","1","1","1"
"18009","ECL","04/01/2013 00:00:00","04/30/2015 00:00:00","0","ecl07868","03/29/2018 18:50:00","803001","ecl07868","03/29/2018 18:50:00","803001","53","07114","1","1","1"
"18009","ECL","05/01/2015 00:00:00","10/31/2016 00:00:00","0","ecl07868","03/29/2018 18:50:00","803001","ecl07868","03/29/2018 18:50:00","803001","53","06374","1","1","1"
"18009","ECL","11/01/2016 00:00:00","03/31/2018 00:00:00","0","ecl07868","03/29/2018 18:50:00","803001","ecl07868","03/29/2018 18:50:00","803001","53","07316","1","1","1"
"18009","ECL","04/01/2018 00:00:00","04/19/2018 00:00:00","0","ecl05206","03/29/2018 18:50:00","803001","ecl05206","03/29/2018 18:50:00","803001","52","07316","1","1","1"
"18888","ECL","01/01/2000 00:00:00","03/31/2013 00:00:00","0","ecld0913","03/29/2018 18:50:00","803001","ecld0913","03/29/2018 18:50:00","803001","38","","","0",""
"18888","ECL","04/01/2013 00:00:00","03/31/2018 00:00:00","0","ecld0913","03/29/2018 18:50:00","803001","ecld0913","03/29/2018 18:50:00","803001","53","","","0",""
"18888","ECL","04/01/2018 00:00:00","12/31/9999 00:00:00","0","ecld0913","03/29/2018 18:50:00","803001","ecld0913","03/29/2018 18:50:00","803001","52","","","0",""
"18889","ECL","01/01/2000 00:00:00","03/31/2013 00:00:00","0","ecl04742","03/29/2018 18:50:00","803001","ecl04742","03/29/2018 18:50:00","803001","38","","","0",""
"18889","ECL","04/01/2013 00:00:00","03/31/2018 00:00:00","0","ecl04742","03/29/2018 18:50:00","803001","ecl04742","03/29/2018 18:50:00","803001","53","","","0",""
"18889","ECL","04/01/2018 00:00:00","12/31/9999 00:00:00","0","ecl04742","03/29/2018 18:50:00","803001","ecl04742","03/29/2018 18:50:00","803001","52","","","0",""
"19003","ECL","01/01/2000 00:00:00","03/31/2013 00:00:00","0","ecld0918","03/29/2018 18:50:00","803001","ecld0918","03/29/2018 18:50:00","803001","16","04937","1","1","1"
"19003","ECL","04/01/2013 00:00:00","04/30/2013 00:00:00","0","ecld0918","03/29/2018 18:50:00","803001","ecld0918","03/29/2018 18:50:00","803001","50","04937","1","1","1"
"19003","ECL","05/01/2013 00:00:00","09/30/2013 00:00:00","0","ips00015","03/29/2018 18:50:00","803001","ips00015","03/29/2018 18:50:00","803001","50","04687","1","1","1"
"19003","ECL","10/01/2013 00:00:00","03/31/2016 00:00:00","0","ecl07868","03/29/2018 18:50:00","803001","ecl07868","03/29/2018 18:50:00","803001","50","06795","1","1","1"
"19003","ECL","04/01/2016 00:00:00","10/31/2016 00:00:00","0","ecl07868","03/29/2018 18:50:00","803001","ecl07868","03/29/2018 18:50:00","803001","51","06795","1","1","1"
"19003","ECL","11/01/2016 00:00:00","04/14/2024 00:00:00","0","ecl07868","03/29/2018 18:50:00","803001","ecl07868","03/29/2018 18:50:00","803001","51","06374","1","1","1"
"19011","ECL","01/01/2000 00:00:00","03/31/2013 00:00:00","0","ecld0918","03/29/2018 18:50:00","803001","ecld0918","03/29/2018 18:50:00","803001","16","04937","1","1",""
"19011","ECL","04/01/2013 00:00:00","04/30/2013 00:00:00","0","ecl07868","03/29/2018 18:50:00","803001","ecl07868","03/29/2018 18:50:00","803001","50","04937","1","1",""
"19011","ECL","05/01/2013 00:00:00","09/30/2013 00:00:00","0","ips00015","03/29/2018 18:50:00","803001","ips00015","03/29/2018 18:50:00","803001","50","04687","1","1",""
"19011","ECL","10/01/2013 00:00:00","03/31/2016 00:00:00","0","ecl07868","03/29/2018 18:50:00","803001","ecl07868","03/29/2018 18:50:00","803001","50","06795","1","1",""
"19011","ECL","04/01/2016 00:00:00","10/31/2016 00:00:00","0","ecl07868","03/29/2018 18:50:00","803001","ecl07868","03/29/2018 18:50:00","803001","51","06795","1","1",""
"19011","ECL","11/01/2016 00:00:00","04/14/2024 00:00:00","0","ecl07868","03/29/2018 18:50:00","803001","ecl07868","03/29/2018 18:50:00","803001","51","06374","1","1",""
"19888","ECL","01/01/2000 00:00:00","03/31/2013 00:00:00","0","ecl04742","03/29/2018 18:50:00","803001","ecl04742","03/29/2018 18:50:00","803001","16","","","0",""
"19888","ECL","04/01/2013 00:00:00","03/31/2016 00:00:00","0","ecl04742","03/29/2018 18:50:00","803001","ecl04742","03/29/2018 18:50:00","803001","50","","","0",""
"19888","ECL","04/01/2016 00:00:00","12/31/9999 00:00:00","0","ecl04742","03/29/2018 18:50:00","803001","ecl04742","03/29/2018 18:50:00","803001","51","","","0",""
"19889","ECL","01/01/2000 00:00:00","03/31/2013 00:00:00","0","ecl04742","03/29/2018 18:50:00","803001","ecl04742","03/29/2018 18:50:00","803001","16","","","0",""
"19889","ECL","04/01/2013 00:00:00","03/31/2016 00:00:00","0","ecl04742","03/29/2018 18:50:00","803001","ecl04742","03/29/2018 18:50:00","803001","50","","","0",""
"19889","ECL","04/01/2016 00:00:00","12/31/9999 00:00:00","0","ecl04742","03/29/2018 18:50:00","803001","ecl04742","03/29/2018 18:50:00","803001","51","","","0",""
"20001","ECL","01/01/2000 00:00:00","03/31/2013 00:00:00","0","ecld0918","03/29/2018 18:50:00","803001","ecld0918","03/29/2018 18:50:00","803001","16","04937","1","0","3"
"20001","ECL","04/01/2013 00:00:00","04/30/2013 00:00:00","0","ecld0918","03/29/2018 18:50:00","803001","ecld0918","03/29/2018 18:50:00","803001","50","04937","1","0","3"
"20001","ECL","05/01/2013 00:00:00","09/30/2013 00:00:00","0","ips00015","03/29/2018 18:50:00","803001","ips00015","03/29/2018 18:50:00","803001","50","04687","1","0","3"
"20001","ECL","10/01/2013 00:00:00","03/31/2016 00:00:00","0","ecl07868","03/29/2018 18:50:00","803001","ecl07868","03/29/2018 18:50:00","803001","50","06795","1","0","3"
"20001","ECL","04/01/2016 00:00:00","10/31/2016 00:00:00","0","ecl07868","03/29/2018 18:50:00","803001","ecl07868","03/29/2018 18:50:00","803001","51","06795","1","0","3"
"20001","ECL","11/01/2016 00:00:00","04/14/2024 00:00:00","0","ecl07868","03/29/2018 18:50:00","803001","ecl07868","03/29/2018 18:50:00","803001","51","06374","1","0","3"
"20004","ECL","01/01/2000 00:00:00","03/31/2013 00:00:00","0","ecld0918","03/29/2018 18:50:00","803001","ecld0918","03/29/2018 18:50:00","803001","16","04937","1","1","1"
"20004","ECL","04/01/2013 00:00:00","04/30/2013 00:00:00","0","ecld0918","03/29/2018 18:50:00","803001","ecld0918","03/29/2018 18:50:00","803001","50","04937","1","1","1"
"20004","ECL","05/01/2013 00:00:00","09/30/2013 00:00:00","0","ips00015","03/29/2018 18:50:00","803001","ips00015","03/29/2018 18:50:00","803001","50","04687","1","1","1"
"20004","ECL","10/01/2013 00:00:00","03/31/2016 00:00:00","0","ecl07868","03/29/2018 18:50:00","803001","ecl07868","03/29/2018 18:50:00","803001","50","06795","1","1","1"
"20004","ECL","04/01/2016 00:00:00","10/31/2016 00:00:00","0","ecl07868","03/29/2018 18:50:00","803001","ecl07868","03/29/2018 18:50:00","803001","51","06795","1","1","1"
"20004","ECL","11/01/2016 00:00:00","04/14/2024 00:00:00","0","ecl07868","03/29/2018 18:50:00","803001","ecl07868","03/29/2018 18:50:00","803001","51","06374","1","1","1"
"20005","ECL","01/01/2000 00:00:00","03/31/2013 00:00:00","0","ecld0918","03/29/2018 18:50:00","803001","ecld0918","03/29/2018 18:50:00","803001","16","04937","3","1","3"
"20005","ECL","04/01/2013 00:00:00","04/30/2013 00:00:00","0","ecl07868","03/29/2018 18:50:00","803001","ecl07868","03/29/2018 18:50:00","803001","50","04937","3","1","3"
"20005","ECL","05/01/2013 00:00:00","09/30/2013 00:00:00","0","ips00015","03/29/2018 18:50:00","803001","ips00015","03/29/2018 18:50:00","803001","50","04687","3","1","3"
"20005","ECL","10/01/2013 00:00:00","03/31/2016 00:00:00","0","ecl07868","03/29/2018 18:50:00","803001","ecl07868","03/29/2018 18:50:00","803001","50","06795","3","1","3"
"20005","ECL","04/01/2016 00:00:00","10/31/2016 00:00:00","0","ecl07868","03/29/2018 18:50:00","803001","ecl07868","03/29/2018 18:50:00","803001","51","06795","3","1","3"
"20005","ECL","11/01/2016 00:00:00","04/14/2024 00:00:00","0","ecl07868","03/29/2018 18:50:00","803001","ecl07868","03/29/2018 18:50:00","803001","51","06374","3","1","3"
"20010","ECL","01/01/2000 00:00:00","03/31/2013 00:00:00","0","ecld0918","03/29/2018 18:50:00","803001","ecld0918","03/29/2018 18:50:00","803001","16","04937","1","1","3"
"20010","ECL","04/01/2013 00:00:00","04/30/2013 00:00:00","0","ecl07868","03/29/2018 18:50:00","803001","ecl07868","03/29/2018 18:50:00","803001","50","04937","1","1","3"
"20010","ECL","05/01/2013 00:00:00","09/30/2013 00:00:00","0","ips00015","03/29/2018 18:50:00","803001","ips00015","03/29/2018 18:50:00","803001","50","04687","1","1","3"
"20010","ECL","10/01/2013 00:00:00","03/31/2016 00:00:00","0","ecl07868","03/29/2018 18:50:00","803001","ecl07868","03/29/2018 18:50:00","803001","50","06795","1","1","3"
"20010","ECL","04/01/2016 00:00:00","10/31/2016 00:00:00","0","ecl07868","03/29/2018 18:50:00","803001","ecl07868","03/29/2018 18:50:00","803001","51","06795","1","1","3"
"20010","ECL","11/01/2016 00:00:00","04/14/2024 00:00:00","0","ecl07868","03/29/2018 18:50:00","803001","ecl07868","03/29/2018 18:50:00","803001","51","06374","1","1","3"
"20017","ECL","01/01/2000 00:00:00","03/31/2013 00:00:00","0","ecld0918","03/29/2018 18:50:00","803001","ecld0918","03/29/2018 18:50:00","803001","16","05496","2","0","2"
"20017","ECL","04/01/2013 00:00:00","11/30/2013 00:00:00","0","ecld0918","03/29/2018 18:50:00","803001","ecld0918","03/29/2018 18:50:00","803001","50","05496","2","0","2"
"20017","ECL","12/01/2013 00:00:00","03/31/2016 00:00:00","0","ecl04321","03/29/2018 18:50:00","803001","ecl04321","03/29/2018 18:50:00","803001","50","05119","2","0","2"
"20017","ECL","04/01/2016 00:00:00","04/14/2020 00:00:00","0","ecl04321","03/29/2018 18:50:00","803001","ecl04321","03/29/2018 18:50:00","803001","51","05119","2","0","2"
"20022","ECL","01/01/2000 00:00:00","03/31/2013 00:00:00","0","ecl07868","03/29/2018 18:50:00","803001","ecl07868","03/29/2018 18:50:00","803001","16","","1","1","1"
"20022","ECL","04/01/2013 00:00:00","04/30/2013 00:00:00","0","ecl07868","03/29/2018 18:50:00","803001","ecl07868","03/29/2018 18:50:00","803001","50","","1","1","1"
"20022","ECL","05/01/2013 00:00:00","09/30/2013 00:00:00","0","ips00015","03/29/2018 18:50:00","803001","ips00015","03/29/2018 18:50:00","803001","50","04687","1","1","1"
"20022","ECL","10/01/2013 00:00:00","03/31/2016 00:00:00","0","ecl07868","03/29/2018 18:50:00","803001","ecl07868","03/29/2018 18:50:00","803001","50","06795","1","1","1"
"20022","ECL","04/01/2016 00:00:00","10/31/2016 00:00:00","0","ecl07868","03/29/2018 18:50:00","803001","ecl07868","03/29/2018 18:50:00","803001","51","06795","1","1","1"
"20022","ECL","11/01/2016 00:00:00","04/14/2024 00:00:00","0","ecl07868","03/29/2018 18:50:00","803001","ecl07868","03/29/2018 18:50:00","803001","51","06374","1","1","1"
"20023","ECL","10/01/2013 00:00:00","03/31/2016 00:00:00","0","ecl07868","03/29/2018 18:50:00","803001","ecl07868","03/29/2018 18:50:00","803001","50","06795","1","1",""
"20023","ECL","04/01/2016 00:00:00","10/31/2016 00:00:00","0","ecl07868","03/29/2018 18:50:00","803001","ecl07868","03/29/2018 18:50:00","803001","51","06795","1","1",""
"20023","ECL","11/01/2016 00:00:00","04/14/2024 00:00:00","0","ecl07868","03/29/2018 18:50:00","803001","ecl07868","03/29/2018 18:50:00","803001","51","06374","1","1",""
"20888","ECL","01/01/2000 00:00:00","03/31/2013 00:00:00","0","ecl04742","03/29/2018 18:50:00","803001","ecl04742","03/29/2018 18:50:00","803001","16","","","0",""
"20888","ECL","04/01/2013 00:00:00","03/31/2016 00:00:00","0","ecl04742","03/29/2018 18:50:00","803001","ecl04742","03/29/2018 18:50:00","803001","50","","","0",""
"20888","ECL","04/01/2016 00:00:00","12/31/9999 00:00:00","0","ecl04742","03/29/2018 18:50:00","803001","ecl04742","03/29/2018 18:50:00","803001","51","","","0",""
"20889","ECL","01/01/2000 00:00:00","03/31/2013 00:00:00","0","ecl04742","03/29/2018 18:50:00","803001","ecl04742","03/29/2018 18:50:00","803001","16","","","0",""
"20889","ECL","04/01/2013 00:00:00","03/31/2016 00:00:00","0","ecl04742","03/29/2018 18:50:00","803001","ecl04742","03/29/2018 18:50:00","803001","50","","","0",""
"20889","ECL","04/01/2016 00:00:00","12/31/9999 00:00:00","0","ecl04742","03/29/2018 18:50:00","803001","ecl04742","03/29/2018 18:50:00","803001","51","","","0",""
"21002","ECL","01/01/2000 00:00:00","03/31/2013 00:00:00","0","ecl04291    ","03/29/2018 18:50:00","803001","ecl04291    ","03/29/2018 18:50:00","803001","27","04692","1","1","3"
"21002","ECL","04/01/2013 00:00:00","03/31/2014 00:00:00","0","ecl04291    ","03/29/2018 18:50:00","803001","ecl04291    ","03/29/2018 18:50:00","803001","52","04692","1","1","3"
"21002","ECL","04/01/2014 00:00:00","04/14/2019 00:00:00","0","ecl07868","03/29/2018 18:50:00","803001","ecl07868","03/29/2018 18:50:00","803001","52","04937","1","1","3"
"21004","ECL","01/01/2000 00:00:00","03/31/2013 00:00:00","0","ecld0918","03/29/2018 18:50:00","803001","ecld0918","03/29/2018 18:50:00","803001","27","04692","1","1","3"
"21004","ECL","04/01/2013 00:00:00","03/31/2014 00:00:00","0","ecl07868","03/29/2018 18:50:00","803001","ecl07868","03/29/2018 18:50:00","803001","52","04692","1","1","3"
"21004","ECL","04/01/2014 00:00:00","04/14/2019 00:00:00","0","ecl07868","03/29/2018 18:50:00","803001","ecl07868","03/29/2018 18:50:00","803001","52","04937","1","1","3"
"21888","ECL","01/01/2000 00:00:00","03/31/2013 00:00:00","0","","03/29/2018 18:50:00","803001","","03/29/2018 18:50:00","803001","27","","","0",""
"21888","ECL","04/01/2013 00:00:00","12/31/9999 00:00:00","0","","03/29/2018 18:50:00","803001","","03/29/2018 18:50:00","803001","52","","","0",""
"21889","ECL","01/01/2000 00:00:00","03/31/2013 00:00:00","0","","03/29/2018 18:50:00","803001","","03/29/2018 18:50:00","803001","27","","","0",""
"21889","ECL","04/01/2013 00:00:00","12/31/9999 00:00:00","0","","03/29/2018 18:50:00","803001","","03/29/2018 18:50:00","803001","52","","","0",""
"21890","ECL","10/01/2011 00:00:00","03/31/2013 00:00:00","0","ecl07868","03/29/2018 18:50:00","803001","ecl07868","03/29/2018 18:50:00","803001","27","04692","1","1","3"
"21890","ECL","04/01/2013 00:00:00","03/31/2014 00:00:00","0","ecl02796","03/29/2018 18:50:00","803001","ecl02796","03/29/2018 18:50:00","803001","52","04692","1","1","3"
"21890","ECL","04/01/2014 00:00:00","04/14/2019 00:00:00","0","ecl07868","03/29/2018 18:50:00","803001","ecl07868","03/29/2018 18:50:00","803001","52","04937","1","1","3"
"22002","ECL","01/01/2000 00:00:00","03/31/2013 00:00:00","0","ecld0918","03/29/2018 18:50:00","803001","ecld0918","03/29/2018 18:50:00","803001","27","04937","3","1","3"
"22002","ECL","04/01/2013 00:00:00","03/31/2014 00:00:00","0","ecl07868","03/29/2018 18:50:00","803001","ecl07868","03/29/2018 18:50:00","803001","52","04937","3","1","3"
"22002","ECL","04/01/2014 00:00:00","04/14/2019 00:00:00","0","ecl07868","03/29/2018 18:50:00","803001","ecl07868","03/29/2018 18:50:00","803001","52","09653","3","1","3"
"22024","ECL","01/01/2000 00:00:00","03/31/2013 00:00:00","0","ecl06228","03/29/2018 18:50:00","803001","ecl06228","03/29/2018 18:50:00","803001","27","04937","1","1","3"
"22024","ECL","04/01/2013 00:00:00","03/31/2014 00:00:00","0","ecl06228","03/29/2018 18:50:00","803001","ecl06228","03/29/2018 18:50:00","803001","52","04937","1","1","3"
"22024","ECL","04/01/2014 00:00:00","04/14/2019 00:00:00","0","ecl07868","03/29/2018 18:50:00","803001","ecl07868","03/29/2018 18:50:00","803001","52","09653","1","1","3"
"22888","ECL","01/01/2000 00:00:00","03/31/2013 00:00:00","0","ecld0913","03/29/2018 18:50:00","803001","ecld0913","03/29/2018 18:50:00","803001","27","","","0",""
"22888","ECL","04/01/2013 00:00:00","12/31/9999 00:00:00","0","ecld0913","03/29/2018 18:50:00","803001","ecld0913","03/29/2018 18:50:00","803001","52","","","0",""
"22889","ECL","01/01/2000 00:00:00","03/31/2013 00:00:00","0","ecl04742","03/29/2018 18:50:00","803001","ecl04742","03/29/2018 18:50:00","803001","27","","","0",""
"22889","ECL","04/01/2013 00:00:00","12/31/9999 00:00:00","0","ecl04742","03/29/2018 18:50:00","803001","ecl04742","03/29/2018 18:50:00","803001","52","","","0",""
"22890","ECL","10/01/2011 00:00:00","03/31/2013 00:00:00","0","ecl07868","03/29/2018 18:50:00","803001","ecl07868","03/29/2018 18:50:00","803001","27","04937","1","1","3"
"22890","ECL","04/01/2013 00:00:00","03/31/2014 00:00:00","0","ecl02796","03/29/2018 18:50:00","803001","ecl02796","03/29/2018 18:50:00","803001","52","04937","1","1","3"
"22890","ECL","04/01/2014 00:00:00","04/14/2019 00:00:00","0","ecl07868","03/29/2018 18:50:00","803001","ecl07868","03/29/2018 18:50:00","803001","52","09653","1","1","3"
"23002","ECL","01/01/2000 00:00:00","03/31/2013 00:00:00","0","ecld0918","03/29/2018 18:50:00","803001","ecld0918","03/29/2018 18:50:00","803001","27","06570","3","1","3"
"23002","ECL","04/01/2013 00:00:00","09/30/2013 00:00:00","0","ecl07868","03/29/2018 18:50:00","803001","ecl07868","03/29/2018 18:50:00","803001","52","06570","3","1","3"
"23002","ECL","10/01/2013 00:00:00","10/31/2016 00:00:00","0","ecl07868","03/29/2018 18:50:00","803001","ecl07868","03/29/2018 18:50:00","803001","52","06323","3","1","3"
"23002","ECL","11/01/2016 00:00:00","09/30/2017 00:00:00","0","ecl07868","03/29/2018 18:50:00","803001","ecl07868","03/29/2018 18:50:00","803001","52","06189","3","1","3"
"23002","ECL","10/01/2017 00:00:00","04/14/2019 00:00:00","0","ecl05206","03/29/2018 18:50:00","803001","ecl05206","03/29/2018 18:50:00","803001","52","07830","3","1","3"
"23009","ECL","01/01/2000 00:00:00","03/31/2013 00:00:00","0","ecld0918","03/29/2018 18:50:00","803001","ecld0918","03/29/2018 18:50:00","803001","27","06833","3","1","3"
"23009","ECL","04/01/2013 00:00:00","09/30/2013 00:00:00","0","ecl07868","03/29/2018 18:50:00","803001","ecl07868","03/29/2018 18:50:00","803001","52","06833","3","1","3"
"23009","ECL","10/01/2013 00:00:00","04/19/2018 00:00:00","0","ecl07868","03/29/2018 18:50:00","803001","ecl07868","03/29/2018 18:50:00","803001","52","07508","3","1","3"
"23017","ECL","01/01/2000 00:00:00","03/31/2013 00:00:00","0","ecld0918","03/29/2018 18:50:00","803001","ecld0918","03/29/2018 18:50:00","803001","27","05496","3","1","3"
"23017","ECL","04/01/2013 00:00:00","11/30/2013 00:00:00","0","ecld0918","03/29/2018 18:50:00","803001","ecld0918","03/29/2018 18:50:00","803001","52","05496","3","1","3"
"23017","ECL","12/01/2013 00:00:00","12/31/9999 00:00:00","0","ecl04321","03/29/2018 18:50:00","803001","ecl04321","03/29/2018 18:50:00","803001","52","","3","1","3"
"23049","ECL","01/01/2000 00:00:00","03/31/2013 00:00:00","0","ecl94678","03/29/2018 18:50:00","803001","ecl94678","03/29/2018 18:50:00","803001","27","06532","3","1",""
"23049","ECL","04/01/2013 00:00:00","05/31/2015 00:00:00","0","ecl94678","03/29/2018 18:50:00","803001","ecl94678","03/29/2018 18:50:00","803001","52","06532","3","1",""
"23049","ECL","06/01/2015 00:00:00","04/19/2018 00:00:00","0","ecl07868","03/29/2018 18:50:00","803001","ecl07868","03/29/2018 18:50:00","803001","52","07114","3","1",""
"23052","ECL","01/01/2000 00:00:00","03/31/2013 00:00:00","0","ecld0918","03/29/2018 18:50:00","803001","ecld0918","03/29/2018 18:50:00","803001","27","","1","1","3"
"23052","ECL","04/01/2013 00:00:00","04/30/2013 00:00:00","0","ecld0918","03/29/2018 18:50:00","803001","ecld0918","03/29/2018 18:50:00","803001","52","","1","1","3"
"23052","ECL","05/01/2013 00:00:00","09/30/2013 00:00:00","0","ips00015","03/29/2018 18:50:00","803001","ips00015","03/29/2018 18:50:00","803001","52","06833","1","1","3"
"23052","ECL","10/01/2013 00:00:00","08/31/2015 00:00:00","0","ecl07868","03/29/2018 18:50:00","803001","ecl07868","03/29/2018 18:50:00","803001","52","07508","1","1","3"
"23052","ECL","09/01/2015 00:00:00","10/31/2016 00:00:00","0","ecl07868","03/29/2018 18:50:00","803001","ecl07868","03/29/2018 18:50:00","803001","52","06323","1","1","3"
"23052","ECL","11/01/2016 00:00:00","09/30/2017 00:00:00","0","ecl07868","03/29/2018 18:50:00","803001","ecl07868","03/29/2018 18:50:00","803001","52","06189","1","1","3"
"23052","ECL","10/01/2017 00:00:00","04/14/2019 00:00:00","0","ecl05206","03/29/2018 18:50:00","803001","ecl05206","03/29/2018 18:50:00","803001","52","07830","1","1","3"
"23074","ECL","01/01/2000 00:00:00","03/31/2013 00:00:00","0","eclbatch","03/29/2018 18:50:00","803001","eclbatch","03/29/2018 18:50:00","803001","27","06341","3","1","3"
"23074","ECL","04/01/2013 00:00:00","04/14/2020 00:00:00","0","eclbatch","03/29/2018 18:50:00","803001","eclbatch","03/29/2018 18:50:00","803001","52","06341","3","1","3"
"23075","ECL","01/01/2000 00:00:00","03/31/2013 00:00:00","0","ecl04321","03/29/2018 18:50:00","803001","ecl04321","03/29/2018 18:50:00","803001","27","07675","3","1","3"
"23075","ECL","04/01/2013 00:00:00","10/31/2016 00:00:00","0","ecl04321","03/29/2018 18:50:00","803001","ecl04321","03/29/2018 18:50:00","803001","52","07675","3","1","3"
"23075","ECL","11/01/2016 00:00:00","04/19/2018 00:00:00","0","ecl07868","03/29/2018 18:50:00","803001","ecl07868","03/29/2018 18:50:00","803001","52","07086","3","1","3"
"23084","ECL","01/01/2000 00:00:00","03/31/2013 00:00:00","0","ecl04321","03/29/2018 18:50:00","803001","ecl04321","03/29/2018 18:50:00","803001","27","05496","2","0",""
"23084","ECL","04/01/2013 00:00:00","11/30/2013 00:00:00","0","ecl04321","03/29/2018 18:50:00","803001","ecl04321","03/29/2018 18:50:00","803001","52","05496","2","0",""
"23084","ECL","12/01/2013 00:00:00","05/31/2014 00:00:00","0","ecl04321","03/29/2018 18:50:00","803001","ecl04321","03/29/2018 18:50:00","803001","52","05119","2","0",""
"23084","ECL","06/01/2014 00:00:00","04/19/2018 00:00:00","0","ecl04321","03/29/2018 18:50:00","803001","ecl04321","03/29/2018 18:50:00","803001","52","04737","2","0",""
"23100","ECL","01/01/2000 00:00:00","03/31/2013 00:00:00","0","ecl02796","03/29/2018 18:50:00","803001","ecl02796","03/29/2018 18:50:00","803001","27","","1","1","1"
"23100","ECL","04/01/2013 00:00:00","04/30/2013 00:00:00","0","ecl07868","03/29/2018 18:50:00","803001","ecl07868","03/29/2018 18:50:00","803001","52","","1","1","1"
"23100","ECL","05/01/2013 00:00:00","09/30/2013 00:00:00","0","ips00015","03/29/2018 18:50:00","803001","ips00015","03/29/2018 18:50:00","803001","52","06833","1","1","1"
"23100","ECL","10/01/2013 00:00:00","08/31/2015 00:00:00","0","ecl07868","03/29/2018 18:50:00","803001","ecl07868","03/29/2018 18:50:00","803001","52","07508","1","1","1"
"23100","ECL","09/01/2015 00:00:00","10/31/2016 00:00:00","0","ecl07868","03/29/2018 18:50:00","803001","ecl07868","03/29/2018 18:50:00","803001","52","06323","1","1","1"
"23100","ECL","11/01/2016 00:00:00","09/30/2017 00:00:00","0","ecl07868","03/29/2018 18:50:00","803001","ecl07868","03/29/2018 18:50:00","803001","52","06189","1","1","1"
"23100","ECL","10/01/2017 00:00:00","04/19/2018 00:00:00","0","ecl05206","03/29/2018 18:50:00","803001","ecl05206","03/29/2018 18:50:00","803001","52","07830","1","1","1"
"23525","ECL","01/01/2000 00:00:00","03/31/2013 00:00:00","0","ecl04321","03/29/2018 18:50:00","803001","ecl04321","03/29/2018 18:50:00","803001","27","02789","","0",""
"23525","ECL","04/01/2013 00:00:00","11/30/2013 00:00:00","0","ecl04321","03/29/2018 18:50:00","803001","ecl04321","03/29/2018 18:50:00","803001","52","02789","","0",""
"23525","ECL","12/01/2013 00:00:00","10/08/2020 00:00:00","0","ecl04321","03/29/2018 18:50:00","803001","ecl04321","03/29/2018 18:50:00","803001","52","05317","","0",""
"23888","ECL","01/01/2000 00:00:00","03/31/2013 00:00:00","0","","03/29/2018 18:50:00","803001","","03/29/2018 18:50:00","803001","27","","","0",""
"23888","ECL","04/01/2013 00:00:00","12/31/9999 00:00:00","0","","03/29/2018 18:50:00","803001","","03/29/2018 18:50:00","803001","52","","","0",""
"23889","ECL","01/01/2000 00:00:00","03/31/2013 00:00:00","0","","03/29/2018 18:50:00","803001","","03/29/2018 18:50:00","803001","27","","","0",""
"23889","ECL","04/01/2013 00:00:00","12/31/9999 00:00:00","0","","03/29/2018 18:50:00","803001","","03/29/2018 18:50:00","803001","52","","","0",""
"23890","ECL","10/01/2011 00:00:00","03/31/2013 00:00:00","0","ecl02796","03/29/2018 18:50:00","803001","ecl02796","03/29/2018 18:50:00","803001","27","06833","1","1","3"
"23890","ECL","04/01/2013 00:00:00","09/30/2013 00:00:00","0","ecl02796","03/29/2018 18:50:00","803001","ecl02796","03/29/2018 18:50:00","803001","52","06833","1","1","3"
"23890","ECL","10/01/2013 00:00:00","04/19/2018 00:00:00","0","ecl07868","03/29/2018 18:50:00","803001","ecl07868","03/29/2018 18:50:00","803001","52","07508","1","1","3"
"23891","ECL","09/01/2011 00:00:00","03/31/2013 00:00:00","0","ecl05317","03/29/2018 18:50:00","803001","ecl05317","03/29/2018 18:50:00","803001","27","05496","2","0","2"
"23891","ECL","04/01/2013 00:00:00","11/30/2013 00:00:00","0","ecl05317","03/29/2018 18:50:00","803001","ecl05317","03/29/2018 18:50:00","803001","52","05496","2","0","2"
"23891","ECL","12/01/2013 00:00:00","05/31/2014 00:00:00","0","ecl04321","03/29/2018 18:50:00","803001","ecl04321","03/29/2018 18:50:00","803001","52","05119","2","0","2"
"23891","ECL","06/01/2014 00:00:00","04/22/2018 00:00:00","0","ecl04321","03/29/2018 18:50:00","803001","ecl04321","03/29/2018 18:50:00","803001","52","04737","2","0","2"
"24002","ECL","01/01/2000 00:00:00","03/31/2013 00:00:00","0","ecld0918","03/29/2018 18:50:00","803001","ecld0918","03/29/2018 18:50:00","803001","27","04690","3","1","3"
"24002","ECL","04/01/2013 00:00:00","03/31/2014 00:00:00","0","ecl07868","03/29/2018 18:50:00","803001","ecl07868","03/29/2018 18:50:00","803001","52","04690","3","1","3"
"24002","ECL","04/01/2014 00:00:00","04/14/2019 00:00:00","0","ecl07868","03/29/2018 18:50:00","803001","ecl07868","03/29/2018 18:50:00","803001","52","04937","3","1","3"
"24004","ECL","01/01/2000 00:00:00","03/31/2013 00:00:00","0","ecl04321","03/29/2018 18:50:00","803001","ecl04321","03/29/2018 18:50:00","803001","27","05496","1","0","1"
"24004","ECL","04/01/2013 00:00:00","04/14/2020 00:00:00","0","ecl04321","03/29/2018 18:50:00","803001","ecl04321","03/29/2018 18:50:00","803001","52","05496","1","0","1"
"24011","ECL","01/01/2000 00:00:00","03/31/2013 00:00:00","0","ecld0918","03/29/2018 18:50:00","803001","ecld0918","03/29/2018 18:50:00","803001","27","","","0","3"
"24011","ECL","04/01/2013 00:00:00","12/31/9999 00:00:00","0","ecld0918","03/29/2018 18:50:00","803001","ecld0918","03/29/2018 18:50:00","803001","52","","","0","3"
"24012","ECL","01/01/2000 00:00:00","03/31/2013 00:00:00","0","ecld0918","03/29/2018 18:50:00","803001","ecld0918","03/29/2018 18:50:00","803001","27","04690","1","1","3"
"24012","ECL","04/01/2013 00:00:00","03/31/2014 00:00:00","0","ecld0918","03/29/2018 18:50:00","803001","ecld0918","03/29/2018 18:50:00","803001","52","04690","1","1","3"
"24012","ECL","04/01/2014 00:00:00","04/14/2019 00:00:00","0","ecl07868","03/29/2018 18:50:00","803001","ecl07868","03/29/2018 18:50:00","803001","52","04937","1","1","3"
"24888","ECL","01/01/2000 00:00:00","03/31/2013 00:00:00","0","","03/29/2018 18:50:00","803001","","03/29/2018 18:50:00","803001","27","","","0",""
"24888","ECL","04/01/2013 00:00:00","12/31/9999 00:00:00","0","","03/29/2018 18:50:00","803001","","03/29/2018 18:50:00","803001","52","","","0",""
"24889","ECL","01/01/2000 00:00:00","03/31/2013 00:00:00","0","","03/29/2018 18:50:00","803001","","03/29/2018 18:50:00","803001","27","","","0",""
"24889","ECL","04/01/2013 00:00:00","12/31/9999 00:00:00","0","","03/29/2018 18:50:00","803001","","03/29/2018 18:50:00","803001","52","","","0",""
"24890","ECL","10/01/2011 00:00:00","03/31/2013 00:00:00","0","ecl07868","03/29/2018 18:50:00","803001","ecl07868","03/29/2018 18:50:00","803001","27","04690","1","1","3"
"24890","ECL","04/01/2013 00:00:00","08/31/2015 00:00:00","0","ecl02796","03/29/2018 18:50:00","803001","ecl02796","03/29/2018 18:50:00","803001","52","04690","1","1","3"
"24890","ECL","09/01/2015 00:00:00","04/14/2019 00:00:00","0","ecl07868","03/29/2018 18:50:00","803001","ecl07868","03/29/2018 18:50:00","803001","52","04937","1","1","3"
"25002","ECL","01/01/2000 00:00:00","03/31/2013 00:00:00","0","ecld0918","03/29/2018 18:50:00","803001","ecld0918","03/29/2018 18:50:00","803001","38","03094","1","1","1"
"25002","ECL","04/01/2013 00:00:00","04/30/2013 00:00:00","0","ecld0918","03/29/2018 18:50:00","803001","ecld0918","03/29/2018 18:50:00","803001","53","03094","1","1","1"
"25002","ECL","05/01/2013 00:00:00","03/31/2014 00:00:00","0","ips00015","03/29/2018 18:50:00","803001","ips00015","03/29/2018 18:50:00","803001","53","06543","1","1","1"
"25002","ECL","04/01/2014 00:00:00","09/30/2017 00:00:00","0","ecl07868","03/29/2018 18:50:00","803001","ecl07868","03/29/2018 18:50:00","803001","53","09586","1","1","1"
"25002","ECL","10/01/2017 00:00:00","03/31/2018 00:00:00","0","ecl05206","03/29/2018 18:50:00","803001","ecl05206","03/29/2018 18:50:00","803001","53","05886","1","1","1"
"25002","ECL","04/01/2018 00:00:00","04/14/2019 00:00:00","0","ecl05206","03/29/2018 18:50:00","803001","ecl05206","03/29/2018 18:50:00","803001","52","05886","1","1","1"
"25007","ECL","10/01/2016 00:00:00","03/31/2018 00:00:00","0","ECL02796","03/29/2018 18:50:00","803001","ECL02796","03/29/2018 18:50:00","803001","53","09586","1","0","1"
"25007","ECL","04/01/2018 00:00:00","04/14/2019 00:00:00","0","ECL02796","03/29/2018 18:50:00","803001","ECL02796","03/29/2018 18:50:00","803001","52","09586","1","0","1"
"25008","ECL","05/01/2017 00:00:00","09/30/2017 00:00:00","0","ecl07868","03/29/2018 18:50:00","803001","ecl07868","03/29/2018 18:50:00","803001","53","09586","1","1","3"
"25008","ECL","10/01/2017 00:00:00","03/31/2018 00:00:00","0","ecl05206","03/29/2018 18:50:00","803001","ecl05206","03/29/2018 18:50:00","803001","53","05886","1","1","3"
"25008","ECL","04/01/2018 00:00:00","04/14/2019 00:00:00","0","ecl05206","03/29/2018 18:50:00","803001","ecl05206","03/29/2018 18:50:00","803001","52","05886","1","1","3"
"25888","ECL","01/01/2000 00:00:00","03/31/2013 00:00:00","0","ecl07091","03/29/2018 18:50:00","803001","ecl07091","03/29/2018 18:50:00","803001","38","","","0",""
"25888","ECL","04/01/2013 00:00:00","03/31/2018 00:00:00","0","ecl07091","03/29/2018 18:50:00","803001","ecl07091","03/29/2018 18:50:00","803001","53","","","0",""
"25888","ECL","04/01/2018 00:00:00","12/31/9999 00:00:00","0","ecl07091","03/29/2018 18:50:00","803001","ecl07091","03/29/2018 18:50:00","803001","52","","","0",""
"25889","ECL","01/01/2000 00:00:00","03/31/2013 00:00:00","0","ecl04742","03/29/2018 18:50:00","803001","ecl04742","03/29/2018 18:50:00","803001","38","","","0",""
"25889","ECL","04/01/2013 00:00:00","03/31/2018 00:00:00","0","ecl04742","03/29/2018 18:50:00","803001","ecl04742","03/29/2018 18:50:00","803001","53","","","0",""
"25889","ECL","04/01/2018 00:00:00","12/31/9999 00:00:00","0","ecl04742","03/29/2018 18:50:00","803001","ecl04742","03/29/2018 18:50:00","803001","52","","","0",""
"26008","ECL","01/01/2000 00:00:00","03/31/2013 00:00:00","0","ecld0918","03/29/2018 18:50:00","803001","ecld0918","03/29/2018 18:50:00","803001","38","03094","1","1","3"
"26008","ECL","04/01/2013 00:00:00","04/30/2013 00:00:00","0","ecld0918","03/29/2018 18:50:00","803001","ecld0918","03/29/2018 18:50:00","803001","53","03094","1","1","3"
"26008","ECL","05/01/2013 00:00:00","03/31/2014 00:00:00","0","ips00015","03/29/2018 18:50:00","803001","ips00015","03/29/2018 18:50:00","803001","53","06543","1","1","3"
"26008","ECL","04/01/2014 00:00:00","09/30/2017 00:00:00","0","ecl07868","03/29/2018 18:50:00","803001","ecl07868","03/29/2018 18:50:00","803001","53","09586","1","1","3"
"26008","ECL","10/01/2017 00:00:00","03/31/2018 00:00:00","0","ecl05206","03/29/2018 18:50:00","803001","ecl05206","03/29/2018 18:50:00","803001","53","05886","1","1","3"
"26008","ECL","04/01/2018 00:00:00","04/14/2019 00:00:00","0","ecl05206","03/29/2018 18:50:00","803001","ecl05206","03/29/2018 18:50:00","803001","52","05886","1","1","3"
"26011","ECL","01/01/2000 00:00:00","03/31/2013 00:00:00","0","ecld0918","03/29/2018 18:50:00","803001","ecld0918","03/29/2018 18:50:00","803001","38","03094","1","1","1"
"26011","ECL","04/01/2013 00:00:00","04/30/2013 00:00:00","0","ecld0918","03/29/2018 18:50:00","803001","ecld0918","03/29/2018 18:50:00","803001","53","03094","1","1","1"
"26011","ECL","05/01/2013 00:00:00","03/31/2014 00:00:00","0","ips00015","03/29/2018 18:50:00","803001","ips00015","03/29/2018 18:50:00","803001","53","06543","1","1","1"
"26011","ECL","04/01/2014 00:00:00","09/30/2017 00:00:00","0","ecl07868","03/29/2018 18:50:00","803001","ecl07868","03/29/2018 18:50:00","803001","53","09586","1","1","1"
"26011","ECL","10/01/2017 00:00:00","03/31/2018 00:00:00","0","ecl05206","03/29/2018 18:50:00","803001","ecl05206","03/29/2018 18:50:00","803001","53","05886","1","1","1"
"26011","ECL","04/01/2018 00:00:00","04/14/2019 00:00:00","0","ecl05206","03/29/2018 18:50:00","803001","ecl05206","03/29/2018 18:50:00","803001","52","05886","1","1","1"
"26014","ECL","01/01/2000 00:00:00","03/31/2013 00:00:00","0","ecld0918","03/29/2018 18:50:00","803001","ecld0918","03/29/2018 18:50:00","803001","38","03094","3","1","3"
"26014","ECL","04/01/2013 00:00:00","04/30/2013 00:00:00","0","ecl07868","03/29/2018 18:50:00","803001","ecl07868","03/29/2018 18:50:00","803001","53","03094","3","1","3"
"26014","ECL","05/01/2013 00:00:00","03/31/2014 00:00:00","0","ips00015","03/29/2018 18:50:00","803001","ips00015","03/29/2018 18:50:00","803001","53","06543","3","1","3"
"26014","ECL","04/01/2014 00:00:00","09/30/2017 00:00:00","0","ecl07868","03/29/2018 18:50:00","803001","ecl07868","03/29/2018 18:50:00","803001","53","09586","3","1","3"
"26014","ECL","10/01/2017 00:00:00","03/31/2018 00:00:00","0","ecl05206","03/29/2018 18:50:00","803001","ecl05206","03/29/2018 18:50:00","803001","53","05886","3","1","3"
"26014","ECL","04/01/2018 00:00:00","04/14/2019 00:00:00","0","ecl05206","03/29/2018 18:50:00","803001","ecl05206","03/29/2018 18:50:00","803001","52","05886","3","1","3"
"26023","ECL","01/01/2000 00:00:00","03/31/2013 00:00:00","0","ecld0918","03/29/2018 18:50:00","803001","ecld0918","03/29/2018 18:50:00","803001","38","","1","1","1"
"26023","ECL","04/01/2013 00:00:00","04/30/2013 00:00:00","0","ecl07868","03/29/2018 18:50:00","803001","ecl07868","03/29/2018 18:50:00","803001","53","","1","1","1"
"26023","ECL","05/01/2013 00:00:00","03/31/2014 00:00:00","0","ips00015","03/29/2018 18:50:00","803001","ips00015","03/29/2018 18:50:00","803001","53","06543","1","1","1"
"26023","ECL","04/01/2014 00:00:00","09/30/2017 00:00:00","0","ecl07868","03/29/2018 18:50:00","803001","ecl07868","03/29/2018 18:50:00","803001","53","09586","1","1","1"
"26023","ECL","10/01/2017 00:00:00","03/31/2018 00:00:00","0","ecl05206","03/29/2018 18:50:00","803001","ecl05206","03/29/2018 18:50:00","803001","53","05886","1","1","1"
"26023","ECL","04/01/2018 00:00:00","04/14/2019 00:00:00","0","ecl05206","03/29/2018 18:50:00","803001","ecl05206","03/29/2018 18:50:00","803001","52","05886","1","1","1"
"26024","ECL","05/01/2017 00:00:00","09/30/2017 00:00:00","0","ecl07868","03/29/2018 18:50:00","803001","ecl07868","03/29/2018 18:50:00","803001","53","09586","1","1","3"
"26024","ECL","10/01/2017 00:00:00","03/31/2018 00:00:00","0","ecl05206","03/29/2018 18:50:00","803001","ecl05206","03/29/2018 18:50:00","803001","53","05886","1","1","3"
"26024","ECL","04/01/2018 00:00:00","04/14/2019 00:00:00","0","ecl05206","03/29/2018 18:50:00","803001","ecl05206","03/29/2018 18:50:00","803001","52","05886","1","1","3"
"26888","ECL","01/01/2000 00:00:00","03/31/2013 00:00:00","0","ecl07091","03/29/2018 18:50:00","803001","ecl07091","03/29/2018 18:50:00","803001","36","","","0",""
"26888","ECL","04/01/2013 00:00:00","03/31/2018 00:00:00","0","ecl07091","03/29/2018 18:50:00","803001","ecl07091","03/29/2018 18:50:00","803001","53","","","0",""
"26888","ECL","04/01/2018 00:00:00","12/31/9999 00:00:00","0","ecl07091","03/29/2018 18:50:00","803001","ecl07091","03/29/2018 18:50:00","803001","52","","","0",""
"26889","ECL","01/01/2000 00:00:00","03/31/2013 00:00:00","0","ecl04742","03/29/2018 18:50:00","803001","ecl04742","03/29/2018 18:50:00","803001","38","","","0",""
"26889","ECL","04/01/2013 00:00:00","03/31/2018 00:00:00","0","ecl04742","03/29/2018 18:50:00","803001","ecl04742","03/29/2018 18:50:00","803001","53","","","0",""
"26889","ECL","04/01/2018 00:00:00","12/31/9999 00:00:00","0","ecl04742","03/29/2018 18:50:00","803001","ecl04742","03/29/2018 18:50:00","803001","52","","","0",""
"27001","ECL","01/01/2000 00:00:00","03/31/2013 00:00:00","0","ecld0918","03/29/2018 18:50:00","803001","ecld0918","03/29/2018 18:50:00","803001","36","05496","1","0","2"
"27001","ECL","04/01/2013 00:00:00","03/31/2018 00:00:00","0","ecld0918","03/29/2018 18:50:00","803001","ecld0918","03/29/2018 18:50:00","803001","53","05496","1","0","2"
"27001","ECL","04/01/2018 00:00:00","04/14/2020 00:00:00","0","ecld0918","03/29/2018 18:50:00","803001","ecld0918","03/29/2018 18:50:00","803001","52","05496","1","0","2"
"27004","ECL","01/01/2000 00:00:00","03/31/2013 00:00:00","0","ecld0918","03/29/2018 18:50:00","803001","ecld0918","03/29/2018 18:50:00","803001","36","07377","3","1","3"
"27004","ECL","04/01/2013 00:00:00","04/30/2013 00:00:00","0","ecld0918","03/29/2018 18:50:00","803001","ecld0918","03/29/2018 18:50:00","803001","53","07377","3","1","3"
"27004","ECL","05/01/2013 00:00:00","03/31/2018 00:00:00","0","ips00015","03/29/2018 18:50:00","803001","ips00015","03/29/2018 18:50:00","803001","53","04313","3","1","3"
"27004","ECL","04/01/2018 00:00:00","04/14/2020 00:00:00","0","ips00015","03/29/2018 18:50:00","803001","ips00015","03/29/2018 18:50:00","803001","52","04313","3","1","3"
"27014","ECL","01/01/2000 00:00:00","03/31/2013 00:00:00","0","ecld0918","03/29/2018 18:50:00","803001","ecld0918","03/29/2018 18:50:00","803001","36","07707","1","1","3"
"27014","ECL","04/01/2013 00:00:00","04/30/2013 00:00:00","0","ecld0918","03/29/2018 18:50:00","803001","ecld0918","03/29/2018 18:50:00","803001","53","07707","1","1","3"
"27014","ECL","05/01/2013 00:00:00","03/31/2018 00:00:00","0","ips00015","03/29/2018 18:50:00","803001","ips00015","03/29/2018 18:50:00","803001","53","07300","1","1","3"
"27014","ECL","04/01/2018 00:00:00","04/19/2018 00:00:00","0","ips00015","03/29/2018 18:50:00","803001","ips00015","03/29/2018 18:50:00","803001","52","07300","1","1","3"
"27042","ECL","01/01/2000 00:00:00","03/31/2013 00:00:00","0","ecl07708","03/29/2018 18:50:00","803001","ecl07708","03/29/2018 18:50:00","803001","36","07707","3","1","3"
"27042","ECL","04/01/2013 00:00:00","03/31/2014 00:00:00","0","ecl05958","03/29/2018 18:50:00","803001","ecl05958","03/29/2018 18:50:00","803001","53","07707","3","1","3"
"27042","ECL","04/01/2014 00:00:00","03/31/2018 00:00:00","0","ips00015","03/29/2018 18:50:00","803001","ips00015","03/29/2018 18:50:00","803001","53","07300","3","1","3"
"27042","ECL","04/01/2018 00:00:00","04/23/2018 00:00:00","0","ips00015","03/29/2018 18:50:00","803001","ips00015","03/29/2018 18:50:00","803001","52","07300","3","1","3"
"27068","ECL","01/01/2000 00:00:00","03/31/2013 00:00:00","0","ecl04321","03/29/2018 18:50:00","803001","ecl04321","03/29/2018 18:50:00","803001","36","04685","3","0",""
"27068","ECL","04/01/2013 00:00:00","11/30/2013 00:00:00","0","ecl04321","03/29/2018 18:50:00","803001","ecl04321","03/29/2018 18:50:00","803001","53","04685","3","0",""
"27068","ECL","12/01/2013 00:00:00","03/31/2018 00:00:00","0","ecl04321","03/29/2018 18:50:00","803001","ecl04321","03/29/2018 18:50:00","803001","53","","3","0",""
"27068","ECL","04/01/2018 00:00:00","12/31/9999 00:00:00","0","ecl04321","03/29/2018 18:50:00","803001","ecl04321","03/29/2018 18:50:00","803001","52","","3","0",""
"27070","ECL","01/01/2000 00:00:00","03/31/2013 00:00:00","0","ecld0918","03/29/2018 18:50:00","803001","ecld0918","03/29/2018 18:50:00","803001","36","05496","2","0",""
"27070","ECL","04/01/2013 00:00:00","11/30/2013 00:00:00","0","ecld0918","03/29/2018 18:50:00","803001","ecld0918","03/29/2018 18:50:00","803001","53","05496","2","0",""
"27070","ECL","12/01/2013 00:00:00","05/31/2014 00:00:00","0","ecl04321","03/29/2018 18:50:00","803001","ecl04321","03/29/2018 18:50:00","803001","53","05119","2","0",""
"27070","ECL","06/01/2014 00:00:00","03/31/2018 00:00:00","0","ecl04321","03/29/2018 18:50:00","803001","ecl04321","03/29/2018 18:50:00","803001","53","04737","2","0",""
"27070","ECL","04/01/2018 00:00:00","04/22/2018 00:00:00","0","ecl04321","03/29/2018 18:50:00","803001","ecl04321","03/29/2018 18:50:00","803001","52","04737","2","0",""
"27073","ECL","01/01/2000 00:00:00","03/31/2013 00:00:00","0","ecld0918","03/29/2018 18:50:00","803001","ecld0918","03/29/2018 18:50:00","803001","36","","1","1","1"
"27073","ECL","04/01/2013 00:00:00","08/31/2015 00:00:00","0","ecl07868","03/29/2018 18:50:00","803001","ecl07868","03/29/2018 18:50:00","803001","53","","1","1","1"
"27073","ECL","09/01/2015 00:00:00","09/30/2015 00:00:00","0","ecl07868","03/29/2018 18:50:00","803001","ecl07868","03/29/2018 18:50:00","803001","53","07830","1","1","1"
"27073","ECL","10/01/2015 00:00:00","10/31/2016 00:00:00","0","ecl07868","03/29/2018 18:50:00","803001","ecl07868","03/29/2018 18:50:00","803001","53","07042","1","1","1"
"27073","ECL","11/01/2016 00:00:00","03/31/2018 00:00:00","0","ecl07868","03/29/2018 18:50:00","803001","ecl07868","03/29/2018 18:50:00","803001","53","","1","1","1"
"27073","ECL","04/01/2018 00:00:00","12/31/9999 00:00:00","0","ecl07868","03/29/2018 18:50:00","803001","ecl07868","03/29/2018 18:50:00","803001","52","","1","1","1"
"27074","ECL","01/01/2000 00:00:00","03/31/2013 00:00:00","0","ecl02796","03/29/2018 18:50:00","803001","ecl02796","03/29/2018 18:50:00","803001","36","","1","1","1"
"27074","ECL","04/01/2013 00:00:00","04/30/2013 00:00:00","0","ecl07868","03/29/2018 18:50:00","803001","ecl07868","03/29/2018 18:50:00","803001","53","","1","1","1"
"27074","ECL","05/01/2013 00:00:00","09/30/2015 00:00:00","0","ips00015","03/29/2018 18:50:00","803001","ips00015","03/29/2018 18:50:00","803001","53","07830","1","1","1"
"27074","ECL","10/01/2015 00:00:00","09/30/2017 00:00:00","0","ecl07868","03/29/2018 18:50:00","803001","ecl07868","03/29/2018 18:50:00","803001","53","07042","1","1","1"
"27074","ECL","10/01/2017 00:00:00","03/31/2018 00:00:00","0","ecl05206","03/29/2018 18:50:00","803001","ecl05206","03/29/2018 18:50:00","803001","53","09586","1","1","1"
"27074","ECL","04/01/2018 00:00:00","04/14/2019 00:00:00","0","ecl05206","03/29/2018 18:50:00","803001","ecl05206","03/29/2018 18:50:00","803001","52","09586","1","1","1"
"27086","ECL","01/01/2000 00:00:00","03/31/2013 00:00:00","0","ecld0918","03/29/2018 18:50:00","803001","ecld0918","03/29/2018 18:50:00","803001","36","07377","1","1","1"
"27086","ECL","04/01/2013 00:00:00","04/30/2013 00:00:00","0","ecl02796","03/29/2018 18:50:00","803001","ecl02796","03/29/2018 18:50:00","803001","53","07377","1","1","1"
"27086","ECL","05/01/2013 00:00:00","09/30/2015 00:00:00","0","ips00015","03/29/2018 18:50:00","803001","ips00015","03/29/2018 18:50:00","803001","53","07830","1","1","1"
"27086","ECL","10/01/2015 00:00:00","09/30/2017 00:00:00","0","ecl07868","03/29/2018 18:50:00","803001","ecl07868","03/29/2018 18:50:00","803001","53","07042","1","1","1"
"27086","ECL","10/01/2017 00:00:00","03/31/2018 00:00:00","0","ecl05206","03/29/2018 18:50:00","803001","ecl05206","03/29/2018 18:50:00","803001","53","09586","1","1","1"
"27086","ECL","04/01/2018 00:00:00","04/14/2019 00:00:00","0","ecl05206","03/29/2018 18:50:00","803001","ecl05206","03/29/2018 18:50:00","803001","52","09586","1","1","1"
"27091","ECL","11/01/2015 00:00:00","03/31/2018 00:00:00","0","ecl05317","03/29/2018 18:50:00","803001","ecl05317","03/29/2018 18:50:00","803001","53","05317","","0",""
"27091","ECL","04/01/2018 00:00:00","10/08/2020 00:00:00","0","ecl05317","03/29/2018 18:50:00","803001","ecl05317","03/29/2018 18:50:00","803001","52","05317","","0",""
"27803","ECL","01/01/2000 00:00:00","03/31/2013 00:00:00","0","ecl04321","03/29/2018 18:50:00","803001","ecl04321","03/29/2018 18:50:00","803001","36","05496","2","0",""
"27803","ECL","04/01/2013 00:00:00","11/30/2013 00:00:00","0","ecl04321","03/29/2018 18:50:00","803001","ecl04321","03/29/2018 18:50:00","803001","53","05496","2","0",""
"27803","ECL","12/01/2013 00:00:00","05/31/2014 00:00:00","0","ecl04321","03/29/2018 18:50:00","803001","ecl04321","03/29/2018 18:50:00","803001","53","05119","2","0",""
"27803","ECL","06/01/2014 00:00:00","03/31/2018 00:00:00","0","ecl04321","03/29/2018 18:50:00","803001","ecl04321","03/29/2018 18:50:00","803001","53","04737","2","0",""
"27803","ECL","04/01/2018 00:00:00","04/22/2018 00:00:00","0","ecl04321","03/29/2018 18:50:00","803001","ecl04321","03/29/2018 18:50:00","803001","52","04737","2","0",""
"27806","ECL","01/01/2000 00:00:00","03/31/2013 00:00:00","0","ecl04321","03/29/2018 18:50:00","803001","ecl04321","03/29/2018 18:50:00","803001","36","05317","","0",""
"27806","ECL","04/01/2013 00:00:00","03/31/2018 00:00:00","0","ecl04321","03/29/2018 18:50:00","803001","ecl04321","03/29/2018 18:50:00","803001","53","05317","","0",""
"27806","ECL","04/01/2018 00:00:00","10/08/2020 00:00:00","0","ecl04321","03/29/2018 18:50:00","803001","ecl04321","03/29/2018 18:50:00","803001","52","05317","","0",""
"27888","ECL","01/01/2000 00:00:00","03/31/2013 00:00:00","0","","03/29/2018 18:50:00","803001","","03/29/2018 18:50:00","803001","36","","","0",""
"27888","ECL","04/01/2013 00:00:00","03/31/2018 00:00:00","0","","03/29/2018 18:50:00","803001","","03/29/2018 18:50:00","803001","53","","","0",""
"27888","ECL","04/01/2018 00:00:00","12/31/9999 00:00:00","0","","03/29/2018 18:50:00","803001","","03/29/2018 18:50:00","803001","52","","","0",""
"27889","ECL","01/01/2000 00:00:00","03/31/2013 00:00:00","0","","03/29/2018 18:50:00","803001","","03/29/2018 18:50:00","803001","36","","","0",""
"27889","ECL","04/01/2013 00:00:00","03/31/2018 00:00:00","0","","03/29/2018 18:50:00","803001","","03/29/2018 18:50:00","803001","53","","","0",""
"27889","ECL","04/01/2018 00:00:00","12/31/9999 00:00:00","0","","03/29/2018 18:50:00","803001","","03/29/2018 18:50:00","803001","52","","","0",""
"27890","ECL","09/01/2011 00:00:00","03/31/2013 00:00:00","0","ecl05317","03/29/2018 18:50:00","803001","ecl05317","03/29/2018 18:50:00","803001","36","05496","2","0","2"
"27890","ECL","04/01/2013 00:00:00","11/30/2013 00:00:00","0","ecl05317","03/29/2018 18:50:00","803001","ecl05317","03/29/2018 18:50:00","803001","53","05496","2","0","2"
"27890","ECL","12/01/2013 00:00:00","05/31/2014 00:00:00","0","ecl04321","03/29/2018 18:50:00","803001","ecl04321","03/29/2018 18:50:00","803001","53","05119","2","0","2"
"27890","ECL","06/01/2014 00:00:00","03/31/2018 00:00:00","0","ecl04321","03/29/2018 18:50:00","803001","ecl04321","03/29/2018 18:50:00","803001","53","04737","2","0","2"
"27890","ECL","04/01/2018 00:00:00","04/22/2018 00:00:00","0","ecl04321","03/29/2018 18:50:00","803001","ecl04321","03/29/2018 18:50:00","803001","52","04737","2","0","2"
"28008","ECL","01/01/2000 00:00:00","09/30/2012 00:00:00","0","ecld0918","03/29/2018 18:50:00","803001","ecld0918","03/29/2018 18:50:00","803001","37","03134","1","1","3"
"28008","ECL","10/01/2012 00:00:00","03/31/2013 00:00:00","0","ecl07868","03/29/2018 18:50:00","803001","ecl07868","03/29/2018 18:50:00","803001","37","08286","1","1","3"
"28008","ECL","04/01/2013 00:00:00","03/31/2018 00:00:00","0","ecl07868","03/29/2018 18:50:00","803001","ecl07868","03/29/2018 18:50:00","803001","53","08286","1","1","3"
"28008","ECL","04/01/2018 00:00:00","04/23/2018 00:00:00","0","ecl07868","03/29/2018 18:50:00","803001","ecl07868","03/29/2018 18:50:00","803001","52","08286","1","1","3"
"28022","ECL","01/01/2000 00:00:00","03/31/2013 00:00:00","0","ecld0918","03/29/2018 18:50:00","803001","ecld0918","03/29/2018 18:50:00","803001","37","06720","1","1","3"
"28022","ECL","04/01/2013 00:00:00","04/30/2013 00:00:00","0","ecld0918","03/29/2018 18:50:00","803001","ecld0918","03/29/2018 18:50:00","803001","53","06720","1","1","3"
"28022","ECL","05/01/2013 00:00:00","09/30/2017 00:00:00","0","ips00015","03/29/2018 18:50:00","803001","ips00015","03/29/2018 18:50:00","803001","53","04867","1","1","3"
"28022","ECL","10/01/2017 00:00:00","03/31/2018 00:00:00","0","ecl05206","03/29/2018 18:50:00","803001","ecl05206","03/29/2018 18:50:00","803001","53","09944","1","1","3"
"28022","ECL","04/01/2018 00:00:00","04/14/2019 00:00:00","0","ecl05206","03/29/2018 18:50:00","803001","ecl05206","03/29/2018 18:50:00","803001","52","09944","1","1","3"
"28023","ECL","01/01/2000 00:00:00","09/30/2012 00:00:00","0","ecld0918","03/29/2018 18:50:00","803001","ecld0918","03/29/2018 18:50:00","803001","37","03134","3","1","3"
"28023","ECL","10/01/2012 00:00:00","03/31/2013 00:00:00","0","ecl07868","03/29/2018 18:50:00","803001","ecl07868","03/29/2018 18:50:00","803001","37","08286","3","1","3"
"28023","ECL","04/01/2013 00:00:00","03/31/2018 00:00:00","0","ecl07868","03/29/2018 18:50:00","803001","ecl07868","03/29/2018 18:50:00","803001","53","08286","3","1","3"
"28023","ECL","04/01/2018 00:00:00","04/23/2018 00:00:00","0","ecl07868","03/29/2018 18:50:00","803001","ecl07868","03/29/2018 18:50:00","803001","52","08286","3","1","3"
"28026","ECL","01/01/2000 00:00:00","12/31/2012 00:00:00","0","ecl04904","03/29/2018 18:50:00","803001","ecl04904","03/29/2018 18:50:00","803001","17","06067","1","1","3"
"28026","ECL","01/01/2013 00:00:00","03/31/2013 00:00:00","0","ecl07868","03/29/2018 18:50:00","803001","ecl07868","03/29/2018 18:50:00","803001","17","07996","1","1","3"
"28026","ECL","04/01/2013 00:00:00","09/30/2017 00:00:00","0","ecl07868","03/29/2018 18:50:00","803001","ecl07868","03/29/2018 18:50:00","803001","51","07996","1","1","3"
"28026","ECL","10/01/2017 00:00:00","10/08/2020 00:00:00","0","ecl05206","03/29/2018 18:50:00","803001","ecl05206","03/29/2018 18:50:00","803001","51","08528","1","1","3"
"28036","ECL","01/01/2000 00:00:00","03/31/2013 00:00:00","0","ecl07868","03/29/2018 18:50:00","803001","ecl07868","03/29/2018 18:50:00","803001","37","","1","1","1"
"28036","ECL","04/01/2013 00:00:00","04/30/2013 00:00:00","0","ecl07868","03/29/2018 18:50:00","803001","ecl07868","03/29/2018 18:50:00","803001","53","","1","1","1"
"28036","ECL","05/01/2013 00:00:00","03/31/2018 00:00:00","0","ips00015","03/29/2018 18:50:00","803001","ips00015","03/29/2018 18:50:00","803001","53","04867","1","1","1"
"28036","ECL","04/01/2018 00:00:00","04/14/2019 00:00:00","0","ips00015","03/29/2018 18:50:00","803001","ips00015","03/29/2018 18:50:00","803001","52","04867","1","1","1"
"28037","ECL","05/01/2017 00:00:00","03/31/2018 00:00:00","0","ecl07868","03/29/2018 18:50:00","803001","ecl07868","03/29/2018 18:50:00","803001","53","09944","1","1","3"
"28037","ECL","04/01/2018 00:00:00","04/14/2019 00:00:00","0","ecl07868","03/29/2018 18:50:00","803001","ecl07868","03/29/2018 18:50:00","803001","52","09944","1","1","3"
"28888","ECL","01/01/2000 00:00:00","03/31/2013 00:00:00","0","ecld0908","03/29/2018 18:50:00","803001","ecld0908","03/29/2018 18:50:00","803001","37","","","0",""
"28888","ECL","04/01/2013 00:00:00","03/31/2018 00:00:00","0","ecld0908","03/29/2018 18:50:00","803001","ecld0908","03/29/2018 18:50:00","803001","53","","","0",""
"28888","ECL","04/01/2018 00:00:00","12/31/9999 00:00:00","0","ecld0908","03/29/2018 18:50:00","803001","ecld0908","03/29/2018 18:50:00","803001","52","","","0",""
"28889","ECL","01/01/2000 00:00:00","03/31/2013 00:00:00","0","ecld0908","03/29/2018 18:50:00","803001","ecld0908","03/29/2018 18:50:00","803001","37","","","0",""
"28889","ECL","04/01/2013 00:00:00","03/31/2018 00:00:00","0","ecld0908","03/29/2018 18:50:00","803001","ecld0908","03/29/2018 18:50:00","803001","53","","","0",""
"28889","ECL","04/01/2018 00:00:00","12/31/9999 00:00:00","0","ecld0908","03/29/2018 18:50:00","803001","ecld0908","03/29/2018 18:50:00","803001","52","","","0",""
"29005","ECL","02/01/2012 00:00:00","03/31/2013 00:00:00","0","ecl02796","03/29/2018 18:50:00","803001","ecl02796","03/29/2018 18:50:00","803001","36","","","0",""
"29005","ECL","04/01/2013 00:00:00","03/31/2018 00:00:00","0","ecl02796","03/29/2018 18:50:00","803001","ecl02796","03/29/2018 18:50:00","803001","53","","","0",""
"29005","ECL","04/01/2018 00:00:00","12/31/9999 00:00:00","0","ecl02796","03/29/2018 18:50:00","803001","ecl02796","03/29/2018 18:50:00","803001","52","","","0",""
"29010","ECL","01/01/2000 00:00:00","03/31/2013 00:00:00","0","ecl01339","03/29/2018 18:50:00","803001","ecl01339","03/29/2018 18:50:00","803001","36","04128","3","1","3"
"29010","ECL","04/01/2013 00:00:00","04/30/2013 00:00:00","0","ecl01339","03/29/2018 18:50:00","803001","ecl01339","03/29/2018 18:50:00","803001","53","04128","3","1","3"
"29010","ECL","05/01/2013 00:00:00","10/31/2016 00:00:00","0","ips00015","03/29/2018 18:50:00","803001","ips00015","03/29/2018 18:50:00","803001","53","06343","3","1","3"
"29010","ECL","11/01/2016 00:00:00","03/31/2018 00:00:00","0","ecl07868","03/29/2018 18:50:00","803001","ecl07868","03/29/2018 18:50:00","803001","53","04313","3","1","3"
"29010","ECL","04/01/2018 00:00:00","10/08/2020 00:00:00","0","ecl07868","03/29/2018 18:50:00","803001","ecl07868","03/29/2018 18:50:00","803001","52","04313","3","1","3"
"29012","ECL","01/01/2000 00:00:00","03/31/2013 00:00:00","0","ecld0918","03/29/2018 18:50:00","803001","ecld0918","03/29/2018 18:50:00","803001","36","04313","1","1","1"
"29012","ECL","04/01/2013 00:00:00","04/30/2013 00:00:00","0","ecld0918","03/29/2018 18:50:00","803001","ecld0918","03/29/2018 18:50:00","803001","53","04313","1","1","1"
"29012","ECL","05/01/2013 00:00:00","10/31/2016 00:00:00","0","ips00015","03/29/2018 18:50:00","803001","ips00015","03/29/2018 18:50:00","803001","53","06343","1","1","1"
"29012","ECL","11/01/2016 00:00:00","03/31/2018 00:00:00","0","ecl07868","03/29/2018 18:50:00","803001","ecl07868","03/29/2018 18:50:00","803001","53","07300","1","1","1"
"29012","ECL","04/01/2018 00:00:00","04/19/2018 00:00:00","0","ecl07868","03/29/2018 18:50:00","803001","ecl07868","03/29/2018 18:50:00","803001","52","07300","1","1","1"
"29015","ECL","01/01/2000 00:00:00","03/31/2013 00:00:00","0","ecld0918","03/29/2018 18:50:00","803001","ecld0918","03/29/2018 18:50:00","803001","36","06343","3","1","3"
"29015","ECL","04/01/2013 00:00:00","10/31/2016 00:00:00","0","ecld0918","03/29/2018 18:50:00","803001","ecld0918","03/29/2018 18:50:00","803001","53","06343","3","1","3"
"29015","ECL","11/01/2016 00:00:00","03/31/2018 00:00:00","0","ecl07868","03/29/2018 18:50:00","803001","ecl07868","03/29/2018 18:50:00","803001","53","","3","1","3"
"29015","ECL","04/01/2018 00:00:00","04/14/2019 00:00:00","0","ecl07868","03/29/2018 18:50:00","803001","ecl07868","03/29/2018 18:50:00","803001","52","","3","1","3"
"29016","ECL","05/01/2017 00:00:00","09/30/2017 00:00:00","0","ecl05206","03/29/2018 18:50:00","803001","ecl05206","03/29/2018 18:50:00","803001","53","07042","1","1","3"
"29016","ECL","10/01/2017 00:00:00","03/31/2018 00:00:00","0","ecl05206","03/29/2018 18:50:00","803001","ecl05206","03/29/2018 18:50:00","803001","53","09586","1","1","3"
"29016","ECL","04/01/2018 00:00:00","04/14/2019 00:00:00","0","ecl05206","03/29/2018 18:50:00","803001","ecl05206","03/29/2018 18:50:00","803001","52","09586","1","1","3"
"29888","ECL","01/01/2000 00:00:00","03/31/2013 00:00:00","0","","03/29/2018 18:50:00","803001","","03/29/2018 18:50:00","803001","36","","","0",""
"29888","ECL","04/01/2013 00:00:00","03/31/2018 00:00:00","0","","03/29/2018 18:50:00","803001","","03/29/2018 18:50:00","803001","53","","","0",""
"29888","ECL","04/01/2018 00:00:00","12/31/9999 00:00:00","0","","03/29/2018 18:50:00","803001","","03/29/2018 18:50:00","803001","52","","","0",""
"29889","ECL","01/01/2000 00:00:00","03/31/2013 00:00:00","0","","03/29/2018 18:50:00","803001","","03/29/2018 18:50:00","803001","36","","","0",""
"29889","ECL","04/01/2013 00:00:00","03/31/2018 00:00:00","0","","03/29/2018 18:50:00","803001","","03/29/2018 18:50:00","803001","53","","","0",""
"29889","ECL","04/01/2018 00:00:00","12/31/9999 00:00:00","0","","03/29/2018 18:50:00","803001","","03/29/2018 18:50:00","803001","52","","","0",""
"30008","ECL","01/01/2000 00:00:00","03/31/2013 00:00:00","0","ecl01339","03/29/2018 18:50:00","803001","ecl01339","03/29/2018 18:50:00","803001","36","04128","3","1","3"
"30008","ECL","04/01/2013 00:00:00","04/30/2013 00:00:00","0","ecl01339","03/29/2018 18:50:00","803001","ecl01339","03/29/2018 18:50:00","803001","53","04128","3","1","3"
"30008","ECL","05/01/2013 00:00:00","10/31/2016 00:00:00","0","ips00015","03/29/2018 18:50:00","803001","ips00015","03/29/2018 18:50:00","803001","53","06343","3","1","3"
"30008","ECL","11/01/2016 00:00:00","03/31/2018 00:00:00","0","ecl07868","03/29/2018 18:50:00","803001","ecl07868","03/29/2018 18:50:00","803001","53","04313","3","1","3"
"30008","ECL","04/01/2018 00:00:00","10/08/2020 00:00:00","0","ecl07868","03/29/2018 18:50:00","803001","ecl07868","03/29/2018 18:50:00","803001","52","04313","3","1","3"
"30016","ECL","01/01/2000 00:00:00","03/31/2013 00:00:00","0","ecld0918","03/29/2018 18:50:00","803001","ecld0918","03/29/2018 18:50:00","803001","36","04128","3","1","3"
"30016","ECL","04/01/2013 00:00:00","04/30/2013 00:00:00","0","ecl07868","03/29/2018 18:50:00","803001","ecl07868","03/29/2018 18:50:00","803001","53","04128","3","1","3"
"30016","ECL","05/01/2013 00:00:00","10/31/2016 00:00:00","0","ips00015","03/29/2018 18:50:00","803001","ips00015","03/29/2018 18:50:00","803001","53","06343","3","1","3"
"30016","ECL","11/01/2016 00:00:00","03/31/2018 00:00:00","0","ecl07868","03/29/2018 18:50:00","803001","ecl07868","03/29/2018 18:50:00","803001","53","07300","3","1","3"
"30016","ECL","04/01/2018 00:00:00","04/23/2018 00:00:00","0","ecl07868","03/29/2018 18:50:00","803001","ecl07868","03/29/2018 18:50:00","803001","52","07300","3","1","3"
"30017","ECL","02/01/2016 00:00:00","10/31/2016 00:00:00","0","ecl02796","03/29/2018 18:50:00","803001","ecl02796","03/29/2018 18:50:00","803001","53","06343","1","0","1"
"30017","ECL","11/01/2016 00:00:00","03/31/2018 00:00:00","0","ecl07868","03/29/2018 18:50:00","803001","ecl07868","03/29/2018 18:50:00","803001","53","","1","0","1"
"30017","ECL","04/01/2018 00:00:00","12/31/9999 00:00:00","0","ecl07868","03/29/2018 18:50:00","803001","ecl07868","03/29/2018 18:50:00","803001","52","","1","0","1"
"30018","ECL","05/01/2017 00:00:00","09/30/2017 00:00:00","0","ecl05206","03/29/2018 18:50:00","803001","ecl05206","03/29/2018 18:50:00","803001","53","07042","1","1","3"
"30018","ECL","10/01/2017 00:00:00","03/31/2018 00:00:00","0","ecl05206","03/29/2018 18:50:00","803001","ecl05206","03/29/2018 18:50:00","803001","53","09586","1","1","3"
"30018","ECL","04/01/2018 00:00:00","04/14/2019 00:00:00","0","ecl05206","03/29/2018 18:50:00","803001","ecl05206","03/29/2018 18:50:00","803001","52","09586","1","1","3"
"30502","ECL","01/01/2000 00:00:00","03/31/2013 00:00:00","0","ecld0918","03/29/2018 18:50:00","803001","ecld0918","03/29/2018 18:50:00","803001","36","04313","1","1","1"
"30502","ECL","04/01/2013 00:00:00","04/30/2013 00:00:00","0","ecld0918","03/29/2018 18:50:00","803001","ecld0918","03/29/2018 18:50:00","803001","53","04313","1","1","1"
"30502","ECL","05/01/2013 00:00:00","10/31/2016 00:00:00","0","ips00015","03/29/2018 18:50:00","803001","ips00015","03/29/2018 18:50:00","803001","53","06343","1","1","1"
"30502","ECL","11/01/2016 00:00:00","03/31/2018 00:00:00","0","ecl07868","03/29/2018 18:50:00","803001","ecl07868","03/29/2018 18:50:00","803001","53","07300","1","1","1"
"30502","ECL","04/01/2018 00:00:00","04/19/2018 00:00:00","0","ecl07868","03/29/2018 18:50:00","803001","ecl07868","03/29/2018 18:50:00","803001","52","07300","1","1","1"
"30888","ECL","01/01/2000 00:00:00","03/31/2013 00:00:00","0","","03/29/2018 18:50:00","803001","","03/29/2018 18:50:00","803001","36","","","0",""
"30888","ECL","04/01/2013 00:00:00","03/31/2018 00:00:00","0","","03/29/2018 18:50:00","803001","","03/29/2018 18:50:00","803001","53","","","0",""
"30888","ECL","04/01/2018 00:00:00","12/31/9999 00:00:00","0","","03/29/2018 18:50:00","803001","","03/29/2018 18:50:00","803001","52","","","0",""
"30889","ECL","01/01/2000 00:00:00","03/31/2013 00:00:00","0","","03/29/2018 18:50:00","803001","","03/29/2018 18:50:00","803001","36","","","0",""
"30889","ECL","04/01/2013 00:00:00","03/31/2018 00:00:00","0","","03/29/2018 18:50:00","803001","","03/29/2018 18:50:00","803001","53","","","0",""
"30889","ECL","04/01/2018 00:00:00","12/31/9999 00:00:00","0","","03/29/2018 18:50:00","803001","","03/29/2018 18:50:00","803001","52","","","0",""
"31888","ECL","01/01/2000 00:00:00","03/31/2013 00:00:00","0","ecld0913","03/29/2018 18:50:00","803001","ecld0913","03/29/2018 18:50:00","803001","47","","","0",""
"31888","ECL","04/01/2013 00:00:00","12/31/9999 00:00:00","0","ecld0913","03/29/2018 18:50:00","803001","ecld0913","03/29/2018 18:50:00","803001","54","","","0",""
"31889","ECL","01/01/2000 00:00:00","03/31/2013 00:00:00","0","ecl04742","03/29/2018 18:50:00","803001","ecl04742","03/29/2018 18:50:00","803001","47","","","0",""
"31889","ECL","04/01/2013 00:00:00","12/31/9999 00:00:00","0","ecl04742","03/29/2018 18:50:00","803001","ecl04742","03/29/2018 18:50:00","803001","54","","","0",""
"32888","ECL","01/01/2000 00:00:00","03/31/2013 00:00:00","0","ecld0913","03/29/2018 18:50:00","803001","ecld0913","03/29/2018 18:50:00","803001","47","","","0",""
"32888","ECL","04/01/2013 00:00:00","12/31/9999 00:00:00","0","ecld0913","03/29/2018 18:50:00","803001","ecld0913","03/29/2018 18:50:00","803001","54","","","0",""
"32889","ECL","01/01/2000 00:00:00","03/31/2013 00:00:00","0","ecl04742","03/29/2018 18:50:00","803001","ecl04742","03/29/2018 18:50:00","803001","47","","","0",""
"32889","ECL","04/01/2013 00:00:00","12/31/9999 00:00:00","0","ecl04742","03/29/2018 18:50:00","803001","ecl04742","03/29/2018 18:50:00","803001","54","","","0",""
"33888","ECL","01/01/2000 00:00:00","03/31/2013 00:00:00","0","ecld0913","03/29/2018 18:50:00","803001","ecld0913","03/29/2018 18:50:00","803001","47","","","0",""
"33888","ECL","04/01/2013 00:00:00","12/31/9999 00:00:00","0","ecld0913","03/29/2018 18:50:00","803001","ecld0913","03/29/2018 18:50:00","803001","54","","","0",""
"33889","ECL","01/01/2000 00:00:00","03/31/2013 00:00:00","0","ecl04742","03/29/2018 18:50:00","803001","ecl04742","03/29/2018 18:50:00","803001","47","","","0",""
"33889","ECL","04/01/2013 00:00:00","12/31/9999 00:00:00","0","ecl04742","03/29/2018 18:50:00","803001","ecl04742","03/29/2018 18:50:00","803001","54","","","0",""
"34003","ECL","01/01/2000 00:00:00","09/30/2012 00:00:00","0","ecld0918","03/29/2018 18:50:00","803001","ecld0918","03/29/2018 18:50:00","803001","47","07114","3","1","3"
"34003","ECL","10/01/2012 00:00:00","03/31/2013 00:00:00","0","ecl07868","03/29/2018 18:50:00","803001","ecl07868","03/29/2018 18:50:00","803001","47","06072","3","1","3"
"34003","ECL","04/01/2013 00:00:00","04/30/2015 00:00:00","0","ecl07868","03/29/2018 18:50:00","803001","ecl07868","03/29/2018 18:50:00","803001","54","06072","3","1","3"
"34003","ECL","05/01/2015 00:00:00","10/08/2020 00:00:00","0","ecl07868","03/29/2018 18:50:00","803001","ecl07868","03/29/2018 18:50:00","803001","54","04482","3","1","3"
"34010","ECL","01/01/2000 00:00:00","03/31/2013 00:00:00","0","ecl04291","03/29/2018 18:50:00","803001","ecl04291","03/29/2018 18:50:00","803001","47","06770","1","0","3"
"34010","ECL","04/01/2013 00:00:00","03/31/2014 00:00:00","0","ecl04291","03/29/2018 18:50:00","803001","ecl04291","03/29/2018 18:50:00","803001","54","06770","1","0","3"
"34010","ECL","04/01/2014 00:00:00","04/23/2018 00:00:00","0","ecl07868","03/29/2018 18:50:00","803001","ecl07868","03/29/2018 18:50:00","803001","54","07689","1","0","3"
"34012","ECL","01/01/2000 00:00:00","03/31/2013 00:00:00","0","ecld0918","03/29/2018 18:50:00","803001","ecld0918","03/29/2018 18:50:00","803001","47","07368","1","1","3"
"34012","ECL","04/01/2013 00:00:00","09/30/2013 00:00:00","0","ecld0918","03/29/2018 18:50:00","803001","ecld0918","03/29/2018 18:50:00","803001","54","07368","1","1","3"
"34012","ECL","10/01/2013 00:00:00","10/31/2016 00:00:00","0","ecl07868","03/29/2018 18:50:00","803001","ecl07868","03/29/2018 18:50:00","803001","54","06570","1","1","3"
"34012","ECL","11/01/2016 00:00:00","10/08/2020 00:00:00","0","ecl07868","03/29/2018 18:50:00","803001","ecl07868","03/29/2018 18:50:00","803001","54","04482","1","1","3"
"34019","ECL","01/01/2000 00:00:00","03/31/2013 00:00:00","0","ecld0918","03/29/2018 18:50:00","803001","ecld0918","03/29/2018 18:50:00","803001","47","04685","2","0","3"
"34019","ECL","04/01/2013 00:00:00","11/30/2013 00:00:00","0","ecld0918","03/29/2018 18:50:00","803001","ecld0918","03/29/2018 18:50:00","803001","54","04685","2","0","3"
"34019","ECL","12/01/2013 00:00:00","12/31/9999 00:00:00","0","ecl04321","03/29/2018 18:50:00","803001","ecl04321","03/29/2018 18:50:00","803001","54","","2","0","3"
"34031","ECL","01/01/2000 00:00:00","03/31/2013 00:00:00","0","ecl04321","03/29/2018 18:50:00","803001","ecl04321","03/29/2018 18:50:00","803001","36","05496","2","0",""
"34031","ECL","04/01/2013 00:00:00","04/14/2020 00:00:00","0","ecl04321","03/29/2018 18:50:00","803001","ecl04321","03/29/2018 18:50:00","803001","54","05496","2","0",""
"34037","ECL","01/01/2000 00:00:00","03/31/2013 00:00:00","0","ecld0918","03/29/2018 18:50:00","803001","ecld0918","03/29/2018 18:50:00","803001","47","05296","2","0",""
"34037","ECL","04/01/2013 00:00:00","05/31/2014 00:00:00","0","ecld0918","03/29/2018 18:50:00","803001","ecld0918","03/29/2018 18:50:00","803001","54","05296","2","0",""
"34037","ECL","06/01/2014 00:00:00","10/31/2015 00:00:00","0","ecl04321","03/29/2018 18:50:00","803001","ecl04321","03/29/2018 18:50:00","803001","54","04737","2","0",""
"34037","ECL","11/01/2015 00:00:00","10/09/2019 00:00:00","0","ecl04321","03/29/2018 18:50:00","803001","ecl04321","03/29/2018 18:50:00","803001","54","05296","2","0",""
"34040","ECL","01/01/2000 00:00:00","03/31/2013 00:00:00","0","ecld0918","03/29/2018 18:50:00","803001","ecld0918","03/29/2018 18:50:00","803001","47","02961","1","1","1"
"34040","ECL","04/01/2013 00:00:00","04/30/2013 00:00:00","0","ecl07868","03/29/2018 18:50:00","803001","ecl07868","03/29/2018 18:50:00","803001","54","02961","1","1","1"
"34040","ECL","05/01/2013 00:00:00","03/31/2014 00:00:00","0","ips00015","03/29/2018 18:50:00","803001","ips00015","03/29/2018 18:50:00","803001","54","06770","1","1","1"
"34040","ECL","04/01/2014 00:00:00","04/23/2018 00:00:00","0","ecl07868","03/29/2018 18:50:00","803001","ecl07868","03/29/2018 18:50:00","803001","54","07689","1","1","1"
"34041","ECL","01/01/2000 00:00:00","09/30/2012 00:00:00","0","ecld0918","03/29/2018 18:50:00","803001","ecld0918","03/29/2018 18:50:00","803001","47","07114","1","1","1"
"34041","ECL","10/01/2012 00:00:00","03/31/2013 00:00:00","0","ecl07868","03/29/2018 18:50:00","803001","ecl07868","03/29/2018 18:50:00","803001","47","06072","1","1","1"
"34041","ECL","04/01/2013 00:00:00","04/30/2015 00:00:00","0","ecl07868","03/29/2018 18:50:00","803001","ecl07868","03/29/2018 18:50:00","803001","54","06072","1","1","1"
"34041","ECL","05/01/2015 00:00:00","09/30/2017 00:00:00","0","ecl07868","03/29/2018 18:50:00","803001","ecl07868","03/29/2018 18:50:00","803001","54","04482","1","1","1"
"34041","ECL","10/01/2017 00:00:00","04/23/2018 00:00:00","0","ecl05206","03/29/2018 18:50:00","803001","ecl05206","03/29/2018 18:50:00","803001","54","07689","1","1","1"
"34044","ECL","05/01/2017 00:00:00","04/14/2020 00:00:00","0","ecl07868","03/29/2018 18:50:00","803001","ecl07868","03/29/2018 18:50:00","803001","54","07689","1","0","1"
"34888","ECL","01/01/2000 00:00:00","03/31/2013 00:00:00","0","","03/29/2018 18:50:00","803001","","03/29/2018 18:50:00","803001","47","","","0",""
"34888","ECL","04/01/2013 00:00:00","12/31/9999 00:00:00","0","","03/29/2018 18:50:00","803001","","03/29/2018 18:50:00","803001","54","","","0",""
"34889","ECL","01/01/2000 00:00:00","03/31/2013 00:00:00","0","","03/29/2018 18:50:00","803001","","03/29/2018 18:50:00","803001","47","","","0",""
"34889","ECL","04/01/2013 00:00:00","12/31/9999 00:00:00","0","","03/29/2018 18:50:00","803001","","03/29/2018 18:50:00","803001","54","","","0",""
"34890","ECL","09/01/2011 00:00:00","03/31/2013 00:00:00","0","ecl04321","03/29/2018 18:50:00","803001","ecl04321","03/29/2018 18:50:00","803001","47","05296","2","0","2"
"34890","ECL","04/01/2013 00:00:00","05/31/2014 00:00:00","0","ecl04321","03/29/2018 18:50:00","803001","ecl04321","03/29/2018 18:50:00","803001","54","05296","2","0","2"
"34890","ECL","06/01/2014 00:00:00","10/31/2015 00:00:00","0","ecl04321","03/29/2018 18:50:00","803001","ecl04321","03/29/2018 18:50:00","803001","54","04737","2","0","2"
"34890","ECL","11/01/2015 00:00:00","03/31/2017 00:00:00","0","ecl04321","03/29/2018 18:50:00","803001","ecl04321","03/29/2018 18:50:00","803001","54","05296","2","0","2"
"34890","ECL","04/01/2017 00:00:00","04/22/2018 00:00:00","0","ecl07189","03/29/2018 18:50:00","803001","ecl07189","03/29/2018 18:50:00","803001","54","04737","2","0","2"
"35002","ECL","01/01/2000 00:00:00","03/31/2013 00:00:00","0","ecl05979","03/29/2018 18:50:00","803001","ecl05979","03/29/2018 18:50:00","803001","47","06770","3","0","3"
"35002","ECL","04/01/2013 00:00:00","04/30/2013 00:00:00","0","ecl05979","03/29/2018 18:50:00","803001","ecl05979","03/29/2018 18:50:00","803001","54","06770","3","0","3"
"35002","ECL","05/01/2013 00:00:00","05/31/2014 00:00:00","0","ips00015","03/29/2018 18:50:00","803001","ips00015","03/29/2018 18:50:00","803001","54","05296","3","0","2"
"35002","ECL","06/01/2014 00:00:00","04/22/2018 00:00:00","0","ecl04321","03/29/2018 18:50:00","803001","ecl04321","03/29/2018 18:50:00","803001","54","04737","3","0","2"
"35003","ECL","01/01/2000 00:00:00","03/31/2013 00:00:00","0","ecl05979","03/29/2018 18:50:00","803001","ecl05979","03/29/2018 18:50:00","803001","47","06770","3","1","3"
"35003","ECL","04/01/2013 00:00:00","03/31/2014 00:00:00","0","ecl07868","03/29/2018 18:50:00","803001","ecl07868","03/29/2018 18:50:00","803001","54","06770","3","1","3"
"35003","ECL","04/01/2014 00:00:00","04/23/2018 00:00:00","0","ecl07868","03/29/2018 18:50:00","803001","ecl07868","03/29/2018 18:50:00","803001","54","07689","3","1","3"
"35013","ECL","01/01/2000 00:00:00","03/31/2013 00:00:00","0","ecl03580","03/29/2018 18:50:00","803001","ecl03580","03/29/2018 18:50:00","803001","47","04685","2","0","2"
"35013","ECL","04/01/2013 00:00:00","11/30/2013 00:00:00","0","ecl03580","03/29/2018 18:50:00","803001","ecl03580","03/29/2018 18:50:00","803001","54","04685","2","0","2"
"35013","ECL","12/01/2013 00:00:00","12/31/9999 00:00:00","0","ecl04321","03/29/2018 18:50:00","803001","ecl04321","03/29/2018 18:50:00","803001","54","","2","0","2"
"35019","ECL","01/01/2000 00:00:00","03/31/2013 00:00:00","0","ecl05317","03/29/2018 18:50:00","803001","ecl05317","03/29/2018 18:50:00","803001","47","05296","2","0","2"
"35019","ECL","04/01/2013 00:00:00","05/31/2014 00:00:00","0","ecl05317","03/29/2018 18:50:00","803001","ecl05317","03/29/2018 18:50:00","803001","54","05296","2","0","2"
"35019","ECL","06/01/2014 00:00:00","10/31/2015 00:00:00","0","ecl04321","03/29/2018 18:50:00","803001","ecl04321","03/29/2018 18:50:00","803001","54","04737","2","0","2"
"35019","ECL","11/01/2015 00:00:00","10/09/2019 00:00:00","0","ecl04321","03/29/2018 18:50:00","803001","ecl04321","03/29/2018 18:50:00","803001","54","05296","2","0","2"
"35022","ECL","01/01/2017 00:00:00","04/14/2020 00:00:00","0","ecl02796","03/29/2018 18:50:00","803001","ecl02796","03/29/2018 18:50:00","803001","54","07689","1","0","1"
"35888","ECL","01/01/2000 00:00:00","03/31/2013 00:00:00","0","","03/29/2018 18:50:00","803001","","03/29/2018 18:50:00","803001","47","","","0",""
"35888","ECL","04/01/2013 00:00:00","12/31/9999 00:00:00","0","","03/29/2018 18:50:00","803001","","03/29/2018 18:50:00","803001","54","","","0",""
"35889","ECL","01/01/2000 00:00:00","03/31/2013 00:00:00","0","","03/29/2018 18:50:00","803001","","03/29/2018 18:50:00","803001","47","","","0",""
"35889","ECL","04/01/2013 00:00:00","12/31/9999 00:00:00","0","","03/29/2018 18:50:00","803001","","03/29/2018 18:50:00","803001","54","","","0",""
"36888","ECL","01/01/2000 00:00:00","03/31/2013 00:00:00","0","ecld0913","03/29/2018 18:50:00","803001","ecld0913","03/29/2018 18:50:00","803001","52","","","0",""
"36888","ECL","04/01/2013 00:00:00","12/31/9999 00:00:00","0","ecld0913","03/29/2018 18:50:00","803001","ecld0913","03/29/2018 18:50:00","803001","54","","","0",""
"36889","ECL","01/01/2000 00:00:00","03/31/2013 00:00:00","0","ecl04742","03/29/2018 18:50:00","803001","ecl04742","03/29/2018 18:50:00","803001","52","","","0",""
"36889","ECL","04/01/2013 00:00:00","12/31/9999 00:00:00","0","ecl04742","03/29/2018 18:50:00","803001","ecl04742","03/29/2018 18:50:00","803001","54","","","0",""
"37001","ECL","01/01/2000 00:00:00","03/31/2013 00:00:00","0","ecl04291","03/29/2018 18:50:00","803001","ecl04291","03/29/2018 18:50:00","803001","52","05297","3","1","3"
"37001","ECL","04/01/2013 00:00:00","04/14/2020 00:00:00","0","ecl04291","03/29/2018 18:50:00","803001","ecl04291","03/29/2018 18:50:00","803001","54","05297","3","1","3"
"37010","ECL","01/01/2000 00:00:00","03/31/2013 00:00:00","0","ecld0918","03/29/2018 18:50:00","803001","ecld0918","03/29/2018 18:50:00","803001","52","05240","3","1","3"
"37010","ECL","04/01/2013 00:00:00","03/31/2014 00:00:00","0","ecld0918","03/29/2018 18:50:00","803001","ecld0918","03/29/2018 18:50:00","803001","54","05240","3","1","3"
"37010","ECL","04/01/2014 00:00:00","09/30/2016 00:00:00","0","ecl07868","03/29/2018 18:50:00","803001","ecl07868","03/29/2018 18:50:00","803001","54","06187","3","1","3"
"37010","ECL","10/01/2016 00:00:00","10/09/2019 00:00:00","0","ecl07868","03/29/2018 18:50:00","803001","ecl07868","03/29/2018 18:50:00","803001","54","08969","3","1","3"
"37017","ECL","01/01/2000 00:00:00","03/31/2013 00:00:00","0","ecl04960","03/29/2018 18:50:00","803001","ecl04960","03/29/2018 18:50:00","803001","52","05297","3","1","3"
"37017","ECL","04/01/2013 00:00:00","03/31/2014 00:00:00","0","ecl04960","03/29/2018 18:50:00","803001","ecl04960","03/29/2018 18:50:00","803001","54","05297","3","1","3"
"37017","ECL","04/01/2014 00:00:00","09/30/2016 00:00:00","0","ecl07868","03/29/2018 18:50:00","803001","ecl07868","03/29/2018 18:50:00","803001","54","06187","3","1","3"
"37017","ECL","10/01/2016 00:00:00","10/08/2020 00:00:00","0","ecl07868","03/29/2018 18:50:00","803001","ecl07868","03/29/2018 18:50:00","803001","54","08969","3","1","3"
"37021","ECL","01/01/2000 00:00:00","03/31/2013 00:00:00","0","ecld0918","03/29/2018 18:50:00","803001","ecld0918","03/29/2018 18:50:00","803001","52","05297","3","1","3"
"37021","ECL","04/01/2013 00:00:00","04/14/2020 00:00:00","0","ecl07868","03/29/2018 18:50:00","803001","ecl07868","03/29/2018 18:50:00","803001","54","05297","3","1","3"
"37023","ECL","01/01/2000 00:00:00","03/31/2013 00:00:00","0","ecl04321","03/29/2018 18:50:00","803001","ecl04321","03/29/2018 18:50:00","803001","52","05296","3","0",""
"37023","ECL","04/01/2013 00:00:00","05/31/2014 00:00:00","0","ecl04321","03/29/2018 18:50:00","803001","ecl04321","03/29/2018 18:50:00","803001","54","05296","3","0",""
"37023","ECL","06/01/2014 00:00:00","10/31/2015 00:00:00","0","ecl04321","03/29/2018 18:50:00","803001","ecl04321","03/29/2018 18:50:00","803001","54","05923","3","0",""
"37023","ECL","11/01/2015 00:00:00","04/22/2018 00:00:00","0","ecl04321","03/29/2018 18:50:00","803001","ecl04321","03/29/2018 18:50:00","803001","54","05296","3","0",""
"37888","ECL","01/01/2000 00:00:00","03/31/2013 00:00:00","0","ecld0913","03/29/2018 18:50:00","803001","ecld0913","03/29/2018 18:50:00","803001","52","","","0",""
"37888","ECL","04/01/2013 00:00:00","12/31/9999 00:00:00","0","ecld0913","03/29/2018 18:50:00","803001","ecld0913","03/29/2018 18:50:00","803001","54","","","0",""
"37889","ECL","01/01/2000 00:00:00","03/31/2013 00:00:00","0","ecl04742","03/29/2018 18:50:00","803001","ecl04742","03/29/2018 18:50:00","803001","52","","","0",""
"37889","ECL","04/01/2013 00:00:00","12/31/9999 00:00:00","0","ecl04742","03/29/2018 18:50:00","803001","ecl04742","03/29/2018 18:50:00","803001","54","","","0",""
"38010","ECL","01/01/2000 00:00:00","03/31/2013 00:00:00","0","ecld0918","03/29/2018 18:50:00","803001","ecld0918","03/29/2018 18:50:00","803001","52","05240","3","1","3"
"38010","ECL","04/01/2013 00:00:00","03/31/2014 00:00:00","0","ecld0918","03/29/2018 18:50:00","803001","ecld0918","03/29/2018 18:50:00","803001","54","05240","3","1","3"
"38010","ECL","04/01/2014 00:00:00","09/30/2016 00:00:00","0","ecl07868","03/29/2018 18:50:00","803001","ecl07868","03/29/2018 18:50:00","803001","54","06187","3","1","3"
"38010","ECL","10/01/2016 00:00:00","10/09/2019 00:00:00","0","ecl07868","03/29/2018 18:50:00","803001","ecl07868","03/29/2018 18:50:00","803001","54","08969","3","1","3"
"38019","ECL","01/01/2000 00:00:00","03/31/2013 00:00:00","0","ecl05317","03/29/2018 18:50:00","803001","ecl05317","03/29/2018 18:50:00","803001","52","05296","2","1","3"
"38019","ECL","04/01/2013 00:00:00","05/31/2014 00:00:00","0","ecl05317","03/29/2018 18:50:00","803001","ecl05317","03/29/2018 18:50:00","803001","54","05296","2","1","3"
"38019","ECL","06/01/2014 00:00:00","10/31/2015 00:00:00","0","ecl04321","03/29/2018 18:50:00","803001","ecl04321","03/29/2018 18:50:00","803001","54","05923","2","1","3"
"38019","ECL","11/01/2015 00:00:00","10/09/2019 00:00:00","0","ecl04321","03/29/2018 18:50:00","803001","ecl04321","03/29/2018 18:50:00","803001","54","05296","2","1","3"
"38888","ECL","01/01/2000 00:00:00","03/31/2013 00:00:00","0","ecld0913","03/29/2018 18:50:00","803001","ecld0913","03/29/2018 18:50:00","803001","52","","","0",""
"38888","ECL","04/01/2013 00:00:00","12/31/9999 00:00:00","0","ecld0913","03/29/2018 18:50:00","803001","ecld0913","03/29/2018 18:50:00","803001","54","","","0",""
"38889","ECL","01/01/2000 00:00:00","03/31/2013 00:00:00","0","ecl04742","03/29/2018 18:50:00","803001","ecl04742","03/29/2018 18:50:00","803001","52","","","0",""
"38889","ECL","04/01/2013 00:00:00","12/31/9999 00:00:00","0","ecl04742","03/29/2018 18:50:00","803001","ecl04742","03/29/2018 18:50:00","803001","54","","","0",""
"39001","ECL","01/01/2000 00:00:00","03/31/2013 00:00:00","0","ecld0918","03/29/2018 18:50:00","803001","ecld0918","03/29/2018 18:50:00","803001","52","05297","3","1","3"
"39001","ECL","04/01/2013 00:00:00","04/14/2020 00:00:00","0","ecld0918","03/29/2018 18:50:00","803001","ecld0918","03/29/2018 18:50:00","803001","54","05297","3","1","3"
"39017","ECL","01/01/2000 00:00:00","03/31/2013 00:00:00","0","ecl04321","03/29/2018 18:50:00","803001","ecl04321","03/29/2018 18:50:00","803001","52","05296","3","1","3"
"39017","ECL","04/01/2013 00:00:00","05/31/2014 00:00:00","0","ecl04321","03/29/2018 18:50:00","803001","ecl04321","03/29/2018 18:50:00","803001","54","05296","3","1","3"
"39017","ECL","06/01/2014 00:00:00","10/31/2015 00:00:00","0","ecl04321","03/29/2018 18:50:00","803001","ecl04321","03/29/2018 18:50:00","803001","54","05923","3","1","3"
"39017","ECL","11/01/2015 00:00:00","04/30/2017 00:00:00","0","ecl04321","03/29/2018 18:50:00","803001","ecl04321","03/29/2018 18:50:00","803001","54","05296","3","1","3"
"39017","ECL","05/01/2017 00:00:00","04/22/2018 00:00:00","0","ecl07189","03/29/2018 18:50:00","803001","ecl07189","03/29/2018 18:50:00","803001","54","04737","3","1","3"
"39888","ECL","01/01/2000 00:00:00","03/31/2013 00:00:00","0","ecld0913","03/29/2018 18:50:00","803001","ecld0913","03/29/2018 18:50:00","803001","52","","","0",""
"39888","ECL","04/01/2013 00:00:00","12/31/9999 00:00:00","0","ecld0913","03/29/2018 18:50:00","803001","ecld0913","03/29/2018 18:50:00","803001","54","","","0",""
"39889","ECL","01/01/2000 00:00:00","03/31/2013 00:00:00","0","ecl04742","03/29/2018 18:50:00","803001","ecl04742","03/29/2018 18:50:00","803001","52","","","0",""
"39889","ECL","04/01/2013 00:00:00","12/31/9999 00:00:00","0","ecl04742","03/29/2018 18:50:00","803001","ecl04742","03/29/2018 18:50:00","803001","54","","","0",""
"40001","ECL","01/01/2000 00:00:00","03/31/2013 00:00:00","0","ecld0918","03/29/2018 18:50:00","803001","ecld0918","03/29/2018 18:50:00","803001","56","07689","1","1","1"
"40001","ECL","04/01/2013 00:00:00","03/31/2014 00:00:00","0","ecld0918","03/29/2018 18:50:00","803001","ecld0918","03/29/2018 18:50:00","803001","55","07689","1","1","1"
"40001","ECL","04/01/2014 00:00:00","04/30/2015 00:00:00","0","ecl07868","03/29/2018 18:50:00","803001","ecl07868","03/29/2018 18:50:00","803001","55","07368","1","1","1"
"40001","ECL","05/01/2015 00:00:00","04/23/2018 00:00:00","0","ecl07868","03/29/2018 18:50:00","803001","ecl07868","03/29/2018 18:50:00","803001","55","06720","1","1","1"
"40003","ECL","01/01/2000 00:00:00","03/31/2013 00:00:00","0","ecl03580","03/29/2018 18:50:00","803001","ecl03580","03/29/2018 18:50:00","803001","56","07689","3","1","3"
"40003","ECL","04/01/2013 00:00:00","03/31/2014 00:00:00","0","ecl03580","03/29/2018 18:50:00","803001","ecl03580","03/29/2018 18:50:00","803001","55","07689","3","1","3"
"40003","ECL","04/01/2014 00:00:00","10/31/2016 00:00:00","0","ecl07868","03/29/2018 18:50:00","803001","ecl07868","03/29/2018 18:50:00","803001","55","05710","3","1","3"
"40003","ECL","11/01/2016 00:00:00","04/23/2018 00:00:00","0","ecl07868","03/29/2018 18:50:00","803001","ecl07868","03/29/2018 18:50:00","803001","55","","3","1","3"
"40004","ECL","01/01/2000 00:00:00","03/31/2013 00:00:00","0","ecl07708","03/29/2018 18:50:00","803001","ecl07708","03/29/2018 18:50:00","803001","56","05673","1","1","1"
"40004","ECL","04/01/2013 00:00:00","10/31/2016 00:00:00","0","ecl07708","03/29/2018 18:50:00","803001","ecl07708","03/29/2018 18:50:00","803001","55","05673","1","1","1"
"40004","ECL","11/01/2016 00:00:00","04/14/2019 00:00:00","0","ecl07868","03/29/2018 18:50:00","803001","ecl07868","03/29/2018 18:50:00","803001","55","09363","1","1","1"
"40005","ECL","01/01/2000 00:00:00","03/31/2013 00:00:00","0","ecld0918","03/29/2018 18:50:00","803001","ecld0918","03/29/2018 18:50:00","803001","56","04140","1","1","3"
"40005","ECL","04/01/2013 00:00:00","04/30/2013 00:00:00","0","ecl07868","03/29/2018 18:50:00","803001","ecl07868","03/29/2018 18:50:00","803001","55","04140","1","1","3"
"40005","ECL","05/01/2013 00:00:00","10/31/2016 00:00:00","0","ips00015","03/29/2018 18:50:00","803001","ips00015","03/29/2018 18:50:00","803001","55","02797","1","1","3"
"40005","ECL","11/01/2016 00:00:00","09/30/2017 00:00:00","0","ecl07868","03/29/2018 18:50:00","803001","ecl07868","03/29/2018 18:50:00","803001","55","08528","1","1","3"
"40005","ECL","10/01/2017 00:00:00","10/01/2018 00:00:00","0","ecl05206","03/29/2018 18:50:00","803001","ecl05206","03/29/2018 18:50:00","803001","55","06770","1","1","3"
"40007","ECL","01/01/2000 00:00:00","03/31/2013 00:00:00","0","ecld0918","03/29/2018 18:50:00","803001","ecld0918","03/29/2018 18:50:00","803001","56","07689","1","1","1"
"40007","ECL","04/01/2013 00:00:00","03/31/2014 00:00:00","0","ecl07868","03/29/2018 18:50:00","803001","ecl07868","03/29/2018 18:50:00","803001","55","07689","1","1","1"
"40007","ECL","04/01/2014 00:00:00","04/14/2019 00:00:00","0","ecl07868","03/29/2018 18:50:00","803001","ecl07868","03/29/2018 18:50:00","803001","55","06770","1","1","1"
"40010","ECL","01/01/2000 00:00:00","03/31/2013 00:00:00","0","ecld0918","03/29/2018 18:50:00","803001","ecld0918","03/29/2018 18:50:00","803001","56","04140","1","1","1"
"40010","ECL","04/01/2013 00:00:00","04/30/2013 00:00:00","0","ecld0918","03/29/2018 18:50:00","803001","ecld0918","03/29/2018 18:50:00","803001","55","04140","1","1","1"
"40010","ECL","05/01/2013 00:00:00","10/31/2016 00:00:00","0","ips00015","03/29/2018 18:50:00","803001","ips00015","03/29/2018 18:50:00","803001","55","02797","1","1","1"
"40010","ECL","11/01/2016 00:00:00","10/01/2018 00:00:00","0","ecl07868","03/29/2018 18:50:00","803001","ecl07868","03/29/2018 18:50:00","803001","55","09363","1","1","1"
"40014","ECL","01/01/2000 00:00:00","03/31/2013 00:00:00","0","ecld0918","03/29/2018 18:50:00","803001","ecld0918","03/29/2018 18:50:00","803001","56","07689","1","1","1"
"40014","ECL","04/01/2013 00:00:00","03/31/2014 00:00:00","0","ecld0918","03/29/2018 18:50:00","803001","ecld0918","03/29/2018 18:50:00","803001","55","07689","1","1","1"
"40014","ECL","04/01/2014 00:00:00","09/30/2017 00:00:00","0","ecl07868","03/29/2018 18:50:00","803001","ecl07868","03/29/2018 18:50:00","803001","55","06770","1","1","1"
"40014","ECL","10/01/2017 00:00:00","04/14/2019 00:00:00","0","ecl05206","03/29/2018 18:50:00","803001","ecl05206","03/29/2018 18:50:00","803001","55","09363","1","1","1"
"40016","ECL","01/01/2000 00:00:00","03/31/2013 00:00:00","0","ecld0918","03/29/2018 18:50:00","803001","ecld0918","03/29/2018 18:50:00","803001","56","04140","1","1","1"
"40016","ECL","04/01/2013 00:00:00","04/30/2013 00:00:00","0","ecld0918","03/29/2018 18:50:00","803001","ecld0918","03/29/2018 18:50:00","803001","55","04140","1","1","1"
"40016","ECL","05/01/2013 00:00:00","10/31/2016 00:00:00","0","ips00015","03/29/2018 18:50:00","803001","ips00015","03/29/2018 18:50:00","803001","55","02797","1","1","1"
"40016","ECL","11/01/2016 00:00:00","04/23/2018 00:00:00","0","ecl07868","03/29/2018 18:50:00","803001","ecl07868","03/29/2018 18:50:00","803001","55","06720","1","1","1"
"40018","ECL","01/01/2000 00:00:00","03/31/2013 00:00:00","0","ecl04321","03/29/2018 18:50:00","803001","ecl04321","03/29/2018 18:50:00","803001","56","05296","2","0",""
"40018","ECL","04/01/2013 00:00:00","10/09/2019 00:00:00","0","ecl04321","03/29/2018 18:50:00","803001","ecl04321","03/29/2018 18:50:00","803001","55","05296","2","0",""
"40022","ECL","01/01/2000 00:00:00","03/31/2013 00:00:00","0","ecl03580","03/29/2018 18:50:00","803001","ecl03580","03/29/2018 18:50:00","803001","56","07689","1","1","1"
"40022","ECL","04/01/2013 00:00:00","03/31/2014 00:00:00","0","ecl07868","03/29/2018 18:50:00","803001","ecl07868","03/29/2018 18:50:00","803001","55","07689","1","1","1"
"40022","ECL","04/01/2014 00:00:00","08/31/2015 00:00:00","0","ecl07868","03/29/2018 18:50:00","803001","ecl07868","03/29/2018 18:50:00","803001","55","06770","1","1","1"
"40022","ECL","09/01/2015 00:00:00","09/30/2017 00:00:00","0","ecl07868","03/29/2018 18:50:00","803001","ecl07868","03/29/2018 18:50:00","803001","55","08528","1","1","1"
"40022","ECL","10/01/2017 00:00:00","04/14/2024 00:00:00","0","ecl05206","03/29/2018 18:50:00","803001","ecl05206","03/29/2018 18:50:00","803001","55","06770","1","1","1"
"40026","ECL","01/01/2000 00:00:00","03/31/2013 00:00:00","0","ecld0918","03/29/2018 18:50:00","803001","ecld0918","03/29/2018 18:50:00","803001","56","07689","1","1","1"
"40026","ECL","04/01/2013 00:00:00","03/31/2014 00:00:00","0","ecld0918","03/29/2018 18:50:00","803001","ecld0918","03/29/2018 18:50:00","803001","55","07689","1","1","1"
"40026","ECL","04/01/2014 00:00:00","09/30/2017 00:00:00","0","ecl07868","03/29/2018 18:50:00","803001","ecl07868","03/29/2018 18:50:00","803001","55","06770","1","1","1"
"40026","ECL","10/01/2017 00:00:00","04/23/2018 00:00:00","0","ecl05206","03/29/2018 18:50:00","803001","ecl05206","03/29/2018 18:50:00","803001","55","06720","1","1","1"
"40035","ECL","01/01/2000 00:00:00","03/31/2013 00:00:00","0","ecl04321","03/29/2018 18:50:00","803001","ecl04321","03/29/2018 18:50:00","803001","56","05296","2","0","2"
"40035","ECL","04/01/2013 00:00:00","05/31/2014 00:00:00","0","ecl04321","03/29/2018 18:50:00","803001","ecl04321","03/29/2018 18:50:00","803001","55","05296","2","0","2"
"40035","ECL","06/01/2014 00:00:00","10/08/2020 00:00:00","0","ecl04321","03/29/2018 18:50:00","803001","ecl04321","03/29/2018 18:50:00","803001","55","04737","2","0","2"
"40046","ECL","01/01/2000 00:00:00","03/31/2013 00:00:00","0","ecl04321","03/29/2018 18:50:00","803001","ecl04321","03/29/2018 18:50:00","803001","56","05296","2","0","2"
"40046","ECL","04/01/2013 00:00:00","05/31/2014 00:00:00","0","ecl04321","03/29/2018 18:50:00","803001","ecl04321","03/29/2018 18:50:00","803001","55","05296","2","0","2"
"40046","ECL","06/01/2014 00:00:00","10/08/2020 00:00:00","0","ecl04321","03/29/2018 18:50:00","803001","ecl04321","03/29/2018 18:50:00","803001","55","04737","2","0","2"
"40047","ECL","01/01/2000 00:00:00","03/31/2013 00:00:00","0","ecl04321","03/29/2018 18:50:00","803001","ecl04321","03/29/2018 18:50:00","803001","56","05296","2","0","2"
"40047","ECL","04/01/2013 00:00:00","05/31/2014 00:00:00","0","ecl04321","03/29/2018 18:50:00","803001","ecl04321","03/29/2018 18:50:00","803001","55","05296","2","0","2"
"40047","ECL","06/01/2014 00:00:00","04/14/2020 00:00:00","0","ecl04321","03/29/2018 18:50:00","803001","ecl04321","03/29/2018 18:50:00","803001","55","04737","2","0","2"
"40048","ECL","01/01/2000 00:00:00","03/31/2013 00:00:00","0","ecld0918","03/29/2018 18:50:00","803001","ecld0918","03/29/2018 18:50:00","803001","56","05296","","0","2"
"40048","ECL","04/01/2013 00:00:00","05/31/2014 00:00:00","0","ecld0918","03/29/2018 18:50:00","803001","ecld0918","03/29/2018 18:50:00","803001","55","05296","","0","2"
"40048","ECL","06/01/2014 00:00:00","10/08/2020 00:00:00","0","ecl04321","03/29/2018 18:50:00","803001","ecl04321","03/29/2018 18:50:00","803001","55","04737","","0","2"
"40051","ECL","01/01/2000 00:00:00","03/31/2013 00:00:00","0","ecl06595","03/29/2018 18:50:00","803001","ecl06595","03/29/2018 18:50:00","803001","56","05296","2","0","2"
"40051","ECL","04/01/2013 00:00:00","05/31/2014 00:00:00","0","ecl06595","03/29/2018 18:50:00","803001","ecl06595","03/29/2018 18:50:00","803001","55","05296","2","0","2"
"40051","ECL","06/01/2014 00:00:00","10/08/2020 00:00:00","0","ecl04321","03/29/2018 18:50:00","803001","ecl04321","03/29/2018 18:50:00","803001","55","04737","2","0","2"
"40054","ECL","01/01/2000 00:00:00","03/31/2013 00:00:00","0","ecl04321","03/29/2018 18:50:00","803001","ecl04321","03/29/2018 18:50:00","803001","56","02789","","0",""
"40054","ECL","04/01/2013 00:00:00","05/31/2014 00:00:00","0","ecl04321","03/29/2018 18:50:00","803001","ecl04321","03/29/2018 18:50:00","803001","55","02789","","0",""
"40054","ECL","06/01/2014 00:00:00","10/08/2020 00:00:00","0","ecl04321","03/29/2018 18:50:00","803001","ecl04321","03/29/2018 18:50:00","803001","55","05317","","0",""
"40061","ECL","01/01/2000 00:00:00","03/31/2013 00:00:00","0","ecl04291","03/29/2018 18:50:00","803001","ecl04291","03/29/2018 18:50:00","803001","56","06060","1","1","1"
"40061","ECL","04/01/2013 00:00:00","04/30/2013 00:00:00","0","ecl04291","03/29/2018 18:50:00","803001","ecl04291","03/29/2018 18:50:00","803001","55","06060","1","1","1"
"40061","ECL","05/01/2013 00:00:00","09/30/2013 00:00:00","0","ips00015","03/29/2018 18:50:00","803001","ips00015","03/29/2018 18:50:00","803001","55","08164","1","1","1"
"40061","ECL","10/01/2013 00:00:00","04/30/2015 00:00:00","0","ecl07868","03/29/2018 18:50:00","803001","ecl07868","03/29/2018 18:50:00","803001","55","07368","1","1","1"
"40061","ECL","05/01/2015 00:00:00","04/23/2018 00:00:00","0","ecl07868","03/29/2018 18:50:00","803001","ecl07868","03/29/2018 18:50:00","803001","55","06720","1","1","1"
"40080","ECL","01/01/2000 00:00:00","03/31/2013 00:00:00","0","ecl04321","03/29/2018 18:50:00","803001","ecl04321","03/29/2018 18:50:00","803001","56","05296","2","0","2"
"40080","ECL","04/01/2013 00:00:00","05/31/2014 00:00:00","0","ecl04321","03/29/2018 18:50:00","803001","ecl04321","03/29/2018 18:50:00","803001","55","05296","2","0","2"
"40080","ECL","06/01/2014 00:00:00","10/08/2020 00:00:00","0","ecl04321","03/29/2018 18:50:00","803001","ecl04321","03/29/2018 18:50:00","803001","55","04737","2","0","2"
"40081","ECL","01/01/2000 00:00:00","03/31/2013 00:00:00","0","ecl04321","03/29/2018 18:50:00","803001","ecl04321","03/29/2018 18:50:00","803001","56","05296","3","1","3"
"40081","ECL","04/01/2013 00:00:00","10/09/2019 00:00:00","0","ecl04321","03/29/2018 18:50:00","803001","ecl04321","03/29/2018 18:50:00","803001","55","05296","3","1","3"
"40082","ECL","01/01/2000 00:00:00","03/31/2013 00:00:00","0","ecl04321","03/29/2018 18:50:00","803001","ecl04321","03/29/2018 18:50:00","803001","56","05296","3","1","3"
"40082","ECL","04/01/2013 00:00:00","10/09/2019 00:00:00","0","ecl04321","03/29/2018 18:50:00","803001","ecl04321","03/29/2018 18:50:00","803001","55","05296","3","1","3"
"40083","ECL","01/01/2000 00:00:00","03/31/2013 00:00:00","0","ecl04291","03/29/2018 18:50:00","803001","ecl04291","03/29/2018 18:50:00","803001","56","07125","","0",""
"40083","ECL","04/01/2013 00:00:00","04/30/2013 00:00:00","0","ecl04291","03/29/2018 18:50:00","803001","ecl04291","03/29/2018 18:50:00","803001","55","07125","","0",""
"40083","ECL","05/01/2013 00:00:00","03/31/2014 00:00:00","0","ips00015","03/29/2018 18:50:00","803001","ips00015","03/29/2018 18:50:00","803001","55","07689","","0",""
"40083","ECL","04/01/2014 00:00:00","10/31/2016 00:00:00","0","ecl07868","03/29/2018 18:50:00","803001","ecl07868","03/29/2018 18:50:00","803001","55","05710","","0",""
"40083","ECL","11/01/2016 00:00:00","09/30/2017 00:00:00","0","ecl07868","03/29/2018 18:50:00","803001","ecl07868","03/29/2018 18:50:00","803001","55","08528","","0",""
"40083","ECL","10/01/2017 00:00:00","04/14/2024 00:00:00","0","ecl05206","03/29/2018 18:50:00","803001","ecl05206","03/29/2018 18:50:00","803001","55","06770","","0",""
"40084","ECL","01/01/2000 00:00:00","03/31/2013 00:00:00","0","ecl04291","03/29/2018 18:50:00","803001","ecl04291","03/29/2018 18:50:00","803001","56","05296","3","1","3"
"40084","ECL","04/01/2013 00:00:00","05/31/2014 00:00:00","0","ecl04291","03/29/2018 18:50:00","803001","ecl04291","03/29/2018 18:50:00","803001","55","05296","3","1","3"
"40084","ECL","06/01/2014 00:00:00","12/31/9999 00:00:00","0","ecl04321","03/29/2018 18:50:00","803001","ecl04321","03/29/2018 18:50:00","803001","55","","3","1","3"
"40085","ECL","01/01/2000 00:00:00","03/31/2013 00:00:00","0","ecl04321","03/29/2018 18:50:00","803001","ecl04321","03/29/2018 18:50:00","803001","56","05296","2","0","2"
"40085","ECL","04/01/2013 00:00:00","05/31/2014 00:00:00","0","ecl04321","03/29/2018 18:50:00","803001","ecl04321","03/29/2018 18:50:00","803001","55","05296","2","0","2"
"40085","ECL","06/01/2014 00:00:00","10/08/2020 00:00:00","0","ecl04321","03/29/2018 18:50:00","803001","ecl04321","03/29/2018 18:50:00","803001","55","04737","2","0","2"
"40090","ECL","05/01/2017 00:00:00","04/14/2020 00:00:00","0","ecl07868","03/29/2018 18:50:00","803001","ecl07868","03/29/2018 18:50:00","803001","55","09363","1","0","1"
"40091","ECL","06/01/2017 00:00:00","04/14/2019 00:00:00","0","ecl07868","03/29/2018 18:50:00","803001","ecl07868","03/29/2018 18:50:00","803001","55","09363","","0",""
"40098","ECL","01/01/2000 00:00:00","03/31/2013 00:00:00","0","ecld0918","03/29/2018 18:50:00","803001","ecld0918","03/29/2018 18:50:00","803001","56","","","0","3"
"40098","ECL","04/01/2013 00:00:00","12/31/9999 00:00:00","0","ecld0918","03/29/2018 18:50:00","803001","ecld0918","03/29/2018 18:50:00","803001","55","","","0","3"
"40888","ECL","01/01/2000 00:00:00","03/31/2013 00:00:00","0","","03/29/2018 18:50:00","803001","","03/29/2018 18:50:00","803001","56","","","0",""
"40888","ECL","04/01/2013 00:00:00","12/31/9999 00:00:00","0","","03/29/2018 18:50:00","803001","","03/29/2018 18:50:00","803001","55","","","0",""
"40889","ECL","01/01/2000 00:00:00","03/31/2013 00:00:00","0","","03/29/2018 18:50:00","803001","","03/29/2018 18:50:00","803001","56","","","0",""
"40889","ECL","04/01/2013 00:00:00","12/31/9999 00:00:00","0","","03/29/2018 18:50:00","803001","","03/29/2018 18:50:00","803001","55","","","0",""
"40890","ECL","09/01/2011 00:00:00","03/31/2013 00:00:00","0","ecl04321","03/29/2018 18:50:00","803001","ecl04321","03/29/2018 18:50:00","803001","56","05296","2","0","2"
"40890","ECL","04/01/2013 00:00:00","05/31/2014 00:00:00","0","ecl04321","03/29/2018 18:50:00","803001","ecl04321","03/29/2018 18:50:00","803001","55","05296","2","0","2"
"40890","ECL","06/01/2014 00:00:00","10/08/2020 00:00:00","0","ecl04321","03/29/2018 18:50:00","803001","ecl04321","03/29/2018 18:50:00","803001","55","04737","2","0","2"
"41001","ECL","01/01/2000 00:00:00","03/31/2013 00:00:00","0","ecld0918","03/29/2018 18:50:00","803001","ecld0918","03/29/2018 18:50:00","803001","56","04907","1","1","1"
"41001","ECL","04/01/2013 00:00:00","04/30/2013 00:00:00","0","ecl07868","03/29/2018 18:50:00","803001","ecl07868","03/29/2018 18:50:00","803001","55","04907","1","1","1"
"41001","ECL","05/01/2013 00:00:00","10/31/2016 00:00:00","0","ips00015","03/29/2018 18:50:00","803001","ips00015","03/29/2018 18:50:00","803001","55","06052","1","1","1"
"41001","ECL","11/01/2016 00:00:00","04/14/2019 00:00:00","0","ecl07868","03/29/2018 18:50:00","803001","ecl07868","03/29/2018 18:50:00","803001","55","07537","1","1","1"
"41002","ECL","01/01/2000 00:00:00","03/31/2013 00:00:00","0","ecld0918","03/29/2018 18:50:00","803001","ecld0918","03/29/2018 18:50:00","803001","56","04907","1","1","1"
"41002","ECL","04/01/2013 00:00:00","04/30/2013 00:00:00","0","ecld0918","03/29/2018 18:50:00","803001","ecld0918","03/29/2018 18:50:00","803001","55","04907","1","1","1"
"41002","ECL","05/01/2013 00:00:00","10/31/2016 00:00:00","0","ips00015","03/29/2018 18:50:00","803001","ips00015","03/29/2018 18:50:00","803001","55","06052","1","1","1"
"41002","ECL","11/01/2016 00:00:00","04/14/2019 00:00:00","0","ecl07868","03/29/2018 18:50:00","803001","ecl07868","03/29/2018 18:50:00","803001","55","07537","1","1","1"
"41003","ECL","01/01/2000 00:00:00","03/31/2013 00:00:00","0","ecld0918","03/29/2018 18:50:00","803001","ecld0918","03/29/2018 18:50:00","803001","56","04907","1","1","1"
"41003","ECL","04/01/2013 00:00:00","04/30/2013 00:00:00","0","ecld0918","03/29/2018 18:50:00","803001","ecld0918","03/29/2018 18:50:00","803001","55","04907","1","1","1"
"41003","ECL","05/01/2013 00:00:00","10/31/2016 00:00:00","0","ips00015","03/29/2018 18:50:00","803001","ips00015","03/29/2018 18:50:00","803001","55","06052","1","1","1"
"41003","ECL","11/01/2016 00:00:00","04/14/2019 00:00:00","0","ecl07868","03/29/2018 18:50:00","803001","ecl07868","03/29/2018 18:50:00","803001","55","07537","1","1","1"
"41007","ECL","01/01/2000 00:00:00","03/31/2013 00:00:00","0","ecld0918","03/29/2018 18:50:00","803001","ecld0918","03/29/2018 18:50:00","803001","56","04907","3","1","3"
"41007","ECL","04/01/2013 00:00:00","04/30/2013 00:00:00","0","ecld0918","03/29/2018 18:50:00","803001","ecld0918","03/29/2018 18:50:00","803001","55","04907","3","1","3"
"41007","ECL","05/01/2013 00:00:00","10/31/2016 00:00:00","0","ips00015","03/29/2018 18:50:00","803001","ips00015","03/29/2018 18:50:00","803001","55","06052","3","1","3"
"41007","ECL","11/01/2016 00:00:00","04/14/2019 00:00:00","0","ecl07868","03/29/2018 18:50:00","803001","ecl07868","03/29/2018 18:50:00","803001","55","07537","3","1","3"
"41010","ECL","01/01/2000 00:00:00","03/31/2013 00:00:00","0","ecl04321","03/29/2018 18:50:00","803001","ecl04321","03/29/2018 18:50:00","803001","56","05296","2","0","2"
"41010","ECL","04/01/2013 00:00:00","05/31/2014 00:00:00","0","ecl04321","03/29/2018 18:50:00","803001","ecl04321","03/29/2018 18:50:00","803001","55","05296","2","0","2"
"41010","ECL","06/01/2014 00:00:00","04/14/2020 00:00:00","0","ecl04321","03/29/2018 18:50:00","803001","ecl04321","03/29/2018 18:50:00","803001","55","04737","2","0","2"
"41888","ECL","01/01/2000 00:00:00","03/31/2013 00:00:00","0","","03/29/2018 18:50:00","803001","","03/29/2018 18:50:00","803001","56","","","0",""
"41888","ECL","04/01/2013 00:00:00","12/31/9999 00:00:00","0","","03/29/2018 18:50:00","803001","","03/29/2018 18:50:00","803001","55","","","0",""
"41889","ECL","01/01/2000 00:00:00","03/31/2013 00:00:00","0","","03/29/2018 18:50:00","803001","","03/29/2018 18:50:00","803001","56","","","0",""
"41889","ECL","04/01/2013 00:00:00","12/31/9999 00:00:00","0","","03/29/2018 18:50:00","803001","","03/29/2018 18:50:00","803001","55","","","0",""
"42001","ECL","01/01/2000 00:00:00","07/31/2012 00:00:00","0","ecld0918","03/29/2018 18:50:00","803001","ecld0918","03/29/2018 18:50:00","803001","56","04907","1","0","3"
"42001","ECL","08/01/2012 00:00:00","03/31/2013 00:00:00","0","ecl07868","03/29/2018 18:50:00","803001","ecl07868","03/29/2018 18:50:00","803001","56","06052","1","0","3"
"42001","ECL","04/01/2013 00:00:00","10/31/2016 00:00:00","0","ecl07868","03/29/2018 18:50:00","803001","ecl07868","03/29/2018 18:50:00","803001","55","06052","1","0","3"
"42001","ECL","11/01/2016 00:00:00","04/14/2019 00:00:00","0","ecl07868","03/29/2018 18:50:00","803001","ecl07868","03/29/2018 18:50:00","803001","55","07537","1","0","3"
"42002","ECL","01/01/2000 00:00:00","07/31/2012 00:00:00","0","ecld0918","03/29/2018 18:50:00","803001","ecld0918","03/29/2018 18:50:00","803001","56","04907","3","1","3"
"42002","ECL","08/01/2012 00:00:00","03/31/2013 00:00:00","0","ecl07868","03/29/2018 18:50:00","803001","ecl07868","03/29/2018 18:50:00","803001","56","06052","3","1","3"
"42002","ECL","04/01/2013 00:00:00","10/31/2016 00:00:00","0","ecl07868","03/29/2018 18:50:00","803001","ecl07868","03/29/2018 18:50:00","803001","55","06052","3","1","3"
"42002","ECL","11/01/2016 00:00:00","04/14/2019 00:00:00","0","ecl07868","03/29/2018 18:50:00","803001","ecl07868","03/29/2018 18:50:00","803001","55","07537","3","1","3"
"42004","ECL","01/01/2000 00:00:00","03/31/2013 00:00:00","0","ecld0918","03/29/2018 18:50:00","803001","ecld0918","03/29/2018 18:50:00","803001","56","04907","1","1","1"
"42004","ECL","04/01/2013 00:00:00","04/30/2013 00:00:00","0","ecld0918","03/29/2018 18:50:00","803001","ecld0918","03/29/2018 18:50:00","803001","55","04907","1","1","1"
"42004","ECL","05/01/2013 00:00:00","10/31/2016 00:00:00","0","ips00015","03/29/2018 18:50:00","803001","ips00015","03/29/2018 18:50:00","803001","55","06052","1","1","1"
"42004","ECL","11/01/2016 00:00:00","04/14/2019 00:00:00","0","ecl07868","03/29/2018 18:50:00","803001","ecl07868","03/29/2018 18:50:00","803001","55","07537","1","1","1"
"42009","ECL","01/01/2000 00:00:00","03/31/2013 00:00:00","0","ecld0918","03/29/2018 18:50:00","803001","ecld0918","03/29/2018 18:50:00","803001","56","04907","1","1","3"
"42009","ECL","04/01/2013 00:00:00","04/30/2013 00:00:00","0","ecl07868","03/29/2018 18:50:00","803001","ecl07868","03/29/2018 18:50:00","803001","55","04907","1","1","3"
"42009","ECL","05/01/2013 00:00:00","10/31/2016 00:00:00","0","ips00015","03/29/2018 18:50:00","803001","ips00015","03/29/2018 18:50:00","803001","55","06052","1","1","3"
"42009","ECL","11/01/2016 00:00:00","04/14/2019 00:00:00","0","ecl07868","03/29/2018 18:50:00","803001","ecl07868","03/29/2018 18:50:00","803001","55","07537","1","1","3"
"42017","ECL","01/01/2000 00:00:00","03/31/2013 00:00:00","0","ecl03580","03/29/2018 18:50:00","803001","ecl03580","03/29/2018 18:50:00","803001","56","04907","3","1","3"
"42017","ECL","04/01/2013 00:00:00","04/30/2013 00:00:00","0","ecl03580","03/29/2018 18:50:00","803001","ecl03580","03/29/2018 18:50:00","803001","55","04907","3","1","3"
"42017","ECL","05/01/2013 00:00:00","10/31/2016 00:00:00","0","ips00015","03/29/2018 18:50:00","803001","ips00015","03/29/2018 18:50:00","803001","55","06052","3","1","3"
"42017","ECL","11/01/2016 00:00:00","04/14/2020 00:00:00","0","ecl07868","03/29/2018 18:50:00","803001","ecl07868","03/29/2018 18:50:00","803001","55","07537","3","1","3"
"42018","ECL","01/01/2000 00:00:00","03/31/2013 00:00:00","0","ecl04321","03/29/2018 18:50:00","803001","ecl04321","03/29/2018 18:50:00","803001","56","05296","2","0","2"
"42018","ECL","04/01/2013 00:00:00","05/31/2014 00:00:00","0","ecl04321","03/29/2018 18:50:00","803001","ecl04321","03/29/2018 18:50:00","803001","55","05296","2","0","2"
"42018","ECL","06/01/2014 00:00:00","04/14/2020 00:00:00","0","ecl04321","03/29/2018 18:50:00","803001","ecl04321","03/29/2018 18:50:00","803001","55","04737","2","0","2"
"42019","ECL","01/01/2000 00:00:00","03/31/2013 00:00:00","0","ecld0918","03/29/2018 18:50:00","803001","ecld0918","03/29/2018 18:50:00","803001","56","04907","1","1","1"
"42019","ECL","04/01/2013 00:00:00","04/30/2013 00:00:00","0","ecld0918","03/29/2018 18:50:00","803001","ecld0918","03/29/2018 18:50:00","803001","55","04907","1","1","1"
"42019","ECL","05/01/2013 00:00:00","10/31/2016 00:00:00","0","ips00015","03/29/2018 18:50:00","803001","ips00015","03/29/2018 18:50:00","803001","55","06052","1","1","1"
"42019","ECL","11/01/2016 00:00:00","04/14/2020 00:00:00","0","ecl07868","03/29/2018 18:50:00","803001","ecl07868","03/29/2018 18:50:00","803001","55","07537","1","1","1"
"42888","ECL","01/01/2000 00:00:00","03/31/2013 00:00:00","0","","03/29/2018 18:50:00","803001","","03/29/2018 18:50:00","803001","56","","","0",""
"42888","ECL","04/01/2013 00:00:00","12/31/9999 00:00:00","0","","03/29/2018 18:50:00","803001","","03/29/2018 18:50:00","803001","55","","","0",""
"42889","ECL","01/01/2000 00:00:00","03/31/2013 00:00:00","0","","03/29/2018 18:50:00","803001","","03/29/2018 18:50:00","803001","56","","","0",""
"42889","ECL","04/01/2013 00:00:00","12/31/9999 00:00:00","0","","03/29/2018 18:50:00","803001","","03/29/2018 18:50:00","803001","55","","","0",""
"43001","ECL","01/01/2000 00:00:00","03/31/2013 00:00:00","0","eclips01","03/29/2018 18:50:00","803001","eclips01","03/29/2018 18:50:00","803001","56","02797","1","0","3"
"43001","ECL","04/01/2013 00:00:00","04/30/2013 00:00:00","0","ecl02796","03/29/2018 18:50:00","803001","ecl02796","03/29/2018 18:50:00","803001","55","02797","1","0","3"
"43001","ECL","05/01/2013 00:00:00","03/31/2014 00:00:00","0","ips00015","03/29/2018 18:50:00","803001","ips00015","03/29/2018 18:50:00","803001","55","05100","1","0","3"
"43001","ECL","04/01/2014 00:00:00","10/31/2016 00:00:00","0","ecl02796","03/29/2018 18:50:00","803001","ecl02796","03/29/2018 18:50:00","803001","55","05673","1","1","3"
"43001","ECL","11/01/2016 00:00:00","04/14/2019 00:00:00","0","ecl07868","03/29/2018 18:50:00","803001","ecl07868","03/29/2018 18:50:00","803001","55","09363","1","1","3"
"43002","ECL","01/01/2000 00:00:00","03/31/2013 00:00:00","0","ecld0918","03/29/2018 18:50:00","803001","ecld0918","03/29/2018 18:50:00","803001","56","02797","3","1","3"
"43002","ECL","04/01/2013 00:00:00","04/30/2013 00:00:00","0","ecld0918","03/29/2018 18:50:00","803001","ecld0918","03/29/2018 18:50:00","803001","55","02797","3","1","3"
"43002","ECL","05/01/2013 00:00:00","03/31/2014 00:00:00","0","ips00015","03/29/2018 18:50:00","803001","ips00015","03/29/2018 18:50:00","803001","55","05100","3","1","3"
"43002","ECL","04/01/2014 00:00:00","09/30/2017 00:00:00","0","ecl07868","03/29/2018 18:50:00","803001","ecl07868","03/29/2018 18:50:00","803001","55","06770","3","1","3"
"43002","ECL","10/01/2017 00:00:00","04/14/2020 00:00:00","0","ecl05206","03/29/2018 18:50:00","803001","ecl05206","03/29/2018 18:50:00","803001","55","07837","3","1","3"
"43003","ECL","01/01/2000 00:00:00","03/31/2013 00:00:00","0","ecld0918","03/29/2018 18:50:00","803001","ecld0918","03/29/2018 18:50:00","803001","56","02797","1","1","3"
"43003","ECL","04/01/2013 00:00:00","04/30/2013 00:00:00","0","ecl07868","03/29/2018 18:50:00","803001","ecl07868","03/29/2018 18:50:00","803001","55","02797","1","1","3"
"43003","ECL","05/01/2013 00:00:00","03/31/2014 00:00:00","0","ips00015","03/29/2018 18:50:00","803001","ips00015","03/29/2018 18:50:00","803001","55","05100","1","1","3"
"43003","ECL","04/01/2014 00:00:00","04/23/2018 00:00:00","0","ecl07868","03/29/2018 18:50:00","803001","ecl07868","03/29/2018 18:50:00","803001","55","06770","1","1","3"
"43004","ECL","01/01/2000 00:00:00","03/31/2013 00:00:00","0","ecld0918","03/29/2018 18:50:00","803001","ecld0918","03/29/2018 18:50:00","803001","56","02797","1","1","1"
"43004","ECL","04/01/2013 00:00:00","04/30/2013 00:00:00","0","ecld0918","03/29/2018 18:50:00","803001","ecld0918","03/29/2018 18:50:00","803001","55","02797","1","1","1"
"43004","ECL","05/01/2013 00:00:00","03/31/2014 00:00:00","0","ips00015","03/29/2018 18:50:00","803001","ips00015","03/29/2018 18:50:00","803001","55","05100","1","1","1"
"43004","ECL","04/01/2014 00:00:00","09/30/2017 00:00:00","0","ecl07868","03/29/2018 18:50:00","803001","ecl07868","03/29/2018 18:50:00","803001","55","06770","1","1","1"
"43004","ECL","10/01/2017 00:00:00","04/23/2018 00:00:00","0","ecl05206","03/29/2018 18:50:00","803001","ecl05206","03/29/2018 18:50:00","803001","55","06720","1","1","1"
"43006","ECL","01/01/2000 00:00:00","03/31/2013 00:00:00","0","ecld0918","03/29/2018 18:50:00","803001","ecld0918","03/29/2018 18:50:00","803001","56","02797","1","1","3"
"43006","ECL","04/01/2013 00:00:00","04/30/2013 00:00:00","0","ecld0918","03/29/2018 18:50:00","803001","ecld0918","03/29/2018 18:50:00","803001","55","02797","1","1","3"
"43006","ECL","05/01/2013 00:00:00","03/31/2014 00:00:00","0","ips00015","03/29/2018 18:50:00","803001","ips00015","03/29/2018 18:50:00","803001","55","05100","1","1","3"
"43006","ECL","04/01/2014 00:00:00","09/30/2017 00:00:00","0","ecl07868","03/29/2018 18:50:00","803001","ecl07868","03/29/2018 18:50:00","803001","55","06770","1","1","3"
"43006","ECL","10/01/2017 00:00:00","04/23/2018 00:00:00","0","ecl05206","03/29/2018 18:50:00","803001","ecl05206","03/29/2018 18:50:00","803001","55","06720","1","1","3"
"43007","ECL","01/01/2000 00:00:00","03/31/2013 00:00:00","0","ecl03580","03/29/2018 18:50:00","803001","ecl03580","03/29/2018 18:50:00","803001","56","02797","","0","3"
"43007","ECL","04/01/2013 00:00:00","04/30/2013 00:00:00","0","ecl03580","03/29/2018 18:50:00","803001","ecl03580","03/29/2018 18:50:00","803001","55","02797","","0","3"
"43007","ECL","05/01/2013 00:00:00","03/31/2014 00:00:00","0","ips00015","03/29/2018 18:50:00","803001","ips00015","03/29/2018 18:50:00","803001","55","05100","","0","3"
"43007","ECL","04/01/2014 00:00:00","10/08/2020 00:00:00","0","ecl07868","03/29/2018 18:50:00","803001","ecl07868","03/29/2018 18:50:00","803001","55","06770","","0","3"
"43011","ECL","01/01/2000 00:00:00","03/31/2013 00:00:00","0","ecld0918","03/29/2018 18:50:00","803001","ecld0918","03/29/2018 18:50:00","803001","56","02797","3","1","3"
"43011","ECL","04/01/2013 00:00:00","04/30/2013 00:00:00","0","ecld0918","03/29/2018 18:50:00","803001","ecld0918","03/29/2018 18:50:00","803001","55","02797","3","1","3"
"43011","ECL","05/01/2013 00:00:00","03/31/2014 00:00:00","0","ips00015","03/29/2018 18:50:00","803001","ips00015","03/29/2018 18:50:00","803001","55","05100","3","1","3"
"43011","ECL","04/01/2014 00:00:00","04/23/2018 00:00:00","0","ecl07868","03/29/2018 18:50:00","803001","ecl07868","03/29/2018 18:50:00","803001","55","06770","3","1","3"
"43014","ECL","01/01/2000 00:00:00","03/31/2013 00:00:00","0","ecl04321","03/29/2018 18:50:00","803001","ecl04321","03/29/2018 18:50:00","803001","56","05296","2","0","2"
"43014","ECL","04/01/2013 00:00:00","05/31/2014 00:00:00","0","ecl04321","03/29/2018 18:50:00","803001","ecl04321","03/29/2018 18:50:00","803001","55","05296","2","0","2"
"43014","ECL","06/01/2014 00:00:00","04/14/2020 00:00:00","0","ecl04321","03/29/2018 18:50:00","803001","ecl04321","03/29/2018 18:50:00","803001","55","04737","2","0","2"
"43022","ECL","01/01/2000 00:00:00","03/31/2013 00:00:00","0","ecld0918","03/29/2018 18:50:00","803001","ecld0918","03/29/2018 18:50:00","803001","56","05296","3","1","3"
"43022","ECL","04/01/2013 00:00:00","10/09/2019 00:00:00","0","ecld0918","03/29/2018 18:50:00","803001","ecld0918","03/29/2018 18:50:00","803001","55","05296","3","1","3"
"43023","ECL","01/01/2000 00:00:00","03/31/2013 00:00:00","0","ecl07708","03/29/2018 18:50:00","803001","ecl07708","03/29/2018 18:50:00","803001","56","02797","1","1","1"
"43023","ECL","04/01/2013 00:00:00","04/30/2013 00:00:00","0","ecl07708","03/29/2018 18:50:00","803001","ecl07708","03/29/2018 18:50:00","803001","55","02797","1","1","1"
"43023","ECL","05/01/2013 00:00:00","03/31/2014 00:00:00","0","ips00015","03/29/2018 18:50:00","803001","ips00015","03/29/2018 18:50:00","803001","55","05100","1","1","1"
"43023","ECL","04/01/2014 00:00:00","09/30/2017 00:00:00","0","ecl07868","03/29/2018 18:50:00","803001","ecl07868","03/29/2018 18:50:00","803001","55","06770","1","1","1"
"43023","ECL","10/01/2017 00:00:00","04/23/2018 00:00:00","0","ecl05206","03/29/2018 18:50:00","803001","ecl05206","03/29/2018 18:50:00","803001","55","09363","1","1","1"
"43024","ECL","05/01/2017 00:00:00","04/14/2020 00:00:00","0","ecl07868","03/29/2018 18:50:00","803001","ecl07868","03/29/2018 18:50:00","803001","55","06770","1","0","1"
"43099","ECL","01/01/2000 00:00:00","03/31/2013 00:00:00","0","ecld0918","03/29/2018 18:50:00","803001","ecld0918","03/29/2018 18:50:00","803001","56","","","0","3"
"43099","ECL","04/01/2013 00:00:00","12/31/9999 00:00:00","0","ecld0918","03/29/2018 18:50:00","803001","ecld0918","03/29/2018 18:50:00","803001","55","","","0","3"
"43888","ECL","01/01/2000 00:00:00","03/31/2013 00:00:00","0","","03/29/2018 18:50:00","803001","","03/29/2018 18:50:00","803001","56","","","0",""
"43888","ECL","04/01/2013 00:00:00","12/31/9999 00:00:00","0","","03/29/2018 18:50:00","803001","","03/29/2018 18:50:00","803001","55","","","0",""
"43889","ECL","01/01/2000 00:00:00","03/31/2013 00:00:00","0","","03/29/2018 18:50:00","803001","","03/29/2018 18:50:00","803001","56","","","0",""
"43889","ECL","04/01/2013 00:00:00","12/31/9999 00:00:00","0","","03/29/2018 18:50:00","803001","","03/29/2018 18:50:00","803001","55","","","0",""
"44001","ECL","01/01/2000 00:00:00","07/31/2012 00:00:00","0","ecl07708","03/29/2018 18:50:00","803001","ecl07708","03/29/2018 18:50:00","803001","56","07996","1","1","3"
"44001","ECL","08/01/2012 00:00:00","03/31/2013 00:00:00","0","ecl07868","03/29/2018 18:50:00","803001","ecl07868","03/29/2018 18:50:00","803001","56","07830","1","1","3"
"44001","ECL","04/01/2013 00:00:00","04/30/2013 00:00:00","0","ecl07868","03/29/2018 18:50:00","803001","ecl07868","03/29/2018 18:50:00","803001","55","07830","1","1","3"
"44001","ECL","05/01/2013 00:00:00","08/31/2015 00:00:00","0","ips00015","03/29/2018 18:50:00","803001","ips00015","03/29/2018 18:50:00","803001","55","08528","1","1","3"
"44001","ECL","09/01/2015 00:00:00","10/31/2016 00:00:00","0","ecl07868","03/29/2018 18:50:00","803001","ecl07868","03/29/2018 18:50:00","803001","55","02797","1","1","3"
"44001","ECL","11/01/2016 00:00:00","09/30/2017 00:00:00","0","ecl07868","03/29/2018 18:50:00","803001","ecl07868","03/29/2018 18:50:00","803001","55","08528","1","1","3"
"44001","ECL","10/01/2017 00:00:00","10/01/2018 00:00:00","0","ecl05206","03/29/2018 18:50:00","803001","ecl05206","03/29/2018 18:50:00","803001","55","06770","1","1","3"
"44002","ECL","01/01/2000 00:00:00","03/31/2013 00:00:00","0","ecld0918","03/29/2018 18:50:00","803001","ecld0918","03/29/2018 18:50:00","803001","56","04140","1","1","1"
"44002","ECL","04/01/2013 00:00:00","04/30/2013 00:00:00","0","ecld0918","03/29/2018 18:50:00","803001","ecld0918","03/29/2018 18:50:00","803001","55","04140","1","1","1"
"44002","ECL","05/01/2013 00:00:00","10/31/2016 00:00:00","0","ips00015","03/29/2018 18:50:00","803001","ips00015","03/29/2018 18:50:00","803001","55","02797","1","1","1"
"44002","ECL","11/01/2016 00:00:00","10/01/2018 00:00:00","0","ecl07868","03/29/2018 18:50:00","803001","ecl07868","03/29/2018 18:50:00","803001","55","06770","1","1","1"
"44003","ECL","01/01/2000 00:00:00","03/31/2013 00:00:00","0","ecld0918","03/29/2018 18:50:00","803001","ecld0918","03/29/2018 18:50:00","803001","56","04140","1","1","1"
"44003","ECL","04/01/2013 00:00:00","04/30/2013 00:00:00","0","ecld0918","03/29/2018 18:50:00","803001","ecld0918","03/29/2018 18:50:00","803001","55","04140","1","1","1"
"44003","ECL","05/01/2013 00:00:00","10/31/2016 00:00:00","0","ips00015","03/29/2018 18:50:00","803001","ips00015","03/29/2018 18:50:00","803001","55","02797","1","1","1"
"44003","ECL","11/01/2016 00:00:00","10/01/2018 00:00:00","0","ecl07868","03/29/2018 18:50:00","803001","ecl07868","03/29/2018 18:50:00","803001","55","06770","1","1","1"
"44013","ECL","01/01/2000 00:00:00","03/31/2013 00:00:00","0","ecl04321","03/29/2018 18:50:00","803001","ecl04321","03/29/2018 18:50:00","803001","56","05296","2","0","2"
"44013","ECL","04/01/2013 00:00:00","05/31/2014 00:00:00","0","ecl04321","03/29/2018 18:50:00","803001","ecl04321","03/29/2018 18:50:00","803001","55","05296","2","0","2"
"44013","ECL","06/01/2014 00:00:00","04/14/2020 00:00:00","0","ecl04321","03/29/2018 18:50:00","803001","ecl04321","03/29/2018 18:50:00","803001","55","04737","2","0","2"
"44014","ECL","01/01/2000 00:00:00","03/31/2013 00:00:00","0","ecl03580","03/29/2018 18:50:00","803001","ecl03580","03/29/2018 18:50:00","803001","56","04140","3","1","3"
"44014","ECL","04/01/2013 00:00:00","04/30/2013 00:00:00","0","ecl03580","03/29/2018 18:50:00","803001","ecl03580","03/29/2018 18:50:00","803001","55","04140","3","1","3"
"44014","ECL","05/01/2013 00:00:00","10/31/2016 00:00:00","0","ips00015","03/29/2018 18:50:00","803001","ips00015","03/29/2018 18:50:00","803001","55","02797","3","1","3"
"44014","ECL","11/01/2016 00:00:00","10/01/2018 00:00:00","0","ecl07868","03/29/2018 18:50:00","803001","ecl07868","03/29/2018 18:50:00","803001","55","06770","3","1","3"
"44018","ECL","05/01/2017 00:00:00","04/14/2020 00:00:00","0","ecl07868","03/29/2018 18:50:00","803001","ecl07868","03/29/2018 18:50:00","803001","55","06770","1","0","1"
"44888","ECL","01/01/2000 00:00:00","03/31/2013 00:00:00","0","","03/29/2018 18:50:00","803001","","03/29/2018 18:50:00","803001","56","","","0",""
"44888","ECL","04/01/2013 00:00:00","12/31/9999 00:00:00","0","","03/29/2018 18:50:00","803001","","03/29/2018 18:50:00","803001","55","","","0",""
"44889","ECL","01/01/2000 00:00:00","03/31/2013 00:00:00","0","","03/29/2018 18:50:00","803001","","03/29/2018 18:50:00","803001","56","","","0",""
"44889","ECL","04/01/2013 00:00:00","12/31/9999 00:00:00","0","","03/29/2018 18:50:00","803001","","03/29/2018 18:50:00","803001","55","","","0",""
"45001","ECL","01/01/2000 00:00:00","03/31/2013 00:00:00","0","ecld0918","03/29/2018 18:50:00","803001","ecld0918","03/29/2018 18:50:00","803001","56","05850","1","1","3"
"45001","ECL","04/01/2013 00:00:00","04/30/2013 00:00:00","0","ecl07868","03/29/2018 18:50:00","803001","ecl07868","03/29/2018 18:50:00","803001","55","05850","1","1","3"
"45001","ECL","05/01/2013 00:00:00","04/30/2015 00:00:00","0","ips00015","03/29/2018 18:50:00","803001","ips00015","03/29/2018 18:50:00","803001","55","06374","1","1","3"
"45001","ECL","05/01/2015 00:00:00","09/30/2017 00:00:00","0","ecl07868","03/29/2018 18:50:00","803001","ecl07868","03/29/2018 18:50:00","803001","55","09944","1","1","3"
"45001","ECL","10/01/2017 00:00:00","04/14/2019 00:00:00","0","ecl05206","03/29/2018 18:50:00","803001","ecl05206","03/29/2018 18:50:00","803001","55","07837","1","1","3"
"45002","ECL","01/01/2000 00:00:00","03/31/2013 00:00:00","0","ecld0918","03/29/2018 18:50:00","803001","ecld0918","03/29/2018 18:50:00","803001","56","05850","1","1","1"
"45002","ECL","04/01/2013 00:00:00","04/30/2013 00:00:00","0","ecld0918","03/29/2018 18:50:00","803001","ecld0918","03/29/2018 18:50:00","803001","55","05850","1","1","1"
"45002","ECL","05/01/2013 00:00:00","04/30/2015 00:00:00","0","ips00015","03/29/2018 18:50:00","803001","ips00015","03/29/2018 18:50:00","803001","55","06374","1","1","1"
"45002","ECL","05/01/2015 00:00:00","09/30/2017 00:00:00","0","ecl07868","03/29/2018 18:50:00","803001","ecl07868","03/29/2018 18:50:00","803001","55","09944","1","1","1"
"45002","ECL","10/01/2017 00:00:00","04/14/2019 00:00:00","0","ecl05206","03/29/2018 18:50:00","803001","ecl05206","03/29/2018 18:50:00","803001","55","07837","1","1","1"
"45008","ECL","01/01/2000 00:00:00","03/31/2013 00:00:00","0","ecl03580","03/29/2018 18:50:00","803001","ecl03580","03/29/2018 18:50:00","803001","56","05296","2","0","2"
"45008","ECL","04/01/2013 00:00:00","05/31/2014 00:00:00","0","ecl03580","03/29/2018 18:50:00","803001","ecl03580","03/29/2018 18:50:00","803001","55","05296","2","0","2"
"45008","ECL","06/01/2014 00:00:00","04/14/2020 00:00:00","0","ecl04321","03/29/2018 18:50:00","803001","ecl04321","03/29/2018 18:50:00","803001","55","04737","2","0","2"
"45009","ECL","01/01/2000 00:00:00","03/31/2013 00:00:00","0","ecl03580","03/29/2018 18:50:00","803001","ecl03580","03/29/2018 18:50:00","803001","56","05850","3","1","3"
"45009","ECL","04/01/2013 00:00:00","04/30/2013 00:00:00","0","ecl03580","03/29/2018 18:50:00","803001","ecl03580","03/29/2018 18:50:00","803001","55","05850","3","1","3"
"45009","ECL","05/01/2013 00:00:00","04/30/2015 00:00:00","0","ips00015","03/29/2018 18:50:00","803001","ips00015","03/29/2018 18:50:00","803001","55","06374","3","1","3"
"45009","ECL","05/01/2015 00:00:00","09/30/2017 00:00:00","0","ecl07868","03/29/2018 18:50:00","803001","ecl07868","03/29/2018 18:50:00","803001","55","09944","3","1","3"
"45009","ECL","10/01/2017 00:00:00","04/14/2020 00:00:00","0","ecl05206","03/29/2018 18:50:00","803001","ecl05206","03/29/2018 18:50:00","803001","55","07837","3","1","3"
"45012","ECL","01/01/2000 00:00:00","03/31/2013 00:00:00","0","ecl07708","03/29/2018 18:50:00","803001","ecl07708","03/29/2018 18:50:00","803001","56","05850","1","1","1"
"45012","ECL","04/01/2013 00:00:00","04/30/2013 00:00:00","0","ecl07708","03/29/2018 18:50:00","803001","ecl07708","03/29/2018 18:50:00","803001","55","05850","1","1","1"
"45012","ECL","05/01/2013 00:00:00","04/30/2015 00:00:00","0","ips00015","03/29/2018 18:50:00","803001","ips00015","03/29/2018 18:50:00","803001","55","06374","1","1","1"
"45012","ECL","05/01/2015 00:00:00","09/30/2017 00:00:00","0","ecl07868","03/29/2018 18:50:00","803001","ecl07868","03/29/2018 18:50:00","803001","55","09944","1","1","1"
"45012","ECL","10/01/2017 00:00:00","04/14/2019 00:00:00","0","ecl05206","03/29/2018 18:50:00","803001","ecl05206","03/29/2018 18:50:00","803001","55","07837","1","1","1"
"45017","ECL","06/01/2017 00:00:00","04/14/2019 00:00:00","0","ecl07868","03/29/2018 18:50:00","803001","ecl07868","03/29/2018 18:50:00","803001","55","07837","","0",""
"45888","ECL","01/01/2000 00:00:00","03/31/2013 00:00:00","0","","03/29/2018 18:50:00","803001","","03/29/2018 18:50:00","803001","56","","","0",""
"45888","ECL","04/01/2013 00:00:00","12/31/9999 00:00:00","0","","03/29/2018 18:50:00","803001","","03/29/2018 18:50:00","803001","55","","","0",""
"46001","ECL","01/01/2000 00:00:00","03/31/2013 00:00:00","0","ecl03580","03/29/2018 18:50:00","803001","ecl03580","03/29/2018 18:50:00","803001","56","05850","3","1","3"
"46001","ECL","04/01/2013 00:00:00","04/30/2013 00:00:00","0","ecl03580","03/29/2018 18:50:00","803001","ecl03580","03/29/2018 18:50:00","803001","55","05850","3","1","3"
"46001","ECL","05/01/2013 00:00:00","04/30/2015 00:00:00","0","ips00015","03/29/2018 18:50:00","803001","ips00015","03/29/2018 18:50:00","803001","55","06374","3","1","3"
"46001","ECL","05/01/2015 00:00:00","09/30/2017 00:00:00","0","ecl07868","03/29/2018 18:50:00","803001","ecl07868","03/29/2018 18:50:00","803001","55","09944","3","1","3"
"46001","ECL","10/01/2017 00:00:00","04/14/2020 00:00:00","0","ecl05206","03/29/2018 18:50:00","803001","ecl05206","03/29/2018 18:50:00","803001","55","07837","3","1","3"
"46002","ECL","01/01/2000 00:00:00","03/31/2013 00:00:00","0","ecld0918","03/29/2018 18:50:00","803001","ecld0918","03/29/2018 18:50:00","803001","56","05850","1","1","1"
"46002","ECL","04/01/2013 00:00:00","04/30/2013 00:00:00","0","ecld0918","03/29/2018 18:50:00","803001","ecld0918","03/29/2018 18:50:00","803001","55","05850","1","1","1"
"46002","ECL","05/01/2013 00:00:00","04/30/2015 00:00:00","0","ips00015","03/29/2018 18:50:00","803001","ips00015","03/29/2018 18:50:00","803001","55","06374","1","1","1"
"46002","ECL","05/01/2015 00:00:00","09/30/2017 00:00:00","0","ecl07868","03/29/2018 18:50:00","803001","ecl07868","03/29/2018 18:50:00","803001","55","09944","1","1","1"
"46002","ECL","10/01/2017 00:00:00","04/14/2020 00:00:00","0","ecl05206","03/29/2018 18:50:00","803001","ecl05206","03/29/2018 18:50:00","803001","55","07837","1","1","1"
"46005","ECL","01/01/2000 00:00:00","03/31/2013 00:00:00","0","ecld0918","03/29/2018 18:50:00","803001","ecld0918","03/29/2018 18:50:00","803001","56","05850","1","1","1"
"46005","ECL","04/01/2013 00:00:00","04/30/2013 00:00:00","0","ecld0918","03/29/2018 18:50:00","803001","ecld0918","03/29/2018 18:50:00","803001","55","05850","1","1","1"
"46005","ECL","05/01/2013 00:00:00","04/30/2015 00:00:00","0","ips00015","03/29/2018 18:50:00","803001","ips00015","03/29/2018 18:50:00","803001","55","06374","1","1","1"
"46005","ECL","05/01/2015 00:00:00","09/30/2017 00:00:00","0","ecl07868","03/29/2018 18:50:00","803001","ecl07868","03/29/2018 18:50:00","803001","55","09944","1","1","1"
"46005","ECL","10/01/2017 00:00:00","04/14/2020 00:00:00","0","ecl05206","03/29/2018 18:50:00","803001","ecl05206","03/29/2018 18:50:00","803001","55","07837","1","1","1"
"46007","ECL","01/01/2000 00:00:00","03/31/2013 00:00:00","0","ecld0918","03/29/2018 18:50:00","803001","ecld0918","03/29/2018 18:50:00","803001","56","05850","1","1","3"
"46007","ECL","04/01/2013 00:00:00","04/30/2013 00:00:00","0","ecl07868","03/29/2018 18:50:00","803001","ecl07868","03/29/2018 18:50:00","803001","55","05850","1","1","3"
"46007","ECL","05/01/2013 00:00:00","04/30/2015 00:00:00","0","ips00015","03/29/2018 18:50:00","803001","ips00015","03/29/2018 18:50:00","803001","55","06374","1","1","3"
"46007","ECL","05/01/2015 00:00:00","09/30/2017 00:00:00","0","ecl07868","03/29/2018 18:50:00","803001","ecl07868","03/29/2018 18:50:00","803001","55","09944","1","1","3"
"46007","ECL","10/01/2017 00:00:00","04/14/2020 00:00:00","0","ecl05206","03/29/2018 18:50:00","803001","ecl05206","03/29/2018 18:50:00","803001","55","07837","1","1","3"
"46015","ECL","01/01/2000 00:00:00","03/31/2013 00:00:00","0","ecl03580","03/29/2018 18:50:00","803001","ecl03580","03/29/2018 18:50:00","803001","56","05296","2","0","2"
"46015","ECL","04/01/2013 00:00:00","05/31/2014 00:00:00","0","ecl03580","03/29/2018 18:50:00","803001","ecl03580","03/29/2018 18:50:00","803001","55","05296","2","0","2"
"46015","ECL","06/01/2014 00:00:00","04/14/2020 00:00:00","0","ecl04321","03/29/2018 18:50:00","803001","ecl04321","03/29/2018 18:50:00","803001","55","04737","2","0","2"
"46026","ECL","01/01/2000 00:00:00","03/31/2013 00:00:00","0","ecl03580","03/29/2018 18:50:00","803001","ecl03580","03/29/2018 18:50:00","803001","56","05296","3","1","3"
"46026","ECL","04/01/2013 00:00:00","10/09/2019 00:00:00","0","ecl03580","03/29/2018 18:50:00","803001","ecl03580","03/29/2018 18:50:00","803001","55","05296","3","1","3"
"46027","ECL","05/01/2017 00:00:00","04/14/2020 00:00:00","0","ecl07868","03/29/2018 18:50:00","803001","ecl07868","03/29/2018 18:50:00","803001","55","07837","1","0","1"
"46888","ECL","01/01/2000 00:00:00","03/31/2013 00:00:00","0","","03/29/2018 18:50:00","803001","","03/29/2018 18:50:00","803001","56","","","0",""
"46888","ECL","04/01/2013 00:00:00","12/31/9999 00:00:00","0","","03/29/2018 18:50:00","803001","","03/29/2018 18:50:00","803001","55","","","0",""
"46889","ECL","01/01/2000 00:00:00","03/31/2013 00:00:00","0","","03/29/2018 18:50:00","803001","","03/29/2018 18:50:00","803001","56","","","0",""
"46889","ECL","04/01/2013 00:00:00","12/31/9999 00:00:00","0","","03/29/2018 18:50:00","803001","","03/29/2018 18:50:00","803001","55","","","0",""
"47001","ECL","01/01/2000 00:00:00","03/31/2012 00:00:00","0","ecl07708","03/29/2018 18:50:00","803001","ecl07708","03/29/2018 18:50:00","803001","56","02797","3","1","3"
"47001","ECL","04/01/2012 00:00:00","03/31/2013 00:00:00","0","ecl07868","03/29/2018 18:50:00","803001","ecl07868","03/29/2018 18:50:00","803001","56","08164","3","1","3"
"47001","ECL","04/01/2013 00:00:00","09/30/2013 00:00:00","0","ecl07868","03/29/2018 18:50:00","803001","ecl07868","03/29/2018 18:50:00","803001","55","08164","3","1","3"
"47001","ECL","10/01/2013 00:00:00","04/30/2015 00:00:00","0","ecl07868","03/29/2018 18:50:00","803001","ecl07868","03/29/2018 18:50:00","803001","55","07368","3","1","3"
"47001","ECL","05/01/2015 00:00:00","09/30/2017 00:00:00","0","ecl07868","03/29/2018 18:50:00","803001","ecl07868","03/29/2018 18:50:00","803001","55","06720","3","1","3"
"47001","ECL","10/01/2017 00:00:00","04/14/2019 00:00:00","0","ecl05206","03/29/2018 18:50:00","803001","ecl05206","03/29/2018 18:50:00","803001","55","09363","3","1","3"
"47002","ECL","01/01/2000 00:00:00","03/31/2012 00:00:00","0","ecl93959","03/29/2018 18:50:00","803001","ecl93959","03/29/2018 18:50:00","803001","56","02797","3","1","3"
"47002","ECL","04/01/2012 00:00:00","03/31/2013 00:00:00","0","ips00015","03/29/2018 18:50:00","803001","ips00015","03/29/2018 18:50:00","803001","56","08164","3","0","3"
"47002","ECL","04/01/2013 00:00:00","09/30/2013 00:00:00","0","ips00015","03/29/2018 18:50:00","803001","ips00015","03/29/2018 18:50:00","803001","55","08164","3","1","3"
"47002","ECL","10/01/2013 00:00:00","08/31/2015 00:00:00","0","ips00015","03/29/2018 18:50:00","803001","ips00015","03/29/2018 18:50:00","803001","55","07368","3","1","3"
"47002","ECL","09/01/2015 00:00:00","10/31/2017 00:00:00","0","ips00015","03/29/2018 18:50:00","803001","ips00015","03/29/2018 18:50:00","803001","55","06720","3","1","3"
"47002","ECL","11/01/2017 00:00:00","04/14/2019 00:00:00","0","ecl07189","03/29/2018 18:50:00","803001","ecl07189","03/29/2018 18:50:00","803001","55","09363","3","1","3"
"47007","ECL","01/01/2000 00:00:00","03/31/2012 00:00:00","0","ecl04291","03/29/2018 18:50:00","803001","ecl04291","03/29/2018 18:50:00","803001","56","02797","","1",""
"47007","ECL","04/01/2012 00:00:00","03/31/2013 00:00:00","0","ecl07868","03/29/2018 18:50:00","803001","ecl07868","03/29/2018 18:50:00","803001","56","08164","","1",""
"47007","ECL","04/01/2013 00:00:00","09/30/2013 00:00:00","0","ecl07868","03/29/2018 18:50:00","803001","ecl07868","03/29/2018 18:50:00","803001","55","08164","","1",""
"47007","ECL","10/01/2013 00:00:00","04/30/2015 00:00:00","0","ecl07868","03/29/2018 18:50:00","803001","ecl07868","03/29/2018 18:50:00","803001","55","07368","","1",""
"47007","ECL","05/01/2015 00:00:00","09/30/2017 00:00:00","0","ecl07868","03/29/2018 18:50:00","803001","ecl07868","03/29/2018 18:50:00","803001","55","06720","","1",""
"47007","ECL","10/01/2017 00:00:00","04/14/2019 00:00:00","0","ecl05206","03/29/2018 18:50:00","803001","ecl05206","03/29/2018 18:50:00","803001","55","09363","","1",""
"47008","ECL","01/01/2000 00:00:00","03/31/2013 00:00:00","0","ecl93959    ","03/29/2018 18:50:00","803001","ecl93959    ","03/29/2018 18:50:00","803001","56","05296","","0",""
"47008","ECL","04/01/2013 00:00:00","05/31/2014 00:00:00","0","ecl93959    ","03/29/2018 18:50:00","803001","ecl93959    ","03/29/2018 18:50:00","803001","55","05296","","0",""
"47008","ECL","06/01/2014 00:00:00","04/22/2018 00:00:00","0","ecl04321","03/29/2018 18:50:00","803001","ecl04321","03/29/2018 18:50:00","803001","55","04737","","0",""
"47010","ECL","01/01/2000 00:00:00","03/31/2012 00:00:00","0","ecl04291","03/29/2018 18:50:00","803001","ecl04291","03/29/2018 18:50:00","803001","56","02797","1","1","1"
"47010","ECL","04/01/2012 00:00:00","03/31/2013 00:00:00","0","ecl07868","03/29/2018 18:50:00","803001","ecl07868","03/29/2018 18:50:00","803001","56","08164","1","1","1"
"47010","ECL","04/01/2013 00:00:00","09/30/2013 00:00:00","0","ecl07868","03/29/2018 18:50:00","803001","ecl07868","03/29/2018 18:50:00","803001","55","08164","1","1","1"
"47010","ECL","10/01/2013 00:00:00","04/30/2015 00:00:00","0","ecl07868","03/29/2018 18:50:00","803001","ecl07868","03/29/2018 18:50:00","803001","55","07368","1","1","1"
"47010","ECL","05/01/2015 00:00:00","09/30/2017 00:00:00","0","ecl07868","03/29/2018 18:50:00","803001","ecl07868","03/29/2018 18:50:00","803001","55","06720","1","1","1"
"47010","ECL","10/01/2017 00:00:00","04/14/2019 00:00:00","0","ecl05206","03/29/2018 18:50:00","803001","ecl05206","03/29/2018 18:50:00","803001","55","09363","1","1","1"
"47011","ECL","01/01/2000 00:00:00","03/31/2012 00:00:00","0","ipsips240511","03/29/2018 18:50:00","803001","ipsips240511","03/29/2018 18:50:00","803001","56","02797","1","1","3"
"47011","ECL","04/01/2012 00:00:00","09/30/2012 00:00:00","0","ecl07868","03/29/2018 18:50:00","803001","ecl07868","03/29/2018 18:50:00","803001","56","08164","1","1","3"
"47011","ECL","10/01/2012 00:00:00","03/31/2013 00:00:00","0","ecl07868","03/29/2018 18:50:00","803001","ecl07868","03/29/2018 18:50:00","803001","56","08164","1","0","3"
"47011","ECL","04/01/2013 00:00:00","09/30/2013 00:00:00","0","ecl07868","03/29/2018 18:50:00","803001","ecl07868","03/29/2018 18:50:00","803001","55","08164","1","0","3"
"47011","ECL","10/01/2013 00:00:00","04/30/2015 00:00:00","0","ecl07868","03/29/2018 18:50:00","803001","ecl07868","03/29/2018 18:50:00","803001","55","07368","1","0","3"
"47011","ECL","05/01/2015 00:00:00","09/30/2017 00:00:00","0","ecl07868","03/29/2018 18:50:00","803001","ecl07868","03/29/2018 18:50:00","803001","55","06720","1","0","3"
"47011","ECL","10/01/2017 00:00:00","04/14/2019 00:00:00","0","ecl05206","03/29/2018 18:50:00","803001","ecl05206","03/29/2018 18:50:00","803001","55","09363","1","0","3"
"47014","ECL","09/01/2012 00:00:00","09/30/2012 00:00:00","0","ecl05317","03/29/2018 18:50:00","803001","ecl05317","03/29/2018 18:50:00","803001","56","05296","","0",""
"47014","ECL","10/01/2012 00:00:00","03/31/2013 00:00:00","0","ecl04321","03/29/2018 18:50:00","803001","ecl04321","03/29/2018 18:50:00","803001","56","05296","2","0","2"
"47014","ECL","04/01/2013 00:00:00","05/31/2014 00:00:00","0","ecl04321","03/29/2018 18:50:00","803001","ecl04321","03/29/2018 18:50:00","803001","55","05296","2","0","2"
"47014","ECL","06/01/2014 00:00:00","04/22/2018 00:00:00","0","ecl04321","03/29/2018 18:50:00","803001","ecl04321","03/29/2018 18:50:00","803001","55","04737","2","0","2"
"47016","ECL","05/01/2017 00:00:00","04/14/2020 00:00:00","0","ecl07868","03/29/2018 18:50:00","803001","ecl07868","03/29/2018 18:50:00","803001","55","06720","1","0","1"
"47888","ECL","01/01/2000 00:00:00","03/31/2013 00:00:00","0","","03/29/2018 18:50:00","803001","","03/29/2018 18:50:00","803001","56","","","0",""
"47888","ECL","04/01/2013 00:00:00","12/31/9999 00:00:00","0","","03/29/2018 18:50:00","803001","","03/29/2018 18:50:00","803001","55","","","0",""
"47889","ECL","01/01/2000 00:00:00","03/31/2013 00:00:00","0","","03/29/2018 18:50:00","803001","","03/29/2018 18:50:00","803001","56","","","0",""
"47889","ECL","04/01/2013 00:00:00","12/31/9999 00:00:00","0","","03/29/2018 18:50:00","803001","","03/29/2018 18:50:00","803001","55","","","0",""
"11887","ECL","08/29/2016 00:00:00","12/31/9999 00:00:00","0","ITSP","03/30/2018 00:00:00","ENW","ITSP","03/30/2018 00:00:00","ENW","51","","","0",""
"13777","ECL","04/01/2013 00:00:00","12/31/9999 00:00:00","0","ITSP","03/30/2018 00:00:00","ENW","ITSP","03/03/2018 00:00:00","ENW","51","","1","0","1"
"01001","EA","03/27/2018 00:00:00","04/04/2022 00:00:00","0","ITSP","03/30/2018 21:56:22","ENW","ITSP","03/30/2018 21:56:22","ENW","01","","","0",""
"01003","EA","03/27/2018 00:00:00","04/04/2022 00:00:00","0","ITSP","03/30/2018 21:56:22","ENW","ITSP","03/30/2018 21:56:22","ENW","01","","","0",""
"01005","EA","03/27/2018 00:00:00","04/04/2022 00:00:00","0","ITSP","03/30/2018 21:56:22","ENW","ITSP","03/30/2018 21:56:22","ENW","01","","","0",""
"01020","EA","03/27/2018 00:00:00","04/04/2022 00:00:00","0","ITSP","03/30/2018 21:56:22","ENW","ITSP","03/30/2018 21:56:22","ENW","01","","","0",""
"01029","EA","03/27/2018 00:00:00","04/04/2022 00:00:00","0","ITSP","03/30/2018 21:56:22","ENW","ITSP","03/30/2018 21:56:22","ENW","01","","","0",""
"01048","EA","03/27/2018 00:00:00","04/04/2022 00:00:00","0","ITSP","03/30/2018 21:56:22","ENW","ITSP","03/30/2018 21:56:22","ENW","01","","","0",""
"01049","EA","03/27/2018 00:00:00","04/04/2022 00:00:00","0","ITSP","03/30/2018 21:56:22","ENW","ITSP","03/30/2018 21:56:22","ENW","01","","","0",""
"01050","EA","03/27/2018 00:00:00","04/04/2022 00:00:00","0","ITSP","03/30/2018 21:56:22","ENW","ITSP","03/30/2018 21:56:22","ENW","01","","","0",""
"01051","EA","03/27/2018 00:00:00","04/04/2022 00:00:00","0","ITSP","03/30/2018 21:56:22","ENW","ITSP","03/30/2018 21:56:22","ENW","01","","","0",""
"01053","EA","03/27/2018 00:00:00","04/04/2022 00:00:00","0","ITSP","03/30/2018 21:56:22","ENW","ITSP","03/30/2018 21:56:22","ENW","01","","","0",""
"01888","EA","03/27/2018 00:00:00","04/04/2022 00:00:00","0","ITSP","03/30/2018 21:56:22","ENW","ITSP","03/30/2018 21:56:22","ENW","01","","","0",""
"01889","EA","03/27/2018 00:00:00","04/04/2022 00:00:00","0","ITSP","03/30/2018 21:56:22","ENW","ITSP","03/30/2018 21:56:22","ENW","01","","","0",""
"02001","EA","03/27/2018 00:00:00","04/04/2022 00:00:00","0","ITSP","03/30/2018 21:56:22","ENW","ITSP","03/30/2018 21:56:22","ENW","02","","","0",""
"02003","EA","03/27/2018 00:00:00","04/04/2022 00:00:00","0","ITSP","03/30/2018 21:56:22","ENW","ITSP","03/30/2018 21:56:22","ENW","02","","","0",""
"02004","EA","03/27/2018 00:00:00","04/04/2022 00:00:00","0","ITSP","03/30/2018 21:56:22","ENW","ITSP","03/30/2018 21:56:22","ENW","02","","","0",""
"02017","EA","03/27/2018 00:00:00","04/04/2022 00:00:00","0","ITSP","03/30/2018 21:56:22","ENW","ITSP","03/30/2018 21:56:22","ENW","02","","","0",""
"02018","EA","03/27/2018 00:00:00","04/04/2022 00:00:00","0","ITSP","03/30/2018 21:56:22","ENW","ITSP","03/30/2018 21:56:22","ENW","02","","","0",""
"02026","EA","03/27/2018 00:00:00","04/04/2022 00:00:00","0","ITSP","03/30/2018 21:56:22","ENW","ITSP","03/30/2018 21:56:22","ENW","02","","","0",""
"02027","EA","03/27/2018 00:00:00","04/04/2022 00:00:00","0","ITSP","03/30/2018 21:56:22","ENW","ITSP","03/30/2018 21:56:22","ENW","02","","","0",""
"02888","EA","03/27/2018 00:00:00","04/04/2022 00:00:00","0","ITSP","03/30/2018 21:56:22","ENW","ITSP","03/30/2018 21:56:22","ENW","02","","","0",""
"02889","EA","03/27/2018 00:00:00","04/04/2022 00:00:00","0","ITSP","03/30/2018 21:56:22","ENW","ITSP","03/30/2018 21:56:22","ENW","02","","","0",""
"03002","EA","03/27/2018 00:00:00","04/04/2022 00:00:00","0","ITSP","03/30/2018 21:56:22","ENW","ITSP","03/30/2018 21:56:22","ENW","02","","","0",""
"03005","EA","03/27/2018 00:00:00","04/04/2022 00:00:00","0","ITSP","03/30/2018 21:56:22","ENW","ITSP","03/30/2018 21:56:22","ENW","02","","","0",""
"03010","EA","03/27/2018 00:00:00","04/04/2022 00:00:00","0","ITSP","03/30/2018 21:56:22","ENW","ITSP","03/30/2018 21:56:22","ENW","02","","","0",""
"03019","EA","03/27/2018 00:00:00","04/04/2022 00:00:00","0","ITSP","03/30/2018 21:56:22","ENW","ITSP","03/30/2018 21:56:22","ENW","02","","","0",""
"03025","EA","03/27/2018 00:00:00","04/04/2022 00:00:00","0","ITSP","03/30/2018 21:56:22","ENW","ITSP","03/30/2018 21:56:22","ENW","02","","","0",""
"03027","EA","03/27/2018 00:00:00","04/04/2022 00:00:00","0","ITSP","03/30/2018 21:56:22","ENW","ITSP","03/30/2018 21:56:22","ENW","02","","","0",""
"03028","EA","03/27/2018 00:00:00","04/04/2022 00:00:00","0","ITSP","03/30/2018 21:56:22","ENW","ITSP","03/30/2018 21:56:22","ENW","02","","","0",""
"03888","EA","03/27/2018 00:00:00","04/04/2022 00:00:00","0","ITSP","03/30/2018 21:56:22","ENW","ITSP","03/30/2018 21:56:22","ENW","02","","","0",""
"03889","EA","03/27/2018 00:00:00","04/04/2022 00:00:00","0","ITSP","03/30/2018 21:56:22","ENW","ITSP","03/30/2018 21:56:22","ENW","02","","","0",""
"04001","EA","03/27/2018 00:00:00","04/04/2022 00:00:00","0","ITSP","03/30/2018 21:56:22","ENW","ITSP","03/30/2018 21:56:22","ENW","02","","","0",""
"04002","EA","03/27/2018 00:00:00","04/04/2022 00:00:00","0","ITSP","03/30/2018 21:56:22","ENW","ITSP","03/30/2018 21:56:22","ENW","02","","","0",""
"04004","EA","03/27/2018 00:00:00","04/04/2022 00:00:00","0","ITSP","03/30/2018 21:56:22","ENW","ITSP","03/30/2018 21:56:22","ENW","02","","","0",""
"04005","EA","03/27/2018 00:00:00","04/04/2022 00:00:00","0","ITSP","03/30/2018 21:56:22","ENW","ITSP","03/30/2018 21:56:22","ENW","02","","","0",""
"04014","EA","03/27/2018 00:00:00","04/04/2022 00:00:00","0","ITSP","03/30/2018 21:56:22","ENW","ITSP","03/30/2018 21:56:22","ENW","02","","","0",""
"04019","EA","03/27/2018 00:00:00","04/04/2022 00:00:00","0","ITSP","03/30/2018 21:56:22","ENW","ITSP","03/30/2018 21:56:22","ENW","02","","","0",""
"04020","EA","03/27/2018 00:00:00","04/04/2022 00:00:00","0","ITSP","03/30/2018 21:56:22","ENW","ITSP","03/30/2018 21:56:22","ENW","02","","","0",""
"04030","EA","03/27/2018 00:00:00","04/04/2022 00:00:00","0","ITSP","03/30/2018 21:56:22","ENW","ITSP","03/30/2018 21:56:22","ENW","02","","","0",""
"04040","EA","03/27/2018 00:00:00","04/04/2022 00:00:00","0","ITSP","03/30/2018 21:56:22","ENW","ITSP","03/30/2018 21:56:22","ENW","02","","","0",""
"04041","EA","03/27/2018 00:00:00","04/04/2022 00:00:00","0","ITSP","03/30/2018 21:56:22","ENW","ITSP","03/30/2018 21:56:22","ENW","02","","","0",""
"04042","EA","03/27/2018 00:00:00","04/04/2022 00:00:00","0","ITSP","03/30/2018 21:56:22","ENW","ITSP","03/30/2018 21:56:22","ENW","02","","","0",""
"04044","EA","03/27/2018 00:00:00","04/04/2022 00:00:00","0","ITSP","03/30/2018 21:56:22","ENW","ITSP","03/30/2018 21:56:22","ENW","02","","","0",""
"04045","EA","03/27/2018 00:00:00","04/04/2022 00:00:00","0","ITSP","03/30/2018 21:56:22","ENW","ITSP","03/30/2018 21:56:22","ENW","02","","","0",""
"04046","EA","03/27/2018 00:00:00","04/04/2022 00:00:00","0","ITSP","03/30/2018 21:56:22","ENW","ITSP","03/30/2018 21:56:22","ENW","02","","","0",""
"04048","EA","03/27/2018 00:00:00","04/04/2022 00:00:00","0","ITSP","03/30/2018 21:56:22","ENW","ITSP","03/30/2018 21:56:22","ENW","02","","","0",""
"04050","EA","03/27/2018 00:00:00","04/04/2022 00:00:00","0","ITSP","03/30/2018 21:56:22","ENW","ITSP","03/30/2018 21:56:22","ENW","02","","","0",""
"04051","EA","03/27/2018 00:00:00","04/04/2022 00:00:00","0","ITSP","03/30/2018 21:56:22","ENW","ITSP","03/30/2018 21:56:22","ENW","02","","","0",""
"04504","EA","03/27/2018 00:00:00","04/04/2022 00:00:00","0","ITSP","03/30/2018 21:56:22","ENW","ITSP","03/30/2018 21:56:22","ENW","02","","","0",""
"04888","EA","03/27/2018 00:00:00","04/04/2022 00:00:00","0","ITSP","03/30/2018 21:56:22","ENW","ITSP","03/30/2018 21:56:22","ENW","02","","","0",""
"04889","EA","03/27/2018 00:00:00","04/04/2022 00:00:00","0","ITSP","03/30/2018 21:56:22","ENW","ITSP","03/30/2018 21:56:22","ENW","02","","","0",""
"04890","EA","03/27/2018 00:00:00","04/04/2022 00:00:00","0","ITSP","03/30/2018 21:56:22","ENW","ITSP","03/30/2018 21:56:22","ENW","02","","","0",""
"05003","EA","03/27/2018 00:00:00","04/04/2022 00:00:00","0","ITSP","03/30/2018 21:56:22","ENW","ITSP","03/30/2018 21:56:22","ENW","02","","","0",""
"05007","EA","03/27/2018 00:00:00","04/04/2022 00:00:00","0","ITSP","03/30/2018 21:56:22","ENW","ITSP","03/30/2018 21:56:22","ENW","02","","","0",""
"05013","EA","03/27/2018 00:00:00","04/04/2022 00:00:00","0","ITSP","03/30/2018 21:56:22","ENW","ITSP","03/30/2018 21:56:22","ENW","02","","","0",""
"05016","EA","03/27/2018 00:00:00","04/04/2022 00:00:00","0","ITSP","03/30/2018 21:56:22","ENW","ITSP","03/30/2018 21:56:22","ENW","02","","","0",""
"05017","EA","03/27/2018 00:00:00","04/04/2022 00:00:00","0","ITSP","03/30/2018 21:56:22","ENW","ITSP","03/30/2018 21:56:22","ENW","02","","","0",""
"05018","EA","03/27/2018 00:00:00","04/04/2022 00:00:00","0","ITSP","03/30/2018 21:56:22","ENW","ITSP","03/30/2018 21:56:22","ENW","02","","","0",""
"05888","EA","03/27/2018 00:00:00","04/04/2022 00:00:00","0","ITSP","03/30/2018 21:56:22","ENW","ITSP","03/30/2018 21:56:22","ENW","02","","","0",""
"05889","EA","03/27/2018 00:00:00","04/04/2022 00:00:00","0","ITSP","03/30/2018 21:56:22","ENW","ITSP","03/30/2018 21:56:22","ENW","02","","","0",""
"06002","EA","03/27/2018 00:00:00","04/04/2022 00:00:00","0","ITSP","03/30/2018 21:56:22","ENW","ITSP","03/30/2018 21:56:22","ENW","02","","","0",""
"06007","EA","03/27/2018 00:00:00","04/04/2022 00:00:00","0","ITSP","03/30/2018 21:56:22","ENW","ITSP","03/30/2018 21:56:22","ENW","02","","","0",""
"06010","EA","03/27/2018 00:00:00","04/04/2022 00:00:00","0","ITSP","03/30/2018 21:56:22","ENW","ITSP","03/30/2018 21:56:22","ENW","02","","","0",""
"06014","EA","03/27/2018 00:00:00","04/04/2022 00:00:00","0","ITSP","03/30/2018 21:56:22","ENW","ITSP","03/30/2018 21:56:22","ENW","02","","","0",""
"06015","EA","03/27/2018 00:00:00","04/04/2022 00:00:00","0","ITSP","03/30/2018 21:56:22","ENW","ITSP","03/30/2018 21:56:22","ENW","02","","","0",""
"06016","EA","03/27/2018 00:00:00","04/04/2022 00:00:00","0","ITSP","03/30/2018 21:56:22","ENW","ITSP","03/30/2018 21:56:22","ENW","02","","","0",""
"04050","ECL","04/20/2018 00:00:00","10/08/2020 00:00:00","0","itg04213","04/19/2018 18:46:20","PVU_EX_1400","itg04213","04/19/2018 18:46:20","PVU_EX_1400","51","08120","3","1",""
"13003","ECL","04/20/2018 00:00:00","10/08/2020 00:00:00","0","itg04213","04/19/2018 18:50:05","PVU_EX_1400","itg04213","04/19/2018 18:50:05","PVU_EX_1400","51","08120","2","0","3"
"13078","ECL","04/20/2018 00:00:00","04/14/2019 00:00:00","0","itg04213","04/19/2018 18:50:51","PVU_EX_1400","itg04213","04/19/2018 18:50:51","PVU_EX_1400","51","08286","1","1","3"
"23084","ECL","04/20/2018 00:00:00","10/08/2020 00:00:00","0","itg04213","04/19/2018 19:02:54","PVU_EX_1400","itg04213","04/19/2018 19:02:54","PVU_EX_1400","52","08120","2","0",""
"27014","ECL","04/20/2018 00:00:00","04/18/2023 00:00:00","0","itg04213","04/19/2018 19:05:48","PVU_EX_1400","itg04213","04/19/2018 19:05:48","PVU_EX_1400","52","09776","1","1","3"
"29012","ECL","04/20/2018 00:00:00","04/18/2023 00:00:00","0","itg04213","04/19/2018 19:06:30","PVU_EX_1400","itg04213","04/19/2018 19:06:30","PVU_EX_1400","52","09776","1","1","1"
"23891","ECL","04/23/2018 00:00:00","10/08/2020 00:00:00","0","itg04213","04/23/2018 16:06:20","PVU_EX_1400","itg04213","04/23/2018 16:06:20","PVU_EX_1400","52","08120","2","0","2"
"27803","ECL","04/23/2018 00:00:00","10/08/2020 00:00:00","0","itg04213","04/23/2018 16:08:00","PVU_EX_1400","itg04213","04/23/2018 16:08:00","PVU_EX_1400","52","08120","2","0",""
"27890","ECL","04/23/2018 00:00:00","10/08/2020 00:00:00","0","itg04213","04/23/2018 16:09:06","PVU_EX_1400","itg04213","04/23/2018 16:09:06","PVU_EX_1400","52","08120","2","0","2"
"35002","ECL","04/23/2018 00:00:00","04/14/2020 00:00:00","0","itg04213","04/23/2018 16:10:37","PVU_EX_1400","itg04213","04/23/2018 16:10:37","PVU_EX_1400","54","08120","3","0","2"
"37023","ECL","04/23/2018 00:00:00","10/08/2020 00:00:00","0","itg04213","04/23/2018 16:11:12","PVU_EX_1400","itg04213","04/23/2018 16:11:12","PVU_EX_1400","54","08120","3","0",""
"39017","ECL","04/23/2018 00:00:00","10/08/2020 00:00:00","0","itg04213","04/23/2018 16:11:47","PVU_EX_1400","itg04213","04/23/2018 16:11:47","PVU_EX_1400","54","08120","3","1","3"
"01005","ECL","04/24/2018 00:00:00","04/14/2021 00:00:00","0","itg04213","04/24/2018 13:37:16","PVU_EX_1400","itg04213","04/24/2018 13:37:16","PVU_EX_1400","48","09284","3","1","3"
"13017","ECL","04/24/2018 00:00:00","04/14/2019 00:00:00","0","itg04213","04/24/2018 13:39:17","PVU_EX_1400","itg04213","04/24/2018 13:39:17","PVU_EX_1400","51","08286","1","1","1"
"16004","ECL","04/24/2018 00:00:00","04/14/2020 00:00:00","0","itg04213","04/24/2018 13:41:27","PVU_EX_1400","itg04213","04/24/2018 13:41:27","PVU_EX_1400","52","06720","3","1","3"
"28023","ECL","04/24/2018 00:00:00","04/14/2019 00:00:00","0","itg04213","04/24/2018 13:44:06","PVU_EX_1400","itg04213","04/24/2018 13:44:06","PVU_EX_1400","52","06580","3","1","3"
"34010","ECL","04/24/2018 00:00:00","04/14/2021 00:00:00","0","itg04213","04/24/2018 13:45:58","PVU_EX_1400","itg04213","04/24/2018 13:45:58","PVU_EX_1400","54","07316","1","0","3"
"34040","ECL","04/24/2018 00:00:00","04/14/2021 00:00:00","0","itg04213","04/24/2018 13:46:31","PVU_EX_1400","itg04213","04/24/2018 13:46:31","PVU_EX_1400","54","07316","1","1","1"
"35003","ECL","04/24/2018 00:00:00","04/14/2021 00:00:00","0","itg04213","04/24/2018 13:47:43","PVU_EX_1400","itg04213","04/24/2018 13:47:43","PVU_EX_1400","54","07316","3","1","3"
"40016","ECL","04/24/2018 00:00:00","10/01/2018 00:00:00","0","itg04213","04/24/2018 13:49:58","PVU_EX_1400","itg04213","04/24/2018 13:49:58","PVU_EX_1400","55","06052","1","1","1"
"43003","ECL","04/24/2018 00:00:00","04/14/2019 00:00:00","0","itg04213","04/24/2018 13:52:14","PVU_EX_1400","itg04213","04/24/2018 13:52:14","PVU_EX_1400","55","06052","1","1","3"
"43004","ECL","04/24/2018 00:00:00","04/14/2019 00:00:00","0","itg04213","04/24/2018 13:52:52","PVU_EX_1400","itg04213","04/24/2018 13:52:52","PVU_EX_1400","55","06052","1","1","1"
"43006","ECL","04/24/2018 00:00:00","04/14/2019 00:00:00","0","itg04213","04/24/2018 13:53:33","PVU_EX_1400","itg04213","04/24/2018 13:53:33","PVU_EX_1400","55","06052","1","1","3"
"43011","ECL","04/24/2018 00:00:00","04/14/2019 00:00:00","0","itg04213","04/24/2018 13:54:11","PVU_EX_1400","itg04213","04/24/2018 13:54:11","PVU_EX_1400","55","06052","3","1","3"
"43023","ECL","04/24/2018 00:00:00","04/14/2019 00:00:00","0","itg04213","04/24/2018 13:54:37","PVU_EX_1400","itg04213","04/24/2018 13:54:37","PVU_EX_1400","55","06052","1","1","1"
"14001","EA","05/08/2018 00:00:00","04/04/2022 00:00:00","0","itg04213","05/08/2018 15:13:25","PVU_EX_1400","itg04213","05/08/2018 15:13:25","PVU_EX_1400","04","","","0",""
"23001","ECL","05/08/2018 00:00:00","12/31/9999 00:00:00","0","itg04213","05/08/2018 15:32:10","PVU_EX_1400","itg04213","05/08/2018 15:32:10","PVU_EX_1400","51","","","0",""
"23001","EA","05/08/2018 00:00:00","04/04/2022 00:00:00","0","itg04213","05/08/2018 15:32:10","PVU_EX_1400","itg04213","05/08/2018 15:32:10","PVU_EX_1400","05","","","0",""
"04003","EA","05/21/2018 00:00:00","04/04/2022 00:00:00","0","itg04213","05/21/2018 14:20:05","PVU_EX_1400","itg04213","05/21/2018 14:20:05","PVU_EX_1400","02","","","0",""
"40016","ECL","10/02/2018 00:00:00","04/14/2020 00:00:00","0","itg04213","10/02/2018 13:49:44","PVU_EX_1400","itg04213","10/02/2018 13:49:44","PVU_EX_1400","55","06538","1","1","1"
"13217","ECL","03/01/2019 00:00:00","12/31/9999 00:00:00","0","itg04213","02/15/2019 13:50:35","PVU_EX_1400","itg04213","02/15/2019 13:50:35","PVU_EX_1400","50","09300","1","0","1"
"13217","EMEC","03/01/2019 00:00:00","10/09/2019 00:00:00","0","itg04213","02/15/2019 13:50:36","PVU_EX_1400","itg40916","10/09/2019 00:00:00","H191136","24","","","0",""
"37011","EA","04/04/2019 00:00:00","04/04/2022 00:00:00","0","itg04213","04/04/2019 15:43:59","PVU_EX_1400","itg04213","04/04/2019 15:43:59","PVU_EX_1400","07","","","0",""
"03019","ECL","04/15/2019 00:00:00","10/12/2022 00:00:00","0","itg04213","04/15/2019 11:55:41","PVU_EX_1400","itg04213","04/15/2019 11:55:41","PVU_EX_1400","48","05120","1","1","3"
"02027","ECL","04/15/2019 00:00:00","10/12/2022 00:00:00","0","itg04213","04/15/2019 12:02:02","PVU_EX_1400","itg04213","04/15/2019 12:02:02","PVU_EX_1400","48","05120","1","1","3"
"05018","ECL","04/15/2019 00:00:00","10/12/2022 00:00:00","0","itg04213","04/15/2019 12:03:03","PVU_EX_1400","itg04213","04/15/2019 12:03:03","PVU_EX_1400","48","05120","1","1","3"
"15013","ECL","04/15/2019 00:00:00","10/15/2024 00:00:00","0","itg04213","04/15/2019 12:37:45","PVU_EX_1400","itg04213","04/15/2019 12:37:45","PVU_EX_1400","51","06196","3","1","3"
"21890","ECL","04/15/2019 00:00:00","10/09/2019 00:00:00","0","itg04213","04/15/2019 12:38:58","PVU_EX_1400","itg04213","04/15/2019 12:38:58","PVU_EX_1400","52","07689","1","1","3"
"22890","ECL","04/15/2019 00:00:00","10/09/2019 00:00:00","0","itg04213","04/15/2019 12:39:29","PVU_EX_1400","itg04213","04/15/2019 12:39:29","PVU_EX_1400","52","07689","1","1","3"
"24890","ECL","04/15/2019 00:00:00","10/09/2019 00:00:00","0","itg04213","04/15/2019 12:40:02","PVU_EX_1400","itg04213","04/15/2019 12:40:02","PVU_EX_1400","52","07689","1","1","3"
"29016","ECL","04/15/2019 00:00:00","04/18/2023 00:00:00","0","itg04213","04/15/2019 12:42:53","PVU_EX_1400","itg04213","04/15/2019 12:42:53","PVU_EX_1400","52","09776","1","1","3"
"30018","ECL","04/15/2019 00:00:00","04/18/2023 00:00:00","0","itg04213","04/15/2019 12:43:16","PVU_EX_1400","itg04213","04/15/2019 12:43:16","PVU_EX_1400","52","09776","1","1","3"
"02026","ECL","04/15/2019 00:00:00","10/12/2022 00:00:00","0","itg04213","04/15/2019 12:51:46","PVU_EX_1400","itg04213","04/15/2019 12:51:46","PVU_EX_1400","48","05120","1","1","3"
"05016","ECL","04/15/2019 00:00:00","10/12/2022 00:00:00","0","itg04213","04/15/2019 12:53:23","PVU_EX_1400","itg04213","04/15/2019 12:53:23","PVU_EX_1400","48","05120","1","1","3"
"12010","ECL","04/15/2019 00:00:00","04/14/2021 00:00:00","0","itg04213","04/15/2019 12:54:48","PVU_EX_1400","itg04213","04/15/2019 12:54:48","PVU_EX_1400","51","05111","1","1","1"
"15020","ECL","04/15/2019 00:00:00","10/15/2024 00:00:00","0","itg04213","04/15/2019 12:55:56","PVU_EX_1400","itg04213","04/15/2019 12:55:56","PVU_EX_1400","51","06196","1","1","1"
"21002","ECL","04/15/2019 00:00:00","10/12/2022 00:00:00","0","itg04213","04/15/2019 12:56:24","PVU_EX_1400","itg04213","04/15/2019 12:56:24","PVU_EX_1400","52","07689","1","1","3"
"22024","ECL","04/15/2019 00:00:00","10/12/2022 00:00:00","0","itg04213","04/15/2019 12:56:59","PVU_EX_1400","itg04213","04/15/2019 12:56:59","PVU_EX_1400","52","07689","1","1","3"
"11004","ECL","04/15/2019 00:00:00","04/14/2020 00:00:00","0","itg04213","04/15/2019 13:08:35","PVU_EX_1400","itg04213","04/15/2019 13:08:35","PVU_EX_1400","51","06196","1","1","1"
"12004","ECL","04/15/2019 00:00:00","04/14/2021 00:00:00","0","itg04213","04/15/2019 13:09:07","PVU_EX_1400","itg04213","04/15/2019 13:09:07","PVU_EX_1400","51","05111","1","1","1"
"13165","ECL","04/15/2019 00:00:00","10/09/2019 00:00:00","0","itg04213","04/15/2019 13:10:43","PVU_EX_1400","itg04213","04/15/2019 13:10:43","PVU_EX_1400","51","06374","1","1","1"
"15012","ECL","04/15/2019 00:00:00","10/15/2024 00:00:00","0","itg04213","04/15/2019 13:12:24","PVU_EX_1400","itg04213","04/15/2019 13:12:24","PVU_EX_1400","51","06196","1","1","1"
"22002","ECL","04/15/2019 00:00:00","10/09/2019 00:00:00","0","itg04213","04/15/2019 13:13:24","PVU_EX_1400","itg04213","04/15/2019 13:13:24","PVU_EX_1400","52","07689","3","1","3"
"24002","ECL","04/15/2019 00:00:00","10/09/2019 00:00:00","0","itg04213","04/15/2019 13:13:48","PVU_EX_1400","itg04213","04/15/2019 13:13:48","PVU_EX_1400","52","07689","3","1","3"
"28022","ECL","04/15/2019 00:00:00","10/09/2019 00:00:00","0","itg04213","04/15/2019 13:18:21","PVU_EX_1400","itg04213","04/15/2019 13:18:21","PVU_EX_1400","52","09776","1","1","3"
"47001","ECL","04/15/2019 00:00:00","04/14/2024 00:00:00","0","itg04213","04/15/2019 13:19:12","PVU_EX_1400","itg04213","04/15/2019 13:19:12","PVU_EX_1400","55","06770","3","1","3"
"13180","ECL","04/15/2019 00:00:00","12/31/9999 00:00:00","0","itg04213","04/15/2019 13:29:54","PVU_EX_1400","itg04213","04/15/2019 13:29:54","PVU_EX_1400","51","","1","1","1"
"26023","ECL","04/15/2019 00:00:00","04/14/2020 00:00:00","0","itg04213","04/15/2019 13:31:53","PVU_EX_1400","itg04213","04/15/2019 13:31:53","PVU_EX_1400","52","06720","1","1","1"
"27074","ECL","04/15/2019 00:00:00","04/14/2020 00:00:00","0","itg04213","04/15/2019 13:32:24","PVU_EX_1400","itg04213","04/15/2019 13:32:24","PVU_EX_1400","52","04313","1","1","1"
"41003","ECL","04/15/2019 00:00:00","04/15/2025 00:00:00","0","itg04213","04/15/2019 13:37:53","PVU_EX_1400","itg04213","04/15/2019 13:37:53","PVU_EX_1400","55","09586","1","1","1"
"42004","ECL","04/15/2019 00:00:00","04/15/2025 00:00:00","0","itg04213","04/15/2019 13:38:25","PVU_EX_1400","itg04213","04/15/2019 13:38:25","PVU_EX_1400","55","06052","1","1","1"
"45012","ECL","04/15/2019 00:00:00","04/14/2020 00:00:00","0","itg04213","04/15/2019 13:39:22","PVU_EX_1400","itg04213","04/15/2019 13:39:22","PVU_EX_1400","55","06538","1","1","1"
"42001","ECL","04/15/2019 00:00:00","04/15/2025 00:00:00","0","itg04213","04/15/2019 13:40:01","PVU_EX_1400","itg04213","04/15/2019 13:40:01","PVU_EX_1400","55","06052","1","0","3"
"41007","ECL","04/15/2019 00:00:00","04/15/2025 00:00:00","0","itg04213","04/15/2019 13:40:51","PVU_EX_1400","itg04213","04/15/2019 13:40:51","PVU_EX_1400","55","09586","3","1","3"
"42002","ECL","04/15/2019 00:00:00","04/15/2025 00:00:00","0","itg04213","04/15/2019 13:41:24","PVU_EX_1400","itg04213","04/15/2019 13:41:24","PVU_EX_1400","55","06052","3","1","3"
"44001","ECL","04/15/2019 00:00:00","10/09/2019 00:00:00","0","itg04213","04/15/2019 13:45:23","PVU_EX_1400","itg04213","04/15/2019 13:45:23","PVU_EX_1400","55","06770","1","1","3"
"13001","EA","05/08/2019 00:00:00","04/04/2022 00:00:00","0","itg40916","05/08/2019 10:46:15","PVU_EX_1400","itg40916","05/08/2019 10:46:15","PVU_EX_1400","04","","","0",""
"16002","EA","05/16/2019 00:00:00","04/04/2022 00:00:00","0","itg40916","05/16/2019 15:23:28","PVU_EX_1400","itg40916","05/16/2019 15:51:54","PVU_EX_1400","05","","","0",""
"13160","ECL","04/20/2018 00:00:00","04/14/2020 00:00:00","0","itg04213","04/19/2018 18:51:28","PVU_EX_1400","itg04213","04/19/2018 18:51:28","PVU_EX_1400","51","05711","1","1","1"
"13165","ECL","04/20/2018 00:00:00","04/14/2019 00:00:00","0","itg04213","04/19/2018 18:53:15","PVU_EX_1400","itg04213","04/19/2018 18:53:15","PVU_EX_1400","51","05120","1","1","1"
"13180","ECL","04/20/2018 00:00:00","04/14/2019 00:00:00","0","itg04213","04/19/2018 18:53:39","PVU_EX_1400","itg04213","04/19/2018 18:53:39","PVU_EX_1400","51","05711","1","1","1"
"44002","ECL","10/02/2018 00:00:00","04/14/2020 00:00:00","0","itg04213","10/02/2018 14:12:39","PVU_EX_1400","itg04213","10/02/2018 14:12:39","PVU_EX_1400","55","06538","1","1","1"
"13013","ECL","04/15/2019 00:00:00","10/09/2019 00:00:00","0","itg04213","04/15/2019 12:37:06","PVU_EX_1400","itg04213","04/15/2019 12:37:06","PVU_EX_1400","51","08362","1","1","3"
"27194","EA","10/08/2019 00:00:00","04/04/2022 00:00:00","0","itg19647","10/08/2019 11:33:21","PVU_EX_1400","itg19647","10/08/2019 11:33:21","PVU_EX_1400","06","","","0",""
"27194","ECL","10/09/2019 00:00:00","12/31/9999 00:00:00","0","itg36186","10/09/2019 11:23:21","PVU_EX_1400","itg36186","10/09/2019 11:23:21","PVU_EX_1400","50","05687","","0",""
"01020","ECL","10/10/2019 00:00:00","04/14/2020 00:00:00","0","itg40916","10/10/2019 09:36:20","PVU_EX_1400","itg40916","10/10/2019 09:36:20","PVU_EX_1400","48","06570","3","1","3"
"01051","ECL","10/10/2019 00:00:00","04/14/2021 00:00:00","0","itg40916","10/10/2019 09:39:06","PVU_EX_1400","itg40916","10/10/2019 09:39:06","PVU_EX_1400","48","09284","1","1","1"
"04046","ECL","10/10/2019 00:00:00","10/12/2022 00:00:00","0","itg40916","10/10/2019 09:43:23","PVU_EX_1400","itg40916","10/10/2019 09:43:23","PVU_EX_1400","48","08299","1","1","3"
"04504","ECL","10/10/2019 00:00:00","04/14/2024 00:00:00","0","itg40916","10/10/2019 09:45:34","PVU_EX_1400","itg40916","10/10/2019 09:45:34","PVU_EX_1400","48","08299","1","1","3"
"22890","ECL","10/10/2019 00:00:00","04/14/2021 00:00:00","0","itg40916","10/10/2019 11:04:21","PVU_EX_1400","itg40916","10/10/2019 11:04:21","PVU_EX_1400","52","07086","1","1","3"
"23009","ECL","10/10/2019 00:00:00","04/14/2021 00:00:00","0","itg40916","10/10/2019 11:06:14","PVU_EX_1400","itg40916","10/10/2019 11:06:14","PVU_EX_1400","52","07086","3","1","3"
"28008","ECL","10/10/2019 00:00:00","10/06/2021 00:00:00","0","itg40916","10/10/2019 11:11:17","PVU_EX_1400","itg40916","10/10/2019 11:11:17","PVU_EX_1400","52","05888","1","1","3"
"02004","ECL","10/10/2019 00:00:00","12/31/9999 00:00:00","0","itg40916","10/10/2019 11:22:35","PVU_EX_1400","itg40916","10/10/2019 11:22:35","PVU_EX_1400","48","","1","1","3"
"04002","ECL","10/10/2019 00:00:00","12/31/9999 00:00:00","0","itg40916","10/10/2019 11:24:53","PVU_EX_1400","itg40916","10/10/2019 11:24:53","PVU_EX_1400","48","","1","1","3"
"04045","ECL","04/15/2020 00:00:00","09/30/2020 00:00:00","0","itg35320","04/15/2020 09:26:10","PVU_EX_1400","itg35320","04/15/2020 09:26:10","PVU_EX_1400","49","","2","0",""
"06010","ECL","04/15/2020 00:00:00","04/14/2021 00:00:00","0","itg35320","04/15/2020 11:56:38","PVU_EX_1400","itg35320","04/15/2020 11:56:38","PVU_EX_1400","48","05115","3","1","3"
"07031","ECL","04/15/2020 00:00:00","12/31/9999 00:00:00","0","itg35320","04/15/2020 12:04:12","PVU_EX_1400","itg35320","04/15/2020 12:04:12","PVU_EX_1400","48","","","0",""
"08095","ECL","04/15/2020 00:00:00","04/14/2024 00:00:00","0","itg35320","04/15/2020 13:04:45","PVU_EX_1400","itg35320","04/15/2020 13:04:45","PVU_EX_1400","51","05673","3","1","3"
"08504","ECL","04/15/2020 00:00:00","04/14/2024 00:00:00","0","itg35320","04/15/2020 13:05:37","PVU_EX_1400","itg35320","04/15/2020 13:05:37","PVU_EX_1400","51","05673","1","1","1"
"01001","ECL","04/15/2020 00:00:00","04/14/2021 00:00:00","0","itg35320","04/15/2020 13:07:36","PVU_EX_1400","itg35320","04/15/2020 13:07:36","PVU_EX_1400","48","09284","3","1","3"
"06015","ECL","04/15/2020 00:00:00","04/14/2021 00:00:00","0","itg35320","04/15/2020 13:13:43","PVU_EX_1400","itg35320","04/15/2020 13:13:43","PVU_EX_1400","48","05115","1","1","3"
"09003","ECL","04/15/2020 00:00:00","04/14/2024 00:00:00","0","itg35320","04/15/2020 13:19:17","PVU_EX_1400","itg35320","04/15/2020 13:19:17","PVU_EX_1400","51","05673","1","1","1"
"09012","ECL","04/15/2020 00:00:00","04/14/2024 00:00:00","0","itg35320","04/15/2020 13:19:56","PVU_EX_1400","itg35320","04/15/2020 13:19:56","PVU_EX_1400","51","05673","1","1","3"
"10002","ECL","04/15/2020 00:00:00","10/15/2024 00:00:00","0","itg35320","04/15/2020 13:22:12","PVU_EX_1400","itg35320","04/15/2020 13:22:12","PVU_EX_1400","51","06196","1","1","1"
"11004","ECL","04/15/2020 00:00:00","10/12/2022 00:00:00","0","itg35320","04/15/2020 13:24:26","PVU_EX_1400","itg35320","04/15/2020 13:24:26","PVU_EX_1400","51","07399","1","1","1"
"11008","ECL","04/15/2020 00:00:00","10/12/2022 00:00:00","0","itg35320","04/15/2020 13:24:57","PVU_EX_1400","itg35320","04/15/2020 13:24:57","PVU_EX_1400","51","07399","1","1","3"
"11009","ECL","04/15/2020 00:00:00","10/12/2022 00:00:00","0","itg35320","04/15/2020 13:25:39","PVU_EX_1400","itg35320","04/15/2020 13:25:39","PVU_EX_1400","51","07399","1","1","1"
"11024","ECL","04/15/2020 00:00:00","12/31/9999 00:00:00","0","itg35320","04/15/2020 13:26:05","PVU_EX_1400","itg35320","04/15/2020 13:26:05","PVU_EX_1400","51","","1","1","1"
"11026","ECL","04/15/2020 00:00:00","10/12/2022 00:00:00","0","itg35320","04/15/2020 13:27:04","PVU_EX_1400","itg35320","04/15/2020 13:27:04","PVU_EX_1400","51","07399","1","1","1"
"13010","ECL","04/15/2020 00:00:00","04/14/2024 00:00:00","0","itg35320","04/15/2020 13:28:47","PVU_EX_1400","itg35320","04/15/2020 13:28:47","PVU_EX_1400","51","08644","1","1","3"
"13013","ECL","04/15/2020 00:00:00","10/12/2022 00:00:00","0","itg35320","04/15/2020 13:29:30","PVU_EX_1400","itg35320","04/15/2020 13:29:30","PVU_EX_1400","51","08644","1","1","3"
"13160","ECL","04/15/2020 00:00:00","04/14/2024 00:00:00","0","itg35320","04/15/2020 13:30:16","PVU_EX_1400","itg35320","04/15/2020 13:30:16","PVU_EX_1400","51","08644","1","1","1"
"14025","ECL","04/15/2020 00:00:00","04/14/2021 00:00:00","0","itg35320","04/15/2020 13:35:25","PVU_EX_1400","itg35320","04/15/2020 13:35:25","PVU_EX_1400","51","06303","3","1","3"
"14056","ECL","04/15/2020 00:00:00","04/14/2021 00:00:00","0","itg35320","04/15/2020 13:37:55","PVU_EX_1400","itg35320","04/15/2020 13:37:55","PVU_EX_1400","51","06303","1","1","1"
"15027","ECL","04/15/2020 00:00:00","09/30/2020 00:00:00","0","itg35320","04/15/2020 13:38:28","PVU_EX_1400","itg35320","04/15/2020 13:38:28","PVU_EX_1400","49","","3","1",""
"15029","ECL","04/15/2020 00:00:00","12/31/9999 00:00:00","0","itg35320","04/15/2020 13:39:05","PVU_EX_1400","itg35320","04/15/2020 13:39:05","PVU_EX_1400","51","","2","0",""
"16004","ECL","04/15/2020 00:00:00","10/12/2022 00:00:00","0","itg35320","04/15/2020 13:40:48","PVU_EX_1400","itg35320","04/15/2020 13:40:48","PVU_EX_1400","52","06189","3","1","3"
"16005","ECL","04/15/2020 00:00:00","10/12/2022 00:00:00","0","itg35320","04/15/2020 13:41:46","PVU_EX_1400","itg35320","04/15/2020 13:41:46","PVU_EX_1400","52","06189","1","1","1"
"17001","ECL","04/15/2020 00:00:00","10/12/2022 00:00:00","0","itg35320","04/15/2020 13:43:11","PVU_EX_1400","itg35320","04/15/2020 13:43:11","PVU_EX_1400","52","06189","3","1","3"
"23074","ECL","04/15/2020 00:00:00","12/31/9999 00:00:00","0","itg35320","04/15/2020 13:45:49","PVU_EX_1400","itg35320","04/15/2020 13:45:49","PVU_EX_1400","52","","3","1","3"
"26014","ECL","04/15/2020 00:00:00","10/12/2022 00:00:00","0","itg35320","04/15/2020 13:51:06","PVU_EX_1400","itg35320","04/15/2020 13:51:06","PVU_EX_1400","52","07045","3","1","3"
"37021","ECL","04/15/2020 00:00:00","04/14/2021 00:00:00","0","itg35320","04/15/2020 14:00:03","PVU_EX_1400","itg35320","04/15/2020 14:00:03","PVU_EX_1400","54","05666","3","1","3"
"39001","ECL","04/15/2020 00:00:00","04/14/2021 00:00:00","0","itg35320","04/15/2020 14:03:40","PVU_EX_1400","itg35320","04/15/2020 14:03:40","PVU_EX_1400","54","05666","3","1","3"
"40016","ECL","04/15/2020 00:00:00","10/15/2024 00:00:00","0","itg35320","04/15/2020 14:06:35","PVU_EX_1400","itg35320","04/15/2020 14:06:35","PVU_EX_1400","55","09006","1","1","1"
"40090","ECL","04/15/2020 00:00:00","12/31/9999 00:00:00","0","itg35320","04/15/2020 14:08:35","PVU_EX_1400","itg35320","04/15/2020 14:08:35","PVU_EX_1400","55","","1","0","1"
"41010","ECL","04/15/2020 00:00:00","12/31/9999 00:00:00","0","itg35320","04/15/2020 14:09:07","PVU_EX_1400","itg35320","04/15/2020 14:09:07","PVU_EX_1400","55","","2","0","2"
"42017","ECL","04/15/2020 00:00:00","12/31/9999 00:00:00","0","itg35320","04/15/2020 14:09:38","PVU_EX_1400","itg35320","04/15/2020 14:09:38","PVU_EX_1400","55","","3","1","3"
"43002","ECL","04/15/2020 00:00:00","04/14/2021 00:00:00","0","itg35320","04/15/2020 14:12:08","PVU_EX_1400","itg35320","04/15/2020 14:12:08","PVU_EX_1400","55","05281","3","1","3"
"43003","ECL","04/15/2020 00:00:00","04/14/2021 00:00:00","0","itg35320","04/15/2020 14:12:46","PVU_EX_1400","itg35320","04/15/2020 14:12:46","PVU_EX_1400","55","05281","1","1","3"
"43004","ECL","04/15/2020 00:00:00","04/14/2021 00:00:00","0","itg35320","04/15/2020 14:13:20","PVU_EX_1400","itg35320","04/15/2020 14:13:20","PVU_EX_1400","55","05281","1","1","1"
"43011","ECL","04/15/2020 00:00:00","04/14/2021 00:00:00","0","itg35320","04/15/2020 14:14:41","PVU_EX_1400","itg35320","04/15/2020 14:14:41","PVU_EX_1400","55","05281","3","1","3"
"43014","ECL","04/15/2020 00:00:00","12/31/9999 00:00:00","0","itg35320","04/15/2020 14:15:19","PVU_EX_1400","itg35320","04/15/2020 14:15:19","PVU_EX_1400","55","","2","0","2"
"44002","ECL","04/15/2020 00:00:00","12/31/9999 00:00:00","0","itg35320","04/15/2020 14:17:57","PVU_EX_1400","itg35320","04/15/2020 14:17:57","PVU_EX_1400","55","09006","1","1","1"
"44003","ECL","04/15/2020 00:00:00","12/31/9999 00:00:00","0","itg35320","04/15/2020 14:19:29","PVU_EX_1400","itg35320","04/15/2020 14:19:29","PVU_EX_1400","55","09006","1","1","1"
"44014","ECL","04/15/2020 00:00:00","12/31/9999 00:00:00","0","itg35320","04/15/2020 14:20:36","PVU_EX_1400","itg35320","04/15/2020 14:20:36","PVU_EX_1400","55","","3","1","3"
"45001","ECL","04/15/2020 00:00:00","04/14/2024 00:00:00","0","itg35320","04/15/2020 14:21:45","PVU_EX_1400","itg35320","04/15/2020 14:21:45","PVU_EX_1400","55","06770","1","1","3"
"45008","ECL","04/15/2020 00:00:00","12/31/9999 00:00:00","0","itg35320","04/15/2020 14:22:47","PVU_EX_1400","itg35320","04/15/2020 14:22:47","PVU_EX_1400","55","","2","0","2"
"46015","ECL","04/15/2020 00:00:00","12/31/9999 00:00:00","0","itg35320","04/15/2020 14:26:56","PVU_EX_1400","itg35320","04/15/2020 14:26:56","PVU_EX_1400","55","","2","0","2"
"47016","ECL","04/15/2020 00:00:00","12/31/9999 00:00:00","0","itg35320","04/15/2020 14:28:30","PVU_EX_1400","itg35320","04/15/2020 14:28:30","PVU_EX_1400","55","","1","0","1"
"04020","ECL","10/01/2020 00:00:00","12/31/9999 00:00:00","0","itg04213","09/30/2020 14:30:24","PVU_EX_1400","itg04213","09/30/2020 14:30:24","PVU_EX_1400","48","","","0",""
"01049","ECL","10/09/2020 00:00:00","12/31/9999 00:00:00","0","itg04213","10/09/2020 13:07:53","PVU_EX_1400","itg04213","10/09/2020 13:07:53","PVU_EX_1400","48","","2","1","2"
"13181","ECL","10/09/2020 00:00:00","12/31/9999 00:00:00","0","itg04213","10/09/2020 13:23:36","PVU_EX_1400","itg04213","10/09/2020 13:23:36","PVU_EX_1400","51","","","0",""
"13983","ECL","10/09/2020 00:00:00","12/31/9999 00:00:00","0","itg04213","10/09/2020 13:24:46","PVU_EX_1400","itg04213","10/09/2020 13:24:46","PVU_EX_1400","51","","2","0","2"
"23049","ECL","10/09/2020 00:00:00","04/14/2024 00:00:00","0","itg04213","10/09/2020 13:28:32","PVU_EX_1400","itg04213","10/09/2020 13:28:32","PVU_EX_1400","52","","3","1",""
"23525","ECL","10/09/2020 00:00:00","12/31/9999 00:00:00","0","itg04213","10/09/2020 13:29:47","PVU_EX_1400","itg04213","10/09/2020 13:29:47","PVU_EX_1400","52","","","0",""
"23891","ECL","10/09/2020 00:00:00","12/31/9999 00:00:00","0","itg04213","10/09/2020 13:30:26","PVU_EX_1400","itg04213","10/09/2020 13:30:26","PVU_EX_1400","52","","2","0","2"
"13161","ECL","04/20/2018 00:00:00","10/08/2020 00:00:00","0","itg04213","04/19/2018 18:52:16","PVU_EX_1400","itg04213","04/19/2018 18:52:16","PVU_EX_1400","51","05711","1","0","1"
"14005","ECL","04/20/2018 00:00:00","04/14/2019 00:00:00","0","itg04213","04/19/2018 18:54:39","PVU_EX_1400","itg04213","04/19/2018 18:54:39","PVU_EX_1400","51","06562","1","1","1"
"14034","ECL","04/20/2018 00:00:00","04/14/2019 00:00:00","0","itg04213","04/19/2018 18:55:53","PVU_EX_1400","itg04213","04/19/2018 18:55:53","PVU_EX_1400","51","06562","1","1","1"
"16005","ECL","04/20/2018 00:00:00","04/14/2020 00:00:00","0","itg04213","04/19/2018 18:57:32","PVU_EX_1400","itg04213","04/19/2018 18:57:32","PVU_EX_1400","52","06720","1","1","1"
"18009","ECL","04/20/2018 00:00:00","04/14/2020 00:00:00","0","itg04213","04/19/2018 18:59:48","PVU_EX_1400","itg04213","04/19/2018 18:59:48","PVU_EX_1400","52","06720","1","1","1"
"23009","ECL","04/20/2018 00:00:00","10/09/2019 00:00:00","0","itg04213","04/19/2018 19:00:43","PVU_EX_1400","itg04213","04/19/2018 19:00:43","PVU_EX_1400","52","07689","3","1","3"
"23049","ECL","04/20/2018 00:00:00","02/14/2019 00:00:00","0","itg04213","04/19/2018 19:01:23","PVU_EX_1400","itg04213","04/19/2018 19:01:23","PVU_EX_1400","52","07300","3","1",""
"23075","ECL","04/20/2018 00:00:00","12/31/9999 00:00:00","0","itg04213","04/19/2018 19:01:51","PVU_EX_1400","itg04213","04/19/2018 19:01:51","PVU_EX_1400","52","","3","1","3"
"23100","ECL","04/20/2018 00:00:00","10/09/2019 00:00:00","0","itg04213","04/19/2018 19:03:57","PVU_EX_1400","itg04213","04/19/2018 19:03:57","PVU_EX_1400","52","07689","1","1","1"
"23890","ECL","04/20/2018 00:00:00","10/09/2019 00:00:00","0","itg04213","04/19/2018 19:04:32","PVU_EX_1400","itg04213","04/19/2018 19:04:32","PVU_EX_1400","52","07689","1","1","3"
"10002","ECL","04/15/2019 00:00:00","04/14/2020 00:00:00","0","itg04213","04/15/2019 12:35:25","PVU_EX_1400","itg04213","04/15/2019 12:35:25","PVU_EX_1400","51","06189","1","1","1"
"16021","ECL","04/15/2019 00:00:00","04/14/2020 00:00:00","0","itg04213","04/15/2019 12:38:19","PVU_EX_1400","itg04213","04/15/2019 12:38:19","PVU_EX_1400","52","06720","","0",""
"25007","ECL","04/15/2019 00:00:00","10/08/2020 00:00:00","0","itg04213","04/15/2019 12:40:28","PVU_EX_1400","itg04213","04/15/2019 12:40:28","PVU_EX_1400","52","06720","1","0","1"
"27086","ECL","04/15/2019 00:00:00","10/12/2022 00:00:00","0","itg04213","04/15/2019 12:41:52","PVU_EX_1400","itg04213","04/15/2019 12:41:52","PVU_EX_1400","52","09776","1","1","1"
"28037","ECL","04/15/2019 00:00:00","10/09/2019 00:00:00","0","itg04213","04/15/2019 12:42:14","PVU_EX_1400","itg04213","04/15/2019 12:42:14","PVU_EX_1400","52","09776","1","1","3"
"40091","ECL","04/15/2019 00:00:00","10/08/2020 00:00:00","0","itg04213","04/15/2019 12:43:48","PVU_EX_1400","itg04213","04/15/2019 12:43:48","PVU_EX_1400","55","06052","","0",""
"47011","ECL","04/15/2019 00:00:00","04/14/2024 00:00:00","0","itg04213","04/15/2019 12:45:27","PVU_EX_1400","itg04213","04/15/2019 12:45:27","PVU_EX_1400","55","06770","1","0","3"
"03027","ECL","04/15/2019 00:00:00","10/12/2022 00:00:00","0","itg04213","04/15/2019 12:52:08","PVU_EX_1400","itg04213","04/15/2019 12:52:08","PVU_EX_1400","48","05120","1","1","3"
"10018","ECL","04/15/2019 00:00:00","04/14/2020 00:00:00","0","itg04213","04/15/2019 12:53:48","PVU_EX_1400","itg04213","04/15/2019 12:53:48","PVU_EX_1400","51","06189","1","1","3"
"13017","ECL","04/15/2019 00:00:00","10/09/2019 00:00:00","0","itg04213","04/15/2019 12:55:24","PVU_EX_1400","itg04213","04/15/2019 12:55:24","PVU_EX_1400","51","05711","1","1","1"
"26008","ECL","04/15/2019 00:00:00","04/14/2020 00:00:00","0","itg04213","04/15/2019 13:01:01","PVU_EX_1400","itg04213","04/15/2019 13:01:01","PVU_EX_1400","52","06720","1","1","3"
"29015","ECL","04/15/2019 00:00:00","04/14/2020 00:00:00","0","itg04213","04/15/2019 13:01:59","PVU_EX_1400","itg04213","04/15/2019 13:01:59","PVU_EX_1400","52","04313","3","1","3"
"02017","ECL","04/15/2019 00:00:00","10/12/2022 00:00:00","0","itg04213","04/15/2019 13:06:37","PVU_EX_1400","itg04213","04/15/2019 13:06:37","PVU_EX_1400","48","05120","1","1","3"
"14034","ECL","04/15/2019 00:00:00","04/14/2020 00:00:00","0","itg04213","04/15/2019 13:11:37","PVU_EX_1400","itg04213","04/15/2019 13:11:37","PVU_EX_1400","51","05115","1","1","1"
"14056","ECL","04/15/2019 00:00:00","04/14/2020 00:00:00","0","itg04213","04/15/2019 13:30:24","PVU_EX_1400","itg04213","04/15/2019 13:30:24","PVU_EX_1400","51","05115","1","1","1"
"17022","ECL","04/15/2019 00:00:00","12/31/9999 00:00:00","0","itg04213","04/15/2019 13:31:12","PVU_EX_1400","itg04213","04/15/2019 13:31:12","PVU_EX_1400","52","","1","1","1"
"04001","ECL","10/10/2019 00:00:00","04/14/2024 00:00:00","0","itg40916","10/10/2019 09:41:02","PVU_EX_1400","itg40916","10/10/2019 09:41:02","PVU_EX_1400","48","08299","3","1","3"
"04014","ECL","10/10/2019 00:00:00","04/14/2024 00:00:00","0","itg40916","10/10/2019 09:42:12","PVU_EX_1400","itg40916","10/10/2019 09:42:12","PVU_EX_1400","48","08299","1","0","3"
"06007","ECL","04/15/2020 00:00:00","04/14/2021 00:00:00","0","itg35320","04/15/2020 11:55:28","PVU_EX_1400","itg35320","04/15/2020 11:55:28","PVU_EX_1400","48","05115","1","1","3"
"06014","ECL","04/15/2020 00:00:00","04/14/2021 00:00:00","0","itg35320","04/15/2020 11:57:32","PVU_EX_1400","itg35320","04/15/2020 11:57:32","PVU_EX_1400","48","05115","1","1","3"
"06016","ECL","04/15/2020 00:00:00","04/14/2021 00:00:00","0","itg35320","04/15/2020 13:14:25","PVU_EX_1400","itg35320","04/15/2020 13:14:25","PVU_EX_1400","48","05115","1","1","3"
"07004","ECL","04/15/2020 00:00:00","04/14/2021 00:00:00","0","itg35320","04/15/2020 13:15:14","PVU_EX_1400","itg35320","04/15/2020 13:15:14","PVU_EX_1400","48","05115","1","1","3"
"09015","ECL","04/15/2020 00:00:00","04/14/2024 00:00:00","0","itg35320","04/15/2020 13:21:18","PVU_EX_1400","itg35320","04/15/2020 13:21:18","PVU_EX_1400","51","05673","1","1","1"
"26024","ECL","04/15/2020 00:00:00","10/12/2022 00:00:00","0","itg35320","04/15/2020 13:52:23","PVU_EX_1400","itg35320","04/15/2020 13:52:23","PVU_EX_1400","52","07045","1","1","3"
"27074","ECL","04/15/2020 00:00:00","04/14/2024 00:00:00","0","itg35320","04/15/2020 13:54:41","PVU_EX_1400","itg35320","04/15/2020 13:54:41","PVU_EX_1400","52","07045","1","1","1"
"40005","ECL","04/15/2020 00:00:00","12/31/9999 00:00:00","0","itg35320","04/15/2020 14:05:15","PVU_EX_1400","itg35320","04/15/2020 14:05:15","PVU_EX_1400","55","09006","1","1","3"
"43006","ECL","04/15/2020 00:00:00","04/14/2021 00:00:00","0","itg35320","04/15/2020 14:13:59","PVU_EX_1400","itg35320","04/15/2020 14:13:59","PVU_EX_1400","55","05281","1","1","3"
"45012","ECL","04/15/2020 00:00:00","04/15/2025 00:00:00","0","itg35320","04/15/2020 14:23:53","PVU_EX_1400","itg35320","04/15/2020 14:23:53","PVU_EX_1400","55","09586","1","1","1"
"13093","ECL","10/09/2020 00:00:00","12/31/9999 00:00:00","0","itg04213","10/09/2020 13:20:11","PVU_EX_1400","itg04213","10/09/2020 13:20:11","PVU_EX_1400","51","","","0",""
"25007","ECL","10/09/2020 00:00:00","12/31/9999 00:00:00","0","itg04213","10/09/2020 13:30:58","PVU_EX_1400","itg04213","10/09/2020 13:30:58","PVU_EX_1400","52","","1","0","1"
"27070","ECL","10/09/2020 00:00:00","12/31/9999 00:00:00","0","itg04213","10/09/2020 13:31:40","PVU_EX_1400","itg04213","10/09/2020 13:31:40","PVU_EX_1400","52","","2","0",""
"28026","ECL","10/09/2020 00:00:00","12/31/9999 00:00:00","0","itg04213","10/09/2020 13:34:40","PVU_EX_1400","itg04213","10/09/2020 13:34:40","PVU_EX_1400","51","","1","1","3"
"34890","ECL","10/09/2020 00:00:00","12/31/9999 00:00:00","0","itg04213","10/09/2020 13:36:40","PVU_EX_1400","itg04213","10/09/2020 13:36:40","PVU_EX_1400","54","","2","0","2"
"37011","ECL","10/09/2020 00:00:00","12/31/9999 00:00:00","0","itg04213","10/09/2020 13:37:25","PVU_EX_1400","itg04213","10/09/2020 13:37:25","PVU_EX_1400","54","","3","0","3"
"37023","ECL","10/09/2020 00:00:00","12/31/9999 00:00:00","0","itg04213","10/09/2020 13:38:36","PVU_EX_1400","itg04213","10/09/2020 13:38:36","PVU_EX_1400","54","","3","0",""
"40035","ECL","10/09/2020 00:00:00","12/31/9999 00:00:00","0","itg04213","10/09/2020 13:39:48","PVU_EX_1400","itg04213","10/09/2020 13:39:48","PVU_EX_1400","55","","2","0","2"
"34039","EA","01/08/2021 00:00:00","04/04/2022 00:00:00","0","itg19647","01/08/2021 10:07:04","PVU_EX_1400","itg19647","01/08/2021 10:07:04","PVU_EX_1400","07","","","0",""
"04006","EA","01/15/2021 00:00:00","04/04/2022 00:00:00","0","itg36186","01/15/2021 13:54:29","PVU_EX_1400","itg36186","01/15/2021 13:54:29","PVU_EX_1400","02","","","0",""
"01005","ECL","04/15/2021 00:00:00","10/12/2022 00:00:00","0","itg04213","04/15/2021 10:06:01","PVU_EX_1400","itg04213","04/15/2021 10:06:01","PVU_EX_1400","48","07372","3","1","3"
"01051","ECL","04/15/2021 00:00:00","04/06/2022 00:00:00","0","itg04213","04/15/2021 10:06:40","PVU_EX_1400","itg04213","04/15/2021 10:06:40","PVU_EX_1400","48","07372","1","1","1"
"06014","ECL","04/15/2021 00:00:00","04/14/2024 00:00:00","0","itg04213","04/15/2021 10:09:40","PVU_EX_1400","itg04213","04/15/2021 10:09:40","PVU_EX_1400","48","08299","1","1","3"
"06016","ECL","04/15/2021 00:00:00","04/14/2024 00:00:00","0","itg04213","04/15/2021 10:10:29","PVU_EX_1400","itg04213","04/15/2021 10:10:29","PVU_EX_1400","48","08299","1","1","3"
"12004","ECL","04/15/2021 00:00:00","12/31/9999 00:00:00","0","itg04213","04/15/2021 10:23:24","PVU_EX_1400","itg04213","04/15/2021 10:23:24","PVU_EX_1400","51","06828","1","1","1"
"12008","ECL","04/15/2021 00:00:00","12/31/9999 00:00:00","0","itg04213","04/15/2021 10:23:54","PVU_EX_1400","itg04213","04/15/2021 10:23:54","PVU_EX_1400","51","06828","1","1","3"
"37010","ECL","04/15/2021 00:00:00","10/27/2025 00:00:00","0","itg04213","04/15/2021 10:36:36","PVU_EX_1400","itg04213","04/15/2021 10:36:36","PVU_EX_1400","54","06323","3","1","3"
"28008","ECL","10/07/2021 00:00:00","04/15/2025 00:00:00","0","itg04213","10/07/2021 16:03:16","PVU_EX_1400","itg04213","10/07/2021 16:03:16","PVU_EX_1400","52","09722","1","1","3"
"28036","ECL","10/07/2021 00:00:00","10/12/2022 00:00:00","0","itg04213","10/07/2021 16:04:54","PVU_EX_1400","itg04213","10/07/2021 16:04:54","PVU_EX_1400","52","09722","1","1","1"
"28037","ECL","10/07/2021 00:00:00","10/12/2022 00:00:00","0","itg04213","10/07/2021 16:05:27","PVU_EX_1400","itg04213","10/07/2021 16:05:27","PVU_EX_1400","52","09722","1","1","3"
"04042","EA","04/05/2022 00:00:00","12/31/9999 00:00:00","0","itg19647","04/05/2022 15:55:16","PVU_EX_1400","itg19647","04/05/2022 15:55:16","PVU_EX_1400","01","","","0",""
"47007","EA","04/05/2022 00:00:00","12/31/9999 00:00:00","0","itg19647","04/05/2022 16:01:47","PVU_EX_1400","itg19647","04/05/2022 16:01:47","PVU_EX_1400","04","","","0",""
"40024","EA","04/06/2022 00:00:00","12/31/9999 00:00:00","0","itg36186","04/06/2022 16:26:34","PVU_EX_1400","itg36186","04/06/2022 16:26:34","PVU_EX_1400","04","","","0",""
"40024","ECL","04/08/2022 00:00:00","10/15/2024 00:00:00","0","itg04213","04/08/2022 13:32:34","PVU_EX_1400","itg04213","04/08/2022 13:32:34","PVU_EX_1400","55","07011","","0",""
"40079","ECL","04/08/2022 00:00:00","10/15/2024 00:00:00","0","itg04213","04/08/2022 13:33:10","PVU_EX_1400","itg04213","04/08/2022 13:33:10","PVU_EX_1400","55","07011","","0",""
"13002","EA","04/25/2022 00:00:00","12/31/9999 00:00:00","0","itg19647","04/25/2022 15:53:45","PVU_EX_1400","itg19647","04/25/2022 15:53:45","PVU_EX_1400","02","","","0",""
"40002","EA","10/06/2022 00:00:00","12/31/9999 00:00:00","0","itg19647","10/06/2022 14:02:05","PVU_EX_1400","itg19647","10/06/2022 14:02:05","PVU_EX_1400","04","","","0",""
"01003","ECL","10/13/2022 00:00:00","12/31/9999 00:00:00","0","itg43581","10/13/2022 10:39:30","PVU_EX_1400","itg43581","10/13/2022 10:39:30","PVU_EX_1400","48","08969","1","1","1"
"02027","ECL","10/13/2022 00:00:00","04/15/2025 00:00:00","0","itg43581","10/13/2022 10:42:44","PVU_EX_1400","itg43581","10/13/2022 10:42:44","PVU_EX_1400","48","05864","1","1","3"
"17001","ECL","10/13/2022 00:00:00","12/31/9999 00:00:00","0","itg43581","10/13/2022 10:50:08","PVU_EX_1400","itg43581","10/13/2022 10:50:08","PVU_EX_1400","52","07399","3","1","3"
"06888","EA","03/27/2018 00:00:00","04/04/2022 00:00:00","0","ITSP","03/30/2018 21:56:22","ENW","ITSP","03/30/2018 21:56:22","ENW","02","","","0",""
"06889","EA","03/27/2018 00:00:00","04/04/2022 00:00:00","0","ITSP","03/30/2018 21:56:22","ENW","ITSP","03/30/2018 21:56:22","ENW","02","","","0",""
"07001","EA","03/27/2018 00:00:00","04/04/2022 00:00:00","0","ITSP","03/30/2018 21:56:22","ENW","ITSP","03/30/2018 21:56:22","ENW","02","","","0",""
"07004","EA","03/27/2018 00:00:00","04/04/2022 00:00:00","0","ITSP","03/30/2018 21:56:22","ENW","ITSP","03/30/2018 21:56:22","ENW","02","","","0",""
"07020","EA","03/27/2018 00:00:00","04/04/2022 00:00:00","0","ITSP","03/30/2018 21:56:22","ENW","ITSP","03/30/2018 21:56:22","ENW","02","","","0",""
"07022","EA","03/27/2018 00:00:00","04/04/2022 00:00:00","0","ITSP","03/30/2018 21:56:22","ENW","ITSP","03/30/2018 21:56:22","ENW","02","","","0",""
"07025","EA","03/27/2018 00:00:00","04/04/2022 00:00:00","0","ITSP","03/30/2018 21:56:22","ENW","ITSP","03/30/2018 21:56:22","ENW","02","","","0",""
"07027","EA","03/27/2018 00:00:00","04/04/2022 00:00:00","0","ITSP","03/30/2018 21:56:22","ENW","ITSP","03/30/2018 21:56:22","ENW","02","","","0",""
"07028","EA","03/27/2018 00:00:00","04/04/2022 00:00:00","0","ITSP","03/30/2018 21:56:22","ENW","ITSP","03/30/2018 21:56:22","ENW","02","","","0",""
"07031","EA","03/27/2018 00:00:00","04/04/2022 00:00:00","0","ITSP","03/30/2018 21:56:22","ENW","ITSP","03/30/2018 21:56:22","ENW","02","","","0",""
"07888","EA","03/27/2018 00:00:00","04/04/2022 00:00:00","0","ITSP","03/30/2018 21:56:22","ENW","ITSP","03/30/2018 21:56:22","ENW","02","","","0",""
"07889","EA","03/27/2018 00:00:00","04/04/2022 00:00:00","0","ITSP","03/30/2018 21:56:22","ENW","ITSP","03/30/2018 21:56:22","ENW","02","","","0",""
"08007","EA","03/27/2018 00:00:00","04/04/2022 00:00:00","0","ITSP","03/30/2018 21:56:22","ENW","ITSP","03/30/2018 21:56:22","ENW","03","","","0",""
"08010","EA","03/27/2018 00:00:00","04/04/2022 00:00:00","0","ITSP","03/30/2018 21:56:22","ENW","ITSP","03/30/2018 21:56:22","ENW","03","","","0",""
"08021","EA","03/27/2018 00:00:00","04/04/2022 00:00:00","0","ITSP","03/30/2018 21:56:22","ENW","ITSP","03/30/2018 21:56:22","ENW","03","","","0",""
"08095","EA","03/27/2018 00:00:00","04/04/2022 00:00:00","0","ITSP","03/30/2018 21:56:22","ENW","ITSP","03/30/2018 21:56:22","ENW","03","","","0",""
"08504","EA","03/27/2018 00:00:00","04/04/2022 00:00:00","0","ITSP","03/30/2018 21:56:22","ENW","ITSP","03/30/2018 21:56:22","ENW","03","","","0",""
"08888","EA","03/27/2018 00:00:00","04/04/2022 00:00:00","0","ITSP","03/30/2018 21:56:22","ENW","ITSP","03/30/2018 21:56:22","ENW","03","","","0",""
"08889","EA","03/27/2018 00:00:00","04/04/2022 00:00:00","0","ITSP","03/30/2018 21:56:22","ENW","ITSP","03/30/2018 21:56:22","ENW","03","","","0",""
"09003","EA","03/27/2018 00:00:00","04/04/2022 00:00:00","0","ITSP","03/30/2018 21:56:22","ENW","ITSP","03/30/2018 21:56:22","ENW","03","","","0",""
"09012","EA","03/27/2018 00:00:00","04/04/2022 00:00:00","0","ITSP","03/30/2018 21:56:22","ENW","ITSP","03/30/2018 21:56:22","ENW","03","","","0",""
"09013","EA","03/27/2018 00:00:00","04/04/2022 00:00:00","0","ITSP","03/30/2018 21:56:22","ENW","ITSP","03/30/2018 21:56:22","ENW","03","","","0",""
"09015","EA","03/27/2018 00:00:00","04/04/2022 00:00:00","0","ITSP","03/30/2018 21:56:22","ENW","ITSP","03/30/2018 21:56:22","ENW","03","","","0",""
"09016","EA","03/27/2018 00:00:00","04/04/2022 00:00:00","0","ITSP","03/30/2018 21:56:22","ENW","ITSP","03/30/2018 21:56:22","ENW","03","","","0",""
"09888","EA","03/27/2018 00:00:00","04/04/2022 00:00:00","0","ITSP","03/30/2018 21:56:22","ENW","ITSP","03/30/2018 21:56:22","ENW","03","","","0",""
"09889","EA","03/27/2018 00:00:00","04/04/2022 00:00:00","0","ITSP","03/30/2018 21:56:22","ENW","ITSP","03/30/2018 21:56:22","ENW","03","","","0",""
"10002","EA","03/27/2018 00:00:00","04/04/2022 00:00:00","0","ITSP","03/30/2018 21:56:22","ENW","ITSP","03/30/2018 21:56:22","ENW","03","","","0",""
"10008","EA","03/27/2018 00:00:00","04/04/2022 00:00:00","0","ITSP","03/30/2018 21:56:22","ENW","ITSP","03/30/2018 21:56:22","ENW","03","","","0",""
"10009","EA","03/27/2018 00:00:00","04/04/2022 00:00:00","0","ITSP","03/30/2018 21:56:22","ENW","ITSP","03/30/2018 21:56:22","ENW","03","","","0",""
"10018","EA","03/27/2018 00:00:00","04/04/2022 00:00:00","0","ITSP","03/30/2018 21:56:22","ENW","ITSP","03/30/2018 21:56:22","ENW","03","","","0",""
"10022","EA","03/27/2018 00:00:00","04/04/2022 00:00:00","0","ITSP","03/30/2018 21:56:22","ENW","ITSP","03/30/2018 21:56:22","ENW","03","","","0",""
"10023","EA","03/27/2018 00:00:00","04/04/2022 00:00:00","0","ITSP","03/30/2018 21:56:22","ENW","ITSP","03/30/2018 21:56:22","ENW","03","","","0",""
"10024","EA","03/27/2018 00:00:00","04/04/2022 00:00:00","0","ITSP","03/30/2018 21:56:22","ENW","ITSP","03/30/2018 21:56:22","ENW","03","","","0",""
"10888","EA","03/27/2018 00:00:00","04/04/2022 00:00:00","0","ITSP","03/30/2018 21:56:22","ENW","ITSP","03/30/2018 21:56:22","ENW","03","","","0",""
"10889","EA","03/27/2018 00:00:00","04/04/2022 00:00:00","0","ITSP","03/30/2018 21:56:22","ENW","ITSP","03/30/2018 21:56:22","ENW","03","","","0",""
"11004","EA","03/27/2018 00:00:00","04/04/2022 00:00:00","0","ITSP","03/30/2018 21:56:22","ENW","ITSP","03/30/2018 21:56:22","ENW","03","","","0",""
"11008","EA","03/27/2018 00:00:00","04/04/2022 00:00:00","0","ITSP","03/30/2018 21:56:22","ENW","ITSP","03/30/2018 21:56:22","ENW","03","","","0",""
"11009","EA","03/27/2018 00:00:00","04/04/2022 00:00:00","0","ITSP","03/30/2018 21:56:22","ENW","ITSP","03/30/2018 21:56:22","ENW","03","","","0",""
"11022","EA","03/27/2018 00:00:00","04/04/2022 00:00:00","0","ITSP","03/30/2018 21:56:22","ENW","ITSP","03/30/2018 21:56:22","ENW","03","","","0",""
"11024","EA","03/27/2018 00:00:00","04/04/2022 00:00:00","0","ITSP","03/30/2018 21:56:22","ENW","ITSP","03/30/2018 21:56:22","ENW","03","","","0",""
"11026","EA","03/27/2018 00:00:00","04/04/2022 00:00:00","0","ITSP","03/30/2018 21:56:22","ENW","ITSP","03/30/2018 21:56:22","ENW","03","","","0",""
"11111","EA","03/27/2018 00:00:00","04/04/2022 00:00:00","0","ITSP","03/30/2018 21:56:22","ENW","ITSP","03/30/2018 21:56:22","ENW","03","","","0",""
"11887","EA","03/27/2018 00:00:00","04/04/2022 00:00:00","0","ITSP","03/30/2018 21:56:22","ENW","ITSP","03/30/2018 21:56:22","ENW","03","","","0",""
"11888","EA","03/27/2018 00:00:00","04/04/2022 00:00:00","0","ITSP","03/30/2018 21:56:22","ENW","ITSP","03/30/2018 21:56:22","ENW","03","","","0",""
"11889","EA","03/27/2018 00:00:00","04/04/2022 00:00:00","0","ITSP","03/30/2018 21:56:22","ENW","ITSP","03/30/2018 21:56:22","ENW","03","","","0",""
"11890","EA","03/27/2018 00:00:00","04/04/2022 00:00:00","0","ITSP","03/30/2018 21:56:22","ENW","ITSP","03/30/2018 21:56:22","ENW","03","","","0",""
"12001","EA","03/27/2018 00:00:00","04/04/2022 00:00:00","0","ITSP","03/30/2018 21:56:22","ENW","ITSP","03/30/2018 21:56:22","ENW","04","","","0",""
"12004","EA","03/27/2018 00:00:00","04/04/2022 00:00:00","0","ITSP","03/30/2018 21:56:22","ENW","ITSP","03/30/2018 21:56:22","ENW","04","","","0",""
"12008","EA","03/27/2018 00:00:00","04/04/2022 00:00:00","0","ITSP","03/30/2018 21:56:22","ENW","ITSP","03/30/2018 21:56:22","ENW","04","","","0",""
"12010","EA","03/27/2018 00:00:00","04/04/2022 00:00:00","0","ITSP","03/30/2018 21:56:22","ENW","ITSP","03/30/2018 21:56:22","ENW","04","","","0",""
"12033","EA","03/27/2018 00:00:00","04/04/2022 00:00:00","0","ITSP","03/30/2018 21:56:22","ENW","ITSP","03/30/2018 21:56:22","ENW","04","","","0",""
"12037","EA","03/27/2018 00:00:00","04/04/2022 00:00:00","0","ITSP","03/30/2018 21:56:22","ENW","ITSP","03/30/2018 21:56:22","ENW","04","","","0",""
"12888","EA","03/27/2018 00:00:00","04/04/2022 00:00:00","0","ITSP","03/30/2018 21:56:22","ENW","ITSP","03/30/2018 21:56:22","ENW","04","","","0",""
"12889","EA","03/27/2018 00:00:00","04/04/2022 00:00:00","0","ITSP","03/30/2018 21:56:22","ENW","ITSP","03/30/2018 21:56:22","ENW","04","","","0",""
"13003","EA","03/27/2018 00:00:00","04/04/2022 00:00:00","0","ITSP","03/30/2018 21:56:22","ENW","ITSP","03/30/2018 21:56:22","ENW","04","","","0",""
"13010","EA","03/27/2018 00:00:00","04/04/2022 00:00:00","0","ITSP","03/30/2018 21:56:22","ENW","ITSP","03/30/2018 21:56:22","ENW","04","","","0",""
"13012","EA","03/27/2018 00:00:00","04/04/2022 00:00:00","0","ITSP","03/30/2018 21:56:22","ENW","ITSP","03/30/2018 21:56:22","ENW","04","","","0",""
"13013","EA","03/27/2018 00:00:00","04/04/2022 00:00:00","0","ITSP","03/30/2018 21:56:22","ENW","ITSP","03/30/2018 21:56:22","ENW","04","","","0",""
"13017","EA","03/27/2018 00:00:00","04/04/2022 00:00:00","0","ITSP","03/30/2018 21:56:22","ENW","ITSP","03/30/2018 21:56:22","ENW","04","","","0",""
"13038","EA","03/27/2018 00:00:00","04/04/2022 00:00:00","0","ITSP","03/30/2018 21:56:22","ENW","ITSP","03/30/2018 21:56:22","ENW","04","","","0",""
"13049","EA","03/27/2018 00:00:00","04/04/2022 00:00:00","0","ITSP","03/30/2018 21:56:22","ENW","ITSP","03/30/2018 21:56:22","ENW","04","","","0",""
"13078","EA","03/27/2018 00:00:00","04/04/2022 00:00:00","0","ITSP","03/30/2018 21:56:22","ENW","ITSP","03/30/2018 21:56:22","ENW","04","","","0",""
"13093","EA","03/27/2018 00:00:00","04/04/2022 00:00:00","0","ITSP","03/30/2018 21:56:22","ENW","ITSP","03/30/2018 21:56:22","ENW","04","","","0",""
"13099","EA","03/27/2018 00:00:00","04/04/2022 00:00:00","0","ITSP","03/30/2018 21:56:22","ENW","ITSP","03/30/2018 21:56:22","ENW","04","","","0",""
"13149","EA","03/27/2018 00:00:00","04/04/2022 00:00:00","0","ITSP","03/30/2018 21:56:22","ENW","ITSP","03/30/2018 21:56:22","ENW","04","","","0",""
"13153","EA","03/27/2018 00:00:00","04/04/2022 00:00:00","0","ITSP","03/30/2018 21:56:22","ENW","ITSP","03/30/2018 21:56:22","ENW","04","","","0",""
"13157","EA","03/27/2018 00:00:00","04/04/2022 00:00:00","0","ITSP","03/30/2018 21:56:22","ENW","ITSP","03/30/2018 21:56:22","ENW","04","","","0",""
"13160","EA","03/27/2018 00:00:00","04/04/2022 00:00:00","0","ITSP","03/30/2018 21:56:22","ENW","ITSP","03/30/2018 21:56:22","ENW","04","","","0",""
"13161","EA","03/27/2018 00:00:00","04/04/2022 00:00:00","0","ITSP","03/30/2018 21:56:22","ENW","ITSP","03/30/2018 21:56:22","ENW","04","","","0",""
"13162","EA","03/27/2018 00:00:00","04/04/2022 00:00:00","0","ITSP","03/30/2018 21:56:22","ENW","ITSP","03/30/2018 21:56:22","ENW","04","","","0",""
"13163","EA","03/27/2018 00:00:00","04/04/2022 00:00:00","0","ITSP","03/30/2018 21:56:22","ENW","ITSP","03/30/2018 21:56:22","ENW","04","","","0",""
"13164","EA","03/27/2018 00:00:00","04/04/2022 00:00:00","0","ITSP","03/30/2018 21:56:22","ENW","ITSP","03/30/2018 21:56:22","ENW","04","","","0",""
"13165","EA","03/27/2018 00:00:00","04/04/2022 00:00:00","0","ITSP","03/30/2018 21:56:22","ENW","ITSP","03/30/2018 21:56:22","ENW","04","","","0",""
"13180","EA","03/27/2018 00:00:00","04/04/2022 00:00:00","0","ITSP","03/30/2018 21:56:22","ENW","ITSP","03/30/2018 21:56:22","ENW","04","","","0",""
"13181","EA","03/27/2018 00:00:00","04/04/2022 00:00:00","0","ITSP","03/30/2018 21:56:22","ENW","ITSP","03/30/2018 21:56:22","ENW","04","","","0",""
"13193","EA","03/27/2018 00:00:00","04/04/2022 00:00:00","0","ITSP","03/30/2018 21:56:22","ENW","ITSP","03/30/2018 21:56:22","ENW","04","","","0",""
"13200","EA","03/27/2018 00:00:00","04/04/2022 00:00:00","0","ITSP","03/30/2018 21:56:22","ENW","ITSP","03/30/2018 21:56:22","ENW","04","","","0",""
"13201","EA","03/27/2018 00:00:00","04/04/2022 00:00:00","0","ITSP","03/30/2018 21:56:22","ENW","ITSP","03/30/2018 21:56:22","ENW","04","","","0",""
"13777","EA","03/27/2018 00:00:00","04/04/2022 00:00:00","0","ITSP","03/30/2018 21:56:22","ENW","ITSP","03/30/2018 21:56:22","ENW","04","","","0",""
"13803","EA","03/27/2018 00:00:00","04/04/2022 00:00:00","0","ITSP","03/30/2018 21:56:22","ENW","ITSP","03/30/2018 21:56:22","ENW","04","","","0",""
"13888","EA","03/27/2018 00:00:00","04/04/2022 00:00:00","0","ITSP","03/30/2018 21:56:22","ENW","ITSP","03/30/2018 21:56:22","ENW","04","","","0",""
"13889","EA","03/27/2018 00:00:00","04/04/2022 00:00:00","0","ITSP","03/30/2018 21:56:22","ENW","ITSP","03/30/2018 21:56:22","ENW","04","","","0",""
"13982","EA","03/27/2018 00:00:00","04/04/2022 00:00:00","0","ITSP","03/30/2018 21:56:22","ENW","ITSP","03/30/2018 21:56:22","ENW","04","","","0",""
"13983","EA","03/27/2018 00:00:00","04/04/2022 00:00:00","0","ITSP","03/30/2018 21:56:22","ENW","ITSP","03/30/2018 21:56:22","ENW","04","","","0",""
"13984","EA","03/27/2018 00:00:00","04/04/2022 00:00:00","0","ITSP","03/30/2018 21:56:22","ENW","ITSP","03/30/2018 21:56:22","ENW","04","","","0",""
"13985","EA","03/27/2018 00:00:00","04/04/2022 00:00:00","0","ITSP","03/30/2018 21:56:22","ENW","ITSP","03/30/2018 21:56:22","ENW","04","","","0",""
"13986","EA","03/27/2018 00:00:00","04/04/2022 00:00:00","0","ITSP","03/30/2018 21:56:22","ENW","ITSP","03/30/2018 21:56:22","ENW","04","","","0",""
"13990","EA","03/27/2018 00:00:00","04/04/2022 00:00:00","0","ITSP","03/30/2018 21:56:22","ENW","ITSP","03/30/2018 21:56:22","ENW","04","","","0",""
"14005","EA","03/27/2018 00:00:00","04/04/2022 00:00:00","0","ITSP","03/30/2018 21:56:22","ENW","ITSP","03/30/2018 21:56:22","ENW","04","","","0",""
"14016","EA","03/27/2018 00:00:00","04/04/2022 00:00:00","0","ITSP","03/30/2018 21:56:22","ENW","ITSP","03/30/2018 21:56:22","ENW","04","","","0",""
"14025","EA","03/27/2018 00:00:00","04/04/2022 00:00:00","0","ITSP","03/30/2018 21:56:22","ENW","ITSP","03/30/2018 21:56:22","ENW","04","","","0",""
"14027","EA","03/27/2018 00:00:00","04/04/2022 00:00:00","0","ITSP","03/30/2018 21:56:22","ENW","ITSP","03/30/2018 21:56:22","ENW","04","","","0",""
"14034","EA","03/27/2018 00:00:00","04/04/2022 00:00:00","0","ITSP","03/30/2018 21:56:22","ENW","ITSP","03/30/2018 21:56:22","ENW","04","","","0",""
"14053","EA","03/27/2018 00:00:00","04/04/2022 00:00:00","0","ITSP","03/30/2018 21:56:22","ENW","ITSP","03/30/2018 21:56:22","ENW","04","","","0",""
"14056","EA","03/27/2018 00:00:00","04/04/2022 00:00:00","0","ITSP","03/30/2018 21:56:22","ENW","ITSP","03/30/2018 21:56:22","ENW","04","","","0",""
"14059","EA","03/27/2018 00:00:00","04/04/2022 00:00:00","0","ITSP","03/30/2018 21:56:22","ENW","ITSP","03/30/2018 21:56:22","ENW","04","","","0",""
"14888","EA","03/27/2018 00:00:00","04/04/2022 00:00:00","0","ITSP","03/30/2018 21:56:22","ENW","ITSP","03/30/2018 21:56:22","ENW","04","","","0",""
"14889","EA","03/27/2018 00:00:00","04/04/2022 00:00:00","0","ITSP","03/30/2018 21:56:22","ENW","ITSP","03/30/2018 21:56:22","ENW","04","","","0",""
"15002","EA","03/27/2018 00:00:00","04/04/2022 00:00:00","0","ITSP","03/30/2018 21:56:22","ENW","ITSP","03/30/2018 21:56:22","ENW","03","","","0",""
"15003","EA","03/27/2018 00:00:00","04/04/2022 00:00:00","0","ITSP","03/30/2018 21:56:22","ENW","ITSP","03/30/2018 21:56:22","ENW","03","","","0",""
"15006","EA","03/27/2018 00:00:00","04/04/2022 00:00:00","0","ITSP","03/30/2018 21:56:22","ENW","ITSP","03/30/2018 21:56:22","ENW","03","","","0",""
"15012","EA","03/27/2018 00:00:00","04/04/2022 00:00:00","0","ITSP","03/30/2018 21:56:22","ENW","ITSP","03/30/2018 21:56:22","ENW","03","","","0",""
"15013","EA","03/27/2018 00:00:00","04/04/2022 00:00:00","0","ITSP","03/30/2018 21:56:22","ENW","ITSP","03/30/2018 21:56:22","ENW","03","","","0",""
"15020","EA","03/27/2018 00:00:00","04/04/2022 00:00:00","0","ITSP","03/30/2018 21:56:22","ENW","ITSP","03/30/2018 21:56:22","ENW","03","","","0",""
"15022","EA","03/27/2018 00:00:00","04/04/2022 00:00:00","0","ITSP","03/30/2018 21:56:22","ENW","ITSP","03/30/2018 21:56:22","ENW","03","","","0",""
"15027","EA","03/27/2018 00:00:00","04/04/2022 00:00:00","0","ITSP","03/30/2018 21:56:22","ENW","ITSP","03/30/2018 21:56:22","ENW","03","","","0",""
"15029","EA","03/27/2018 00:00:00","04/04/2022 00:00:00","0","ITSP","03/30/2018 21:56:22","ENW","ITSP","03/30/2018 21:56:22","ENW","03","","","0",""
"15888","EA","03/27/2018 00:00:00","04/04/2022 00:00:00","0","ITSP","03/30/2018 21:56:22","ENW","ITSP","03/30/2018 21:56:22","ENW","03","","","0",""
"15889","EA","03/27/2018 00:00:00","04/04/2022 00:00:00","0","ITSP","03/30/2018 21:56:22","ENW","ITSP","03/30/2018 21:56:22","ENW","03","","","0",""
"16001","EA","03/27/2018 00:00:00","03/31/2019 00:00:00","0","ITSP","03/30/2018 21:56:22","ENW","ITSP","03/30/2018 21:56:22","ENW","05","","","0",""
"16004","EA","03/27/2018 00:00:00","03/31/2019 00:00:00","0","ITSP","03/30/2018 21:56:22","ENW","ITSP","03/30/2018 21:56:22","ENW","05","","","0",""
"16005","EA","03/27/2018 00:00:00","03/31/2019 00:00:00","0","ITSP","03/30/2018 21:56:22","ENW","ITSP","03/30/2018 21:56:22","ENW","05","","","0",""
"16021","EA","03/27/2018 00:00:00","03/31/2019 00:00:00","0","ITSP","03/30/2018 21:56:22","ENW","ITSP","03/30/2018 21:56:22","ENW","05","","","0",""
"16888","EA","03/27/2018 00:00:00","04/04/2022 00:00:00","0","ITSP","03/30/2018 21:56:22","ENW","ITSP","03/30/2018 21:56:22","ENW","05","","","0",""
"16889","EA","03/27/2018 00:00:00","04/04/2022 00:00:00","0","ITSP","03/30/2018 21:56:22","ENW","ITSP","03/30/2018 21:56:22","ENW","05","","","0",""
"17001","EA","03/27/2018 00:00:00","03/31/2019 00:00:00","0","ITSP","03/30/2018 21:56:22","ENW","ITSP","03/30/2018 21:56:22","ENW","05","","","0",""
"17004","EA","03/27/2018 00:00:00","03/31/2019 00:00:00","0","ITSP","03/30/2018 21:56:22","ENW","ITSP","03/30/2018 21:56:22","ENW","05","","","0",""
"17011","EA","03/27/2018 00:00:00","03/31/2019 00:00:00","0","ITSP","03/30/2018 21:56:22","ENW","ITSP","03/30/2018 21:56:22","ENW","05","","","0",""
"17022","EA","03/27/2018 00:00:00","03/31/2019 00:00:00","0","ITSP","03/30/2018 21:56:22","ENW","ITSP","03/30/2018 21:56:22","ENW","05","","","0",""
"17024","EA","03/27/2018 00:00:00","03/31/2019 00:00:00","0","ITSP","03/30/2018 21:56:22","ENW","ITSP","03/30/2018 21:56:22","ENW","05","","","0",""
"17888","EA","03/27/2018 00:00:00","04/04/2022 00:00:00","0","ITSP","03/30/2018 21:56:22","ENW","ITSP","03/30/2018 21:56:22","ENW","05","","","0",""
"17889","EA","03/27/2018 00:00:00","04/04/2022 00:00:00","0","ITSP","03/30/2018 21:56:22","ENW","ITSP","03/30/2018 21:56:22","ENW","05","","","0",""
"18009","EA","03/27/2018 00:00:00","03/31/2019 00:00:00","0","ITSP","03/30/2018 21:56:22","ENW","ITSP","03/30/2018 21:56:22","ENW","05","","","0",""
"18888","EA","03/27/2018 00:00:00","04/04/2022 00:00:00","0","ITSP","03/30/2018 21:56:22","ENW","ITSP","03/30/2018 21:56:22","ENW","05","","","0",""
"18889","EA","03/27/2018 00:00:00","04/04/2022 00:00:00","0","ITSP","03/30/2018 21:56:22","ENW","ITSP","03/30/2018 21:56:22","ENW","05","","","0",""
"19003","EA","03/27/2018 00:00:00","04/04/2022 00:00:00","0","ITSP","03/30/2018 21:56:22","ENW","ITSP","03/30/2018 21:56:22","ENW","04","","","0",""
"19011","EA","03/27/2018 00:00:00","04/04/2022 00:00:00","0","ITSP","03/30/2018 21:56:22","ENW","ITSP","03/30/2018 21:56:22","ENW","04","","","0",""
"19888","EA","03/27/2018 00:00:00","04/04/2022 00:00:00","0","ITSP","03/30/2018 21:56:22","ENW","ITSP","03/30/2018 21:56:22","ENW","04","","","0",""
"19889","EA","03/27/2018 00:00:00","04/04/2022 00:00:00","0","ITSP","03/30/2018 21:56:22","ENW","ITSP","03/30/2018 21:56:22","ENW","04","","","0",""
"20001","EA","03/27/2018 00:00:00","04/04/2022 00:00:00","0","ITSP","03/30/2018 21:56:22","ENW","ITSP","03/30/2018 21:56:22","ENW","03","","","0",""
"20004","EA","03/27/2018 00:00:00","04/04/2022 00:00:00","0","ITSP","03/30/2018 21:56:22","ENW","ITSP","03/30/2018 21:56:22","ENW","03","","","0",""
"20005","EA","03/27/2018 00:00:00","04/04/2022 00:00:00","0","ITSP","03/30/2018 21:56:22","ENW","ITSP","03/30/2018 21:56:22","ENW","03","","","0",""
"20010","EA","03/27/2018 00:00:00","04/04/2022 00:00:00","0","ITSP","03/30/2018 21:56:22","ENW","ITSP","03/30/2018 21:56:22","ENW","03","","","0",""
"20017","EA","03/27/2018 00:00:00","04/04/2022 00:00:00","0","ITSP","03/30/2018 21:56:22","ENW","ITSP","03/30/2018 21:56:22","ENW","03","","","0",""
"20022","EA","03/27/2018 00:00:00","04/04/2022 00:00:00","0","ITSP","03/30/2018 21:56:22","ENW","ITSP","03/30/2018 21:56:22","ENW","03","","","0",""
"20023","EA","03/27/2018 00:00:00","04/04/2022 00:00:00","0","ITSP","03/30/2018 21:56:22","ENW","ITSP","03/30/2018 21:56:22","ENW","03","","","0",""
"20888","EA","03/27/2018 00:00:00","04/04/2022 00:00:00","0","ITSP","03/30/2018 21:56:22","ENW","ITSP","03/30/2018 21:56:22","ENW","03","","","0",""
"20889","EA","03/27/2018 00:00:00","04/04/2022 00:00:00","0","ITSP","03/30/2018 21:56:22","ENW","ITSP","03/30/2018 21:56:22","ENW","03","","","0",""
"21002","EA","03/27/2018 00:00:00","04/04/2022 00:00:00","0","ITSP","03/30/2018 21:56:22","ENW","ITSP","04/09/2018 00:00:00","ENW","05","","","0",""
"21004","EA","03/27/2018 00:00:00","04/04/2022 00:00:00","0","ITSP","03/30/2018 21:56:22","ENW","ITSP","04/09/2018 00:00:00","ENW","05","","","0",""
"21888","EA","03/27/2018 00:00:00","04/04/2022 00:00:00","0","ITSP","03/30/2018 21:56:22","ENW","ITSP","03/30/2018 21:56:22","ENW","03","","","0",""
"21889","EA","03/27/2018 00:00:00","04/04/2022 00:00:00","0","ITSP","03/30/2018 21:56:22","ENW","ITSP","03/30/2018 21:56:22","ENW","03","","","0",""
"21890","EA","03/27/2018 00:00:00","04/04/2022 00:00:00","0","ITSP","03/30/2018 21:56:22","ENW","ITSP","04/09/2018 00:00:00","ENW","05","","","0",""
"22002","EA","03/27/2018 00:00:00","04/04/2022 00:00:00","0","ITSP","03/30/2018 21:56:22","ENW","ITSP","03/30/2018 21:56:22","ENW","05","","","0",""
"22024","EA","03/27/2018 00:00:00","04/04/2022 00:00:00","0","ITSP","03/30/2018 21:56:22","ENW","ITSP","03/30/2018 21:56:22","ENW","05","","","0",""
"22888","EA","03/27/2018 00:00:00","04/04/2022 00:00:00","0","ITSP","03/30/2018 21:56:22","ENW","ITSP","03/30/2018 21:56:22","ENW","05","","","0",""
"22889","EA","03/27/2018 00:00:00","04/04/2022 00:00:00","0","ITSP","03/30/2018 21:56:22","ENW","ITSP","03/30/2018 21:56:22","ENW","05","","","0",""
"22890","EA","03/27/2018 00:00:00","04/04/2022 00:00:00","0","ITSP","03/30/2018 21:56:22","ENW","ITSP","03/30/2018 21:56:22","ENW","05","","","0",""
"23002","EA","03/27/2018 00:00:00","04/04/2022 00:00:00","0","ITSP","03/30/2018 21:56:22","ENW","ITSP","03/30/2018 21:56:22","ENW","05","","","0",""
"23009","EA","03/27/2018 00:00:00","04/04/2022 00:00:00","0","ITSP","03/30/2018 21:56:22","ENW","ITSP","03/30/2018 21:56:22","ENW","05","","","0",""
"23017","EA","03/27/2018 00:00:00","04/04/2022 00:00:00","0","ITSP","03/30/2018 21:56:22","ENW","ITSP","03/30/2018 21:56:22","ENW","05","","","0",""
"23049","EA","03/27/2018 00:00:00","04/04/2022 00:00:00","0","ITSP","03/30/2018 21:56:22","ENW","ITSP","03/30/2018 21:56:22","ENW","05","","","0",""
"23052","EA","03/27/2018 00:00:00","04/04/2022 00:00:00","0","ITSP","03/30/2018 21:56:22","ENW","ITSP","03/30/2018 21:56:22","ENW","05","","","0",""
"23074","EA","03/27/2018 00:00:00","04/04/2022 00:00:00","0","ITSP","03/30/2018 21:56:22","ENW","ITSP","03/30/2018 21:56:22","ENW","05","","","0",""
"23075","EA","03/27/2018 00:00:00","04/04/2022 00:00:00","0","ITSP","03/30/2018 21:56:22","ENW","ITSP","03/30/2018 21:56:22","ENW","05","","","0",""
"23084","EA","03/27/2018 00:00:00","04/04/2022 00:00:00","0","ITSP","03/30/2018 21:56:22","ENW","ITSP","03/30/2018 21:56:22","ENW","05","","","0",""
"23100","EA","03/27/2018 00:00:00","04/04/2022 00:00:00","0","ITSP","03/30/2018 21:56:22","ENW","ITSP","03/30/2018 21:56:22","ENW","05","","","0",""
"23525","EA","03/27/2018 00:00:00","04/04/2022 00:00:00","0","ITSP","03/30/2018 21:56:22","ENW","ITSP","03/30/2018 21:56:22","ENW","05","","","0",""
"23888","EA","03/27/2018 00:00:00","04/04/2022 00:00:00","0","ITSP","03/30/2018 21:56:22","ENW","ITSP","03/30/2018 21:56:22","ENW","05","","","0",""
"23889","EA","03/27/2018 00:00:00","04/04/2022 00:00:00","0","ITSP","03/30/2018 21:56:22","ENW","ITSP","03/30/2018 21:56:22","ENW","05","","","0",""
"23890","EA","03/27/2018 00:00:00","04/04/2022 00:00:00","0","ITSP","03/30/2018 21:56:22","ENW","ITSP","03/30/2018 21:56:22","ENW","05","","","0",""
"23891","EA","03/27/2018 00:00:00","04/04/2022 00:00:00","0","ITSP","03/30/2018 21:56:22","ENW","ITSP","03/30/2018 21:56:22","ENW","05","","","0",""
"24002","EA","03/27/2018 00:00:00","04/04/2022 00:00:00","0","ITSP","03/30/2018 21:56:22","ENW","ITSP","03/30/2018 21:56:22","ENW","05","","","0",""
"24004","EA","03/27/2018 00:00:00","04/04/2022 00:00:00","0","ITSP","03/30/2018 21:56:22","ENW","ITSP","03/30/2018 21:56:22","ENW","05","","","0",""
"24011","EA","03/27/2018 00:00:00","04/04/2022 00:00:00","0","ITSP","03/30/2018 21:56:22","ENW","ITSP","03/30/2018 21:56:22","ENW","05","","","0",""
"24012","EA","03/27/2018 00:00:00","04/04/2022 00:00:00","0","ITSP","03/30/2018 21:56:22","ENW","ITSP","03/30/2018 21:56:22","ENW","05","","","0",""
"24888","EA","03/27/2018 00:00:00","04/04/2022 00:00:00","0","ITSP","03/30/2018 21:56:22","ENW","ITSP","03/30/2018 21:56:22","ENW","05","","","0",""
"24889","EA","03/27/2018 00:00:00","04/04/2022 00:00:00","0","ITSP","03/30/2018 21:56:22","ENW","ITSP","03/30/2018 21:56:22","ENW","05","","","0",""
"24890","EA","03/27/2018 00:00:00","04/04/2022 00:00:00","0","ITSP","03/30/2018 21:56:22","ENW","ITSP","03/30/2018 21:56:22","ENW","05","","","0",""
"25002","EA","03/27/2018 00:00:00","04/04/2022 00:00:00","0","ITSP","03/30/2018 21:56:22","ENW","ITSP","03/30/2018 21:56:22","ENW","06","","","0",""
"25007","EA","03/27/2018 00:00:00","04/04/2022 00:00:00","0","ITSP","03/30/2018 21:56:22","ENW","ITSP","03/30/2018 21:56:22","ENW","06","","","0",""
"25008","EA","03/27/2018 00:00:00","04/04/2022 00:00:00","0","ITSP","03/30/2018 21:56:22","ENW","ITSP","03/30/2018 21:56:22","ENW","06","","","0",""
"25888","EA","03/27/2018 00:00:00","04/04/2022 00:00:00","0","ITSP","03/30/2018 21:56:22","ENW","ITSP","03/30/2018 21:56:22","ENW","06","","","0",""
"25889","EA","03/27/2018 00:00:00","04/04/2022 00:00:00","0","ITSP","03/30/2018 21:56:22","ENW","ITSP","03/30/2018 21:56:22","ENW","06","","","0",""
"26008","EA","03/27/2018 00:00:00","04/04/2022 00:00:00","0","ITSP","03/30/2018 21:56:22","ENW","ITSP","03/30/2018 21:56:22","ENW","06","","","0",""
"26011","EA","03/27/2018 00:00:00","04/04/2022 00:00:00","0","ITSP","03/30/2018 21:56:22","ENW","ITSP","03/30/2018 21:56:22","ENW","06","","","0",""
"26014","EA","03/27/2018 00:00:00","04/04/2022 00:00:00","0","ITSP","03/30/2018 21:56:22","ENW","ITSP","03/30/2018 21:56:22","ENW","06","","","0",""
"26023","EA","03/27/2018 00:00:00","04/04/2022 00:00:00","0","ITSP","03/30/2018 21:56:22","ENW","ITSP","03/30/2018 21:56:22","ENW","06","","","0",""
"26024","EA","03/27/2018 00:00:00","04/04/2022 00:00:00","0","ITSP","03/30/2018 21:56:22","ENW","ITSP","03/30/2018 21:56:22","ENW","06","","","0",""
"26888","EA","03/27/2018 00:00:00","04/04/2022 00:00:00","0","ITSP","03/30/2018 21:56:22","ENW","ITSP","03/30/2018 21:56:22","ENW","06","","","0",""
"26889","EA","03/27/2018 00:00:00","04/04/2022 00:00:00","0","ITSP","03/30/2018 21:56:22","ENW","ITSP","03/30/2018 21:56:22","ENW","06","","","0",""
"27001","EA","03/27/2018 00:00:00","04/04/2022 00:00:00","0","ITSP","03/30/2018 21:56:22","ENW","ITSP","03/30/2018 21:56:22","ENW","06","","","0",""
"27004","EA","03/27/2018 00:00:00","04/04/2022 00:00:00","0","ITSP","03/30/2018 21:56:22","ENW","ITSP","03/30/2018 21:56:22","ENW","06","","","0",""
"27014","EA","03/27/2018 00:00:00","04/04/2022 00:00:00","0","ITSP","03/30/2018 21:56:22","ENW","ITSP","03/30/2018 21:56:22","ENW","06","","","0",""
"27042","EA","03/27/2018 00:00:00","04/04/2022 00:00:00","0","ITSP","03/30/2018 21:56:22","ENW","ITSP","03/30/2018 21:56:22","ENW","06","","","0",""
"27068","EA","03/27/2018 00:00:00","04/04/2022 00:00:00","0","ITSP","03/30/2018 21:56:22","ENW","ITSP","03/30/2018 21:56:22","ENW","06","","","0",""
"27070","EA","03/27/2018 00:00:00","04/04/2022 00:00:00","0","ITSP","03/30/2018 21:56:22","ENW","ITSP","03/30/2018 21:56:22","ENW","06","","","0",""
"27073","EA","03/27/2018 00:00:00","04/04/2022 00:00:00","0","ITSP","03/30/2018 21:56:22","ENW","ITSP","03/30/2018 21:56:22","ENW","06","","","0",""
"27074","EA","03/27/2018 00:00:00","04/04/2022 00:00:00","0","ITSP","03/30/2018 21:56:22","ENW","ITSP","03/30/2018 21:56:22","ENW","06","","","0",""
"27086","EA","03/27/2018 00:00:00","04/04/2022 00:00:00","0","ITSP","03/30/2018 21:56:22","ENW","ITSP","03/30/2018 21:56:22","ENW","06","","","0",""
"27091","EA","03/27/2018 00:00:00","04/04/2022 00:00:00","0","ITSP","03/30/2018 21:56:22","ENW","ITSP","03/30/2018 21:56:22","ENW","06","","","0",""
"27803","EA","03/27/2018 00:00:00","04/04/2022 00:00:00","0","ITSP","03/30/2018 21:56:22","ENW","ITSP","03/30/2018 21:56:22","ENW","06","","","0",""
"27806","EA","03/27/2018 00:00:00","04/04/2022 00:00:00","0","ITSP","03/30/2018 21:56:22","ENW","ITSP","03/30/2018 21:56:22","ENW","06","","","0",""
"27888","EA","03/27/2018 00:00:00","04/04/2022 00:00:00","0","ITSP","03/30/2018 21:56:22","ENW","ITSP","03/30/2018 21:56:22","ENW","06","","","0",""
"27889","EA","03/27/2018 00:00:00","04/04/2022 00:00:00","0","ITSP","03/30/2018 21:56:22","ENW","ITSP","03/30/2018 21:56:22","ENW","06","","","0",""
"27890","EA","03/27/2018 00:00:00","04/04/2022 00:00:00","0","ITSP","03/30/2018 21:56:22","ENW","ITSP","03/30/2018 21:56:22","ENW","06","","","0",""
"28008","EA","03/27/2018 00:00:00","04/04/2022 00:00:00","0","ITSP","03/30/2018 21:56:22","ENW","ITSP","03/30/2018 21:56:22","ENW","06","","","0",""
"28022","EA","03/27/2018 00:00:00","04/04/2022 00:00:00","0","ITSP","03/30/2018 21:56:22","ENW","ITSP","03/30/2018 21:56:22","ENW","06","","","0",""
"28023","EA","03/27/2018 00:00:00","04/04/2022 00:00:00","0","ITSP","03/30/2018 21:56:22","ENW","ITSP","03/30/2018 21:56:22","ENW","06","","","0",""
"28026","EA","03/27/2018 00:00:00","04/04/2022 00:00:00","0","ITSP","03/30/2018 21:56:22","ENW","ITSP","03/30/2018 21:56:22","ENW","06","","","0",""
"28036","EA","03/27/2018 00:00:00","04/04/2022 00:00:00","0","ITSP","03/30/2018 21:56:22","ENW","ITSP","03/30/2018 21:56:22","ENW","06","","","0",""
"28037","EA","03/27/2018 00:00:00","04/04/2022 00:00:00","0","ITSP","03/30/2018 21:56:22","ENW","ITSP","03/30/2018 21:56:22","ENW","06","","","0",""
"28888","EA","03/27/2018 00:00:00","04/04/2022 00:00:00","0","ITSP","03/30/2018 21:56:22","ENW","ITSP","03/30/2018 21:56:22","ENW","06","","","0",""
"28889","EA","03/27/2018 00:00:00","04/04/2022 00:00:00","0","ITSP","03/30/2018 21:56:22","ENW","ITSP","03/30/2018 21:56:22","ENW","06","","","0",""
"29005","EA","03/27/2018 00:00:00","04/04/2022 00:00:00","0","ITSP","03/30/2018 21:56:22","ENW","ITSP","03/30/2018 21:56:22","ENW","06","","","0",""
"29010","EA","03/27/2018 00:00:00","04/04/2022 00:00:00","0","ITSP","03/30/2018 21:56:22","ENW","ITSP","03/30/2018 21:56:22","ENW","06","","","0",""
"29012","EA","03/27/2018 00:00:00","04/04/2022 00:00:00","0","ITSP","03/30/2018 21:56:22","ENW","ITSP","03/30/2018 21:56:22","ENW","06","","","0",""
"29015","EA","03/27/2018 00:00:00","04/04/2022 00:00:00","0","ITSP","03/30/2018 21:56:22","ENW","ITSP","03/30/2018 21:56:22","ENW","06","","","0",""
"29016","EA","03/27/2018 00:00:00","04/04/2022 00:00:00","0","ITSP","03/30/2018 21:56:22","ENW","ITSP","03/30/2018 21:56:22","ENW","06","","","0",""
"29888","EA","03/27/2018 00:00:00","04/04/2022 00:00:00","0","ITSP","03/30/2018 21:56:22","ENW","ITSP","03/30/2018 21:56:22","ENW","06","","","0",""
"29889","EA","03/27/2018 00:00:00","04/04/2022 00:00:00","0","ITSP","03/30/2018 21:56:22","ENW","ITSP","03/30/2018 21:56:22","ENW","06","","","0",""
"30008","EA","03/27/2018 00:00:00","04/04/2022 00:00:00","0","ITSP","03/30/2018 21:56:22","ENW","ITSP","03/30/2018 21:56:22","ENW","06","","","0",""
"30016","EA","03/27/2018 00:00:00","04/04/2022 00:00:00","0","ITSP","03/30/2018 21:56:22","ENW","ITSP","03/30/2018 21:56:22","ENW","06","","","0",""
"30017","EA","03/27/2018 00:00:00","04/04/2022 00:00:00","0","ITSP","03/30/2018 21:56:22","ENW","ITSP","03/30/2018 21:56:22","ENW","06","","","0",""
"30018","EA","03/27/2018 00:00:00","04/04/2022 00:00:00","0","ITSP","03/30/2018 21:56:22","ENW","ITSP","03/30/2018 21:56:22","ENW","06","","","0",""
"30502","EA","03/27/2018 00:00:00","04/04/2022 00:00:00","0","ITSP","03/30/2018 21:56:22","ENW","ITSP","03/30/2018 21:56:22","ENW","06","","","0",""
"30888","EA","03/27/2018 00:00:00","04/04/2022 00:00:00","0","ITSP","03/30/2018 21:56:22","ENW","ITSP","03/30/2018 21:56:22","ENW","06","","","0",""
"30889","EA","03/27/2018 00:00:00","04/04/2022 00:00:00","0","ITSP","03/30/2018 21:56:22","ENW","ITSP","03/30/2018 21:56:22","ENW","06","","","0",""
"31888","EA","03/27/2018 00:00:00","04/04/2022 00:00:00","0","ITSP","03/30/2018 21:56:22","ENW","ITSP","03/30/2018 21:56:22","ENW","07","","","0",""
"31889","EA","03/27/2018 00:00:00","04/04/2022 00:00:00","0","ITSP","03/30/2018 21:56:22","ENW","ITSP","03/30/2018 21:56:22","ENW","07","","","0",""
"32888","EA","03/27/2018 00:00:00","04/04/2022 00:00:00","0","ITSP","03/30/2018 21:56:22","ENW","ITSP","03/30/2018 21:56:22","ENW","07","","","0",""
"32889","EA","03/27/2018 00:00:00","04/04/2022 00:00:00","0","ITSP","03/30/2018 21:56:22","ENW","ITSP","03/30/2018 21:56:22","ENW","07","","","0",""
"33888","EA","03/27/2018 00:00:00","04/04/2022 00:00:00","0","ITSP","03/30/2018 21:56:22","ENW","ITSP","03/30/2018 21:56:22","ENW","07","","","0",""
"33889","EA","03/27/2018 00:00:00","04/04/2022 00:00:00","0","ITSP","03/30/2018 21:56:22","ENW","ITSP","03/30/2018 21:56:22","ENW","07","","","0",""
"34003","EA","03/27/2018 00:00:00","04/04/2022 00:00:00","0","ITSP","03/30/2018 21:56:22","ENW","ITSP","03/30/2018 21:56:22","ENW","07","","","0",""
"34010","EA","03/27/2018 00:00:00","04/04/2022 00:00:00","0","ITSP","03/30/2018 21:56:22","ENW","ITSP","03/30/2018 21:56:22","ENW","07","","","0",""
"34012","EA","03/27/2018 00:00:00","04/04/2022 00:00:00","0","ITSP","03/30/2018 21:56:22","ENW","ITSP","03/30/2018 21:56:22","ENW","07","","","0",""
"34019","EA","03/27/2018 00:00:00","04/04/2022 00:00:00","0","ITSP","03/30/2018 21:56:22","ENW","ITSP","03/30/2018 21:56:22","ENW","07","","","0",""
"34031","EA","03/27/2018 00:00:00","04/04/2022 00:00:00","0","ITSP","03/30/2018 21:56:22","ENW","ITSP","03/30/2018 21:56:22","ENW","07","","","0",""
"34037","EA","03/27/2018 00:00:00","04/04/2022 00:00:00","0","ITSP","03/30/2018 21:56:22","ENW","ITSP","03/30/2018 21:56:22","ENW","07","","","0",""
"34040","EA","03/27/2018 00:00:00","04/04/2022 00:00:00","0","ITSP","03/30/2018 21:56:22","ENW","ITSP","03/30/2018 21:56:22","ENW","07","","","0",""
"34041","EA","03/27/2018 00:00:00","04/04/2022 00:00:00","0","ITSP","03/30/2018 21:56:22","ENW","ITSP","03/30/2018 21:56:22","ENW","07","","","0",""
"34044","EA","03/27/2018 00:00:00","04/04/2022 00:00:00","0","ITSP","03/30/2018 21:56:22","ENW","ITSP","03/30/2018 21:56:22","ENW","07","","","0",""
"34888","EA","03/27/2018 00:00:00","04/04/2022 00:00:00","0","ITSP","03/30/2018 21:56:22","ENW","ITSP","03/30/2018 21:56:22","ENW","07","","","0",""
"34889","EA","03/27/2018 00:00:00","04/04/2022 00:00:00","0","ITSP","03/30/2018 21:56:22","ENW","ITSP","03/30/2018 21:56:22","ENW","07","","","0",""
"34890","EA","03/27/2018 00:00:00","04/04/2022 00:00:00","0","ITSP","03/30/2018 21:56:22","ENW","ITSP","03/30/2018 21:56:22","ENW","07","","","0",""
"35002","EA","03/27/2018 00:00:00","04/04/2022 00:00:00","0","ITSP","03/30/2018 21:56:22","ENW","ITSP","03/30/2018 21:56:22","ENW","07","","","0",""
"35003","EA","03/27/2018 00:00:00","04/04/2022 00:00:00","0","ITSP","03/30/2018 21:56:22","ENW","ITSP","03/30/2018 21:56:22","ENW","07","","","0",""
"35013","EA","03/27/2018 00:00:00","04/04/2022 00:00:00","0","ITSP","03/30/2018 21:56:22","ENW","ITSP","03/30/2018 21:56:22","ENW","07","","","0",""
"35019","EA","03/27/2018 00:00:00","04/04/2022 00:00:00","0","ITSP","03/30/2018 21:56:22","ENW","ITSP","03/30/2018 21:56:22","ENW","07","","","0",""
"35022","EA","03/27/2018 00:00:00","04/04/2022 00:00:00","0","ITSP","03/30/2018 21:56:22","ENW","ITSP","03/30/2018 21:56:22","ENW","07","","","0",""
"35888","EA","03/27/2018 00:00:00","04/04/2022 00:00:00","0","ITSP","03/30/2018 21:56:22","ENW","ITSP","03/30/2018 21:56:22","ENW","07","","","0",""
"35889","EA","03/27/2018 00:00:00","04/04/2022 00:00:00","0","ITSP","03/30/2018 21:56:22","ENW","ITSP","03/30/2018 21:56:22","ENW","07","","","0",""
"36888","EA","03/27/2018 00:00:00","04/04/2022 00:00:00","0","ITSP","03/30/2018 21:56:22","ENW","ITSP","03/30/2018 21:56:22","ENW","07","","","0",""
"36889","EA","03/27/2018 00:00:00","04/04/2022 00:00:00","0","ITSP","03/30/2018 21:56:22","ENW","ITSP","03/30/2018 21:56:22","ENW","07","","","0",""
"37001","EA","03/27/2018 00:00:00","04/04/2022 00:00:00","0","ITSP","03/30/2018 21:56:22","ENW","ITSP","03/30/2018 21:56:22","ENW","07","","","0",""
"37010","EA","03/27/2018 00:00:00","04/04/2022 00:00:00","0","ITSP","03/30/2018 21:56:22","ENW","ITSP","03/30/2018 21:56:22","ENW","07","","","0",""
"37017","EA","03/27/2018 00:00:00","04/04/2022 00:00:00","0","ITSP","03/30/2018 21:56:22","ENW","ITSP","03/30/2018 21:56:22","ENW","07","","","0",""
"37021","EA","03/27/2018 00:00:00","04/04/2022 00:00:00","0","ITSP","03/30/2018 21:56:22","ENW","ITSP","03/30/2018 21:56:22","ENW","07","","","0",""
"37023","EA","03/27/2018 00:00:00","04/04/2022 00:00:00","0","ITSP","03/30/2018 21:56:22","ENW","ITSP","03/30/2018 21:56:22","ENW","07","","","0",""
"37888","EA","03/27/2018 00:00:00","04/04/2022 00:00:00","0","ITSP","03/30/2018 21:56:22","ENW","ITSP","03/30/2018 21:56:22","ENW","07","","","0",""
"37889","EA","03/27/2018 00:00:00","04/04/2022 00:00:00","0","ITSP","03/30/2018 21:56:22","ENW","ITSP","03/30/2018 21:56:22","ENW","07","","","0",""
"38010","EA","03/27/2018 00:00:00","04/04/2022 00:00:00","0","ITSP","03/30/2018 21:56:22","ENW","ITSP","03/30/2018 21:56:22","ENW","07","","","0",""
"38019","EA","03/27/2018 00:00:00","04/04/2022 00:00:00","0","ITSP","03/30/2018 21:56:22","ENW","ITSP","03/30/2018 21:56:22","ENW","07","","","0",""
"38888","EA","03/27/2018 00:00:00","04/04/2022 00:00:00","0","ITSP","03/30/2018 21:56:22","ENW","ITSP","03/30/2018 21:56:22","ENW","07","","","0",""
"38889","EA","03/27/2018 00:00:00","04/04/2022 00:00:00","0","ITSP","03/30/2018 21:56:22","ENW","ITSP","03/30/2018 21:56:22","ENW","07","","","0",""
"39001","EA","03/27/2018 00:00:00","04/04/2022 00:00:00","0","ITSP","03/30/2018 21:56:22","ENW","ITSP","03/30/2018 21:56:22","ENW","07","","","0",""
"39017","EA","03/27/2018 00:00:00","04/04/2022 00:00:00","0","ITSP","03/30/2018 21:56:22","ENW","ITSP","03/30/2018 21:56:22","ENW","07","","","0",""
"39888","EA","03/27/2018 00:00:00","04/04/2022 00:00:00","0","ITSP","03/30/2018 21:56:22","ENW","ITSP","03/30/2018 21:56:22","ENW","07","","","0",""
"39889","EA","03/27/2018 00:00:00","04/04/2022 00:00:00","0","ITSP","03/30/2018 21:56:22","ENW","ITSP","03/30/2018 21:56:22","ENW","07","","","0",""
"40001","EA","03/27/2018 00:00:00","04/04/2022 00:00:00","0","ITSP","03/30/2018 21:56:22","ENW","ITSP","03/30/2018 21:56:22","ENW","08","","","0",""
"40003","EA","03/27/2018 00:00:00","04/04/2022 00:00:00","0","ITSP","03/30/2018 21:56:22","ENW","ITSP","03/30/2018 21:56:22","ENW","08","","","0",""
"40004","EA","03/27/2018 00:00:00","04/04/2022 00:00:00","0","ITSP","03/30/2018 21:56:22","ENW","ITSP","03/30/2018 21:56:22","ENW","08","","","0",""
"40005","EA","03/27/2018 00:00:00","04/04/2022 00:00:00","0","ITSP","03/30/2018 21:56:22","ENW","ITSP","03/30/2018 21:56:22","ENW","08","","","0",""
"40007","EA","03/27/2018 00:00:00","04/04/2022 00:00:00","0","ITSP","03/30/2018 21:56:22","ENW","ITSP","03/30/2018 21:56:22","ENW","08","","","0",""
"40010","EA","03/27/2018 00:00:00","04/04/2022 00:00:00","0","ITSP","03/30/2018 21:56:22","ENW","ITSP","03/30/2018 21:56:22","ENW","08","","","0",""
"40014","EA","03/27/2018 00:00:00","04/04/2022 00:00:00","0","ITSP","03/30/2018 21:56:22","ENW","ITSP","03/30/2018 21:56:22","ENW","08","","","0",""
"40016","EA","03/27/2018 00:00:00","04/04/2022 00:00:00","0","ITSP","03/30/2018 21:56:22","ENW","ITSP","03/30/2018 21:56:22","ENW","08","","","0",""
"40018","EA","03/27/2018 00:00:00","04/04/2022 00:00:00","0","ITSP","03/30/2018 21:56:22","ENW","ITSP","03/30/2018 21:56:22","ENW","08","","","0",""
"40022","EA","03/27/2018 00:00:00","04/04/2022 00:00:00","0","ITSP","03/30/2018 21:56:22","ENW","ITSP","03/30/2018 21:56:22","ENW","08","","","0",""
"40026","EA","03/27/2018 00:00:00","04/04/2022 00:00:00","0","ITSP","03/30/2018 21:56:22","ENW","ITSP","03/30/2018 21:56:22","ENW","08","","","0",""
"40035","EA","03/27/2018 00:00:00","04/04/2022 00:00:00","0","ITSP","03/30/2018 21:56:22","ENW","ITSP","03/30/2018 21:56:22","ENW","08","","","0",""
"40046","EA","03/27/2018 00:00:00","04/04/2022 00:00:00","0","ITSP","03/30/2018 21:56:22","ENW","ITSP","03/30/2018 21:56:22","ENW","08","","","0",""
"40047","EA","03/27/2018 00:00:00","04/04/2022 00:00:00","0","ITSP","03/30/2018 21:56:22","ENW","ITSP","03/30/2018 21:56:22","ENW","08","","","0",""
"40048","EA","03/27/2018 00:00:00","04/04/2022 00:00:00","0","ITSP","03/30/2018 21:56:22","ENW","ITSP","03/30/2018 21:56:22","ENW","08","","","0",""
"40051","EA","03/27/2018 00:00:00","04/04/2022 00:00:00","0","ITSP","03/30/2018 21:56:22","ENW","ITSP","03/30/2018 21:56:22","ENW","08","","","0",""
"40054","EA","03/27/2018 00:00:00","04/04/2022 00:00:00","0","ITSP","03/30/2018 21:56:22","ENW","ITSP","03/30/2018 21:56:22","ENW","08","","","0",""
"40061","EA","03/27/2018 00:00:00","04/04/2022 00:00:00","0","ITSP","03/30/2018 21:56:22","ENW","ITSP","03/30/2018 21:56:22","ENW","08","","","0",""
"40080","EA","03/27/2018 00:00:00","04/04/2022 00:00:00","0","ITSP","03/30/2018 21:56:22","ENW","ITSP","03/30/2018 21:56:22","ENW","08","","","0",""
"40081","EA","03/27/2018 00:00:00","04/04/2022 00:00:00","0","ITSP","03/30/2018 21:56:22","ENW","ITSP","03/30/2018 21:56:22","ENW","08","","","0",""
"40082","EA","03/27/2018 00:00:00","04/04/2022 00:00:00","0","ITSP","03/30/2018 21:56:22","ENW","ITSP","03/30/2018 21:56:22","ENW","08","","","0",""
"40083","EA","03/27/2018 00:00:00","04/04/2022 00:00:00","0","ITSP","03/30/2018 21:56:22","ENW","ITSP","03/30/2018 21:56:22","ENW","08","","","0",""
"40084","EA","03/27/2018 00:00:00","04/04/2022 00:00:00","0","ITSP","03/30/2018 21:56:22","ENW","ITSP","03/30/2018 21:56:22","ENW","08","","","0",""
"40085","EA","03/27/2018 00:00:00","04/04/2022 00:00:00","0","ITSP","03/30/2018 21:56:22","ENW","ITSP","03/30/2018 21:56:22","ENW","08","","","0",""
"40090","EA","03/27/2018 00:00:00","04/04/2022 00:00:00","0","ITSP","03/30/2018 21:56:22","ENW","ITSP","03/30/2018 21:56:22","ENW","08","","","0",""
"40091","EA","03/27/2018 00:00:00","04/04/2022 00:00:00","0","ITSP","03/30/2018 21:56:22","ENW","ITSP","03/30/2018 21:56:22","ENW","08","","","0",""
"40098","EA","03/27/2018 00:00:00","04/04/2022 00:00:00","0","ITSP","03/30/2018 21:56:22","ENW","ITSP","03/30/2018 21:56:22","ENW","08","","","0",""
"40888","EA","03/27/2018 00:00:00","04/04/2022 00:00:00","0","ITSP","03/30/2018 21:56:22","ENW","ITSP","03/30/2018 21:56:22","ENW","08","","","0",""
"40889","EA","03/27/2018 00:00:00","04/04/2022 00:00:00","0","ITSP","03/30/2018 21:56:22","ENW","ITSP","03/30/2018 21:56:22","ENW","08","","","0",""
"40890","EA","03/27/2018 00:00:00","04/04/2022 00:00:00","0","ITSP","03/30/2018 21:56:22","ENW","ITSP","03/30/2018 21:56:22","ENW","08","","","0",""
"41001","EA","03/27/2018 00:00:00","04/04/2022 00:00:00","0","ITSP","03/30/2018 21:56:22","ENW","ITSP","03/30/2018 21:56:22","ENW","08","","","0",""
"41002","EA","03/27/2018 00:00:00","04/04/2022 00:00:00","0","ITSP","03/30/2018 21:56:22","ENW","ITSP","03/30/2018 21:56:22","ENW","08","","","0",""
"41003","EA","03/27/2018 00:00:00","04/04/2022 00:00:00","0","ITSP","03/30/2018 21:56:22","ENW","ITSP","03/30/2018 21:56:22","ENW","08","","","0",""
"41007","EA","03/27/2018 00:00:00","04/04/2022 00:00:00","0","ITSP","03/30/2018 21:56:22","ENW","ITSP","03/30/2018 21:56:22","ENW","08","","","0",""
"41010","EA","03/27/2018 00:00:00","04/04/2022 00:00:00","0","ITSP","03/30/2018 21:56:22","ENW","ITSP","03/30/2018 21:56:22","ENW","08","","","0",""
"41888","EA","03/27/2018 00:00:00","04/04/2022 00:00:00","0","ITSP","03/30/2018 21:56:22","ENW","ITSP","03/30/2018 21:56:22","ENW","08","","","0",""
"41889","EA","03/27/2018 00:00:00","04/04/2022 00:00:00","0","ITSP","03/30/2018 21:56:22","ENW","ITSP","03/30/2018 21:56:22","ENW","08","","","0",""
"42001","EA","03/27/2018 00:00:00","04/04/2022 00:00:00","0","ITSP","03/30/2018 21:56:22","ENW","ITSP","03/30/2018 21:56:22","ENW","08","","","0",""
"42002","EA","03/27/2018 00:00:00","04/04/2022 00:00:00","0","ITSP","03/30/2018 21:56:22","ENW","ITSP","03/30/2018 21:56:22","ENW","08","","","0",""
"42004","EA","03/27/2018 00:00:00","04/04/2022 00:00:00","0","ITSP","03/30/2018 21:56:22","ENW","ITSP","03/30/2018 21:56:22","ENW","08","","","0",""
"42009","EA","03/27/2018 00:00:00","04/04/2022 00:00:00","0","ITSP","03/30/2018 21:56:22","ENW","ITSP","03/30/2018 21:56:22","ENW","08","","","0",""
"42017","EA","03/27/2018 00:00:00","04/04/2022 00:00:00","0","ITSP","03/30/2018 21:56:22","ENW","ITSP","03/30/2018 21:56:22","ENW","08","","","0",""
"42018","EA","03/27/2018 00:00:00","04/04/2022 00:00:00","0","ITSP","03/30/2018 21:56:22","ENW","ITSP","03/30/2018 21:56:22","ENW","08","","","0",""
"42019","EA","03/27/2018 00:00:00","04/04/2022 00:00:00","0","ITSP","03/30/2018 21:56:22","ENW","ITSP","03/30/2018 21:56:22","ENW","08","","","0",""
"42888","EA","03/27/2018 00:00:00","04/04/2022 00:00:00","0","ITSP","03/30/2018 21:56:22","ENW","ITSP","03/30/2018 21:56:22","ENW","08","","","0",""
"42889","EA","03/27/2018 00:00:00","04/04/2022 00:00:00","0","ITSP","03/30/2018 21:56:22","ENW","ITSP","03/30/2018 21:56:22","ENW","08","","","0",""
"43001","EA","03/27/2018 00:00:00","04/04/2022 00:00:00","0","ITSP","03/30/2018 21:56:22","ENW","ITSP","03/30/2018 21:56:22","ENW","08","","","0",""
"43002","EA","03/27/2018 00:00:00","04/04/2022 00:00:00","0","ITSP","03/30/2018 21:56:22","ENW","ITSP","03/30/2018 21:56:22","ENW","08","","","0",""
"43003","EA","03/27/2018 00:00:00","04/04/2022 00:00:00","0","ITSP","03/30/2018 21:56:22","ENW","ITSP","03/30/2018 21:56:22","ENW","08","","","0",""
"43004","EA","03/27/2018 00:00:00","04/04/2022 00:00:00","0","ITSP","03/30/2018 21:56:22","ENW","ITSP","03/30/2018 21:56:22","ENW","08","","","0",""
"43006","EA","03/27/2018 00:00:00","04/04/2022 00:00:00","0","ITSP","03/30/2018 21:56:22","ENW","ITSP","03/30/2018 21:56:22","ENW","08","","","0",""
"43007","EA","03/27/2018 00:00:00","04/04/2022 00:00:00","0","ITSP","03/30/2018 21:56:22","ENW","ITSP","03/30/2018 21:56:22","ENW","08","","","0",""
"43011","EA","03/27/2018 00:00:00","04/04/2022 00:00:00","0","ITSP","03/30/2018 21:56:22","ENW","ITSP","03/30/2018 21:56:22","ENW","08","","","0",""
"43014","EA","03/27/2018 00:00:00","04/04/2022 00:00:00","0","ITSP","03/30/2018 21:56:22","ENW","ITSP","03/30/2018 21:56:22","ENW","08","","","0",""
"43022","EA","03/27/2018 00:00:00","04/04/2022 00:00:00","0","ITSP","03/30/2018 21:56:22","ENW","ITSP","03/30/2018 21:56:22","ENW","08","","","0",""
"43023","EA","03/27/2018 00:00:00","04/04/2022 00:00:00","0","ITSP","03/30/2018 21:56:22","ENW","ITSP","03/30/2018 21:56:22","ENW","08","","","0",""
"43024","EA","03/27/2018 00:00:00","04/04/2022 00:00:00","0","ITSP","03/30/2018 21:56:22","ENW","ITSP","03/30/2018 21:56:22","ENW","08","","","0",""
"43099","EA","03/27/2018 00:00:00","04/04/2022 00:00:00","0","ITSP","03/30/2018 21:56:22","ENW","ITSP","03/30/2018 21:56:22","ENW","08","","","0",""
"43888","EA","03/27/2018 00:00:00","04/04/2022 00:00:00","0","ITSP","03/30/2018 21:56:22","ENW","ITSP","03/30/2018 21:56:22","ENW","08","","","0",""
"43889","EA","03/27/2018 00:00:00","04/04/2022 00:00:00","0","ITSP","03/30/2018 21:56:22","ENW","ITSP","03/30/2018 21:56:22","ENW","08","","","0",""
"44001","EA","03/27/2018 00:00:00","04/04/2022 00:00:00","0","ITSP","03/30/2018 21:56:22","ENW","ITSP","03/30/2018 21:56:22","ENW","08","","","0",""
"44002","EA","03/27/2018 00:00:00","04/04/2022 00:00:00","0","ITSP","03/30/2018 21:56:22","ENW","ITSP","03/30/2018 21:56:22","ENW","08","","","0",""
"44003","EA","03/27/2018 00:00:00","04/04/2022 00:00:00","0","ITSP","03/30/2018 21:56:22","ENW","ITSP","03/30/2018 21:56:22","ENW","08","","","0",""
"44013","EA","03/27/2018 00:00:00","04/04/2022 00:00:00","0","ITSP","03/30/2018 21:56:22","ENW","ITSP","03/30/2018 21:56:22","ENW","08","","","0",""
"44014","EA","03/27/2018 00:00:00","04/04/2022 00:00:00","0","ITSP","03/30/2018 21:56:22","ENW","ITSP","03/30/2018 21:56:22","ENW","08","","","0",""
"44018","EA","03/27/2018 00:00:00","04/04/2022 00:00:00","0","ITSP","03/30/2018 21:56:22","ENW","ITSP","03/30/2018 21:56:22","ENW","08","","","0",""
"44888","EA","03/27/2018 00:00:00","04/04/2022 00:00:00","0","ITSP","03/30/2018 21:56:22","ENW","ITSP","03/30/2018 21:56:22","ENW","08","","","0",""
"44889","EA","03/27/2018 00:00:00","04/04/2022 00:00:00","0","ITSP","03/30/2018 21:56:22","ENW","ITSP","03/30/2018 21:56:22","ENW","08","","","0",""
"45001","EA","03/27/2018 00:00:00","04/04/2022 00:00:00","0","ITSP","03/30/2018 21:56:22","ENW","ITSP","03/30/2018 21:56:22","ENW","08","","","0",""
"45002","EA","03/27/2018 00:00:00","04/04/2022 00:00:00","0","ITSP","03/30/2018 21:56:22","ENW","ITSP","03/30/2018 21:56:22","ENW","08","","","0",""
"45008","EA","03/27/2018 00:00:00","04/04/2022 00:00:00","0","ITSP","03/30/2018 21:56:22","ENW","ITSP","03/30/2018 21:56:22","ENW","08","","","0",""
"45009","EA","03/27/2018 00:00:00","04/04/2022 00:00:00","0","ITSP","03/30/2018 21:56:22","ENW","ITSP","03/30/2018 21:56:22","ENW","08","","","0",""
"45012","EA","03/27/2018 00:00:00","04/04/2022 00:00:00","0","ITSP","03/30/2018 21:56:22","ENW","ITSP","03/30/2018 21:56:22","ENW","08","","","0",""
"45017","EA","03/27/2018 00:00:00","04/04/2022 00:00:00","0","ITSP","03/30/2018 21:56:22","ENW","ITSP","03/30/2018 21:56:22","ENW","08","","","0",""
"45888","EA","03/27/2018 00:00:00","04/04/2022 00:00:00","0","ITSP","03/30/2018 21:56:22","ENW","ITSP","03/30/2018 21:56:22","ENW","08","","","0",""
"46001","EA","03/27/2018 00:00:00","04/04/2022 00:00:00","0","ITSP","03/30/2018 21:56:22","ENW","ITSP","03/30/2018 21:56:22","ENW","08","","","0",""
"46002","EA","03/27/2018 00:00:00","04/04/2022 00:00:00","0","ITSP","03/30/2018 21:56:22","ENW","ITSP","03/30/2018 21:56:22","ENW","08","","","0",""
"46005","EA","03/27/2018 00:00:00","04/04/2022 00:00:00","0","ITSP","03/30/2018 21:56:22","ENW","ITSP","03/30/2018 21:56:22","ENW","08","","","0",""
"46007","EA","03/27/2018 00:00:00","04/04/2022 00:00:00","0","ITSP","03/30/2018 21:56:22","ENW","ITSP","03/30/2018 21:56:22","ENW","08","","","0",""
"46015","EA","03/27/2018 00:00:00","04/04/2022 00:00:00","0","ITSP","03/30/2018 21:56:22","ENW","ITSP","03/30/2018 21:56:22","ENW","08","","","0",""
"46026","EA","03/27/2018 00:00:00","04/04/2022 00:00:00","0","ITSP","03/30/2018 21:56:22","ENW","ITSP","03/30/2018 21:56:22","ENW","08","","","0",""
"46027","EA","03/27/2018 00:00:00","04/04/2022 00:00:00","0","ITSP","03/30/2018 21:56:22","ENW","ITSP","03/30/2018 21:56:22","ENW","08","","","0",""
"46888","EA","03/27/2018 00:00:00","04/04/2022 00:00:00","0","ITSP","03/30/2018 21:56:22","ENW","ITSP","03/30/2018 21:56:22","ENW","08","","","0",""
"46889","EA","03/27/2018 00:00:00","04/04/2022 00:00:00","0","ITSP","03/30/2018 21:56:22","ENW","ITSP","03/30/2018 21:56:22","ENW","08","","","0",""
"47001","EA","03/27/2018 00:00:00","04/04/2022 00:00:00","0","ITSP","03/30/2018 21:56:22","ENW","ITSP","03/30/2018 21:56:22","ENW","08","","","0",""
"47002","EA","03/27/2018 00:00:00","04/04/2022 00:00:00","0","ITSP","03/30/2018 21:56:22","ENW","ITSP","03/30/2018 21:56:22","ENW","08","","","0",""
"47007","EA","03/27/2018 00:00:00","04/04/2022 00:00:00","0","ITSP","03/30/2018 21:56:22","ENW","ITSP","03/30/2018 21:56:22","ENW","08","","","0",""
"47008","EA","03/27/2018 00:00:00","04/04/2022 00:00:00","0","ITSP","03/30/2018 21:56:22","ENW","ITSP","03/30/2018 21:56:22","ENW","08","","","0",""
"47010","EA","03/27/2018 00:00:00","04/04/2022 00:00:00","0","ITSP","03/30/2018 21:56:22","ENW","ITSP","03/30/2018 21:56:22","ENW","08","","","0",""
"47011","EA","03/27/2018 00:00:00","04/04/2022 00:00:00","0","ITSP","03/30/2018 21:56:22","ENW","ITSP","03/30/2018 21:56:22","ENW","08","","","0",""
"47014","EA","03/27/2018 00:00:00","04/04/2022 00:00:00","0","ITSP","03/30/2018 21:56:22","ENW","ITSP","03/30/2018 21:56:22","ENW","08","","","0",""
"47016","EA","03/27/2018 00:00:00","04/04/2022 00:00:00","0","ITSP","03/30/2018 21:56:22","ENW","ITSP","03/30/2018 21:56:22","ENW","08","","","0",""
"47888","EA","03/27/2018 00:00:00","04/04/2022 00:00:00","0","ITSP","03/30/2018 21:56:22","ENW","ITSP","03/30/2018 21:56:22","ENW","08","","","0",""
"47889","EA","03/27/2018 00:00:00","04/04/2022 00:00:00","0","ITSP","03/30/2018 21:56:22","ENW","ITSP","03/30/2018 21:56:22","ENW","08","","","0",""
"01001","EMEC","03/27/2018 00:00:00","10/09/2019 00:00:00","0","ITSP","03/30/2018 21:56:22","ENW","itg40916","10/09/2019 00:00:00","H191136","24","","","0",""
"01003","EMEC","03/27/2018 00:00:00","10/09/2019 00:00:00","0","ITSP","03/30/2018 21:56:22","ENW","itg40916","10/09/2019 00:00:00","H191136","24","","","0",""
"01005","EMEC","03/27/2018 00:00:00","10/09/2019 00:00:00","0","ITSP","03/30/2018 21:56:22","ENW","itg40916","10/09/2019 00:00:00","H191136","24","","","0",""
"01020","EMEC","03/27/2018 00:00:00","10/09/2019 00:00:00","0","ITSP","03/30/2018 21:56:22","ENW","itg40916","10/09/2019 00:00:00","H191136","24","","","0",""
"01029","EMEC","03/27/2018 00:00:00","10/09/2019 00:00:00","0","ITSP","03/30/2018 21:56:22","ENW","itg40916","10/09/2019 00:00:00","H191136","24","","","0",""
"01048","EMEC","03/27/2018 00:00:00","10/09/2019 00:00:00","0","ITSP","03/30/2018 21:56:22","ENW","itg40916","10/09/2019 00:00:00","H191136","24","","","0",""
"01049","EMEC","03/27/2018 00:00:00","10/09/2019 00:00:00","0","ITSP","03/30/2018 21:56:22","ENW","itg40916","10/09/2019 00:00:00","H191136","24","","","0",""
"01050","EMEC","03/27/2018 00:00:00","10/09/2019 00:00:00","0","ITSP","03/30/2018 21:56:22","ENW","itg40916","10/09/2019 00:00:00","H191136","24","","","0",""
"01051","EMEC","03/27/2018 00:00:00","10/09/2019 00:00:00","0","ITSP","03/30/2018 21:56:22","ENW","itg40916","10/09/2019 00:00:00","H191136","24","","","0",""
"01053","EMEC","03/27/2018 00:00:00","10/09/2019 00:00:00","0","ITSP","03/30/2018 21:56:22","ENW","itg40916","10/09/2019 00:00:00","H191136","24","","","0",""
"01888","EMEC","03/27/2018 00:00:00","10/09/2019 00:00:00","0","ITSP","03/30/2018 21:56:22","ENW","itg40916","10/09/2019 00:00:00","H191136","24","","","0",""
"01889","EMEC","03/27/2018 00:00:00","10/09/2019 00:00:00","0","ITSP","03/30/2018 21:56:22","ENW","itg40916","10/09/2019 00:00:00","H191136","24","","","0",""
"02001","EMEC","03/27/2018 00:00:00","10/09/2019 00:00:00","0","ITSP","03/30/2018 21:56:22","ENW","itg40916","10/09/2019 00:00:00","H191136","24","","","0",""
"02003","EMEC","03/27/2018 00:00:00","10/09/2019 00:00:00","0","ITSP","03/30/2018 21:56:22","ENW","itg40916","10/09/2019 00:00:00","H191136","24","","","0",""
"02004","EMEC","03/27/2018 00:00:00","10/09/2019 00:00:00","0","ITSP","03/30/2018 21:56:22","ENW","itg40916","10/09/2019 00:00:00","H191136","24","","","0",""
"02017","EMEC","03/27/2018 00:00:00","10/09/2019 00:00:00","0","ITSP","03/30/2018 21:56:22","ENW","itg40916","10/09/2019 00:00:00","H191136","24","","","0",""
"02018","EMEC","03/27/2018 00:00:00","10/09/2019 00:00:00","0","ITSP","03/30/2018 21:56:22","ENW","itg40916","10/09/2019 00:00:00","H191136","24","","","0",""
"02026","EMEC","03/27/2018 00:00:00","10/09/2019 00:00:00","0","ITSP","03/30/2018 21:56:22","ENW","itg40916","10/09/2019 00:00:00","H191136","24","","","0",""
"02027","EMEC","03/27/2018 00:00:00","10/09/2019 00:00:00","0","ITSP","03/30/2018 21:56:22","ENW","itg40916","10/09/2019 00:00:00","H191136","24","","","0",""
"02888","EMEC","03/27/2018 00:00:00","10/09/2019 00:00:00","0","ITSP","03/30/2018 21:56:22","ENW","itg40916","10/09/2019 00:00:00","H191136","24","","","0",""
"02889","EMEC","03/27/2018 00:00:00","10/09/2019 00:00:00","0","ITSP","03/30/2018 21:56:22","ENW","itg40916","10/09/2019 00:00:00","H191136","24","","","0",""
"03002","EMEC","03/27/2018 00:00:00","10/09/2019 00:00:00","0","ITSP","03/30/2018 21:56:22","ENW","itg40916","10/09/2019 00:00:00","H191136","24","","","0",""
"03005","EMEC","03/27/2018 00:00:00","10/09/2019 00:00:00","0","ITSP","03/30/2018 21:56:22","ENW","itg40916","10/09/2019 00:00:00","H191136","24","","","0",""
"03010","EMEC","03/27/2018 00:00:00","10/09/2019 00:00:00","0","ITSP","03/30/2018 21:56:22","ENW","itg40916","10/09/2019 00:00:00","H191136","24","","","0",""
"03019","EMEC","03/27/2018 00:00:00","10/09/2019 00:00:00","0","ITSP","03/30/2018 21:56:22","ENW","itg40916","10/09/2019 00:00:00","H191136","24","","","0",""
"03025","EMEC","03/27/2018 00:00:00","10/09/2019 00:00:00","0","ITSP","03/30/2018 21:56:22","ENW","itg40916","10/09/2019 00:00:00","H191136","24","","","0",""
"03027","EMEC","03/27/2018 00:00:00","10/09/2019 00:00:00","0","ITSP","03/30/2018 21:56:22","ENW","itg40916","10/09/2019 00:00:00","H191136","24","","","0",""
"03028","EMEC","03/27/2018 00:00:00","10/09/2019 00:00:00","0","ITSP","03/30/2018 21:56:22","ENW","itg40916","10/09/2019 00:00:00","H191136","24","","","0",""
"03888","EMEC","03/27/2018 00:00:00","10/09/2019 00:00:00","0","ITSP","03/30/2018 21:56:22","ENW","itg40916","10/09/2019 00:00:00","H191136","24","","","0",""
"03889","EMEC","03/27/2018 00:00:00","10/09/2019 00:00:00","0","ITSP","03/30/2018 21:56:22","ENW","itg40916","10/09/2019 00:00:00","H191136","24","","","0",""
"04001","EMEC","03/27/2018 00:00:00","10/09/2019 00:00:00","0","ITSP","03/30/2018 21:56:22","ENW","itg40916","10/09/2019 00:00:00","H191136","24","","","0",""
"04002","EMEC","03/27/2018 00:00:00","10/09/2019 00:00:00","0","ITSP","03/30/2018 21:56:22","ENW","itg40916","10/09/2019 00:00:00","H191136","24","","","0",""
"04004","EMEC","03/27/2018 00:00:00","10/09/2019 00:00:00","0","ITSP","03/30/2018 21:56:22","ENW","itg40916","10/09/2019 00:00:00","H191136","24","","","0",""
"04005","EMEC","03/27/2018 00:00:00","10/09/2019 00:00:00","0","ITSP","03/30/2018 21:56:22","ENW","itg40916","10/09/2019 00:00:00","H191136","24","","","0",""
"04014","EMEC","03/27/2018 00:00:00","10/09/2019 00:00:00","0","ITSP","03/30/2018 21:56:22","ENW","itg40916","10/09/2019 00:00:00","H191136","24","","","0",""
"04019","EMEC","03/27/2018 00:00:00","10/09/2019 00:00:00","0","ITSP","03/30/2018 21:56:22","ENW","itg40916","10/09/2019 00:00:00","H191136","24","","","0",""
"04020","EMEC","03/27/2018 00:00:00","10/09/2019 00:00:00","0","ITSP","03/30/2018 21:56:22","ENW","itg40916","10/09/2019 00:00:00","H191136","24","","","0",""
"04030","EMEC","03/27/2018 00:00:00","10/09/2019 00:00:00","0","ITSP","03/30/2018 21:56:22","ENW","itg40916","10/09/2019 00:00:00","H191136","24","","","0",""
"04040","EMEC","03/27/2018 00:00:00","10/09/2019 00:00:00","0","ITSP","03/30/2018 21:56:22","ENW","itg40916","10/09/2019 00:00:00","H191136","24","","","0",""
"04041","EMEC","03/27/2018 00:00:00","10/09/2019 00:00:00","0","ITSP","03/30/2018 21:56:22","ENW","itg40916","10/09/2019 00:00:00","H191136","24","","","0",""
"04042","EMEC","03/27/2018 00:00:00","10/09/2019 00:00:00","0","ITSP","03/30/2018 21:56:22","ENW","itg40916","10/09/2019 00:00:00","H191136","24","","","0",""
"04044","EMEC","03/27/2018 00:00:00","10/09/2019 00:00:00","0","ITSP","03/30/2018 21:56:22","ENW","itg40916","10/09/2019 00:00:00","H191136","24","","","0",""
"04045","EMEC","03/27/2018 00:00:00","10/09/2019 00:00:00","0","ITSP","03/30/2018 21:56:22","ENW","itg40916","10/09/2019 00:00:00","H191136","24","","","0",""
"04046","EMEC","03/27/2018 00:00:00","10/09/2019 00:00:00","0","ITSP","03/30/2018 21:56:22","ENW","itg40916","10/09/2019 00:00:00","H191136","24","","","0",""
"04048","EMEC","03/27/2018 00:00:00","10/09/2019 00:00:00","0","ITSP","03/30/2018 21:56:22","ENW","itg40916","10/09/2019 00:00:00","H191136","24","","","0",""
"04050","EMEC","03/27/2018 00:00:00","10/09/2019 00:00:00","0","ITSP","03/30/2018 21:56:22","ENW","itg40916","10/09/2019 00:00:00","H191136","24","","","0",""
"04051","EMEC","03/27/2018 00:00:00","10/09/2019 00:00:00","0","ITSP","03/30/2018 21:56:22","ENW","itg40916","10/09/2019 00:00:00","H191136","24","","","0",""
"04504","EMEC","03/27/2018 00:00:00","10/09/2019 00:00:00","0","ITSP","03/30/2018 21:56:22","ENW","itg40916","10/09/2019 00:00:00","H191136","24","","","0",""
"04888","EMEC","03/27/2018 00:00:00","10/09/2019 00:00:00","0","ITSP","03/30/2018 21:56:22","ENW","itg40916","10/09/2019 00:00:00","H191136","24","","","0",""
"04889","EMEC","03/27/2018 00:00:00","10/09/2019 00:00:00","0","ITSP","03/30/2018 21:56:22","ENW","itg40916","10/09/2019 00:00:00","H191136","24","","","0",""
"04890","EMEC","03/27/2018 00:00:00","10/09/2019 00:00:00","0","ITSP","03/30/2018 21:56:22","ENW","itg40916","10/09/2019 00:00:00","H191136","24","","","0",""
"05003","EMEC","03/27/2018 00:00:00","10/09/2019 00:00:00","0","ITSP","03/30/2018 21:56:22","ENW","itg40916","10/09/2019 00:00:00","H191136","24","","","0",""
"05007","EMEC","03/27/2018 00:00:00","10/09/2019 00:00:00","0","ITSP","03/30/2018 21:56:22","ENW","itg40916","10/09/2019 00:00:00","H191136","24","","","0",""
"05013","EMEC","03/27/2018 00:00:00","10/09/2019 00:00:00","0","ITSP","03/30/2018 21:56:22","ENW","itg40916","10/09/2019 00:00:00","H191136","24","","","0",""
"05016","EMEC","03/27/2018 00:00:00","10/09/2019 00:00:00","0","ITSP","03/30/2018 21:56:22","ENW","itg40916","10/09/2019 00:00:00","H191136","24","","","0",""
"05017","EMEC","03/27/2018 00:00:00","10/09/2019 00:00:00","0","ITSP","03/30/2018 21:56:22","ENW","itg40916","10/09/2019 00:00:00","H191136","24","","","0",""
"05018","EMEC","03/27/2018 00:00:00","10/09/2019 00:00:00","0","ITSP","03/30/2018 21:56:22","ENW","itg40916","10/09/2019 00:00:00","H191136","24","","","0",""
"05888","EMEC","03/27/2018 00:00:00","10/09/2019 00:00:00","0","ITSP","03/30/2018 21:56:22","ENW","itg40916","10/09/2019 00:00:00","H191136","24","","","0",""
"05889","EMEC","03/27/2018 00:00:00","10/09/2019 00:00:00","0","ITSP","03/30/2018 21:56:22","ENW","itg40916","10/09/2019 00:00:00","H191136","24","","","0",""
"06002","EMEC","03/27/2018 00:00:00","10/09/2019 00:00:00","0","ITSP","03/30/2018 21:56:22","ENW","itg40916","10/09/2019 00:00:00","H191136","24","","","0",""
"06007","EMEC","03/27/2018 00:00:00","10/09/2019 00:00:00","0","ITSP","03/30/2018 21:56:22","ENW","itg40916","10/09/2019 00:00:00","H191136","24","","","0",""
"06010","EMEC","03/27/2018 00:00:00","10/09/2019 00:00:00","0","ITSP","03/30/2018 21:56:22","ENW","itg40916","10/09/2019 00:00:00","H191136","24","","","0",""
"06014","EMEC","03/27/2018 00:00:00","10/09/2019 00:00:00","0","ITSP","03/30/2018 21:56:22","ENW","itg40916","10/09/2019 00:00:00","H191136","24","","","0",""
"06015","EMEC","03/27/2018 00:00:00","10/09/2019 00:00:00","0","ITSP","03/30/2018 21:56:22","ENW","itg40916","10/09/2019 00:00:00","H191136","24","","","0",""
"06016","EMEC","03/27/2018 00:00:00","10/09/2019 00:00:00","0","ITSP","03/30/2018 21:56:22","ENW","itg40916","10/09/2019 00:00:00","H191136","24","","","0",""
"06888","EMEC","03/27/2018 00:00:00","10/09/2019 00:00:00","0","ITSP","03/30/2018 21:56:22","ENW","itg40916","10/09/2019 00:00:00","H191136","24","","","0",""
"06889","EMEC","03/27/2018 00:00:00","10/09/2019 00:00:00","0","ITSP","03/30/2018 21:56:22","ENW","itg40916","10/09/2019 00:00:00","H191136","24","","","0",""
"07001","EMEC","03/27/2018 00:00:00","10/09/2019 00:00:00","0","ITSP","03/30/2018 21:56:22","ENW","itg40916","10/09/2019 00:00:00","H191136","24","","","0",""
"07004","EMEC","03/27/2018 00:00:00","10/09/2019 00:00:00","0","ITSP","03/30/2018 21:56:22","ENW","itg40916","10/09/2019 00:00:00","H191136","24","","","0",""
"07020","EMEC","03/27/2018 00:00:00","10/09/2019 00:00:00","0","ITSP","03/30/2018 21:56:22","ENW","itg40916","10/09/2019 00:00:00","H191136","24","","","0",""
"07022","EMEC","03/27/2018 00:00:00","10/09/2019 00:00:00","0","ITSP","03/30/2018 21:56:22","ENW","itg40916","10/09/2019 00:00:00","H191136","24","","","0",""
"07025","EMEC","03/27/2018 00:00:00","10/09/2019 00:00:00","0","ITSP","03/30/2018 21:56:22","ENW","itg40916","10/09/2019 00:00:00","H191136","24","","","0",""
"07027","EMEC","03/27/2018 00:00:00","10/09/2019 00:00:00","0","ITSP","03/30/2018 21:56:22","ENW","itg40916","10/09/2019 00:00:00","H191136","24","","","0",""
"07028","EMEC","03/27/2018 00:00:00","10/09/2019 00:00:00","0","ITSP","03/30/2018 21:56:22","ENW","itg40916","10/09/2019 00:00:00","H191136","24","","","0",""
"07031","EMEC","03/27/2018 00:00:00","10/09/2019 00:00:00","0","ITSP","03/30/2018 21:56:22","ENW","itg40916","10/09/2019 00:00:00","H191136","24","","","0",""
"07888","EMEC","03/27/2018 00:00:00","10/09/2019 00:00:00","0","ITSP","03/30/2018 21:56:22","ENW","itg40916","10/09/2019 00:00:00","H191136","24","","","0",""
"07889","EMEC","03/27/2018 00:00:00","10/09/2019 00:00:00","0","ITSP","03/30/2018 21:56:22","ENW","itg40916","10/09/2019 00:00:00","H191136","24","","","0",""
"08007","EMEC","03/27/2018 00:00:00","10/09/2019 00:00:00","0","ITSP","03/30/2018 21:56:22","ENW","itg40916","10/09/2019 00:00:00","H191136","24","","","0",""
"08010","EMEC","03/27/2018 00:00:00","10/09/2019 00:00:00","0","ITSP","03/30/2018 21:56:22","ENW","itg40916","10/09/2019 00:00:00","H191136","24","","","0",""
"08021","EMEC","03/27/2018 00:00:00","10/09/2019 00:00:00","0","ITSP","03/30/2018 21:56:22","ENW","itg40916","10/09/2019 00:00:00","H191136","24","","","0",""
"08095","EMEC","03/27/2018 00:00:00","10/09/2019 00:00:00","0","ITSP","03/30/2018 21:56:22","ENW","itg40916","10/09/2019 00:00:00","H191136","24","","","0",""
"08504","EMEC","03/27/2018 00:00:00","10/09/2019 00:00:00","0","ITSP","03/30/2018 21:56:22","ENW","itg40916","10/09/2019 00:00:00","H191136","24","","","0",""
"08888","EMEC","03/27/2018 00:00:00","10/09/2019 00:00:00","0","ITSP","03/30/2018 21:56:22","ENW","itg40916","10/09/2019 00:00:00","H191136","24","","","0",""
"08889","EMEC","03/27/2018 00:00:00","10/09/2019 00:00:00","0","ITSP","03/30/2018 21:56:22","ENW","itg40916","10/09/2019 00:00:00","H191136","24","","","0",""
"09003","EMEC","03/27/2018 00:00:00","10/09/2019 00:00:00","0","ITSP","03/30/2018 21:56:22","ENW","itg40916","10/09/2019 00:00:00","H191136","24","","","0",""
"09012","EMEC","03/27/2018 00:00:00","10/09/2019 00:00:00","0","ITSP","03/30/2018 21:56:22","ENW","itg40916","10/09/2019 00:00:00","H191136","24","","","0",""
"09013","EMEC","03/27/2018 00:00:00","10/09/2019 00:00:00","0","ITSP","03/30/2018 21:56:22","ENW","itg40916","10/09/2019 00:00:00","H191136","24","","","0",""
"09015","EMEC","03/27/2018 00:00:00","10/09/2019 00:00:00","0","ITSP","03/30/2018 21:56:22","ENW","itg40916","10/09/2019 00:00:00","H191136","24","","","0",""
"09016","EMEC","03/27/2018 00:00:00","10/09/2019 00:00:00","0","ITSP","03/30/2018 21:56:22","ENW","itg40916","10/09/2019 00:00:00","H191136","24","","","0",""
"09888","EMEC","03/27/2018 00:00:00","10/09/2019 00:00:00","0","ITSP","03/30/2018 21:56:22","ENW","itg40916","10/09/2019 00:00:00","H191136","24","","","0",""
"09889","EMEC","03/27/2018 00:00:00","10/09/2019 00:00:00","0","ITSP","03/30/2018 21:56:22","ENW","itg40916","10/09/2019 00:00:00","H191136","24","","","0",""
"10002","EMEC","03/27/2018 00:00:00","10/09/2019 00:00:00","0","ITSP","03/30/2018 21:56:22","ENW","itg40916","10/09/2019 00:00:00","H191136","24","","","0",""
"10008","EMEC","03/27/2018 00:00:00","10/09/2019 00:00:00","0","ITSP","03/30/2018 21:56:22","ENW","itg40916","10/09/2019 00:00:00","H191136","24","","","0",""
"10009","EMEC","03/27/2018 00:00:00","10/09/2019 00:00:00","0","ITSP","03/30/2018 21:56:22","ENW","itg40916","10/09/2019 00:00:00","H191136","24","","","0",""
"10018","EMEC","03/27/2018 00:00:00","10/09/2019 00:00:00","0","ITSP","03/30/2018 21:56:22","ENW","itg40916","10/09/2019 00:00:00","H191136","24","","","0",""
"10022","EMEC","03/27/2018 00:00:00","10/09/2019 00:00:00","0","ITSP","03/30/2018 21:56:22","ENW","itg40916","10/09/2019 00:00:00","H191136","24","","","0",""
"10023","EMEC","03/27/2018 00:00:00","10/09/2019 00:00:00","0","ITSP","03/30/2018 21:56:22","ENW","itg40916","10/09/2019 00:00:00","H191136","24","","","0",""
"10024","EMEC","03/27/2018 00:00:00","10/09/2019 00:00:00","0","ITSP","03/30/2018 21:56:22","ENW","itg40916","10/09/2019 00:00:00","H191136","24","","","0",""
"10888","EMEC","03/27/2018 00:00:00","10/09/2019 00:00:00","0","ITSP","03/30/2018 21:56:22","ENW","itg40916","10/09/2019 00:00:00","H191136","24","","","0",""
"10889","EMEC","03/27/2018 00:00:00","10/09/2019 00:00:00","0","ITSP","03/30/2018 21:56:22","ENW","itg40916","10/09/2019 00:00:00","H191136","24","","","0",""
"11004","EMEC","03/27/2018 00:00:00","10/09/2019 00:00:00","0","ITSP","03/30/2018 21:56:22","ENW","itg40916","10/09/2019 00:00:00","H191136","24","","","0",""
"11008","EMEC","03/27/2018 00:00:00","10/09/2019 00:00:00","0","ITSP","03/30/2018 21:56:22","ENW","itg40916","10/09/2019 00:00:00","H191136","24","","","0",""
"11009","EMEC","03/27/2018 00:00:00","10/09/2019 00:00:00","0","ITSP","03/30/2018 21:56:22","ENW","itg40916","10/09/2019 00:00:00","H191136","24","","","0",""
"11022","EMEC","03/27/2018 00:00:00","10/09/2019 00:00:00","0","ITSP","03/30/2018 21:56:22","ENW","itg40916","10/09/2019 00:00:00","H191136","24","","","0",""
"11024","EMEC","03/27/2018 00:00:00","10/09/2019 00:00:00","0","ITSP","03/30/2018 21:56:22","ENW","itg40916","10/09/2019 00:00:00","H191136","24","","","0",""
"11026","EMEC","03/27/2018 00:00:00","10/09/2019 00:00:00","0","ITSP","03/30/2018 21:56:22","ENW","itg40916","10/09/2019 00:00:00","H191136","24","","","0",""
"11111","EMEC","03/27/2018 00:00:00","10/09/2019 00:00:00","0","ITSP","03/30/2018 21:56:22","ENW","itg40916","10/09/2019 00:00:00","H191136","24","","","0",""
"11887","EMEC","03/27/2018 00:00:00","10/09/2019 00:00:00","0","ITSP","03/30/2018 21:56:22","ENW","itg40916","10/09/2019 00:00:00","H191136","24","","","0",""
"11888","EMEC","03/27/2018 00:00:00","10/09/2019 00:00:00","0","ITSP","03/30/2018 21:56:22","ENW","itg40916","10/09/2019 00:00:00","H191136","24","","","0",""
"11889","EMEC","03/27/2018 00:00:00","10/09/2019 00:00:00","0","ITSP","03/30/2018 21:56:22","ENW","itg40916","10/09/2019 00:00:00","H191136","24","","","0",""
"11890","EMEC","03/27/2018 00:00:00","10/09/2019 00:00:00","0","ITSP","03/30/2018 21:56:22","ENW","itg40916","10/09/2019 00:00:00","H191136","24","","","0",""
"12001","EMEC","03/27/2018 00:00:00","10/09/2019 00:00:00","0","ITSP","03/30/2018 21:56:22","ENW","itg40916","10/09/2019 00:00:00","H191136","24","","","0",""
"12004","EMEC","03/27/2018 00:00:00","10/09/2019 00:00:00","0","ITSP","03/30/2018 21:56:22","ENW","itg40916","10/09/2019 00:00:00","H191136","24","","","0",""
"12008","EMEC","03/27/2018 00:00:00","10/09/2019 00:00:00","0","ITSP","03/30/2018 21:56:22","ENW","itg40916","10/09/2019 00:00:00","H191136","24","","","0",""
"12010","EMEC","03/27/2018 00:00:00","10/09/2019 00:00:00","0","ITSP","03/30/2018 21:56:22","ENW","itg40916","10/09/2019 00:00:00","H191136","24","","","0",""
"12033","EMEC","03/27/2018 00:00:00","10/09/2019 00:00:00","0","ITSP","03/30/2018 21:56:22","ENW","itg40916","10/09/2019 00:00:00","H191136","24","","","0",""
"12037","EMEC","03/27/2018 00:00:00","10/09/2019 00:00:00","0","ITSP","03/30/2018 21:56:22","ENW","itg40916","10/09/2019 00:00:00","H191136","24","","","0",""
"12888","EMEC","03/27/2018 00:00:00","10/09/2019 00:00:00","0","ITSP","03/30/2018 21:56:22","ENW","itg40916","10/09/2019 00:00:00","H191136","24","","","0",""
"12889","EMEC","03/27/2018 00:00:00","10/09/2019 00:00:00","0","ITSP","03/30/2018 21:56:22","ENW","itg40916","10/09/2019 00:00:00","H191136","24","","","0",""
"13003","EMEC","03/27/2018 00:00:00","10/09/2019 00:00:00","0","ITSP","03/30/2018 21:56:22","ENW","itg40916","10/09/2019 00:00:00","H191136","24","","","0",""
"13010","EMEC","03/27/2018 00:00:00","10/09/2019 00:00:00","0","ITSP","03/30/2018 21:56:22","ENW","itg40916","10/09/2019 00:00:00","H191136","24","","","0",""
"13012","EMEC","03/27/2018 00:00:00","10/09/2019 00:00:00","0","ITSP","03/30/2018 21:56:22","ENW","itg40916","10/09/2019 00:00:00","H191136","24","","","0",""
"13013","EMEC","03/27/2018 00:00:00","10/09/2019 00:00:00","0","ITSP","03/30/2018 21:56:22","ENW","itg40916","10/09/2019 00:00:00","H191136","24","","","0",""
"13017","EMEC","03/27/2018 00:00:00","10/09/2019 00:00:00","0","ITSP","03/30/2018 21:56:22","ENW","itg40916","10/09/2019 00:00:00","H191136","24","","","0",""
"13038","EMEC","03/27/2018 00:00:00","10/09/2019 00:00:00","0","ITSP","03/30/2018 21:56:22","ENW","itg40916","10/09/2019 00:00:00","H191136","24","","","0",""
"13049","EMEC","03/27/2018 00:00:00","10/09/2019 00:00:00","0","ITSP","03/30/2018 21:56:22","ENW","itg40916","10/09/2019 00:00:00","H191136","24","","","0",""
"13078","EMEC","03/27/2018 00:00:00","10/09/2019 00:00:00","0","ITSP","03/30/2018 21:56:22","ENW","itg40916","10/09/2019 00:00:00","H191136","24","","","0",""
"13093","EMEC","03/27/2018 00:00:00","10/09/2019 00:00:00","0","ITSP","03/30/2018 21:56:22","ENW","itg40916","10/09/2019 00:00:00","H191136","24","","","0",""
"13099","EMEC","03/27/2018 00:00:00","10/09/2019 00:00:00","0","ITSP","03/30/2018 21:56:22","ENW","itg40916","10/09/2019 00:00:00","H191136","24","","","0",""
"13149","EMEC","03/27/2018 00:00:00","10/09/2019 00:00:00","0","ITSP","03/30/2018 21:56:22","ENW","itg40916","10/09/2019 00:00:00","H191136","24","","","0",""
"13153","EMEC","03/27/2018 00:00:00","10/09/2019 00:00:00","0","ITSP","03/30/2018 21:56:22","ENW","itg40916","10/09/2019 00:00:00","H191136","24","","","0",""
"13157","EMEC","03/27/2018 00:00:00","10/09/2019 00:00:00","0","ITSP","03/30/2018 21:56:22","ENW","itg40916","10/09/2019 00:00:00","H191136","24","","","0",""
"13160","EMEC","03/27/2018 00:00:00","10/09/2019 00:00:00","0","ITSP","03/30/2018 21:56:22","ENW","itg40916","10/09/2019 00:00:00","H191136","24","","","0",""
"13161","EMEC","03/27/2018 00:00:00","10/09/2019 00:00:00","0","ITSP","03/30/2018 21:56:22","ENW","itg40916","10/09/2019 00:00:00","H191136","24","","","0",""
"13162","EMEC","03/27/2018 00:00:00","10/09/2019 00:00:00","0","ITSP","03/30/2018 21:56:22","ENW","itg40916","10/09/2019 00:00:00","H191136","24","","","0",""
"13163","EMEC","03/27/2018 00:00:00","10/09/2019 00:00:00","0","ITSP","03/30/2018 21:56:22","ENW","itg40916","10/09/2019 00:00:00","H191136","24","","","0",""
"13164","EMEC","03/27/2018 00:00:00","10/09/2019 00:00:00","0","ITSP","03/30/2018 21:56:22","ENW","itg40916","10/09/2019 00:00:00","H191136","24","","","0",""
"13165","EMEC","03/27/2018 00:00:00","10/09/2019 00:00:00","0","ITSP","03/30/2018 21:56:22","ENW","itg40916","10/09/2019 00:00:00","H191136","24","","","0",""
"13180","EMEC","03/27/2018 00:00:00","10/09/2019 00:00:00","0","ITSP","03/30/2018 21:56:22","ENW","itg40916","10/09/2019 00:00:00","H191136","24","","","0",""
"13181","EMEC","03/27/2018 00:00:00","10/09/2019 00:00:00","0","ITSP","03/30/2018 21:56:22","ENW","itg40916","10/09/2019 00:00:00","H191136","24","","","0",""
"13193","EMEC","03/27/2018 00:00:00","10/09/2019 00:00:00","0","ITSP","03/30/2018 21:56:22","ENW","itg40916","10/09/2019 00:00:00","H191136","24","","","0",""
"13200","EMEC","03/27/2018 00:00:00","10/09/2019 00:00:00","0","ITSP","03/30/2018 21:56:22","ENW","itg40916","10/09/2019 00:00:00","H191136","24","","","0",""
"13201","EMEC","03/27/2018 00:00:00","10/09/2019 00:00:00","0","ITSP","03/30/2018 21:56:22","ENW","itg40916","10/09/2019 00:00:00","H191136","24","","","0",""
"13777","EMEC","03/27/2018 00:00:00","10/09/2019 00:00:00","0","ITSP","03/30/2018 21:56:22","ENW","itg40916","10/09/2019 00:00:00","H191136","24","","","0",""
"13803","EMEC","03/27/2018 00:00:00","10/09/2019 00:00:00","0","ITSP","03/30/2018 21:56:22","ENW","itg40916","10/09/2019 00:00:00","H191136","24","","","0",""
"13888","EMEC","03/27/2018 00:00:00","10/09/2019 00:00:00","0","ITSP","03/30/2018 21:56:22","ENW","itg40916","10/09/2019 00:00:00","H191136","24","","","0",""
"13889","EMEC","03/27/2018 00:00:00","10/09/2019 00:00:00","0","ITSP","03/30/2018 21:56:22","ENW","itg40916","10/09/2019 00:00:00","H191136","24","","","0",""
"13982","EMEC","03/27/2018 00:00:00","10/09/2019 00:00:00","0","ITSP","03/30/2018 21:56:22","ENW","itg40916","10/09/2019 00:00:00","H191136","24","","","0",""
"13983","EMEC","03/27/2018 00:00:00","10/09/2019 00:00:00","0","ITSP","03/30/2018 21:56:22","ENW","itg40916","10/09/2019 00:00:00","H191136","24","","","0",""
"13984","EMEC","03/27/2018 00:00:00","10/09/2019 00:00:00","0","ITSP","03/30/2018 21:56:22","ENW","itg40916","10/09/2019 00:00:00","H191136","24","","","0",""
"13985","EMEC","03/27/2018 00:00:00","10/09/2019 00:00:00","0","ITSP","03/30/2018 21:56:22","ENW","itg40916","10/09/2019 00:00:00","H191136","24","","","0",""
"13986","EMEC","03/27/2018 00:00:00","10/09/2019 00:00:00","0","ITSP","03/30/2018 21:56:22","ENW","itg40916","10/09/2019 00:00:00","H191136","24","","","0",""
"13990","EMEC","03/27/2018 00:00:00","10/09/2019 00:00:00","0","ITSP","03/30/2018 21:56:22","ENW","itg40916","10/09/2019 00:00:00","H191136","24","","","0",""
"14005","EMEC","03/27/2018 00:00:00","10/09/2019 00:00:00","0","ITSP","03/30/2018 21:56:22","ENW","itg40916","10/09/2019 00:00:00","H191136","24","","","0",""
"14016","EMEC","03/27/2018 00:00:00","10/09/2019 00:00:00","0","ITSP","03/30/2018 21:56:22","ENW","itg40916","10/09/2019 00:00:00","H191136","24","","","0",""
"14025","EMEC","03/27/2018 00:00:00","10/09/2019 00:00:00","0","ITSP","03/30/2018 21:56:22","ENW","itg40916","10/09/2019 00:00:00","H191136","24","","","0",""
"14027","EMEC","03/27/2018 00:00:00","10/09/2019 00:00:00","0","ITSP","03/30/2018 21:56:22","ENW","itg40916","10/09/2019 00:00:00","H191136","24","","","0",""
"14034","EMEC","03/27/2018 00:00:00","10/09/2019 00:00:00","0","ITSP","03/30/2018 21:56:22","ENW","itg40916","10/09/2019 00:00:00","H191136","24","","","0",""
"14053","EMEC","03/27/2018 00:00:00","10/09/2019 00:00:00","0","ITSP","03/30/2018 21:56:22","ENW","itg40916","10/09/2019 00:00:00","H191136","24","","","0",""
"14056","EMEC","03/27/2018 00:00:00","10/09/2019 00:00:00","0","ITSP","03/30/2018 21:56:22","ENW","itg40916","10/09/2019 00:00:00","H191136","24","","","0",""
"14059","EMEC","03/27/2018 00:00:00","10/09/2019 00:00:00","0","ITSP","03/30/2018 21:56:22","ENW","itg40916","10/09/2019 00:00:00","H191136","24","","","0",""
"14888","EMEC","03/27/2018 00:00:00","10/09/2019 00:00:00","0","ITSP","03/30/2018 21:56:22","ENW","itg40916","10/09/2019 00:00:00","H191136","24","","","0",""
"14889","EMEC","03/27/2018 00:00:00","10/09/2019 00:00:00","0","ITSP","03/30/2018 21:56:22","ENW","itg40916","10/09/2019 00:00:00","H191136","24","","","0",""
"15002","EMEC","03/27/2018 00:00:00","10/09/2019 00:00:00","0","ITSP","03/30/2018 21:56:22","ENW","itg40916","10/09/2019 00:00:00","H191136","24","","","0",""
"15003","EMEC","03/27/2018 00:00:00","10/09/2019 00:00:00","0","ITSP","03/30/2018 21:56:22","ENW","itg40916","10/09/2019 00:00:00","H191136","24","","","0",""
"15006","EMEC","03/27/2018 00:00:00","10/09/2019 00:00:00","0","ITSP","03/30/2018 21:56:22","ENW","itg40916","10/09/2019 00:00:00","H191136","24","","","0",""
"15012","EMEC","03/27/2018 00:00:00","10/09/2019 00:00:00","0","ITSP","03/30/2018 21:56:22","ENW","itg40916","10/09/2019 00:00:00","H191136","24","","","0",""
"15013","EMEC","03/27/2018 00:00:00","10/09/2019 00:00:00","0","ITSP","03/30/2018 21:56:22","ENW","itg40916","10/09/2019 00:00:00","H191136","24","","","0",""
"15020","EMEC","03/27/2018 00:00:00","10/09/2019 00:00:00","0","ITSP","03/30/2018 21:56:22","ENW","itg40916","10/09/2019 00:00:00","H191136","24","","","0",""
"15022","EMEC","03/27/2018 00:00:00","10/09/2019 00:00:00","0","ITSP","03/30/2018 21:56:22","ENW","itg40916","10/09/2019 00:00:00","H191136","24","","","0",""
"15027","EMEC","03/27/2018 00:00:00","10/09/2019 00:00:00","0","ITSP","03/30/2018 21:56:22","ENW","itg40916","10/09/2019 00:00:00","H191136","24","","","0",""
"15029","EMEC","03/27/2018 00:00:00","10/09/2019 00:00:00","0","ITSP","03/30/2018 21:56:22","ENW","itg40916","10/09/2019 00:00:00","H191136","24","","","0",""
"15888","EMEC","03/27/2018 00:00:00","10/09/2019 00:00:00","0","ITSP","03/30/2018 21:56:22","ENW","itg40916","10/09/2019 00:00:00","H191136","24","","","0",""
"15889","EMEC","03/27/2018 00:00:00","10/09/2019 00:00:00","0","ITSP","03/30/2018 21:56:22","ENW","itg40916","10/09/2019 00:00:00","H191136","24","","","0",""
"16001","EMEC","03/27/2018 00:00:00","10/09/2019 00:00:00","0","ITSP","03/30/2018 21:56:22","ENW","itg40916","10/09/2019 00:00:00","H191136","24","","","0",""
"16004","EMEC","03/27/2018 00:00:00","10/09/2019 00:00:00","0","ITSP","03/30/2018 21:56:22","ENW","itg40916","10/09/2019 00:00:00","H191136","24","","","0",""
"16005","EMEC","03/27/2018 00:00:00","10/09/2019 00:00:00","0","ITSP","03/30/2018 21:56:22","ENW","itg40916","10/09/2019 00:00:00","H191136","24","","","0",""
"16021","EMEC","03/27/2018 00:00:00","10/09/2019 00:00:00","0","ITSP","03/30/2018 21:56:22","ENW","itg40916","10/09/2019 00:00:00","H191136","24","","","0",""
"16888","EMEC","03/27/2018 00:00:00","10/09/2019 00:00:00","0","ITSP","03/30/2018 21:56:22","ENW","itg40916","10/09/2019 00:00:00","H191136","24","","","0",""
"16889","EMEC","03/27/2018 00:00:00","10/09/2019 00:00:00","0","ITSP","03/30/2018 21:56:22","ENW","itg40916","10/09/2019 00:00:00","H191136","24","","","0",""
"17001","EMEC","03/27/2018 00:00:00","10/09/2019 00:00:00","0","ITSP","03/30/2018 21:56:22","ENW","itg40916","10/09/2019 00:00:00","H191136","24","","","0",""
"17004","EMEC","03/27/2018 00:00:00","10/09/2019 00:00:00","0","ITSP","03/30/2018 21:56:22","ENW","itg40916","10/09/2019 00:00:00","H191136","24","","","0",""
"17011","EMEC","03/27/2018 00:00:00","10/09/2019 00:00:00","0","ITSP","03/30/2018 21:56:22","ENW","itg40916","10/09/2019 00:00:00","H191136","24","","","0",""
"17022","EMEC","03/27/2018 00:00:00","10/09/2019 00:00:00","0","ITSP","03/30/2018 21:56:22","ENW","itg40916","10/09/2019 00:00:00","H191136","24","","","0",""
"17024","EMEC","03/27/2018 00:00:00","10/09/2019 00:00:00","0","ITSP","03/30/2018 21:56:22","ENW","itg40916","10/09/2019 00:00:00","H191136","24","","","0",""
"17888","EMEC","03/27/2018 00:00:00","10/09/2019 00:00:00","0","ITSP","03/30/2018 21:56:22","ENW","itg40916","10/09/2019 00:00:00","H191136","24","","","0",""
"17889","EMEC","03/27/2018 00:00:00","10/09/2019 00:00:00","0","ITSP","03/30/2018 21:56:22","ENW","itg40916","10/09/2019 00:00:00","H191136","24","","","0",""
"18009","EMEC","03/27/2018 00:00:00","10/09/2019 00:00:00","0","ITSP","03/30/2018 21:56:22","ENW","itg40916","10/09/2019 00:00:00","H191136","24","","","0",""
"18888","EMEC","03/27/2018 00:00:00","10/09/2019 00:00:00","0","ITSP","03/30/2018 21:56:22","ENW","itg40916","10/09/2019 00:00:00","H191136","24","","","0",""
"18889","EMEC","03/27/2018 00:00:00","10/09/2019 00:00:00","0","ITSP","03/30/2018 21:56:22","ENW","itg40916","10/09/2019 00:00:00","H191136","24","","","0",""
"19003","EMEC","03/27/2018 00:00:00","10/09/2019 00:00:00","0","ITSP","03/30/2018 21:56:22","ENW","itg40916","10/09/2019 00:00:00","H191136","24","","","0",""
"19011","EMEC","03/27/2018 00:00:00","10/09/2019 00:00:00","0","ITSP","03/30/2018 21:56:22","ENW","itg40916","10/09/2019 00:00:00","H191136","24","","","0",""
"19888","EMEC","03/27/2018 00:00:00","10/09/2019 00:00:00","0","ITSP","03/30/2018 21:56:22","ENW","itg40916","10/09/2019 00:00:00","H191136","24","","","0",""
"19889","EMEC","03/27/2018 00:00:00","10/09/2019 00:00:00","0","ITSP","03/30/2018 21:56:22","ENW","itg40916","10/09/2019 00:00:00","H191136","24","","","0",""
"20001","EMEC","03/27/2018 00:00:00","10/09/2019 00:00:00","0","ITSP","03/30/2018 21:56:22","ENW","itg40916","10/09/2019 00:00:00","H191136","24","","","0",""
"20004","EMEC","03/27/2018 00:00:00","10/09/2019 00:00:00","0","ITSP","03/30/2018 21:56:22","ENW","itg40916","10/09/2019 00:00:00","H191136","24","","","0",""
"20005","EMEC","03/27/2018 00:00:00","10/09/2019 00:00:00","0","ITSP","03/30/2018 21:56:22","ENW","itg40916","10/09/2019 00:00:00","H191136","24","","","0",""
"20010","EMEC","03/27/2018 00:00:00","10/09/2019 00:00:00","0","ITSP","03/30/2018 21:56:22","ENW","itg40916","10/09/2019 00:00:00","H191136","24","","","0",""
"20017","EMEC","03/27/2018 00:00:00","10/09/2019 00:00:00","0","ITSP","03/30/2018 21:56:22","ENW","itg40916","10/09/2019 00:00:00","H191136","24","","","0",""
"20022","EMEC","03/27/2018 00:00:00","10/09/2019 00:00:00","0","ITSP","03/30/2018 21:56:22","ENW","itg40916","10/09/2019 00:00:00","H191136","24","","","0",""
"20023","EMEC","03/27/2018 00:00:00","10/09/2019 00:00:00","0","ITSP","03/30/2018 21:56:22","ENW","itg40916","10/09/2019 00:00:00","H191136","24","","","0",""
"20888","EMEC","03/27/2018 00:00:00","10/09/2019 00:00:00","0","ITSP","03/30/2018 21:56:22","ENW","itg40916","10/09/2019 00:00:00","H191136","24","","","0",""
"20889","EMEC","03/27/2018 00:00:00","10/09/2019 00:00:00","0","ITSP","03/30/2018 21:56:22","ENW","itg40916","10/09/2019 00:00:00","H191136","24","","","0",""
"21002","EMEC","03/27/2018 00:00:00","10/09/2019 00:00:00","0","ITSP","03/30/2018 21:56:22","ENW","itg40916","10/09/2019 00:00:00","H191136","24","","","0",""
"21004","EMEC","03/27/2018 00:00:00","10/09/2019 00:00:00","0","ITSP","03/30/2018 21:56:22","ENW","itg40916","10/09/2019 00:00:00","H191136","24","","","0",""
"21888","EMEC","03/27/2018 00:00:00","10/09/2019 00:00:00","0","ITSP","03/30/2018 21:56:22","ENW","itg40916","10/09/2019 00:00:00","H191136","24","","","0",""
"21889","EMEC","03/27/2018 00:00:00","10/09/2019 00:00:00","0","ITSP","03/30/2018 21:56:22","ENW","itg40916","10/09/2019 00:00:00","H191136","24","","","0",""
"21890","EMEC","03/27/2018 00:00:00","10/09/2019 00:00:00","0","ITSP","03/30/2018 21:56:22","ENW","itg40916","10/09/2019 00:00:00","H191136","24","","","0",""
"22002","EMEC","03/27/2018 00:00:00","10/09/2019 00:00:00","0","ITSP","03/30/2018 21:56:22","ENW","itg40916","10/09/2019 00:00:00","H191136","24","","","0",""
"22024","EMEC","03/27/2018 00:00:00","10/09/2019 00:00:00","0","ITSP","03/30/2018 21:56:22","ENW","itg40916","10/09/2019 00:00:00","H191136","24","","","0",""
"22888","EMEC","03/27/2018 00:00:00","10/09/2019 00:00:00","0","ITSP","03/30/2018 21:56:22","ENW","itg40916","10/09/2019 00:00:00","H191136","24","","","0",""
"22889","EMEC","03/27/2018 00:00:00","10/09/2019 00:00:00","0","ITSP","03/30/2018 21:56:22","ENW","itg40916","10/09/2019 00:00:00","H191136","24","","","0",""
"22890","EMEC","03/27/2018 00:00:00","10/09/2019 00:00:00","0","ITSP","03/30/2018 21:56:22","ENW","itg40916","10/09/2019 00:00:00","H191136","24","","","0",""
"23002","EMEC","03/27/2018 00:00:00","10/09/2019 00:00:00","0","ITSP","03/30/2018 21:56:22","ENW","itg40916","10/09/2019 00:00:00","H191136","24","","","0",""
"23009","EMEC","03/27/2018 00:00:00","10/09/2019 00:00:00","0","ITSP","03/30/2018 21:56:22","ENW","itg40916","10/09/2019 00:00:00","H191136","24","","","0",""
"23017","EMEC","03/27/2018 00:00:00","10/09/2019 00:00:00","0","ITSP","03/30/2018 21:56:22","ENW","itg40916","10/09/2019 00:00:00","H191136","24","","","0",""
"23049","EMEC","03/27/2018 00:00:00","10/09/2019 00:00:00","0","ITSP","03/30/2018 21:56:22","ENW","itg40916","10/09/2019 00:00:00","H191136","24","","","0",""
"23052","EMEC","03/27/2018 00:00:00","10/09/2019 00:00:00","0","ITSP","03/30/2018 21:56:22","ENW","itg40916","10/09/2019 00:00:00","H191136","24","","","0",""
"23074","EMEC","03/27/2018 00:00:00","10/09/2019 00:00:00","0","ITSP","03/30/2018 21:56:22","ENW","itg40916","10/09/2019 00:00:00","H191136","24","","","0",""
"23075","EMEC","03/27/2018 00:00:00","10/09/2019 00:00:00","0","ITSP","03/30/2018 21:56:22","ENW","itg40916","10/09/2019 00:00:00","H191136","24","","","0",""
"23084","EMEC","03/27/2018 00:00:00","10/09/2019 00:00:00","0","ITSP","03/30/2018 21:56:22","ENW","itg40916","10/09/2019 00:00:00","H191136","24","","","0",""
"23100","EMEC","03/27/2018 00:00:00","10/09/2019 00:00:00","0","ITSP","03/30/2018 21:56:22","ENW","itg40916","10/09/2019 00:00:00","H191136","24","","","0",""
"23525","EMEC","03/27/2018 00:00:00","10/09/2019 00:00:00","0","ITSP","03/30/2018 21:56:22","ENW","itg40916","10/09/2019 00:00:00","H191136","24","","","0",""
"23888","EMEC","03/27/2018 00:00:00","10/09/2019 00:00:00","0","ITSP","03/30/2018 21:56:22","ENW","itg40916","10/09/2019 00:00:00","H191136","24","","","0",""
"23889","EMEC","03/27/2018 00:00:00","10/09/2019 00:00:00","0","ITSP","03/30/2018 21:56:22","ENW","itg40916","10/09/2019 00:00:00","H191136","24","","","0",""
"23890","EMEC","03/27/2018 00:00:00","10/09/2019 00:00:00","0","ITSP","03/30/2018 21:56:22","ENW","itg40916","10/09/2019 00:00:00","H191136","24","","","0",""
"23891","EMEC","03/27/2018 00:00:00","10/09/2019 00:00:00","0","ITSP","03/30/2018 21:56:22","ENW","itg40916","10/09/2019 00:00:00","H191136","24","","","0",""
"24002","EMEC","03/27/2018 00:00:00","10/09/2019 00:00:00","0","ITSP","03/30/2018 21:56:22","ENW","itg40916","10/09/2019 00:00:00","H191136","24","","","0",""
"24004","EMEC","03/27/2018 00:00:00","10/09/2019 00:00:00","0","ITSP","03/30/2018 21:56:22","ENW","itg40916","10/09/2019 00:00:00","H191136","24","","","0",""
"24011","EMEC","03/27/2018 00:00:00","10/09/2019 00:00:00","0","ITSP","03/30/2018 21:56:22","ENW","itg40916","10/09/2019 00:00:00","H191136","24","","","0",""
"24012","EMEC","03/27/2018 00:00:00","10/09/2019 00:00:00","0","ITSP","03/30/2018 21:56:22","ENW","itg40916","10/09/2019 00:00:00","H191136","24","","","0",""
"24888","EMEC","03/27/2018 00:00:00","10/09/2019 00:00:00","0","ITSP","03/30/2018 21:56:22","ENW","itg40916","10/09/2019 00:00:00","H191136","24","","","0",""
"24889","EMEC","03/27/2018 00:00:00","10/09/2019 00:00:00","0","ITSP","03/30/2018 21:56:22","ENW","itg40916","10/09/2019 00:00:00","H191136","24","","","0",""
"24890","EMEC","03/27/2018 00:00:00","10/09/2019 00:00:00","0","ITSP","03/30/2018 21:56:22","ENW","itg40916","10/09/2019 00:00:00","H191136","24","","","0",""
"25002","EMEC","03/27/2018 00:00:00","10/09/2019 00:00:00","0","ITSP","03/30/2018 21:56:22","ENW","itg40916","10/09/2019 00:00:00","H191136","24","","","0",""
"25007","EMEC","03/27/2018 00:00:00","10/09/2019 00:00:00","0","ITSP","03/30/2018 21:56:22","ENW","itg40916","10/09/2019 00:00:00","H191136","24","","","0",""
"25008","EMEC","03/27/2018 00:00:00","10/09/2019 00:00:00","0","ITSP","03/30/2018 21:56:22","ENW","itg40916","10/09/2019 00:00:00","H191136","24","","","0",""
"25888","EMEC","03/27/2018 00:00:00","10/09/2019 00:00:00","0","ITSP","03/30/2018 21:56:22","ENW","itg40916","10/09/2019 00:00:00","H191136","24","","","0",""
"25889","EMEC","03/27/2018 00:00:00","10/09/2019 00:00:00","0","ITSP","03/30/2018 21:56:22","ENW","itg40916","10/09/2019 00:00:00","H191136","24","","","0",""
"26008","EMEC","03/27/2018 00:00:00","10/09/2019 00:00:00","0","ITSP","03/30/2018 21:56:22","ENW","itg40916","10/09/2019 00:00:00","H191136","24","","","0",""
"26011","EMEC","03/27/2018 00:00:00","10/09/2019 00:00:00","0","ITSP","03/30/2018 21:56:22","ENW","itg40916","10/09/2019 00:00:00","H191136","24","","","0",""
"26014","EMEC","03/27/2018 00:00:00","10/09/2019 00:00:00","0","ITSP","03/30/2018 21:56:22","ENW","itg40916","10/09/2019 00:00:00","H191136","24","","","0",""
"26023","EMEC","03/27/2018 00:00:00","10/09/2019 00:00:00","0","ITSP","03/30/2018 21:56:22","ENW","itg40916","10/09/2019 00:00:00","H191136","24","","","0",""
"26024","EMEC","03/27/2018 00:00:00","10/09/2019 00:00:00","0","ITSP","03/30/2018 21:56:22","ENW","itg40916","10/09/2019 00:00:00","H191136","24","","","0",""
"26888","EMEC","03/27/2018 00:00:00","10/09/2019 00:00:00","0","ITSP","03/30/2018 21:56:22","ENW","itg40916","10/09/2019 00:00:00","H191136","24","","","0",""
"26889","EMEC","03/27/2018 00:00:00","10/09/2019 00:00:00","0","ITSP","03/30/2018 21:56:22","ENW","itg40916","10/09/2019 00:00:00","H191136","24","","","0",""
"27001","EMEC","03/27/2018 00:00:00","10/09/2019 00:00:00","0","ITSP","03/30/2018 21:56:22","ENW","itg40916","10/09/2019 00:00:00","H191136","24","","","0",""
"27004","EMEC","03/27/2018 00:00:00","10/09/2019 00:00:00","0","ITSP","03/30/2018 21:56:22","ENW","itg40916","10/09/2019 00:00:00","H191136","24","","","0",""
"27014","EMEC","03/27/2018 00:00:00","10/09/2019 00:00:00","0","ITSP","03/30/2018 21:56:22","ENW","itg40916","10/09/2019 00:00:00","H191136","24","","","0",""
"27042","EMEC","03/27/2018 00:00:00","10/09/2019 00:00:00","0","ITSP","03/30/2018 21:56:22","ENW","itg40916","10/09/2019 00:00:00","H191136","24","","","0",""
"27068","EMEC","03/27/2018 00:00:00","10/09/2019 00:00:00","0","ITSP","03/30/2018 21:56:22","ENW","itg40916","10/09/2019 00:00:00","H191136","24","","","0",""
"27070","EMEC","03/27/2018 00:00:00","10/09/2019 00:00:00","0","ITSP","03/30/2018 21:56:22","ENW","itg40916","10/09/2019 00:00:00","H191136","24","","","0",""
"27073","EMEC","03/27/2018 00:00:00","10/09/2019 00:00:00","0","ITSP","03/30/2018 21:56:22","ENW","itg40916","10/09/2019 00:00:00","H191136","24","","","0",""
"27074","EMEC","03/27/2018 00:00:00","10/09/2019 00:00:00","0","ITSP","03/30/2018 21:56:22","ENW","itg40916","10/09/2019 00:00:00","H191136","24","","","0",""
"27086","EMEC","03/27/2018 00:00:00","10/09/2019 00:00:00","0","ITSP","03/30/2018 21:56:22","ENW","itg40916","10/09/2019 00:00:00","H191136","24","","","0",""
"27091","EMEC","03/27/2018 00:00:00","10/09/2019 00:00:00","0","ITSP","03/30/2018 21:56:22","ENW","itg40916","10/09/2019 00:00:00","H191136","24","","","0",""
"27803","EMEC","03/27/2018 00:00:00","10/09/2019 00:00:00","0","ITSP","03/30/2018 21:56:22","ENW","itg40916","10/09/2019 00:00:00","H191136","24","","","0",""
"27806","EMEC","03/27/2018 00:00:00","10/09/2019 00:00:00","0","ITSP","03/30/2018 21:56:22","ENW","itg40916","10/09/2019 00:00:00","H191136","24","","","0",""
"27888","EMEC","03/27/2018 00:00:00","10/09/2019 00:00:00","0","ITSP","03/30/2018 21:56:22","ENW","itg40916","10/09/2019 00:00:00","H191136","24","","","0",""
"27889","EMEC","03/27/2018 00:00:00","10/09/2019 00:00:00","0","ITSP","03/30/2018 21:56:22","ENW","itg40916","10/09/2019 00:00:00","H191136","24","","","0",""
"27890","EMEC","03/27/2018 00:00:00","10/09/2019 00:00:00","0","ITSP","03/30/2018 21:56:22","ENW","itg40916","10/09/2019 00:00:00","H191136","24","","","0",""
"28008","EMEC","03/27/2018 00:00:00","10/09/2019 00:00:00","0","ITSP","03/30/2018 21:56:22","ENW","itg40916","10/09/2019 00:00:00","H191136","24","","","0",""
"28022","EMEC","03/27/2018 00:00:00","10/09/2019 00:00:00","0","ITSP","03/30/2018 21:56:22","ENW","itg40916","10/09/2019 00:00:00","H191136","24","","","0",""
"28023","EMEC","03/27/2018 00:00:00","10/09/2019 00:00:00","0","ITSP","03/30/2018 21:56:22","ENW","itg40916","10/09/2019 00:00:00","H191136","24","","","0",""
"28026","EMEC","03/27/2018 00:00:00","10/09/2019 00:00:00","0","ITSP","03/30/2018 21:56:22","ENW","itg40916","10/09/2019 00:00:00","H191136","24","","","0",""
"28036","EMEC","03/27/2018 00:00:00","10/09/2019 00:00:00","0","ITSP","03/30/2018 21:56:22","ENW","itg40916","10/09/2019 00:00:00","H191136","24","","","0",""
"28037","EMEC","03/27/2018 00:00:00","10/09/2019 00:00:00","0","ITSP","03/30/2018 21:56:22","ENW","itg40916","10/09/2019 00:00:00","H191136","24","","","0",""
"28888","EMEC","03/27/2018 00:00:00","10/09/2019 00:00:00","0","ITSP","03/30/2018 21:56:22","ENW","itg40916","10/09/2019 00:00:00","H191136","24","","","0",""
"28889","EMEC","03/27/2018 00:00:00","10/09/2019 00:00:00","0","ITSP","03/30/2018 21:56:22","ENW","itg40916","10/09/2019 00:00:00","H191136","24","","","0",""
"29005","EMEC","03/27/2018 00:00:00","10/09/2019 00:00:00","0","ITSP","03/30/2018 21:56:22","ENW","itg40916","10/09/2019 00:00:00","H191136","24","","","0",""
"29010","EMEC","03/27/2018 00:00:00","10/09/2019 00:00:00","0","ITSP","03/30/2018 21:56:22","ENW","itg40916","10/09/2019 00:00:00","H191136","24","","","0",""
"29012","EMEC","03/27/2018 00:00:00","10/09/2019 00:00:00","0","ITSP","03/30/2018 21:56:22","ENW","itg40916","10/09/2019 00:00:00","H191136","24","","","0",""
"29015","EMEC","03/27/2018 00:00:00","10/09/2019 00:00:00","0","ITSP","03/30/2018 21:56:22","ENW","itg40916","10/09/2019 00:00:00","H191136","24","","","0",""
"29016","EMEC","03/27/2018 00:00:00","10/09/2019 00:00:00","0","ITSP","03/30/2018 21:56:22","ENW","itg40916","10/09/2019 00:00:00","H191136","24","","","0",""
"29888","EMEC","03/27/2018 00:00:00","10/09/2019 00:00:00","0","ITSP","03/30/2018 21:56:22","ENW","itg40916","10/09/2019 00:00:00","H191136","24","","","0",""
"29889","EMEC","03/27/2018 00:00:00","10/09/2019 00:00:00","0","ITSP","03/30/2018 21:56:22","ENW","itg40916","10/09/2019 00:00:00","H191136","24","","","0",""
"30008","EMEC","03/27/2018 00:00:00","10/09/2019 00:00:00","0","ITSP","03/30/2018 21:56:22","ENW","itg40916","10/09/2019 00:00:00","H191136","24","","","0",""
"30016","EMEC","03/27/2018 00:00:00","10/09/2019 00:00:00","0","ITSP","03/30/2018 21:56:22","ENW","itg40916","10/09/2019 00:00:00","H191136","24","","","0",""
"30017","EMEC","03/27/2018 00:00:00","10/09/2019 00:00:00","0","ITSP","03/30/2018 21:56:22","ENW","itg40916","10/09/2019 00:00:00","H191136","24","","","0",""
"30018","EMEC","03/27/2018 00:00:00","10/09/2019 00:00:00","0","ITSP","03/30/2018 21:56:22","ENW","itg40916","10/09/2019 00:00:00","H191136","24","","","0",""
"30502","EMEC","03/27/2018 00:00:00","10/09/2019 00:00:00","0","ITSP","03/30/2018 21:56:22","ENW","itg40916","10/09/2019 00:00:00","H191136","24","","","0",""
"30888","EMEC","03/27/2018 00:00:00","10/09/2019 00:00:00","0","ITSP","03/30/2018 21:56:22","ENW","itg40916","10/09/2019 00:00:00","H191136","24","","","0",""
"30889","EMEC","03/27/2018 00:00:00","10/09/2019 00:00:00","0","ITSP","03/30/2018 21:56:22","ENW","itg40916","10/09/2019 00:00:00","H191136","24","","","0",""
"31888","EMEC","03/27/2018 00:00:00","10/09/2019 00:00:00","0","ITSP","03/30/2018 21:56:22","ENW","itg40916","10/09/2019 00:00:00","H191136","24","","","0",""
"31889","EMEC","03/27/2018 00:00:00","10/09/2019 00:00:00","0","ITSP","03/30/2018 21:56:22","ENW","itg40916","10/09/2019 00:00:00","H191136","24","","","0",""
"32888","EMEC","03/27/2018 00:00:00","10/09/2019 00:00:00","0","ITSP","03/30/2018 21:56:22","ENW","itg40916","10/09/2019 00:00:00","H191136","24","","","0",""
"32889","EMEC","03/27/2018 00:00:00","10/09/2019 00:00:00","0","ITSP","03/30/2018 21:56:22","ENW","itg40916","10/09/2019 00:00:00","H191136","24","","","0",""
"33888","EMEC","03/27/2018 00:00:00","10/09/2019 00:00:00","0","ITSP","03/30/2018 21:56:22","ENW","itg40916","10/09/2019 00:00:00","H191136","24","","","0",""
"33889","EMEC","03/27/2018 00:00:00","10/09/2019 00:00:00","0","ITSP","03/30/2018 21:56:22","ENW","itg40916","10/09/2019 00:00:00","H191136","24","","","0",""
"34003","EMEC","03/27/2018 00:00:00","10/09/2019 00:00:00","0","ITSP","03/30/2018 21:56:22","ENW","itg40916","10/09/2019 00:00:00","H191136","24","","","0",""
"34010","EMEC","03/27/2018 00:00:00","10/09/2019 00:00:00","0","ITSP","03/30/2018 21:56:22","ENW","itg40916","10/09/2019 00:00:00","H191136","24","","","0",""
"34012","EMEC","03/27/2018 00:00:00","10/09/2019 00:00:00","0","ITSP","03/30/2018 21:56:22","ENW","itg40916","10/09/2019 00:00:00","H191136","24","","","0",""
"34019","EMEC","03/27/2018 00:00:00","10/09/2019 00:00:00","0","ITSP","03/30/2018 21:56:22","ENW","itg40916","10/09/2019 00:00:00","H191136","24","","","0",""
"34031","EMEC","03/27/2018 00:00:00","10/09/2019 00:00:00","0","ITSP","03/30/2018 21:56:22","ENW","itg40916","10/09/2019 00:00:00","H191136","24","","","0",""
"34037","EMEC","03/27/2018 00:00:00","10/09/2019 00:00:00","0","ITSP","03/30/2018 21:56:22","ENW","itg40916","10/09/2019 00:00:00","H191136","24","","","0",""
"34040","EMEC","03/27/2018 00:00:00","10/09/2019 00:00:00","0","ITSP","03/30/2018 21:56:22","ENW","itg40916","10/09/2019 00:00:00","H191136","24","","","0",""
"34041","EMEC","03/27/2018 00:00:00","10/09/2019 00:00:00","0","ITSP","03/30/2018 21:56:22","ENW","itg40916","10/09/2019 00:00:00","H191136","24","","","0",""
"34044","EMEC","03/27/2018 00:00:00","10/09/2019 00:00:00","0","ITSP","03/30/2018 21:56:22","ENW","itg40916","10/09/2019 00:00:00","H191136","24","","","0",""
"34888","EMEC","03/27/2018 00:00:00","10/09/2019 00:00:00","0","ITSP","03/30/2018 21:56:22","ENW","itg40916","10/09/2019 00:00:00","H191136","24","","","0",""
"34889","EMEC","03/27/2018 00:00:00","10/09/2019 00:00:00","0","ITSP","03/30/2018 21:56:22","ENW","itg40916","10/09/2019 00:00:00","H191136","24","","","0",""
"34890","EMEC","03/27/2018 00:00:00","10/09/2019 00:00:00","0","ITSP","03/30/2018 21:56:22","ENW","itg40916","10/09/2019 00:00:00","H191136","24","","","0",""
"35002","EMEC","03/27/2018 00:00:00","10/09/2019 00:00:00","0","ITSP","03/30/2018 21:56:22","ENW","itg40916","10/09/2019 00:00:00","H191136","24","","","0",""
"35003","EMEC","03/27/2018 00:00:00","10/09/2019 00:00:00","0","ITSP","03/30/2018 21:56:22","ENW","itg40916","10/09/2019 00:00:00","H191136","24","","","0",""
"35013","EMEC","03/27/2018 00:00:00","10/09/2019 00:00:00","0","ITSP","03/30/2018 21:56:22","ENW","itg40916","10/09/2019 00:00:00","H191136","24","","","0",""
"35019","EMEC","03/27/2018 00:00:00","10/09/2019 00:00:00","0","ITSP","03/30/2018 21:56:22","ENW","itg40916","10/09/2019 00:00:00","H191136","24","","","0",""
"35022","EMEC","03/27/2018 00:00:00","10/09/2019 00:00:00","0","ITSP","03/30/2018 21:56:22","ENW","itg40916","10/09/2019 00:00:00","H191136","24","","","0",""
"35888","EMEC","03/27/2018 00:00:00","10/09/2019 00:00:00","0","ITSP","03/30/2018 21:56:22","ENW","itg40916","10/09/2019 00:00:00","H191136","24","","","0",""
"35889","EMEC","03/27/2018 00:00:00","10/09/2019 00:00:00","0","ITSP","03/30/2018 21:56:22","ENW","itg40916","10/09/2019 00:00:00","H191136","24","","","0",""
"36888","EMEC","03/27/2018 00:00:00","10/09/2019 00:00:00","0","ITSP","03/30/2018 21:56:22","ENW","itg40916","10/09/2019 00:00:00","H191136","24","","","0",""
"36889","EMEC","03/27/2018 00:00:00","10/09/2019 00:00:00","0","ITSP","03/30/2018 21:56:22","ENW","itg40916","10/09/2019 00:00:00","H191136","24","","","0",""
"37001","EMEC","03/27/2018 00:00:00","10/09/2019 00:00:00","0","ITSP","03/30/2018 21:56:22","ENW","itg40916","10/09/2019 00:00:00","H191136","24","","","0",""
"37010","EMEC","03/27/2018 00:00:00","10/09/2019 00:00:00","0","ITSP","03/30/2018 21:56:22","ENW","itg40916","10/09/2019 00:00:00","H191136","24","","","0",""
"37017","EMEC","03/27/2018 00:00:00","10/09/2019 00:00:00","0","ITSP","03/30/2018 21:56:22","ENW","itg40916","10/09/2019 00:00:00","H191136","24","","","0",""
"37021","EMEC","03/27/2018 00:00:00","10/09/2019 00:00:00","0","ITSP","03/30/2018 21:56:22","ENW","itg40916","10/09/2019 00:00:00","H191136","24","","","0",""
"37023","EMEC","03/27/2018 00:00:00","10/09/2019 00:00:00","0","ITSP","03/30/2018 21:56:22","ENW","itg40916","10/09/2019 00:00:00","H191136","24","","","0",""
"37888","EMEC","03/27/2018 00:00:00","10/09/2019 00:00:00","0","ITSP","03/30/2018 21:56:22","ENW","itg40916","10/09/2019 00:00:00","H191136","24","","","0",""
"37889","EMEC","03/27/2018 00:00:00","10/09/2019 00:00:00","0","ITSP","03/30/2018 21:56:22","ENW","itg40916","10/09/2019 00:00:00","H191136","24","","","0",""
"38010","EMEC","03/27/2018 00:00:00","10/09/2019 00:00:00","0","ITSP","03/30/2018 21:56:22","ENW","itg40916","10/09/2019 00:00:00","H191136","24","","","0",""
"38019","EMEC","03/27/2018 00:00:00","10/09/2019 00:00:00","0","ITSP","03/30/2018 21:56:22","ENW","itg40916","10/09/2019 00:00:00","H191136","24","","","0",""
"38888","EMEC","03/27/2018 00:00:00","10/09/2019 00:00:00","0","ITSP","03/30/2018 21:56:22","ENW","itg40916","10/09/2019 00:00:00","H191136","24","","","0",""
"38889","EMEC","03/27/2018 00:00:00","10/09/2019 00:00:00","0","ITSP","03/30/2018 21:56:22","ENW","itg40916","10/09/2019 00:00:00","H191136","24","","","0",""
"39001","EMEC","03/27/2018 00:00:00","10/09/2019 00:00:00","0","ITSP","03/30/2018 21:56:22","ENW","itg40916","10/09/2019 00:00:00","H191136","24","","","0",""
"39017","EMEC","03/27/2018 00:00:00","10/09/2019 00:00:00","0","ITSP","03/30/2018 21:56:22","ENW","itg40916","10/09/2019 00:00:00","H191136","24","","","0",""
"39888","EMEC","03/27/2018 00:00:00","10/09/2019 00:00:00","0","ITSP","03/30/2018 21:56:22","ENW","itg40916","10/09/2019 00:00:00","H191136","24","","","0",""
"39889","EMEC","03/27/2018 00:00:00","10/09/2019 00:00:00","0","ITSP","03/30/2018 21:56:22","ENW","itg40916","10/09/2019 00:00:00","H191136","24","","","0",""
"40001","EMEC","03/27/2018 00:00:00","10/09/2019 00:00:00","0","ITSP","03/30/2018 21:56:22","ENW","itg40916","10/09/2019 00:00:00","H191136","24","","","0",""
"40003","EMEC","03/27/2018 00:00:00","10/09/2019 00:00:00","0","ITSP","03/30/2018 21:56:22","ENW","itg40916","10/09/2019 00:00:00","H191136","24","","","0",""
"40004","EMEC","03/27/2018 00:00:00","10/09/2019 00:00:00","0","ITSP","03/30/2018 21:56:22","ENW","itg40916","10/09/2019 00:00:00","H191136","24","","","0",""
"40005","EMEC","03/27/2018 00:00:00","10/09/2019 00:00:00","0","ITSP","03/30/2018 21:56:22","ENW","itg40916","10/09/2019 00:00:00","H191136","24","","","0",""
"40007","EMEC","03/27/2018 00:00:00","10/09/2019 00:00:00","0","ITSP","03/30/2018 21:56:22","ENW","itg40916","10/09/2019 00:00:00","H191136","24","","","0",""
"40010","EMEC","03/27/2018 00:00:00","10/09/2019 00:00:00","0","ITSP","03/30/2018 21:56:22","ENW","itg40916","10/09/2019 00:00:00","H191136","24","","","0",""
"40014","EMEC","03/27/2018 00:00:00","10/09/2019 00:00:00","0","ITSP","03/30/2018 21:56:22","ENW","itg40916","10/09/2019 00:00:00","H191136","24","","","0",""
"40016","EMEC","03/27/2018 00:00:00","10/09/2019 00:00:00","0","ITSP","03/30/2018 21:56:22","ENW","itg40916","10/09/2019 00:00:00","H191136","24","","","0",""
"40018","EMEC","03/27/2018 00:00:00","10/09/2019 00:00:00","0","ITSP","03/30/2018 21:56:22","ENW","itg40916","10/09/2019 00:00:00","H191136","24","","","0",""
"40022","EMEC","03/27/2018 00:00:00","10/09/2019 00:00:00","0","ITSP","03/30/2018 21:56:22","ENW","itg40916","10/09/2019 00:00:00","H191136","24","","","0",""
"40026","EMEC","03/27/2018 00:00:00","10/09/2019 00:00:00","0","ITSP","03/30/2018 21:56:22","ENW","itg40916","10/09/2019 00:00:00","H191136","24","","","0",""
"40035","EMEC","03/27/2018 00:00:00","10/09/2019 00:00:00","0","ITSP","03/30/2018 21:56:22","ENW","itg40916","10/09/2019 00:00:00","H191136","24","","","0",""
"40046","EMEC","03/27/2018 00:00:00","10/09/2019 00:00:00","0","ITSP","03/30/2018 21:56:22","ENW","itg40916","10/09/2019 00:00:00","H191136","24","","","0",""
"40047","EMEC","03/27/2018 00:00:00","10/09/2019 00:00:00","0","ITSP","03/30/2018 21:56:22","ENW","itg40916","10/09/2019 00:00:00","H191136","24","","","0",""
"40048","EMEC","03/27/2018 00:00:00","10/09/2019 00:00:00","0","ITSP","03/30/2018 21:56:22","ENW","itg40916","10/09/2019 00:00:00","H191136","24","","","0",""
"40051","EMEC","03/27/2018 00:00:00","10/09/2019 00:00:00","0","ITSP","03/30/2018 21:56:22","ENW","itg40916","10/09/2019 00:00:00","H191136","24","","","0",""
"40054","EMEC","03/27/2018 00:00:00","10/09/2019 00:00:00","0","ITSP","03/30/2018 21:56:22","ENW","itg40916","10/09/2019 00:00:00","H191136","24","","","0",""
"40061","EMEC","03/27/2018 00:00:00","10/09/2019 00:00:00","0","ITSP","03/30/2018 21:56:22","ENW","itg40916","10/09/2019 00:00:00","H191136","24","","","0",""
"40080","EMEC","03/27/2018 00:00:00","10/09/2019 00:00:00","0","ITSP","03/30/2018 21:56:22","ENW","itg40916","10/09/2019 00:00:00","H191136","24","","","0",""
"40081","EMEC","03/27/2018 00:00:00","10/09/2019 00:00:00","0","ITSP","03/30/2018 21:56:22","ENW","itg40916","10/09/2019 00:00:00","H191136","24","","","0",""
"40082","EMEC","03/27/2018 00:00:00","10/09/2019 00:00:00","0","ITSP","03/30/2018 21:56:22","ENW","itg40916","10/09/2019 00:00:00","H191136","24","","","0",""
"40083","EMEC","03/27/2018 00:00:00","10/09/2019 00:00:00","0","ITSP","03/30/2018 21:56:22","ENW","itg40916","10/09/2019 00:00:00","H191136","24","","","0",""
"40084","EMEC","03/27/2018 00:00:00","10/09/2019 00:00:00","0","ITSP","03/30/2018 21:56:22","ENW","itg40916","10/09/2019 00:00:00","H191136","24","","","0",""
"40085","EMEC","03/27/2018 00:00:00","10/09/2019 00:00:00","0","ITSP","03/30/2018 21:56:22","ENW","itg40916","10/09/2019 00:00:00","H191136","24","","","0",""
"40090","EMEC","03/27/2018 00:00:00","10/09/2019 00:00:00","0","ITSP","03/30/2018 21:56:22","ENW","itg40916","10/09/2019 00:00:00","H191136","24","","","0",""
"40091","EMEC","03/27/2018 00:00:00","10/09/2019 00:00:00","0","ITSP","03/30/2018 21:56:22","ENW","itg40916","10/09/2019 00:00:00","H191136","24","","","0",""
"40098","EMEC","03/27/2018 00:00:00","10/09/2019 00:00:00","0","ITSP","03/30/2018 21:56:22","ENW","itg40916","10/09/2019 00:00:00","H191136","24","","","0",""
"40888","EMEC","03/27/2018 00:00:00","10/09/2019 00:00:00","0","ITSP","03/30/2018 21:56:22","ENW","itg40916","10/09/2019 00:00:00","H191136","24","","","0",""
"40889","EMEC","03/27/2018 00:00:00","10/09/2019 00:00:00","0","ITSP","03/30/2018 21:56:22","ENW","itg40916","10/09/2019 00:00:00","H191136","24","","","0",""
"40890","EMEC","03/27/2018 00:00:00","10/09/2019 00:00:00","0","ITSP","03/30/2018 21:56:22","ENW","itg40916","10/09/2019 00:00:00","H191136","24","","","0",""
"41001","EMEC","03/27/2018 00:00:00","10/09/2019 00:00:00","0","ITSP","03/30/2018 21:56:22","ENW","itg40916","10/09/2019 00:00:00","H191136","24","","","0",""
"41002","EMEC","03/27/2018 00:00:00","10/09/2019 00:00:00","0","ITSP","03/30/2018 21:56:22","ENW","itg40916","10/09/2019 00:00:00","H191136","24","","","0",""
"41003","EMEC","03/27/2018 00:00:00","10/09/2019 00:00:00","0","ITSP","03/30/2018 21:56:22","ENW","itg40916","10/09/2019 00:00:00","H191136","24","","","0",""
"41007","EMEC","03/27/2018 00:00:00","10/09/2019 00:00:00","0","ITSP","03/30/2018 21:56:22","ENW","itg40916","10/09/2019 00:00:00","H191136","24","","","0",""
"41010","EMEC","03/27/2018 00:00:00","10/09/2019 00:00:00","0","ITSP","03/30/2018 21:56:22","ENW","itg40916","10/09/2019 00:00:00","H191136","24","","","0",""
"41888","EMEC","03/27/2018 00:00:00","10/09/2019 00:00:00","0","ITSP","03/30/2018 21:56:22","ENW","itg40916","10/09/2019 00:00:00","H191136","24","","","0",""
"41889","EMEC","03/27/2018 00:00:00","10/09/2019 00:00:00","0","ITSP","03/30/2018 21:56:22","ENW","itg40916","10/09/2019 00:00:00","H191136","24","","","0",""
"42001","EMEC","03/27/2018 00:00:00","10/09/2019 00:00:00","0","ITSP","03/30/2018 21:56:22","ENW","itg40916","10/09/2019 00:00:00","H191136","24","","","0",""
"42002","EMEC","03/27/2018 00:00:00","10/09/2019 00:00:00","0","ITSP","03/30/2018 21:56:22","ENW","itg40916","10/09/2019 00:00:00","H191136","24","","","0",""
"42004","EMEC","03/27/2018 00:00:00","10/09/2019 00:00:00","0","ITSP","03/30/2018 21:56:22","ENW","itg40916","10/09/2019 00:00:00","H191136","24","","","0",""
"42009","EMEC","03/27/2018 00:00:00","10/09/2019 00:00:00","0","ITSP","03/30/2018 21:56:22","ENW","itg40916","10/09/2019 00:00:00","H191136","24","","","0",""
"42017","EMEC","03/27/2018 00:00:00","10/09/2019 00:00:00","0","ITSP","03/30/2018 21:56:22","ENW","itg40916","10/09/2019 00:00:00","H191136","24","","","0",""
"42018","EMEC","03/27/2018 00:00:00","10/09/2019 00:00:00","0","ITSP","03/30/2018 21:56:22","ENW","itg40916","10/09/2019 00:00:00","H191136","24","","","0",""
"42019","EMEC","03/27/2018 00:00:00","10/09/2019 00:00:00","0","ITSP","03/30/2018 21:56:22","ENW","itg40916","10/09/2019 00:00:00","H191136","24","","","0",""
"42888","EMEC","03/27/2018 00:00:00","10/09/2019 00:00:00","0","ITSP","03/30/2018 21:56:22","ENW","itg40916","10/09/2019 00:00:00","H191136","24","","","0",""
"42889","EMEC","03/27/2018 00:00:00","10/09/2019 00:00:00","0","ITSP","03/30/2018 21:56:22","ENW","itg40916","10/09/2019 00:00:00","H191136","24","","","0",""
"43001","EMEC","03/27/2018 00:00:00","10/09/2019 00:00:00","0","ITSP","03/30/2018 21:56:22","ENW","itg40916","10/09/2019 00:00:00","H191136","24","","","0",""
"43002","EMEC","03/27/2018 00:00:00","10/09/2019 00:00:00","0","ITSP","03/30/2018 21:56:22","ENW","itg40916","10/09/2019 00:00:00","H191136","24","","","0",""
"43003","EMEC","03/27/2018 00:00:00","10/09/2019 00:00:00","0","ITSP","03/30/2018 21:56:22","ENW","itg40916","10/09/2019 00:00:00","H191136","24","","","0",""
"43004","EMEC","03/27/2018 00:00:00","10/09/2019 00:00:00","0","ITSP","03/30/2018 21:56:22","ENW","itg40916","10/09/2019 00:00:00","H191136","24","","","0",""
"43006","EMEC","03/27/2018 00:00:00","10/09/2019 00:00:00","0","ITSP","03/30/2018 21:56:22","ENW","itg40916","10/09/2019 00:00:00","H191136","24","","","0",""
"43007","EMEC","03/27/2018 00:00:00","10/09/2019 00:00:00","0","ITSP","03/30/2018 21:56:22","ENW","itg40916","10/09/2019 00:00:00","H191136","24","","","0",""
"43011","EMEC","03/27/2018 00:00:00","10/09/2019 00:00:00","0","ITSP","03/30/2018 21:56:22","ENW","itg40916","10/09/2019 00:00:00","H191136","24","","","0",""
"43014","EMEC","03/27/2018 00:00:00","10/09/2019 00:00:00","0","ITSP","03/30/2018 21:56:22","ENW","itg40916","10/09/2019 00:00:00","H191136","24","","","0",""
"43022","EMEC","03/27/2018 00:00:00","10/09/2019 00:00:00","0","ITSP","03/30/2018 21:56:22","ENW","itg40916","10/09/2019 00:00:00","H191136","24","","","0",""
"43023","EMEC","03/27/2018 00:00:00","10/09/2019 00:00:00","0","ITSP","03/30/2018 21:56:22","ENW","itg40916","10/09/2019 00:00:00","H191136","24","","","0",""
"43024","EMEC","03/27/2018 00:00:00","10/09/2019 00:00:00","0","ITSP","03/30/2018 21:56:22","ENW","itg40916","10/09/2019 00:00:00","H191136","24","","","0",""
"43099","EMEC","03/27/2018 00:00:00","10/09/2019 00:00:00","0","ITSP","03/30/2018 21:56:22","ENW","itg40916","10/09/2019 00:00:00","H191136","24","","","0",""
"43888","EMEC","03/27/2018 00:00:00","10/09/2019 00:00:00","0","ITSP","03/30/2018 21:56:22","ENW","itg40916","10/09/2019 00:00:00","H191136","24","","","0",""
"43889","EMEC","03/27/2018 00:00:00","10/09/2019 00:00:00","0","ITSP","03/30/2018 21:56:22","ENW","itg40916","10/09/2019 00:00:00","H191136","24","","","0",""
"44001","EMEC","03/27/2018 00:00:00","10/09/2019 00:00:00","0","ITSP","03/30/2018 21:56:22","ENW","itg40916","10/09/2019 00:00:00","H191136","24","","","0",""
"44002","EMEC","03/27/2018 00:00:00","10/09/2019 00:00:00","0","ITSP","03/30/2018 21:56:22","ENW","itg40916","10/09/2019 00:00:00","H191136","24","","","0",""
"44003","EMEC","03/27/2018 00:00:00","10/09/2019 00:00:00","0","ITSP","03/30/2018 21:56:22","ENW","itg40916","10/09/2019 00:00:00","H191136","24","","","0",""
"44013","EMEC","03/27/2018 00:00:00","10/09/2019 00:00:00","0","ITSP","03/30/2018 21:56:22","ENW","itg40916","10/09/2019 00:00:00","H191136","24","","","0",""
"44014","EMEC","03/27/2018 00:00:00","10/09/2019 00:00:00","0","ITSP","03/30/2018 21:56:22","ENW","itg40916","10/09/2019 00:00:00","H191136","24","","","0",""
"44018","EMEC","03/27/2018 00:00:00","10/09/2019 00:00:00","0","ITSP","03/30/2018 21:56:22","ENW","itg40916","10/09/2019 00:00:00","H191136","24","","","0",""
"44888","EMEC","03/27/2018 00:00:00","10/09/2019 00:00:00","0","ITSP","03/30/2018 21:56:22","ENW","itg40916","10/09/2019 00:00:00","H191136","24","","","0",""
"44889","EMEC","03/27/2018 00:00:00","10/09/2019 00:00:00","0","ITSP","03/30/2018 21:56:22","ENW","itg40916","10/09/2019 00:00:00","H191136","24","","","0",""
"45001","EMEC","03/27/2018 00:00:00","10/09/2019 00:00:00","0","ITSP","03/30/2018 21:56:22","ENW","itg40916","10/09/2019 00:00:00","H191136","24","","","0",""
"45002","EMEC","03/27/2018 00:00:00","10/09/2019 00:00:00","0","ITSP","03/30/2018 21:56:22","ENW","itg40916","10/09/2019 00:00:00","H191136","24","","","0",""
"45008","EMEC","03/27/2018 00:00:00","10/09/2019 00:00:00","0","ITSP","03/30/2018 21:56:22","ENW","itg40916","10/09/2019 00:00:00","H191136","24","","","0",""
"45009","EMEC","03/27/2018 00:00:00","10/09/2019 00:00:00","0","ITSP","03/30/2018 21:56:22","ENW","itg40916","10/09/2019 00:00:00","H191136","24","","","0",""
"45012","EMEC","03/27/2018 00:00:00","10/09/2019 00:00:00","0","ITSP","03/30/2018 21:56:22","ENW","itg40916","10/09/2019 00:00:00","H191136","24","","","0",""
"45017","EMEC","03/27/2018 00:00:00","10/09/2019 00:00:00","0","ITSP","03/30/2018 21:56:22","ENW","itg40916","10/09/2019 00:00:00","H191136","24","","","0",""
"45888","EMEC","03/27/2018 00:00:00","10/09/2019 00:00:00","0","ITSP","03/30/2018 21:56:22","ENW","itg40916","10/09/2019 00:00:00","H191136","24","","","0",""
"46001","EMEC","03/27/2018 00:00:00","10/09/2019 00:00:00","0","ITSP","03/30/2018 21:56:22","ENW","itg40916","10/09/2019 00:00:00","H191136","24","","","0",""
"46002","EMEC","03/27/2018 00:00:00","10/09/2019 00:00:00","0","ITSP","03/30/2018 21:56:22","ENW","itg40916","10/09/2019 00:00:00","H191136","24","","","0",""
"46005","EMEC","03/27/2018 00:00:00","10/09/2019 00:00:00","0","ITSP","03/30/2018 21:56:22","ENW","itg40916","10/09/2019 00:00:00","H191136","24","","","0",""
"46007","EMEC","03/27/2018 00:00:00","10/09/2019 00:00:00","0","ITSP","03/30/2018 21:56:22","ENW","itg40916","10/09/2019 00:00:00","H191136","24","","","0",""
"46015","EMEC","03/27/2018 00:00:00","10/09/2019 00:00:00","0","ITSP","03/30/2018 21:56:22","ENW","itg40916","10/09/2019 00:00:00","H191136","24","","","0",""
"46026","EMEC","03/27/2018 00:00:00","10/09/2019 00:00:00","0","ITSP","03/30/2018 21:56:22","ENW","itg40916","10/09/2019 00:00:00","H191136","24","","","0",""
"46027","EMEC","03/27/2018 00:00:00","10/09/2019 00:00:00","0","ITSP","03/30/2018 21:56:22","ENW","itg40916","10/09/2019 00:00:00","H191136","24","","","0",""
"46888","EMEC","03/27/2018 00:00:00","10/09/2019 00:00:00","0","ITSP","03/30/2018 21:56:22","ENW","itg40916","10/09/2019 00:00:00","H191136","24","","","0",""
"46889","EMEC","03/27/2018 00:00:00","10/09/2019 00:00:00","0","ITSP","03/30/2018 21:56:22","ENW","itg40916","10/09/2019 00:00:00","H191136","24","","","0",""
"47001","EMEC","03/27/2018 00:00:00","10/09/2019 00:00:00","0","ITSP","03/30/2018 21:56:22","ENW","itg40916","10/09/2019 00:00:00","H191136","24","","","0",""
"47002","EMEC","03/27/2018 00:00:00","10/09/2019 00:00:00","0","ITSP","03/30/2018 21:56:22","ENW","itg40916","10/09/2019 00:00:00","H191136","24","","","0",""
"47007","EMEC","03/27/2018 00:00:00","10/09/2019 00:00:00","0","ITSP","03/30/2018 21:56:22","ENW","itg40916","10/09/2019 00:00:00","H191136","24","","","0",""
"47008","EMEC","03/27/2018 00:00:00","10/09/2019 00:00:00","0","ITSP","03/30/2018 21:56:22","ENW","itg40916","10/09/2019 00:00:00","H191136","24","","","0",""
"47010","EMEC","03/27/2018 00:00:00","10/09/2019 00:00:00","0","ITSP","03/30/2018 21:56:22","ENW","itg40916","10/09/2019 00:00:00","H191136","24","","","0",""
"47011","EMEC","03/27/2018 00:00:00","10/09/2019 00:00:00","0","ITSP","03/30/2018 21:56:22","ENW","itg40916","10/09/2019 00:00:00","H191136","24","","","0",""
"47014","EMEC","03/27/2018 00:00:00","10/09/2019 00:00:00","0","ITSP","03/30/2018 21:56:22","ENW","itg40916","10/09/2019 00:00:00","H191136","24","","","0",""
"47016","EMEC","03/27/2018 00:00:00","10/09/2019 00:00:00","0","ITSP","03/30/2018 21:56:22","ENW","itg40916","10/09/2019 00:00:00","H191136","24","","","0",""
"47888","EMEC","03/27/2018 00:00:00","10/09/2019 00:00:00","0","ITSP","03/30/2018 21:56:22","ENW","itg40916","10/09/2019 00:00:00","H191136","24","","","0",""
"47889","EMEC","03/27/2018 00:00:00","10/09/2019 00:00:00","0","ITSP","03/30/2018 21:56:22","ENW","itg40916","10/09/2019 00:00:00","H191136","24","","","0",""
"13007","ECL","01/01/2000 00:00:00","08/29/2013 00:00:00","0","ITSP","03/30/2018 00:00:00","ENW","ITSP","03/30/2018 00:00:00","ENW","51","","2","0","2"
"01047","ECL","01/01/2000 00:00:00","08/29/2013 00:00:00","0","ITSP","03/30/2018 00:00:00","ENW","ITSP","03/30/2018 00:00:00","ENW","48","","3","1","2"
"23079","ECL","01/01/2000 00:00:00","08/29/2013 00:00:00","0","ITSP","03/30/2018 00:00:00","ENW","ITSP","03/30/2018 00:00:00","ENW","52","","3","1","2"
"27008","ECL","01/01/2000 00:00:00","08/29/2013 00:00:00","0","ITSP","03/30/2018 00:00:00","ENW","ITSP","03/30/2018 00:00:00","ENW","51","","3","0","2"
"37016","ECL","01/01/2000 00:00:00","08/29/2013 00:00:00","0","ITSP","03/30/2018 00:00:00","ENW","ITSP","03/30/2018 00:00:00","ENW","54","","3","0","2"
"27100","ECL","04/01/2018 00:00:00","12/31/9999 00:00:00","0","itg04213","03/31/2018 16:11:28","PVU_EX_1400","itg04213","03/31/2018 16:11:28","PVU_EX_1400","52","","1","0","1"
"27100","EA","04/01/2018 00:00:00","04/04/2022 00:00:00","0","itg04213","03/31/2018 16:11:28","PVU_EX_1400","itg04213","03/31/2018 16:11:28","PVU_EX_1400","06","","","0",""
"27100","EMEC","04/01/2018 00:00:00","10/09/2019 00:00:00","0","itg04213","03/31/2018 16:11:28","PVU_EX_1400","itg40916","10/09/2019 00:00:00","H191136","24","","","0",""
"03031","ECL","04/01/2018 00:00:00","12/31/9999 00:00:00","0","itg04213","03/31/2018 16:18:21","PVU_EX_1400","itg04213","03/31/2018 16:18:21","PVU_EX_1400","48","","1","0","1"
"03031","EA","04/01/2018 00:00:00","04/04/2022 00:00:00","0","itg04213","03/31/2018 16:18:21","PVU_EX_1400","itg04213","03/31/2018 16:18:21","PVU_EX_1400","02","","","0",""
"03031","EMEC","04/01/2018 00:00:00","10/09/2019 00:00:00","0","itg04213","03/31/2018 16:18:21","PVU_EX_1400","itg40916","10/09/2019 00:00:00","H191136","24","","","0",""
"13214","ECL","04/01/2018 00:00:00","12/31/9999 00:00:00","0","itg04213","03/31/2018 16:23:32","PVU_EX_1400","itg04213","03/31/2018 16:23:32","PVU_EX_1400","51","","1","0","1"
"13214","EA","04/01/2018 00:00:00","04/04/2022 00:00:00","0","itg04213","03/31/2018 16:23:32","PVU_EX_1400","itg04213","03/31/2018 16:23:32","PVU_EX_1400","04","","","0",""
"13214","EMEC","04/01/2018 00:00:00","10/09/2019 00:00:00","0","itg04213","03/31/2018 16:23:32","PVU_EX_1400","itg40916","10/09/2019 00:00:00","H191136","24","","","0",""
"01003","ECL","04/20/2018 00:00:00","04/14/2020 00:00:00","0","itg04213","04/19/2018 18:40:56","PVU_EX_1400","itg04213","04/19/2018 18:40:56","PVU_EX_1400","48","09284","1","1","1"
"01051","ECL","04/20/2018 00:00:00","04/14/2019 00:00:00","0","itg04213","04/19/2018 18:44:25","PVU_EX_1400","itg04213","04/19/2018 18:44:25","PVU_EX_1400","48","09284","1","1","1"
"11004","ECL","04/20/2018 00:00:00","04/14/2019 00:00:00","0","itg04213","04/19/2018 18:47:32","PVU_EX_1400","itg04213","04/19/2018 18:47:32","PVU_EX_1400","51","05633","1","1","1"
"11008","ECL","04/20/2018 00:00:00","04/14/2019 00:00:00","0","itg04213","04/19/2018 18:48:18","PVU_EX_1400","itg04213","04/19/2018 18:48:18","PVU_EX_1400","51","05633","1","1","3"
"11026","ECL","04/20/2018 00:00:00","04/14/2019 00:00:00","0","itg04213","04/19/2018 18:49:07","PVU_EX_1400","itg04213","04/19/2018 18:49:07","PVU_EX_1400","51","05633","1","1","1"
"13162","ECL","04/20/2018 00:00:00","04/14/2020 00:00:00","0","itg04213","04/19/2018 18:52:44","PVU_EX_1400","itg04213","04/19/2018 18:52:44","PVU_EX_1400","51","05711","1","1","1"
"14056","ECL","04/20/2018 00:00:00","04/14/2019 00:00:00","0","itg04213","04/19/2018 18:56:33","PVU_EX_1400","itg04213","04/19/2018 18:56:33","PVU_EX_1400","51","06562","1","1","1"
"17004","ECL","04/20/2018 00:00:00","04/14/2020 00:00:00","0","itg04213","04/19/2018 18:58:13","PVU_EX_1400","itg04213","04/19/2018 18:58:13","PVU_EX_1400","52","06720","1","1","1"
"17022","ECL","04/20/2018 00:00:00","04/14/2019 00:00:00","0","itg04213","04/19/2018 18:59:03","PVU_EX_1400","itg04213","04/19/2018 18:59:03","PVU_EX_1400","52","06720","1","1","1"
"30502","ECL","04/20/2018 00:00:00","04/18/2023 00:00:00","0","itg04213","04/19/2018 19:07:16","PVU_EX_1400","itg04213","04/19/2018 19:07:16","PVU_EX_1400","52","09776","1","1","1"
"01053","ECL","04/20/2018 00:00:00","04/14/2021 00:00:00","0","itg04213","04/19/2018 19:11:06","PVU_EX_1400","itg04213","04/19/2018 19:11:06","PVU_EX_1400","48","09284","1","0",""
"27070","ECL","04/23/2018 00:00:00","10/08/2020 00:00:00","0","itg04213","04/23/2018 16:07:15","PVU_EX_1400","itg04213","04/23/2018 16:07:15","PVU_EX_1400","52","08120","2","0",""
"34890","ECL","04/23/2018 00:00:00","10/08/2020 00:00:00","0","itg04213","04/23/2018 16:09:58","PVU_EX_1400","itg04213","04/23/2018 16:09:58","PVU_EX_1400","54","08120","2","0","2"
"47008","ECL","04/23/2018 00:00:00","04/14/2020 00:00:00","0","itg04213","04/23/2018 16:12:22","PVU_EX_1400","itg04213","04/23/2018 16:12:22","PVU_EX_1400","55","08120","","0",""
"47014","ECL","04/23/2018 00:00:00","10/08/2020 00:00:00","0","itg04213","04/23/2018 16:12:55","PVU_EX_1400","itg04213","04/23/2018 16:12:55","PVU_EX_1400","55","08120","2","0","2"
"11009","ECL","04/24/2018 00:00:00","04/14/2019 00:00:00","0","itg04213","04/24/2018 13:38:23","PVU_EX_1400","itg04213","04/24/2018 13:38:23","PVU_EX_1400","51","05633","1","1","1"
"13099","ECL","04/24/2018 00:00:00","04/14/2019 00:00:00","0","itg04213","04/24/2018 13:39:53","PVU_EX_1400","itg04213","04/24/2018 13:39:53","PVU_EX_1400","51","08286","1","1","3"
"13149","ECL","04/24/2018 00:00:00","10/08/2020 00:00:00","0","itg04213","04/24/2018 13:40:39","PVU_EX_1400","itg04213","04/24/2018 13:40:39","PVU_EX_1400","51","07508","1","1","1"
"17001","ECL","04/24/2018 00:00:00","04/14/2020 00:00:00","0","itg04213","04/24/2018 13:42:03","PVU_EX_1400","itg04213","04/24/2018 13:42:03","PVU_EX_1400","52","06720","3","1","3"
"30016","ECL","04/24/2018 00:00:00","04/18/2023 00:00:00","0","itg04213","04/24/2018 13:44:48","PVU_EX_1400","itg04213","04/24/2018 13:44:48","PVU_EX_1400","52","09776","3","1","3"
"27042","ECL","04/24/2018 00:00:00","04/18/2023 00:00:00","0","itg04213","04/24/2018 13:55:45","PVU_EX_1400","itg04213","04/24/2018 13:55:45","PVU_EX_1400","52","09776","3","1","3"
"14002","ECL","05/08/2018 00:00:00","12/31/9999 00:00:00","0","itg04213","05/08/2018 15:24:46","PVU_EX_1400","itg04213","05/08/2018 15:24:46","PVU_EX_1400","51","","","0",""
"14002","EMEC","05/08/2018 00:00:00","10/09/2019 00:00:00","0","itg04213","05/08/2018 15:24:46","PVU_EX_1400","itg40916","10/09/2019 00:00:00","H191136","24","","","0",""
"23001","EMEC","05/08/2018 00:00:00","10/09/2019 00:00:00","0","itg04213","05/08/2018 15:32:10","PVU_EX_1400","itg40916","10/09/2019 00:00:00","H191136","24","","","0",""
"44003","ECL","10/02/2018 00:00:00","04/14/2020 00:00:00","0","itg04213","10/02/2018 14:13:44","PVU_EX_1400","itg04213","10/02/2018 14:13:44","PVU_EX_1400","55","06538","1","1","1"
"13217","EA","03/01/2019 00:00:00","04/04/2022 00:00:00","0","itg04213","02/15/2019 13:50:36","PVU_EX_1400","itg04213","02/15/2019 13:50:36","PVU_EX_1400","04","","","0",""
"04042","ECL","04/15/2019 00:00:00","10/08/2020 00:00:00","0","itg04213","04/15/2019 11:56:23","PVU_EX_1400","itg04213","04/15/2019 11:56:23","PVU_EX_1400","48","07086","3","1",""
"05007","ECL","04/15/2019 00:00:00","10/12/2022 00:00:00","0","itg04213","04/15/2019 11:57:07","PVU_EX_1400","itg04213","04/15/2019 11:57:07","PVU_EX_1400","48","05120","3","1","3"
"03028","ECL","04/15/2019 00:00:00","10/12/2022 00:00:00","0","itg04213","04/15/2019 12:02:37","PVU_EX_1400","itg04213","04/15/2019 12:02:37","PVU_EX_1400","48","05120","1","1","3"
"11008","ECL","04/15/2019 00:00:00","04/14/2020 00:00:00","0","itg04213","04/15/2019 12:35:54","PVU_EX_1400","itg04213","04/15/2019 12:35:54","PVU_EX_1400","51","06196","1","1","3"
"10009","ECL","04/15/2019 00:00:00","04/14/2020 00:00:00","0","itg04213","04/15/2019 13:08:02","PVU_EX_1400","itg04213","04/15/2019 13:08:02","PVU_EX_1400","51","06189","1","1","1"
"21004","ECL","04/15/2019 00:00:00","10/09/2019 00:00:00","0","itg04213","04/15/2019 13:12:57","PVU_EX_1400","itg04213","04/15/2019 13:12:57","PVU_EX_1400","52","07689","1","1","3"
"11026","ECL","04/15/2019 00:00:00","04/14/2020 00:00:00","0","itg04213","04/15/2019 13:26:53","PVU_EX_1400","itg04213","04/15/2019 13:26:53","PVU_EX_1400","51","05111","1","1","1"
"41001","ECL","04/15/2019 00:00:00","04/15/2025 00:00:00","0","itg04213","04/15/2019 13:43:23","PVU_EX_1400","itg04213","04/15/2019 13:43:23","PVU_EX_1400","55","09586","1","1","1"
"47002","ECL","04/15/2019 00:00:00","04/14/2024 00:00:00","0","itg04213","04/15/2019 13:46:32","PVU_EX_1400","itg04213","04/15/2019 13:46:32","PVU_EX_1400","55","06770","3","1","3"
"11890","ECL","04/15/2020 00:00:00","12/31/9999 00:00:00","0","itg35320","04/15/2020 13:27:36","PVU_EX_1400","itg35320","04/15/2020 13:27:36","PVU_EX_1400","51","","2","0","2"
"25008","ECL","04/15/2020 00:00:00","10/12/2022 00:00:00","0","itg35320","04/15/2020 13:48:54","PVU_EX_1400","itg35320","04/15/2020 13:48:54","PVU_EX_1400","52","07045","1","1","3"
"26011","ECL","04/15/2020 00:00:00","10/12/2022 00:00:00","0","itg35320","04/15/2020 13:50:22","PVU_EX_1400","itg35320","04/15/2020 13:50:22","PVU_EX_1400","52","07045","1","1","1"
"27004","ECL","04/15/2020 00:00:00","10/06/2021 00:00:00","0","itg35320","04/15/2020 13:53:46","PVU_EX_1400","itg35320","04/15/2020 13:53:46","PVU_EX_1400","52","05888","3","1","3"
"34044","ECL","04/15/2020 00:00:00","12/31/9999 00:00:00","0","itg35320","04/15/2020 13:56:40","PVU_EX_1400","itg35320","04/15/2020 13:56:40","PVU_EX_1400","54","","1","0","1"
"44001","ECL","04/15/2020 00:00:00","12/31/9999 00:00:00","0","itg35320","04/15/2020 14:17:18","PVU_EX_1400","itg35320","04/15/2020 14:17:18","PVU_EX_1400","55","09006","1","1","3"
"44013","ECL","04/15/2020 00:00:00","12/31/9999 00:00:00","0","itg35320","04/15/2020 14:20:02","PVU_EX_1400","itg35320","04/15/2020 14:20:02","PVU_EX_1400","55","","2","0","2"
"45009","ECL","04/15/2020 00:00:00","12/31/9999 00:00:00","0","itg35320","04/15/2020 14:23:18","PVU_EX_1400","itg35320","04/15/2020 14:23:18","PVU_EX_1400","55","","3","1","3"
"46001","ECL","04/15/2020 00:00:00","12/31/9999 00:00:00","0","itg35320","04/15/2020 14:24:23","PVU_EX_1400","itg35320","04/15/2020 14:24:23","PVU_EX_1400","55","","3","1","3"
"46005","ECL","04/15/2020 00:00:00","04/14/2021 00:00:00","0","itg35320","04/15/2020 14:25:49","PVU_EX_1400","itg35320","04/15/2020 14:25:49","PVU_EX_1400","55","05281","1","1","1"
"15027","ECL","10/01/2020 00:00:00","12/31/9999 00:00:00","0","itg04213","09/30/2020 14:32:12","PVU_EX_1400","itg04213","09/30/2020 14:32:12","PVU_EX_1400","48","","3","1",""
"12033","ECL","10/09/2020 00:00:00","12/31/9999 00:00:00","0","itg04213","10/09/2020 13:17:07","PVU_EX_1400","itg04213","10/09/2020 13:17:07","PVU_EX_1400","51","","2","0",""
"14053","ECL","10/09/2020 00:00:00","12/31/9999 00:00:00","0","itg04213","10/09/2020 13:25:58","PVU_EX_1400","itg04213","10/09/2020 13:25:58","PVU_EX_1400","51","","2","0",""
"27091","ECL","10/09/2020 00:00:00","12/31/9999 00:00:00","0","itg04213","10/09/2020 13:32:17","PVU_EX_1400","itg04213","10/09/2020 13:32:17","PVU_EX_1400","52","","","0",""
"27890","ECL","10/09/2020 00:00:00","12/31/9999 00:00:00","0","itg04213","10/09/2020 13:34:02","PVU_EX_1400","itg04213","10/09/2020 13:34:02","PVU_EX_1400","52","","2","0","2"
"30008","ECL","10/09/2020 00:00:00","12/31/9999 00:00:00","0","itg04213","10/09/2020 13:36:02","PVU_EX_1400","itg04213","10/09/2020 13:36:02","PVU_EX_1400","52","","3","1","3"
"01053","ECL","04/15/2021 00:00:00","10/12/2022 00:00:00","0","itg04213","04/15/2021 10:07:09","PVU_EX_1400","itg04213","04/15/2021 10:07:09","PVU_EX_1400","48","07372","1","0",""
"06007","ECL","04/15/2021 00:00:00","04/14/2024 00:00:00","0","itg04213","04/15/2021 10:08:23","PVU_EX_1400","itg04213","04/15/2021 10:08:23","PVU_EX_1400","48","08299","1","1","3"
"07004","ECL","04/15/2021 00:00:00","10/15/2024 00:00:00","0","itg04213","04/15/2021 10:11:09","PVU_EX_1400","itg04213","04/15/2021 10:11:09","PVU_EX_1400","48","06309","1","1","3"
"12010","ECL","04/15/2021 00:00:00","12/31/9999 00:00:00","0","itg04213","04/15/2021 10:24:56","PVU_EX_1400","itg04213","04/15/2021 10:24:56","PVU_EX_1400","51","06828","1","1","1"
"12037","ECL","04/15/2021 00:00:00","12/31/9999 00:00:00","0","itg04213","04/15/2021 10:25:21","PVU_EX_1400","itg04213","04/15/2021 10:25:21","PVU_EX_1400","51","06828","1","1","1"
"14005","ECL","04/15/2021 00:00:00","04/15/2025 00:00:00","0","itg04213","04/15/2021 10:26:04","PVU_EX_1400","itg04213","04/15/2021 10:26:04","PVU_EX_1400","51","08787","1","1","1"
"14025","ECL","04/15/2021 00:00:00","04/15/2025 00:00:00","0","itg04213","04/15/2021 10:26:33","PVU_EX_1400","itg04213","04/15/2021 10:26:33","PVU_EX_1400","51","08787","3","1","3"
"14027","ECL","04/15/2021 00:00:00","04/15/2025 00:00:00","0","itg04213","04/15/2021 10:26:56","PVU_EX_1400","itg04213","04/15/2021 10:26:56","PVU_EX_1400","51","08787","1","1","1"
"14034","ECL","04/15/2021 00:00:00","04/15/2025 00:00:00","0","itg04213","04/15/2021 10:27:23","PVU_EX_1400","itg04213","04/15/2021 10:27:23","PVU_EX_1400","51","08787","1","1","1"
"14056","ECL","04/15/2021 00:00:00","04/15/2025 00:00:00","0","itg04213","04/15/2021 10:27:49","PVU_EX_1400","itg04213","04/15/2021 10:27:49","PVU_EX_1400","51","08787","1","1","1"
"21004","ECL","04/15/2021 00:00:00","10/12/2022 00:00:00","0","itg04213","04/15/2021 10:28:46","PVU_EX_1400","itg04213","04/15/2021 10:28:46","PVU_EX_1400","52","09568","1","1","3"
"21890","ECL","04/15/2021 00:00:00","10/12/2022 00:00:00","0","itg04213","04/15/2021 10:29:18","PVU_EX_1400","itg04213","04/15/2021 10:29:18","PVU_EX_1400","52","09568","1","1","3"
"22002","ECL","04/15/2021 00:00:00","10/12/2022 00:00:00","0","itg04213","04/15/2021 10:29:43","PVU_EX_1400","itg04213","04/15/2021 10:29:43","PVU_EX_1400","52","09568","3","1","3"
"23009","ECL","04/15/2021 00:00:00","10/12/2022 00:00:00","0","itg04213","04/15/2021 10:30:59","PVU_EX_1400","itg04213","04/15/2021 10:30:59","PVU_EX_1400","52","09568","3","1","3"
"23100","ECL","04/15/2021 00:00:00","10/12/2022 00:00:00","0","itg04213","04/15/2021 10:31:35","PVU_EX_1400","itg04213","04/15/2021 10:31:35","PVU_EX_1400","52","09568","1","1","1"
"24002","ECL","04/15/2021 00:00:00","10/12/2022 00:00:00","0","itg04213","04/15/2021 10:32:25","PVU_EX_1400","itg04213","04/15/2021 10:32:25","PVU_EX_1400","52","09568","3","1","3"
"34040","ECL","04/15/2021 00:00:00","04/14/2024 00:00:00","0","itg04213","04/15/2021 10:34:24","PVU_EX_1400","itg04213","04/15/2021 10:34:24","PVU_EX_1400","54","09284","1","1","1"
"35003","ECL","04/15/2021 00:00:00","04/14/2024 00:00:00","0","itg04213","04/15/2021 10:35:16","PVU_EX_1400","itg04213","04/15/2021 10:35:16","PVU_EX_1400","54","09284","3","1","3"
"37021","ECL","04/15/2021 00:00:00","12/31/9999 00:00:00","0","itg04213","04/15/2021 10:37:05","PVU_EX_1400","itg04213","04/15/2021 10:37:05","PVU_EX_1400","54","07086","3","1","3"
"39001","ECL","04/15/2021 00:00:00","12/31/9999 00:00:00","0","itg04213","04/15/2021 10:38:13","PVU_EX_1400","itg04213","04/15/2021 10:38:13","PVU_EX_1400","54","07086","3","1","3"
"43003","ECL","04/15/2021 00:00:00","12/31/9999 00:00:00","0","itg04213","04/15/2021 10:39:26","PVU_EX_1400","itg04213","04/15/2021 10:39:26","PVU_EX_1400","55","08362","1","1","3"
"43004","ECL","04/15/2021 00:00:00","12/31/9999 00:00:00","0","itg04213","04/15/2021 10:39:49","PVU_EX_1400","itg04213","04/15/2021 10:39:49","PVU_EX_1400","55","08362","1","1","1"
"43006","ECL","04/15/2021 00:00:00","12/31/9999 00:00:00","0","itg04213","04/15/2021 10:40:14","PVU_EX_1400","itg04213","04/15/2021 10:40:14","PVU_EX_1400","55","08362","1","1","3"
"43011","ECL","04/15/2021 00:00:00","12/31/9999 00:00:00","0","itg04213","04/15/2021 10:40:42","PVU_EX_1400","itg04213","04/15/2021 10:40:42","PVU_EX_1400","55","08362","3","1","3"
"43023","ECL","04/15/2021 00:00:00","12/31/9999 00:00:00","0","itg04213","04/15/2021 10:41:04","PVU_EX_1400","itg04213","04/15/2021 10:41:04","PVU_EX_1400","55","08362","1","1","1"
"46002","ECL","04/15/2021 00:00:00","12/31/9999 00:00:00","0","itg04213","04/15/2021 10:41:31","PVU_EX_1400","itg04213","04/15/2021 10:41:31","PVU_EX_1400","55","08362","1","1","1"
"46005","ECL","04/15/2021 00:00:00","12/31/9999 00:00:00","0","itg04213","04/15/2021 10:41:55","PVU_EX_1400","itg04213","04/15/2021 10:41:55","PVU_EX_1400","55","08362","1","1","1"
"28022","ECL","10/07/2021 00:00:00","10/12/2022 00:00:00","0","itg04213","10/07/2021 16:03:49","PVU_EX_1400","itg04213","10/07/2021 16:03:49","PVU_EX_1400","52","09722","1","1","3"
"04041","EA","04/05/2022 00:00:00","12/31/9999 00:00:00","0","itg19647","04/05/2022 15:56:50","PVU_EX_1400","itg19647","04/05/2022 15:56:50","PVU_EX_1400","01","","","0",""
"40004","EA","04/05/2022 00:00:00","12/31/9999 00:00:00","0","itg19647","04/05/2022 16:03:22","PVU_EX_1400","itg19647","04/05/2022 16:03:22","PVU_EX_1400","04","","","0",""
"01053","ECL","10/13/2022 00:00:00","04/15/2025 00:00:00","0","itg43581","10/13/2022 10:40:24","PVU_EX_1400","itg43581","10/13/2022 10:40:24","PVU_EX_1400","48","08969","1","0",""
"05018","ECL","10/13/2022 00:00:00","04/15/2025 00:00:00","0","itg43581","10/13/2022 10:43:11","PVU_EX_1400","itg43581","10/13/2022 10:43:11","PVU_EX_1400","48","05864","1","1","3"
"03028","ECL","10/13/2022 00:00:00","04/15/2025 00:00:00","0","itg43581","10/13/2022 10:43:50","PVU_EX_1400","itg43581","10/13/2022 10:43:50","PVU_EX_1400","48","05864","1","1","3"
"03005","ECL","10/13/2022 00:00:00","04/15/2025 00:00:00","0","itg43581","10/13/2022 10:45:29","PVU_EX_1400","itg43581","10/13/2022 10:45:29","PVU_EX_1400","48","05864","1","1","3"
"11004","ECL","10/13/2022 00:00:00","12/31/9999 00:00:00","0","itg43581","10/13/2022 10:48:58","PVU_EX_1400","itg43581","10/13/2022 10:48:58","PVU_EX_1400","51","06189","1","1","1"
"11008","ECL","10/13/2022 00:00:00","12/31/9999 00:00:00","0","itg43581","10/13/2022 10:49:12","PVU_EX_1400","itg43581","10/13/2022 10:49:12","PVU_EX_1400","51","06189","1","1","3"
"17004","ECL","10/13/2022 00:00:00","12/31/9999 00:00:00","0","itg43581","10/13/2022 10:50:28","PVU_EX_1400","itg43581","10/13/2022 10:50:28","PVU_EX_1400","52","07399","1","1","1"
"16005","ECL","10/13/2022 00:00:00","12/31/9999 00:00:00","0","itg43581","10/13/2022 10:51:00","PVU_EX_1400","itg43581","10/13/2022 10:51:00","PVU_EX_1400","52","07399","1","1","1"
"18009","ECL","10/13/2022 00:00:00","12/31/9999 00:00:00","0","itg43581","10/13/2022 10:51:17","PVU_EX_1400","itg43581","10/13/2022 10:51:17","PVU_EX_1400","52","07399","1","1","1"
"24890","ECL","10/13/2022 00:00:00","04/14/2024 00:00:00","0","itg43581","10/13/2022 10:53:45","PVU_EX_1400","itg43581","10/13/2022 10:53:45","PVU_EX_1400","52","07689","1","1","3"
"21002","ECL","10/13/2022 00:00:00","12/31/9999 00:00:00","0","itg43581","10/13/2022 10:56:06","PVU_EX_1400","itg43581","10/13/2022 10:56:06","PVU_EX_1400","52","09653","1","1","3"
"22024","ECL","10/13/2022 00:00:00","12/31/9999 00:00:00","0","itg43581","10/13/2022 10:56:34","PVU_EX_1400","itg43581","10/13/2022 10:56:34","PVU_EX_1400","52","06507","1","1","3"
"13013","ECL","10/13/2022 00:00:00","10/26/2023 00:00:00","0","itg43581","10/13/2022 10:57:08","PVU_EX_1400","itg43581","10/13/2022 11:24:29","PVU_EX_1400","51","08644","1","1","3"
"27086","ECL","10/13/2022 00:00:00","04/14/2024 00:00:00","0","itg43581","10/13/2022 10:58:33","PVU_EX_1400","itg43581","10/13/2022 10:58:33","PVU_EX_1400","52","07045","1","1","1"
"28022","ECL","10/13/2022 00:00:00","04/14/2024 00:00:00","0","itg43581","10/13/2022 10:59:36","PVU_EX_1400","itg43581","10/13/2022 10:59:36","PVU_EX_1400","52","07045","1","1","3"
"26011","ECL","10/13/2022 00:00:00","12/31/9999 00:00:00","0","itg43581","10/13/2022 11:00:43","PVU_EX_1400","itg43581","10/13/2022 11:00:43","PVU_EX_1400","52","05886","1","1","1"
"25002","ECL","10/13/2022 00:00:00","12/31/9999 00:00:00","0","itg43581","10/13/2022 11:01:02","PVU_EX_1400","itg43581","10/13/2022 11:01:02","PVU_EX_1400","52","05886","1","1","1"
"26014","ECL","10/13/2022 00:00:00","12/31/9999 00:00:00","0","itg43581","10/13/2022 11:01:28","PVU_EX_1400","itg43581","10/13/2022 11:01:28","PVU_EX_1400","52","05886","3","1","3"
"23003","EA","04/10/2023 00:00:00","12/31/9999 00:00:00","0","itg45886","04/10/2023 11:00:12","PVU_EX_1400","itg45886","04/10/2023 11:00:12","PVU_EX_1400","03","","","0",""
"07005","EA","04/18/2023 00:00:00","12/31/9999 00:00:00","0","itg39895","04/14/2023 11:26:14","PVU_EX_1400","itg04213","04/14/2023 11:26:14","Tenyuryoku","01","","","0",""
"27042","ECL","04/19/2023 00:00:00","12/31/9999 00:00:00","0","itg04213","04/19/2023 11:25:46","PVU_EX_1400","itg04213","04/19/2023 11:25:46","PVU_EX_1400","52","07843","3","1","3"
"29012","ECL","04/19/2023 00:00:00","12/31/9999 00:00:00","0","itg04213","04/19/2023 11:26:33","PVU_EX_1400","itg04213","04/19/2023 11:26:33","PVU_EX_1400","52","07843","1","1","1"
"13162","ECL","04/15/2020 00:00:00","04/14/2024 00:00:00","0","itg35320","04/15/2020 13:31:55","PVU_EX_1400","itg35320","04/15/2020 13:31:55","PVU_EX_1400","51","08644","1","1","1"
"13985","ECL","04/15/2020 00:00:00","12/31/9999 00:00:00","0","itg35320","04/15/2020 13:32:25","PVU_EX_1400","itg35320","04/15/2020 13:32:25","PVU_EX_1400","51","","2","0","2"
"14005","ECL","04/15/2020 00:00:00","04/14/2021 00:00:00","0","itg35320","04/15/2020 13:33:38","PVU_EX_1400","itg35320","04/15/2020 13:33:38","PVU_EX_1400","51","06303","1","1","1"
"14016","ECL","04/15/2020 00:00:00","12/31/9999 00:00:00","0","itg35320","04/15/2020 13:34:39","PVU_EX_1400","itg35320","04/15/2020 13:34:39","PVU_EX_1400","51","","1","1","3"
"26023","ECL","04/15/2020 00:00:00","10/12/2022 00:00:00","0","itg35320","04/15/2020 13:51:42","PVU_EX_1400","itg35320","04/15/2020 13:51:42","PVU_EX_1400","52","07045","1","1","1"
"35002","ECL","04/15/2020 00:00:00","12/31/9999 00:00:00","0","itg35320","04/15/2020 13:57:18","PVU_EX_1400","itg35320","04/15/2020 13:57:18","PVU_EX_1400","54","","3","0","2"
"35022","ECL","04/15/2020 00:00:00","12/31/9999 00:00:00","0","itg35320","04/15/2020 13:57:57","PVU_EX_1400","itg35320","04/15/2020 13:57:57","PVU_EX_1400","54","","1","0","1"
"40010","ECL","04/15/2020 00:00:00","12/31/9999 00:00:00","0","itg35320","04/15/2020 14:05:53","PVU_EX_1400","itg35320","04/15/2020 14:05:53","PVU_EX_1400","55","09006","1","1","1"
"40047","ECL","04/15/2020 00:00:00","12/31/9999 00:00:00","0","itg35320","04/15/2020 14:07:57","PVU_EX_1400","itg35320","04/15/2020 14:07:57","PVU_EX_1400","55","","2","0","2"
"42018","ECL","04/15/2020 00:00:00","12/31/9999 00:00:00","0","itg35320","04/15/2020 14:10:23","PVU_EX_1400","itg35320","04/15/2020 14:10:23","PVU_EX_1400","55","","2","0","2"
"46007","ECL","04/15/2020 00:00:00","04/14/2021 00:00:00","0","itg35320","04/15/2020 14:26:22","PVU_EX_1400","itg35320","04/15/2020 14:26:22","PVU_EX_1400","55","05281","1","1","3"
"07025","ECL","04/15/2021 00:00:00","04/15/2025 00:00:00","0","itg04213","04/15/2021 10:12:01","PVU_EX_1400","itg04213","04/15/2021 10:12:01","PVU_EX_1400","48","06309","1","1","3"
"40005","EA","04/05/2022 00:00:00","12/31/9999 00:00:00","0","ITSP","03/30/2018 21:56:22","ENW","UNYO","04/05/2022 16:17:02","2022_KAIHEN","04","","","0",""
"40007","EA","04/05/2022 00:00:00","12/31/9999 00:00:00","0","ITSP","03/30/2018 21:56:22","ENW","UNYO","04/05/2022 16:17:02","2022_KAIHEN","04","","","0",""
"40010","EA","04/05/2022 00:00:00","12/31/9999 00:00:00","0","ITSP","03/30/2018 21:56:22","ENW","UNYO","04/05/2022 16:17:02","2022_KAIHEN","04","","","0",""
"40014","EA","04/05/2022 00:00:00","12/31/9999 00:00:00","0","ITSP","03/30/2018 21:56:22","ENW","UNYO","04/05/2022 16:17:02","2022_KAIHEN","04","","","0",""
"40016","EA","04/05/2022 00:00:00","12/31/9999 00:00:00","0","ITSP","03/30/2018 21:56:22","ENW","UNYO","04/05/2022 16:17:02","2022_KAIHEN","04","","","0",""
"40018","EA","04/05/2022 00:00:00","12/31/9999 00:00:00","0","ITSP","03/30/2018 21:56:22","ENW","UNYO","04/05/2022 16:17:02","2022_KAIHEN","04","","","0",""
"40022","EA","04/05/2022 00:00:00","12/31/9999 00:00:00","0","ITSP","03/30/2018 21:56:22","ENW","UNYO","04/05/2022 16:17:02","2022_KAIHEN","04","","","0",""
"40026","EA","04/05/2022 00:00:00","12/31/9999 00:00:00","0","ITSP","03/30/2018 21:56:22","ENW","UNYO","04/05/2022 16:17:02","2022_KAIHEN","04","","","0",""
"40035","EA","04/05/2022 00:00:00","12/31/9999 00:00:00","0","ITSP","03/30/2018 21:56:22","ENW","UNYO","04/05/2022 16:17:02","2022_KAIHEN","04","","","0",""
"40046","EA","04/05/2022 00:00:00","12/31/9999 00:00:00","0","ITSP","03/30/2018 21:56:22","ENW","UNYO","04/05/2022 16:17:02","2022_KAIHEN","04","","","0",""
"40047","EA","04/05/2022 00:00:00","12/31/9999 00:00:00","0","ITSP","03/30/2018 21:56:22","ENW","UNYO","04/05/2022 16:17:02","2022_KAIHEN","04","","","0",""
"40048","EA","04/05/2022 00:00:00","12/31/9999 00:00:00","0","ITSP","03/30/2018 21:56:22","ENW","UNYO","04/05/2022 16:17:02","2022_KAIHEN","04","","","0",""
"40051","EA","04/05/2022 00:00:00","12/31/9999 00:00:00","0","ITSP","03/30/2018 21:56:22","ENW","UNYO","04/05/2022 16:17:02","2022_KAIHEN","04","","","0",""
"40054","EA","04/05/2022 00:00:00","12/31/9999 00:00:00","0","ITSP","03/30/2018 21:56:22","ENW","UNYO","04/05/2022 16:17:02","2022_KAIHEN","04","","","0",""
"40061","EA","04/05/2022 00:00:00","12/31/9999 00:00:00","0","ITSP","03/30/2018 21:56:22","ENW","UNYO","04/05/2022 16:17:02","2022_KAIHEN","04","","","0",""
"40080","EA","04/05/2022 00:00:00","12/31/9999 00:00:00","0","ITSP","03/30/2018 21:56:22","ENW","UNYO","04/05/2022 16:17:02","2022_KAIHEN","04","","","0",""
"40081","EA","04/05/2022 00:00:00","12/31/9999 00:00:00","0","ITSP","03/30/2018 21:56:22","ENW","UNYO","04/05/2022 16:17:02","2022_KAIHEN","04","","","0",""
"40082","EA","04/05/2022 00:00:00","12/31/9999 00:00:00","0","ITSP","03/30/2018 21:56:22","ENW","UNYO","04/05/2022 16:17:02","2022_KAIHEN","04","","","0",""
"40083","EA","04/05/2022 00:00:00","12/31/9999 00:00:00","0","ITSP","03/30/2018 21:56:22","ENW","UNYO","04/05/2022 16:17:02","2022_KAIHEN","04","","","0",""
"40084","EA","04/05/2022 00:00:00","12/31/9999 00:00:00","0","ITSP","03/30/2018 21:56:22","ENW","UNYO","04/05/2022 16:17:02","2022_KAIHEN","04","","","0",""
"40085","EA","04/05/2022 00:00:00","12/31/9999 00:00:00","0","ITSP","03/30/2018 21:56:22","ENW","UNYO","04/05/2022 16:17:02","2022_KAIHEN","04","","","0",""
"40090","EA","04/05/2022 00:00:00","12/31/9999 00:00:00","0","ITSP","03/30/2018 21:56:22","ENW","UNYO","04/05/2022 16:17:02","2022_KAIHEN","04","","","0",""
"40091","EA","04/05/2022 00:00:00","12/31/9999 00:00:00","0","ITSP","03/30/2018 21:56:22","ENW","UNYO","04/05/2022 16:17:02","2022_KAIHEN","04","","","0",""
"40098","EA","04/05/2022 00:00:00","12/31/9999 00:00:00","0","ITSP","03/30/2018 21:56:22","ENW","UNYO","04/05/2022 16:17:02","2022_KAIHEN","04","","","0",""
"40888","EA","04/05/2022 00:00:00","12/31/9999 00:00:00","0","ITSP","03/30/2018 21:56:22","ENW","UNYO","04/05/2022 16:17:02","2022_KAIHEN","04","","","0",""
"40889","EA","04/05/2022 00:00:00","12/31/9999 00:00:00","0","ITSP","03/30/2018 21:56:22","ENW","UNYO","04/05/2022 16:17:02","2022_KAIHEN","04","","","0",""
"40890","EA","04/05/2022 00:00:00","12/31/9999 00:00:00","0","ITSP","03/30/2018 21:56:22","ENW","UNYO","04/05/2022 16:17:02","2022_KAIHEN","04","","","0",""
"41001","EA","04/05/2022 00:00:00","12/31/9999 00:00:00","0","ITSP","03/30/2018 21:56:22","ENW","UNYO","04/05/2022 16:17:02","2022_KAIHEN","04","","","0",""
"41002","EA","04/05/2022 00:00:00","12/31/9999 00:00:00","0","ITSP","03/30/2018 21:56:22","ENW","UNYO","04/05/2022 16:17:02","2022_KAIHEN","04","","","0",""
"41003","EA","04/05/2022 00:00:00","12/31/9999 00:00:00","0","ITSP","03/30/2018 21:56:22","ENW","UNYO","04/05/2022 16:17:02","2022_KAIHEN","04","","","0",""
"41007","EA","04/05/2022 00:00:00","12/31/9999 00:00:00","0","ITSP","03/30/2018 21:56:22","ENW","UNYO","04/05/2022 16:17:02","2022_KAIHEN","04","","","0",""
"41010","EA","04/05/2022 00:00:00","12/31/9999 00:00:00","0","ITSP","03/30/2018 21:56:22","ENW","UNYO","04/05/2022 16:17:02","2022_KAIHEN","04","","","0",""
"41888","EA","04/05/2022 00:00:00","12/31/9999 00:00:00","0","ITSP","03/30/2018 21:56:22","ENW","UNYO","04/05/2022 16:17:02","2022_KAIHEN","04","","","0",""
"41889","EA","04/05/2022 00:00:00","12/31/9999 00:00:00","0","ITSP","03/30/2018 21:56:22","ENW","UNYO","04/05/2022 16:17:02","2022_KAIHEN","04","","","0",""
"42002","EA","04/05/2022 00:00:00","12/31/9999 00:00:00","0","ITSP","03/30/2018 21:56:22","ENW","UNYO","04/05/2022 16:17:02","2022_KAIHEN","04","","","0",""
"42004","EA","04/05/2022 00:00:00","12/31/9999 00:00:00","0","ITSP","03/30/2018 21:56:22","ENW","UNYO","04/05/2022 16:17:02","2022_KAIHEN","04","","","0",""
"42017","EA","04/05/2022 00:00:00","12/31/9999 00:00:00","0","ITSP","03/30/2018 21:56:22","ENW","UNYO","04/05/2022 16:17:02","2022_KAIHEN","04","","","0",""
"42018","EA","04/05/2022 00:00:00","12/31/9999 00:00:00","0","ITSP","03/30/2018 21:56:22","ENW","UNYO","04/05/2022 16:17:02","2022_KAIHEN","04","","","0",""
"42019","EA","04/05/2022 00:00:00","12/31/9999 00:00:00","0","ITSP","03/30/2018 21:56:22","ENW","UNYO","04/05/2022 16:17:02","2022_KAIHEN","04","","","0",""
"42888","EA","04/05/2022 00:00:00","12/31/9999 00:00:00","0","ITSP","03/30/2018 21:56:22","ENW","UNYO","04/05/2022 16:17:02","2022_KAIHEN","04","","","0",""
"42889","EA","04/05/2022 00:00:00","12/31/9999 00:00:00","0","ITSP","03/30/2018 21:56:22","ENW","UNYO","04/05/2022 16:17:02","2022_KAIHEN","04","","","0",""
"43001","EA","04/05/2022 00:00:00","12/31/9999 00:00:00","0","ITSP","03/30/2018 21:56:22","ENW","UNYO","04/05/2022 16:17:02","2022_KAIHEN","04","","","0",""
"43002","EA","04/05/2022 00:00:00","12/31/9999 00:00:00","0","ITSP","03/30/2018 21:56:22","ENW","UNYO","04/05/2022 16:17:02","2022_KAIHEN","04","","","0",""
"43003","EA","04/05/2022 00:00:00","12/31/9999 00:00:00","0","ITSP","03/30/2018 21:56:22","ENW","UNYO","04/05/2022 16:17:02","2022_KAIHEN","04","","","0",""
"43004","EA","04/05/2022 00:00:00","12/31/9999 00:00:00","0","ITSP","03/30/2018 21:56:22","ENW","UNYO","04/05/2022 16:17:02","2022_KAIHEN","04","","","0",""
"43006","EA","04/05/2022 00:00:00","12/31/9999 00:00:00","0","ITSP","03/30/2018 21:56:22","ENW","UNYO","04/05/2022 16:17:02","2022_KAIHEN","04","","","0",""
"43007","EA","04/05/2022 00:00:00","12/31/9999 00:00:00","0","ITSP","03/30/2018 21:56:22","ENW","UNYO","04/05/2022 16:17:02","2022_KAIHEN","04","","","0",""
"43011","EA","04/05/2022 00:00:00","12/31/9999 00:00:00","0","ITSP","03/30/2018 21:56:22","ENW","UNYO","04/05/2022 16:17:02","2022_KAIHEN","04","","","0",""
"43014","EA","04/05/2022 00:00:00","12/31/9999 00:00:00","0","ITSP","03/30/2018 21:56:22","ENW","UNYO","04/05/2022 16:17:02","2022_KAIHEN","04","","","0",""
"43022","EA","04/05/2022 00:00:00","12/31/9999 00:00:00","0","ITSP","03/30/2018 21:56:22","ENW","UNYO","04/05/2022 16:17:02","2022_KAIHEN","04","","","0",""
"43023","EA","04/05/2022 00:00:00","12/31/9999 00:00:00","0","ITSP","03/30/2018 21:56:22","ENW","UNYO","04/05/2022 16:17:02","2022_KAIHEN","04","","","0",""
"43024","EA","04/05/2022 00:00:00","12/31/9999 00:00:00","0","ITSP","03/30/2018 21:56:22","ENW","UNYO","04/05/2022 16:17:02","2022_KAIHEN","04","","","0",""
"43099","EA","04/05/2022 00:00:00","12/31/9999 00:00:00","0","ITSP","03/30/2018 21:56:22","ENW","UNYO","04/05/2022 16:17:02","2022_KAIHEN","04","","","0",""
"43888","EA","04/05/2022 00:00:00","12/31/9999 00:00:00","0","ITSP","03/30/2018 21:56:22","ENW","UNYO","04/05/2022 16:17:02","2022_KAIHEN","04","","","0",""
"43889","EA","04/05/2022 00:00:00","12/31/9999 00:00:00","0","ITSP","03/30/2018 21:56:22","ENW","UNYO","04/05/2022 16:17:02","2022_KAIHEN","04","","","0",""
"44001","EA","04/05/2022 00:00:00","12/31/9999 00:00:00","0","ITSP","03/30/2018 21:56:22","ENW","UNYO","04/05/2022 16:17:02","2022_KAIHEN","04","","","0",""
"44002","EA","04/05/2022 00:00:00","12/31/9999 00:00:00","0","ITSP","03/30/2018 21:56:22","ENW","UNYO","04/05/2022 16:17:02","2022_KAIHEN","04","","","0",""
"44003","EA","04/05/2022 00:00:00","12/31/9999 00:00:00","0","ITSP","03/30/2018 21:56:22","ENW","UNYO","04/05/2022 16:17:02","2022_KAIHEN","04","","","0",""
"44013","EA","04/05/2022 00:00:00","12/31/9999 00:00:00","0","ITSP","03/30/2018 21:56:22","ENW","UNYO","04/05/2022 16:17:02","2022_KAIHEN","04","","","0",""
"44014","EA","04/05/2022 00:00:00","12/31/9999 00:00:00","0","ITSP","03/30/2018 21:56:22","ENW","UNYO","04/05/2022 16:17:02","2022_KAIHEN","04","","","0",""
"44018","EA","04/05/2022 00:00:00","12/31/9999 00:00:00","0","ITSP","03/30/2018 21:56:22","ENW","UNYO","04/05/2022 16:17:02","2022_KAIHEN","04","","","0",""
"44888","EA","04/05/2022 00:00:00","12/31/9999 00:00:00","0","ITSP","03/30/2018 21:56:22","ENW","UNYO","04/05/2022 16:17:02","2022_KAIHEN","04","","","0",""
"44889","EA","04/05/2022 00:00:00","12/31/9999 00:00:00","0","ITSP","03/30/2018 21:56:22","ENW","UNYO","04/05/2022 16:17:02","2022_KAIHEN","04","","","0",""
"45001","EA","04/05/2022 00:00:00","12/31/9999 00:00:00","0","ITSP","03/30/2018 21:56:22","ENW","UNYO","04/05/2022 16:17:02","2022_KAIHEN","04","","","0",""
"45002","EA","04/05/2022 00:00:00","12/31/9999 00:00:00","0","ITSP","03/30/2018 21:56:22","ENW","UNYO","04/05/2022 16:17:02","2022_KAIHEN","04","","","0",""
"45008","EA","04/05/2022 00:00:00","12/31/9999 00:00:00","0","ITSP","03/30/2018 21:56:22","ENW","UNYO","04/05/2022 16:17:02","2022_KAIHEN","04","","","0",""
"45009","EA","04/05/2022 00:00:00","12/31/9999 00:00:00","0","ITSP","03/30/2018 21:56:22","ENW","UNYO","04/05/2022 16:17:02","2022_KAIHEN","04","","","0",""
"45012","EA","04/05/2022 00:00:00","12/31/9999 00:00:00","0","ITSP","03/30/2018 21:56:22","ENW","UNYO","04/05/2022 16:17:02","2022_KAIHEN","04","","","0",""
"45017","EA","04/05/2022 00:00:00","12/31/9999 00:00:00","0","ITSP","03/30/2018 21:56:22","ENW","UNYO","04/05/2022 16:17:02","2022_KAIHEN","04","","","0",""
"45888","EA","04/05/2022 00:00:00","12/31/9999 00:00:00","0","ITSP","03/30/2018 21:56:22","ENW","UNYO","04/05/2022 16:17:02","2022_KAIHEN","04","","","0",""
"46001","EA","04/05/2022 00:00:00","12/31/9999 00:00:00","0","ITSP","03/30/2018 21:56:22","ENW","UNYO","04/05/2022 16:17:02","2022_KAIHEN","04","","","0",""
"46002","EA","04/05/2022 00:00:00","12/31/9999 00:00:00","0","ITSP","03/30/2018 21:56:22","ENW","UNYO","04/05/2022 16:17:02","2022_KAIHEN","04","","","0",""
"46005","EA","04/05/2022 00:00:00","12/31/9999 00:00:00","0","ITSP","03/30/2018 21:56:22","ENW","UNYO","04/05/2022 16:17:02","2022_KAIHEN","04","","","0",""
"46007","EA","04/05/2022 00:00:00","12/31/9999 00:00:00","0","ITSP","03/30/2018 21:56:22","ENW","UNYO","04/05/2022 16:17:02","2022_KAIHEN","04","","","0",""
"26023","ECL","10/13/2022 00:00:00","12/31/9999 00:00:00","0","itg43581","10/13/2022 11:02:08","PVU_EX_1400","itg43581","10/13/2022 11:02:08","PVU_EX_1400","52","05886","1","1","1"
"26024","ECL","10/13/2022 00:00:00","12/31/9999 00:00:00","0","itg43581","10/13/2022 11:02:29","PVU_EX_1400","itg43581","10/13/2022 11:02:29","PVU_EX_1400","52","05886","1","1","3"
"22002","ECL","10/13/2022 00:00:00","12/31/9999 00:00:00","0","itg43581","10/13/2022 11:03:20","PVU_EX_1400","itg43581","10/13/2022 11:03:20","PVU_EX_1400","52","06507","3","1","3"
"29015","ECL","04/19/2023 00:00:00","12/31/9999 00:00:00","0","itg04213","04/19/2023 11:27:20","PVU_EX_1400","itg04213","04/19/2023 11:27:20","PVU_EX_1400","52","07843","3","1","3"
"30502","ECL","04/19/2023 00:00:00","12/31/9999 00:00:00","0","itg04213","04/19/2023 11:29:06","PVU_EX_1400","itg04213","04/19/2023 11:29:06","PVU_EX_1400","52","07843","1","1","1"
"04001","ECL","04/15/2024 00:00:00","12/31/9999 00:00:00","0","itg43581","04/15/2024 11:51:36","PVU_EX_1400","itg43581","04/15/2024 11:51:36","PVU_EX_1400","48","07689","3","1","3"
"04014","ECL","04/15/2024 00:00:00","12/31/9999 00:00:00","0","itg43581","04/15/2024 11:52:32","PVU_EX_1400","itg43581","04/15/2024 11:52:32","PVU_EX_1400","48","07689","1","0","3"
"04051","ECL","04/15/2024 00:00:00","12/31/9999 00:00:00","0","itg43581","04/15/2024 11:56:34","PVU_EX_1400","itg43581","04/15/2024 11:56:34","PVU_EX_1400","48","07689","1","1","3"
"04504","ECL","04/15/2024 00:00:00","12/31/9999 00:00:00","0","itg43581","04/15/2024 11:57:13","PVU_EX_1400","itg43581","04/15/2024 11:57:13","PVU_EX_1400","48","07689","1","1","3"
"06007","ECL","04/15/2024 00:00:00","12/31/9999 00:00:00","0","itg43581","04/15/2024 11:57:47","PVU_EX_1400","itg43581","04/15/2024 11:57:47","PVU_EX_1400","48","07689","1","1","3"
"47011","ECL","04/15/2024 00:00:00","12/31/9999 00:00:00","0","itg41755","04/15/2024 11:57:52","PVU_EX_1400","itg41755","04/15/2024 11:57:52","PVU_EX_1400","55","08644","1","0","3"
"06015","ECL","04/15/2024 00:00:00","12/31/9999 00:00:00","0","itg43581","04/15/2024 11:59:14","PVU_EX_1400","itg43581","04/15/2024 11:59:14","PVU_EX_1400","48","07689","1","1","3"
"06016","ECL","04/15/2024 00:00:00","12/31/9999 00:00:00","0","itg43581","04/15/2024 11:59:51","PVU_EX_1400","itg43581","04/15/2024 11:59:51","PVU_EX_1400","48","07689","1","1","3"
"08010","ECL","04/15/2024 00:00:00","12/31/9999 00:00:00","0","itg43581","04/15/2024 12:00:53","PVU_EX_1400","itg43581","04/15/2024 12:00:53","PVU_EX_1400","51","07316","1","1","1"
"08021","ECL","04/15/2024 00:00:00","12/31/9999 00:00:00","0","itg43581","04/15/2024 12:01:36","PVU_EX_1400","itg43581","04/15/2024 12:01:36","PVU_EX_1400","51","07316","1","1","1"
"08095","ECL","04/15/2024 00:00:00","12/31/9999 00:00:00","0","itg43581","04/15/2024 12:05:02","PVU_EX_1400","itg43581","04/15/2024 12:05:02","PVU_EX_1400","51","07316","3","1","3"
"08504","ECL","04/15/2024 00:00:00","12/31/9999 00:00:00","0","itg43581","04/15/2024 12:06:07","PVU_EX_1400","itg43581","04/15/2024 12:06:07","PVU_EX_1400","51","07316","1","1","1"
"09012","ECL","04/15/2024 00:00:00","12/31/9999 00:00:00","0","itg43581","04/15/2024 12:07:42","PVU_EX_1400","itg43581","04/15/2024 12:07:42","PVU_EX_1400","51","07316","1","1","3"
"47001","ECL","04/15/2024 00:00:00","12/31/9999 00:00:00","0","itg41755","04/15/2024 13:09:33","PVU_EX_1400","itg41755","04/15/2024 13:09:33","PVU_EX_1400","55","08644","3","1","3"
"45001","ECL","04/15/2024 00:00:00","04/15/2025 00:00:00","0","itg41755","04/15/2024 13:10:13","PVU_EX_1400","itg41755","04/15/2024 13:10:13","PVU_EX_1400","55","08644","1","1","3"
"40083","ECL","04/15/2024 00:00:00","12/31/9999 00:00:00","0","itg41755","04/15/2024 13:10:51","PVU_EX_1400","itg41755","04/15/2024 13:10:51","PVU_EX_1400","55","08644","","0",""
"09013","ECL","04/15/2024 00:00:00","12/31/9999 00:00:00","0","itg43581","04/15/2024 13:15:36","PVU_EX_1400","itg43581","04/15/2024 13:15:36","PVU_EX_1400","51","07316","1","1","3"
"40002","ECL","04/15/2024 00:00:00","04/15/2025 00:00:00","0","itg41755","04/15/2024 13:15:50","PVU_EX_1400","itg41755","04/15/2024 13:15:50","PVU_EX_1400","55","06052","1","1","1"
"09015","ECL","04/15/2024 00:00:00","12/31/9999 00:00:00","0","itg43581","04/15/2024 13:16:01","PVU_EX_1400","itg43581","04/15/2024 13:16:01","PVU_EX_1400","51","07316","1","1","1"
"09016","ECL","04/15/2024 00:00:00","12/31/9999 00:00:00","0","itg43581","04/15/2024 13:16:29","PVU_EX_1400","itg43581","04/15/2024 13:16:29","PVU_EX_1400","51","07316","1","0",""
"13010","ECL","04/15/2024 00:00:00","12/31/9999 00:00:00","0","itg43581","04/15/2024 13:17:41","PVU_EX_1400","itg43581","04/15/2024 13:17:41","PVU_EX_1400","51","10170","1","1","3"
"35003","ECL","04/15/2024 00:00:00","12/31/9999 00:00:00","0","itg41755","04/15/2024 13:18:02","PVU_EX_1400","itg41755","04/15/2024 13:18:02","PVU_EX_1400","54","06770","3","1","3"
"13013","ECL","04/15/2024 00:00:00","12/31/9999 00:00:00","0","itg43581","04/15/2024 13:18:11","PVU_EX_1400","itg43581","04/15/2024 13:18:11","PVU_EX_1400","51","10170","1","1","3"
"13017","ECL","04/15/2024 00:00:00","12/31/9999 00:00:00","0","itg43581","04/15/2024 13:18:50","PVU_EX_1400","itg43581","04/15/2024 13:18:50","PVU_EX_1400","51","10157","1","1","1"
"34040","ECL","04/15/2024 00:00:00","12/31/9999 00:00:00","0","itg41755","04/15/2024 13:19:21","PVU_EX_1400","itg41755","04/15/2024 13:19:21","PVU_EX_1400","54","06770","1","1","1"
"13099","ECL","04/15/2024 00:00:00","12/31/9999 00:00:00","0","itg43581","04/15/2024 13:20:31","PVU_EX_1400","itg43581","04/15/2024 13:20:31","PVU_EX_1400","51","10157","1","1","3"
"34010","ECL","04/15/2024 00:00:00","12/31/9999 00:00:00","0","itg41755","04/15/2024 13:20:36","PVU_EX_1400","itg41755","04/15/2024 13:20:36","PVU_EX_1400","54","06770","1","0","3"
"13149","ECL","04/15/2024 00:00:00","12/31/9999 00:00:00","0","itg43581","04/15/2024 13:20:55","PVU_EX_1400","itg43581","04/15/2024 13:20:55","PVU_EX_1400","51","10157","1","1","1"
"28037","ECL","04/15/2024 00:00:00","12/31/9999 00:00:00","0","itg41755","04/15/2024 13:21:15","PVU_EX_1400","itg41755","04/15/2024 13:21:15","PVU_EX_1400","52","05673","1","1","3"
"13160","ECL","04/15/2024 00:00:00","12/31/9999 00:00:00","0","itg43581","04/15/2024 13:21:25","PVU_EX_1400","itg43581","04/15/2024 13:21:25","PVU_EX_1400","51","10170","1","1","1"
"13162","ECL","04/15/2024 00:00:00","12/31/9999 00:00:00","0","itg43581","04/15/2024 13:22:34","PVU_EX_1400","itg43581","04/15/2024 13:22:34","PVU_EX_1400","51","10170","1","1","1"
"13163","ECL","04/15/2024 00:00:00","12/31/9999 00:00:00","0","itg43581","04/15/2024 13:23:08","PVU_EX_1400","itg43581","04/15/2024 13:23:08","PVU_EX_1400","51","10157","1","1","1"
"13165","ECL","04/15/2024 00:00:00","12/31/9999 00:00:00","0","itg43581","04/15/2024 13:24:10","PVU_EX_1400","itg43581","04/15/2024 13:24:10","PVU_EX_1400","51","10157","1","1","1"
"24012","ECL","04/15/2024 00:00:00","12/31/9999 00:00:00","0","itg41755","04/15/2024 13:25:03","PVU_EX_1400","itg41755","04/15/2024 13:25:03","PVU_EX_1400","52","08319","1","1","3"
"24002","ECL","04/15/2024 00:00:00","12/31/9999 00:00:00","0","itg41755","04/15/2024 13:25:49","PVU_EX_1400","itg41755","04/15/2024 13:25:49","PVU_EX_1400","52","08319","3","1","3"
"23052","ECL","04/15/2024 00:00:00","12/31/9999 00:00:00","0","itg41755","04/15/2024 13:26:36","PVU_EX_1400","itg41755","04/15/2024 13:26:36","PVU_EX_1400","52","08319","1","1","3"
"23049","ECL","04/15/2024 00:00:00","12/31/9999 00:00:00","0","itg41755","04/15/2024 13:27:49","PVU_EX_1400","itg41755","04/15/2024 13:27:49","PVU_EX_1400","52","10157","3","1",""
"20023","ECL","04/15/2024 00:00:00","12/31/9999 00:00:00","0","itg41755","04/15/2024 13:29:22","PVU_EX_1400","itg41755","04/15/2024 13:29:22","PVU_EX_1400","51","07045","1","1",""
"20022","ECL","04/15/2024 00:00:00","12/31/9999 00:00:00","0","itg41755","04/15/2024 13:32:10","PVU_EX_1400","itg41755","04/15/2024 13:32:10","PVU_EX_1400","51","07045","1","1","1"
"20010","ECL","04/15/2024 00:00:00","12/31/9999 00:00:00","0","itg41755","04/15/2024 13:32:38","PVU_EX_1400","itg41755","04/15/2024 13:32:38","PVU_EX_1400","51","07045","1","1","3"
"20005","ECL","04/15/2024 00:00:00","12/31/9999 00:00:00","0","itg41755","04/15/2024 13:33:13","PVU_EX_1400","itg41755","04/15/2024 13:33:13","PVU_EX_1400","51","07045","3","1","3"
"19003","ECL","04/15/2024 00:00:00","12/31/9999 00:00:00","0","itg43581","04/15/2024 13:33:25","PVU_EX_1400","itg43581","04/15/2024 13:33:25","PVU_EX_1400","51","07045","1","1","1"
"19011","ECL","04/15/2024 00:00:00","12/31/9999 00:00:00","0","itg43581","04/15/2024 13:34:16","PVU_EX_1400","itg43581","04/15/2024 13:34:16","PVU_EX_1400","51","07045","1","1",""
"20001","ECL","04/15/2024 00:00:00","12/31/9999 00:00:00","0","itg41755","04/15/2024 13:34:29","PVU_EX_1400","itg41755","04/15/2024 13:34:29","PVU_EX_1400","51","07045","1","0","3"
"07004","ECL","10/16/2024 00:00:00","12/31/9999 00:00:00","0","itg04213","10/16/2024 11:36:36","PVU_EX_1400","itg04213","10/16/2024 11:36:36","PVU_EX_1400","48","","1","1","3"
"40016","ECL","10/16/2024 00:00:00","12/31/9999 00:00:00","0","itg04213","10/16/2024 11:37:52","PVU_EX_1400","itg04213","10/16/2024 11:37:52","PVU_EX_1400","55","","1","1","1"
"40024","ECL","10/16/2024 00:00:00","12/31/9999 00:00:00","0","itg04213","10/16/2024 11:38:34","PVU_EX_1400","itg04213","10/16/2024 11:38:34","PVU_EX_1400","55","","","0",""
"40079","ECL","10/16/2024 00:00:00","12/31/9999 00:00:00","0","itg04213","10/16/2024 11:39:14","PVU_EX_1400","itg04213","10/16/2024 11:39:14","PVU_EX_1400","55","","","0",""
"10009","ECL","10/16/2024 00:00:00","12/31/9999 00:00:00","0","itg04213","10/16/2024 11:41:24","PVU_EX_1400","itg04213","10/16/2024 11:41:24","PVU_EX_1400","51","09214","1","1","1"
"10018","ECL","10/16/2024 00:00:00","12/31/9999 00:00:00","0","itg04213","10/16/2024 11:41:55","PVU_EX_1400","itg04213","10/16/2024 11:41:55","PVU_EX_1400","51","09214","1","1","3"
"15003","ECL","10/16/2024 00:00:00","12/31/9999 00:00:00","0","itg04213","10/16/2024 11:42:53","PVU_EX_1400","itg04213","10/16/2024 11:42:53","PVU_EX_1400","51","09214","3","1","3"
"15013","ECL","10/16/2024 00:00:00","12/31/9999 00:00:00","0","itg04213","10/16/2024 11:43:42","PVU_EX_1400","itg04213","10/16/2024 11:43:42","PVU_EX_1400","51","09214","3","1","3"
"15020","ECL","10/16/2024 00:00:00","12/31/9999 00:00:00","0","itg04213","10/16/2024 11:44:15","PVU_EX_1400","itg04213","10/16/2024 11:44:15","PVU_EX_1400","51","09214","1","1","1"
"13014","ECL","10/28/2024 00:00:00","12/31/9999 00:00:00","0","itg45886","10/28/2024 14:52:58","PVU_EX_1400","itg45886","10/28/2024 14:52:58","PVU_EX_1400","51","","","1",""
"27041","ECL","11/01/2024 00:00:00","12/31/9999 00:00:00","0","itg42390","10/28/2024 15:50:17","PVU_EX_1400","itg42390","10/28/2024 15:50:17","PVU_EX_1400","52","","","1",""
"40044","ECL","11/01/2024 00:00:00","12/31/9999 00:00:00","0","itg42390","10/28/2024 16:01:39","PVU_EX_1400","itg42390","10/28/2024 16:01:39","PVU_EX_1400","55","","","1",""
"13147","ECL","11/01/2024 00:00:00","12/31/9999 00:00:00","0","itg39895","10/28/2024 16:06:12","PVU_EX_1400","itg39895","10/28/2024 16:06:12","PVU_EX_1400","51","","","1",""
"13147","EA","11/01/2024 00:00:00","12/31/9999 00:00:00","0","itg39895","10/28/2024 16:06:12","PVU_EX_1400","itg39895","10/28/2024 16:06:12","PVU_EX_1400","02","","","0",""
"42102","ECL","11/01/2024 00:00:00","12/31/9999 00:00:00","0","itg42390","10/28/2024 16:06:22","PVU_EX_1400","itg42390","10/28/2024 16:06:22","PVU_EX_1400","55","","","1",""
"13148","EA","11/01/2024 00:00:00","12/31/9999 00:00:00","0","itg39895","10/28/2024 16:10:31","PVU_EX_1400","itg39895","10/28/2024 16:10:31","PVU_EX_1400","02","","","0",""
"13159","EA","11/01/2024 00:00:00","12/31/9999 00:00:00","0","itg39895","10/28/2024 16:15:05","PVU_EX_1400","itg39895","10/28/2024 16:15:05","PVU_EX_1400","02","","","0",""
"23047","EA","11/01/2024 00:00:00","12/31/9999 00:00:00","0","itg39895","10/28/2024 16:19:42","PVU_EX_1400","itg39895","10/28/2024 16:19:42","PVU_EX_1400","03","","","0",""
"41005","ECL","11/01/2024 00:00:00","12/31/9999 00:00:00","0","itg42390","10/28/2024 16:23:02","PVU_EX_1400","itg42390","10/28/2024 16:23:02","PVU_EX_1400","55","","","1",""
"23048","ECL","11/01/2024 00:00:00","12/31/9999 00:00:00","0","itg39895","10/28/2024 16:25:35","PVU_EX_1400","itg39895","10/28/2024 16:25:35","PVU_EX_1400","52","","","1",""
"41006","EA","11/01/2024 00:00:00","12/31/9999 00:00:00","0","itg42390","10/28/2024 16:28:50","PVU_EX_1400","itg42390","10/28/2024 16:28:50","PVU_EX_1400","04","","","0",""
"01051","ECL","04/16/2025 00:00:00","12/31/9999 00:00:00","0","itg04213","04/16/2025 11:42:50","PVU_EX_1400","itg04213","04/16/2025 11:42:50","PVU_EX_1400","48","10504","1","1","1"
"02027","ECL","04/16/2025 00:00:00","12/31/9999 00:00:00","0","itg04283","04/16/2025 14:00:10","PVU_EX_1400","itg04283","04/16/2025 14:00:10","PVU_EX_1400","48","08449","1","1","3"
"03005","ECL","04/16/2025 00:00:00","12/31/9999 00:00:00","0","itg04283","04/16/2025 14:00:54","PVU_EX_1400","itg04283","04/16/2025 14:00:54","PVU_EX_1400","48","08449","1","1","3"
"03027","ECL","04/16/2025 00:00:00","12/31/9999 00:00:00","0","itg04283","04/16/2025 14:02:02","PVU_EX_1400","itg04283","04/16/2025 14:02:02","PVU_EX_1400","48","08449","1","1","3"
"05013","ECL","04/16/2025 00:00:00","12/31/9999 00:00:00","0","itg04283","04/16/2025 14:07:20","PVU_EX_1400","itg04283","04/16/2025 14:07:20","PVU_EX_1400","48","08449","1","1","3"
"05016","ECL","04/16/2025 00:00:00","12/31/9999 00:00:00","0","itg04283","04/16/2025 14:08:00","PVU_EX_1400","itg04283","04/16/2025 14:08:00","PVU_EX_1400","48","08449","1","1","3"
"05018","ECL","04/16/2025 00:00:00","12/31/9999 00:00:00","0","itg04283","04/16/2025 14:08:39","PVU_EX_1400","itg04283","04/16/2025 14:08:39","PVU_EX_1400","48","08449","1","1","3"
"07005","ECL","04/16/2025 00:00:00","12/31/9999 00:00:00","0","itg04283","04/16/2025 14:09:26","PVU_EX_1400","itg04283","04/16/2025 14:09:26","PVU_EX_1400","48","10504","1","1","3"
"07025","ECL","04/16/2025 00:00:00","12/31/9999 00:00:00","0","itg04283","04/16/2025 14:11:01","PVU_EX_1400","itg04283","04/16/2025 14:11:01","PVU_EX_1400","48","10504","1","1","3"
"14005","ECL","04/16/2025 00:00:00","12/31/9999 00:00:00","0","itg04283","04/16/2025 14:13:00","PVU_EX_1400","itg04283","04/16/2025 14:13:00","PVU_EX_1400","51","05710","1","1","1"
"14027","ECL","04/16/2025 00:00:00","12/31/9999 00:00:00","0","itg04283","04/16/2025 14:14:08","PVU_EX_1400","itg04283","04/16/2025 14:14:08","PVU_EX_1400","51","05710","1","1","1"
"10002","ECL","10/16/2024 00:00:00","12/31/9999 00:00:00","0","itg04213","10/16/2024 11:40:47","PVU_EX_1400","itg04213","10/16/2024 11:40:47","PVU_EX_1400","51","09214","1","1","1"
"15002","ECL","10/16/2024 00:00:00","12/31/9999 00:00:00","0","itg04213","10/16/2024 11:42:35","PVU_EX_1400","itg04213","10/16/2024 11:42:35","PVU_EX_1400","51","09214","3","1","3"
"15012","ECL","10/16/2024 00:00:00","12/31/9999 00:00:00","0","itg04213","10/16/2024 11:43:25","PVU_EX_1400","itg04213","10/16/2024 11:43:25","PVU_EX_1400","51","09214","1","1","1"
"13014","EA","10/28/2024 00:00:00","12/31/9999 00:00:00","0","itg45886","10/28/2024 14:52:58","PVU_EX_1400","itg45886","10/28/2024 14:52:58","PVU_EX_1400","02","","","0",""
"13015","ECL","11/01/2024 00:00:00","12/31/9999 00:00:00","0","itg45886","10/28/2024 15:07:57","PVU_EX_1400","itg45886","10/28/2024 15:07:57","PVU_EX_1400","51","","","1",""
"40044","EA","11/01/2024 00:00:00","12/31/9999 00:00:00","0","itg42390","10/28/2024 16:01:39","PVU_EX_1400","itg42390","10/28/2024 16:01:39","PVU_EX_1400","04","","","0",""
"02017","ECL","04/16/2025 00:00:00","12/31/9999 00:00:00","0","itg04213","04/16/2025 11:44:46","PVU_EX_1400","itg04213","04/16/2025 11:44:46","PVU_EX_1400","48","08449","1","1","3"
"01053","ECL","04/16/2025 00:00:00","12/31/9999 00:00:00","0","itg04213","04/16/2025 11:45:56","PVU_EX_1400","itg04213","04/16/2025 11:45:56","PVU_EX_1400","48","","1","0",""
"14034","ECL","04/16/2025 00:00:00","12/31/9999 00:00:00","0","itg04283","04/16/2025 14:14:47","PVU_EX_1400","itg04283","04/16/2025 14:14:47","PVU_EX_1400","51","05710","1","1","1"
"27004","ECL","04/16/2025 00:00:00","12/31/9999 00:00:00","0","itg04283","04/16/2025 14:35:19","PVU_EX_1400","itg04283","04/16/2025 14:35:19","PVU_EX_1400","52","10223","3","1","3"
"28023","ECL","04/16/2025 00:00:00","12/31/9999 00:00:00","0","itg04283","04/16/2025 14:36:40","PVU_EX_1400","itg04283","04/16/2025 14:36:40","PVU_EX_1400","52","10223","3","1","3"
"34003","ECL","04/16/2025 00:00:00","12/31/9999 00:00:00","0","itg04283","04/16/2025 14:38:15","PVU_EX_1400","itg04283","04/16/2025 14:38:15","PVU_EX_1400","54","06052","3","1","3"
"34012","ECL","04/16/2025 00:00:00","12/31/9999 00:00:00","0","itg04283","04/16/2025 14:38:55","PVU_EX_1400","itg04283","04/16/2025 14:38:55","PVU_EX_1400","54","06052","1","1","3"
"40014","ECL","04/16/2025 00:00:00","12/31/9999 00:00:00","0","itg04283","04/16/2025 14:41:52","PVU_EX_1400","itg04283","04/16/2025 14:41:52","PVU_EX_1400","55","09340","1","1","1"
"40026","ECL","04/16/2025 00:00:00","12/31/9999 00:00:00","0","itg04283","04/16/2025 14:42:28","PVU_EX_1400","itg04283","04/16/2025 14:42:28","PVU_EX_1400","55","09340","1","1","1"
"41002","ECL","04/16/2025 00:00:00","12/31/9999 00:00:00","0","itg04283","04/16/2025 14:43:43","PVU_EX_1400","itg04283","04/16/2025 14:43:43","PVU_EX_1400","55","09340","1","1","1"
"41003","ECL","04/16/2025 00:00:00","12/31/9999 00:00:00","0","itg04283","04/16/2025 14:44:14","PVU_EX_1400","itg04283","04/16/2025 14:44:14","PVU_EX_1400","55","09340","1","1","1"
"42001","ECL","04/16/2025 00:00:00","12/31/9999 00:00:00","0","itg04283","04/16/2025 14:45:24","PVU_EX_1400","itg04283","04/16/2025 14:45:24","PVU_EX_1400","55","09340","1","0","3"
"42002","ECL","04/16/2025 00:00:00","12/31/9999 00:00:00","0","itg04283","04/16/2025 14:45:51","PVU_EX_1400","itg04283","04/16/2025 14:45:51","PVU_EX_1400","55","09340","3","1","3"
"43001","ECL","04/16/2025 00:00:00","12/31/9999 00:00:00","0","itg04283","04/16/2025 14:47:11","PVU_EX_1400","itg04283","04/16/2025 14:47:11","PVU_EX_1400","55","09722","1","1","3"
"45001","ECL","04/16/2025 00:00:00","12/31/9999 00:00:00","0","itg04283","04/16/2025 14:47:40","PVU_EX_1400","itg04283","04/16/2025 14:47:40","PVU_EX_1400","55","09722","1","1","3"
"13079","ECL","09/12/2025 00:00:00","12/31/9999 00:00:00","0","itg46273","09/12/2025 11:18:48","PVU_EX_1400","itg46273","09/12/2025 11:18:48","PVU_EX_1400","51","","","1",""
"43066","ECL","09/12/2025 00:00:00","12/31/9999 00:00:00","0","itg46273","09/12/2025 11:26:05","PVU_EX_1400","itg46273","09/12/2025 11:26:05","PVU_EX_1400","55","","","1",""
"37010","ECL","10/28/2025 00:00:00","12/31/9999 00:00:00","0","itg04283","10/28/2025 16:27:51","PVU_EX_1400","itg04283","10/28/2025 16:27:51","PVU_EX_1400","54","09501","3","1","3"
"35001","ECL","04/01/2026 00:00:00","12/31/9999 00:00:00","0","itg37786","02/18/2026 11:33:14","PVU_EX_1400","itg37786","02/18/2026 11:33:14","PVU_EX_1400","54","","","0",""
"32001","ECL","04/01/2026 00:00:00","12/31/9999 00:00:00","0","itg37786","02/18/2026 16:25:49","PVU_EX_1400","itg37786","02/18/2026 16:25:49","PVU_EX_1400","54","","","0",""
"33001","ECL","04/01/2026 00:00:00","12/31/9999 00:00:00","0","itg37786","02/19/2026 11:55:58","PVU_EX_1400","itg37786","02/19/2026 11:55:58","PVU_EX_1400","54","","","0",""
"38001","ECL","04/01/2026 00:00:00","12/31/9999 00:00:00","0","itg37786","02/19/2026 14:34:02","PVU_EX_1400","itg37786","02/19/2026 14:34:02","PVU_EX_1400","54","","","0",""
"47003","ECL","04/01/2026 00:00:00","12/31/9999 00:00:00","0","itg37786","02/19/2026 14:47:47","PVU_EX_1400","itg37786","02/19/2026 14:47:47","PVU_EX_1400","55","","","0",""
"47004","ECL","04/01/2026 00:00:00","12/31/9999 00:00:00","0","itg37786","02/19/2026 14:51:39","PVU_EX_1400","itg37786","02/19/2026 14:51:39","PVU_EX_1400","55","","","0",""
"47004","EA","04/01/2026 00:00:00","12/31/9999 00:00:00","0","itg37786","02/19/2026 14:51:39","PVU_EX_1400","itg37786","02/19/2026 14:51:39","PVU_EX_1400","04","","","0",""
"18001","ECL","04/01/2026 00:00:00","12/31/9999 00:00:00","0","itg37786","02/19/2026 16:13:28","PVU_EX_1400","itg37786","02/19/2026 16:13:28","PVU_EX_1400","52","","","0",""
"16003","ECL","04/01/2026 00:00:00","12/31/9999 00:00:00","0","itg37786","02/19/2026 16:24:14","PVU_EX_1400","itg37786","02/19/2026 16:24:14","PVU_EX_1400","52","","","0",""
"34001","ECL","04/01/2026 00:00:00","12/31/9999 00:00:00","0","itg37786","02/24/2026 14:28:17","PVU_EX_1400","itg37786","02/24/2026 14:28:17","PVU_EX_1400","54","","","0",""
"42003","ECL","04/01/2026 00:00:00","12/31/9999 00:00:00","0","itg37786","02/24/2026 14:38:19","PVU_EX_1400","itg37786","02/24/2026 14:38:19","PVU_EX_1400","55","","","0",""
"40006","ECL","04/01/2026 00:00:00","12/31/9999 00:00:00","0","itg37786","02/25/2026 13:44:39","PVU_EX_1400","itg37786","02/25/2026 13:44:39","PVU_EX_1400","55","","","0",""
"18002","ECL","04/01/2026 00:00:00","12/31/9999 00:00:00","0","itg36186","03/02/2026 16:39:04","PVU_EX_1400","itg36186","03/02/2026 16:39:04","PVU_EX_1400","52","","","0",""
"16006","ECL","04/01/2026 00:00:00","12/31/9999 00:00:00","0","itg36186","03/02/2026 16:47:35","PVU_EX_1400","itg36186","03/02/2026 16:47:35","PVU_EX_1400","52","","","0",""
"13004","ECL","04/01/2026 00:00:00","12/31/9999 00:00:00","0","itg36186","03/03/2026 10:12:45","PVU_EX_1400","itg36186","03/03/2026 10:12:45","PVU_EX_1400","51","","","0",""
"07002","ECL","04/01/2026 00:00:00","12/31/9999 00:00:00","0","itg36186","03/12/2026 15:47:37","PVU_EX_1400","itg36186","03/12/2026 15:47:37","PVU_EX_1400","48","","","0",""
"34002","ECL","04/01/2026 00:00:00","12/31/9999 00:00:00","0","itg36186","03/12/2026 15:50:18","PVU_EX_1400","itg36186","03/12/2026 15:50:18","PVU_EX_1400","54","","","0",""
"47005","ECL","04/01/2026 00:00:00","12/31/9999 00:00:00","0","itg36186","03/12/2026 15:57:32","PVU_EX_1400","itg36186","03/12/2026 15:57:32","PVU_EX_1400","55","","","0",""
"13015","EA","11/01/2024 00:00:00","12/31/9999 00:00:00","0","itg45886","10/28/2024 15:07:57","PVU_EX_1400","itg45886","10/28/2024 15:07:57","PVU_EX_1400","02","","","0",""
"42102","EA","11/01/2024 00:00:00","12/31/9999 00:00:00","0","itg42390","10/28/2024 16:06:22","PVU_EX_1400","itg42390","10/28/2024 16:06:22","PVU_EX_1400","04","","","0",""
"23048","EA","11/01/2024 00:00:00","12/31/9999 00:00:00","0","itg39895","10/28/2024 16:25:35","PVU_EX_1400","itg39895","10/28/2024 16:25:35","PVU_EX_1400","03","","","0",""
"41007","ECL","04/16/2025 00:00:00","12/31/9999 00:00:00","0","itg04283","04/16/2025 14:44:44","PVU_EX_1400","itg04283","04/16/2025 14:44:44","PVU_EX_1400","55","09340","3","1","3"
"42009","ECL","04/16/2025 00:00:00","12/31/9999 00:00:00","0","itg04283","04/16/2025 14:46:37","PVU_EX_1400","itg04283","04/16/2025 14:46:37","PVU_EX_1400","55","09340","1","1","3"
"13004","EA","04/01/2026 00:00:00","12/31/9999 00:00:00","0","itg36186","03/03/2026 10:12:45","PVU_EX_1400","itg36186","03/03/2026 10:12:45","PVU_EX_1400","02","","","0",""
"34002","EA","04/01/2026 00:00:00","12/31/9999 00:00:00","0","itg36186","03/12/2026 15:50:18","PVU_EX_1400","itg36186","03/12/2026 15:50:18","PVU_EX_1400","04","","","0",""
"27041","EA","11/01/2024 00:00:00","12/31/9999 00:00:00","0","itg42390","10/28/2024 15:50:17","PVU_EX_1400","itg42390","10/28/2024 15:50:17","PVU_EX_1400","03","","","0",""
"23047","ECL","11/01/2024 00:00:00","12/31/9999 00:00:00","0","itg39895","10/28/2024 16:19:42","PVU_EX_1400","itg39895","10/28/2024 16:19:42","PVU_EX_1400","52","","","1",""
"41006","ECL","11/01/2024 00:00:00","12/31/9999 00:00:00","0","itg42390","10/28/2024 16:28:50","PVU_EX_1400","itg42390","10/28/2024 16:28:50","PVU_EX_1400","55","","","1",""
"38010","ECL","10/28/2025 00:00:00","12/31/9999 00:00:00","0","itg04283","10/28/2025 16:28:54","PVU_EX_1400","itg04283","10/28/2025 16:28:54","PVU_EX_1400","54","09501","3","1","3"
"32001","EA","04/01/2026 00:00:00","12/31/9999 00:00:00","0","itg37786","02/18/2026 16:25:49","PVU_EX_1400","itg37786","02/18/2026 16:25:49","PVU_EX_1400","04","","","0",""
"37002","ECL","04/01/2026 00:00:00","12/31/9999 00:00:00","0","itg36186","03/12/2026 15:52:56","PVU_EX_1400","itg36186","03/12/2026 15:52:56","PVU_EX_1400","54","","","0",""
"17002","EA","04/01/2026 00:00:00","12/31/9999 00:00:00","0","itg36186","03/12/2026 15:55:12","PVU_EX_1400","itg36186","03/12/2026 15:55:12","PVU_EX_1400","03","","","0",""
"13148","ECL","11/01/2024 00:00:00","12/31/9999 00:00:00","0","itg39895","10/28/2024 16:10:31","PVU_EX_1400","itg39895","10/28/2024 16:10:31","PVU_EX_1400","51","","","1",""
"02026","ECL","04/16/2025 00:00:00","12/31/9999 00:00:00","0","itg04283","04/16/2025 13:59:39","PVU_EX_1400","itg04283","04/16/2025 13:59:39","PVU_EX_1400","48","08449","1","1","3"
"04046","ECL","04/16/2025 00:00:00","12/31/9999 00:00:00","0","itg04283","04/16/2025 14:06:17","PVU_EX_1400","itg04283","04/16/2025 14:06:17","PVU_EX_1400","48","10504","1","1","3"
"40002","ECL","04/16/2025 00:00:00","12/31/9999 00:00:00","0","itg04283","04/16/2025 14:40:25","PVU_EX_1400","itg04283","04/16/2025 14:40:25","PVU_EX_1400","55","09340","1","1","1"
"43066","EA","09/12/2025 00:00:00","12/31/9999 00:00:00","0","itg46273","09/12/2025 11:26:05","PVU_EX_1400","itg46273","09/12/2025 11:26:05","PVU_EX_1400","04","","","0",""
"42003","EA","04/01/2026 00:00:00","12/31/9999 00:00:00","0","itg37786","02/24/2026 14:38:19","PVU_EX_1400","itg37786","02/24/2026 14:38:19","PVU_EX_1400","04","","","0",""
"13159","ECL","11/01/2024 00:00:00","12/31/9999 00:00:00","0","itg39895","10/28/2024 16:15:05","PVU_EX_1400","itg39895","10/28/2024 16:15:05","PVU_EX_1400","51","","","1",""
"41005","EA","11/01/2024 00:00:00","12/31/9999 00:00:00","0","itg42390","10/28/2024 16:23:02","PVU_EX_1400","itg42390","10/28/2024 16:23:02","PVU_EX_1400","04","","","0",""
"17002","ECL","04/01/2026 00:00:00","12/31/9999 00:00:00","0","itg36186","03/12/2026 15:55:12","PVU_EX_1400","itg36186","03/12/2026 15:55:12","PVU_EX_1400","52","","","0",""
"04042","ECL","04/15/2024 00:00:00","12/31/9999 00:00:00","0","itg43581","04/15/2024 11:53:14","PVU_EX_1400","itg43581","04/15/2024 11:53:14","PVU_EX_1400","48","07689","3","1",""
"47002","ECL","04/15/2024 00:00:00","12/31/9999 00:00:00","0","itg41755","04/15/2024 12:00:14","PVU_EX_1400","itg41755","04/15/2024 12:00:14","PVU_EX_1400","55","08644","3","1","3"
"09003","ECL","04/15/2024 00:00:00","12/31/9999 00:00:00","0","itg43581","04/15/2024 12:07:06","PVU_EX_1400","itg43581","04/15/2024 12:07:06","PVU_EX_1400","51","07316","1","1","1"
"28022","ECL","04/15/2024 00:00:00","12/31/9999 00:00:00","0","itg41755","04/15/2024 13:22:32","PVU_EX_1400","itg41755","04/15/2024 13:22:32","PVU_EX_1400","52","05673","1","1","3"
"27086","ECL","04/15/2024 00:00:00","12/31/9999 00:00:00","0","itg41755","04/15/2024 13:23:09","PVU_EX_1400","itg41755","04/15/2024 13:23:09","PVU_EX_1400","52","05673","1","1","1"
"13164","ECL","04/15/2024 00:00:00","12/31/9999 00:00:00","0","itg43581","04/15/2024 13:23:38","PVU_EX_1400","itg43581","04/15/2024 13:23:38","PVU_EX_1400","51","10157","1","1","1"
"24890","ECL","04/15/2024 00:00:00","12/31/9999 00:00:00","0","itg41755","04/15/2024 13:24:28","PVU_EX_1400","itg41755","04/15/2024 13:24:28","PVU_EX_1400","52","08319","1","1","3"
"06010","ECL","04/15/2024 00:00:00","12/31/9999 00:00:00","0","itg43581","04/15/2024 11:58:16","PVU_EX_1400","itg43581","04/15/2024 11:58:16","PVU_EX_1400","48","07689","3","1","3"
"06014","ECL","04/15/2024 00:00:00","12/31/9999 00:00:00","0","itg43581","04/15/2024 11:58:41","PVU_EX_1400","itg43581","04/15/2024 11:58:41","PVU_EX_1400","48","07689","1","1","3"
"47010","ECL","04/15/2024 00:00:00","12/31/9999 00:00:00","0","itg41755","04/15/2024 11:58:56","PVU_EX_1400","itg41755","04/15/2024 11:58:56","PVU_EX_1400","55","08644","1","1","1"
"47007","ECL","04/15/2024 00:00:00","12/31/9999 00:00:00","0","itg41755","04/15/2024 11:59:40","PVU_EX_1400","itg41755","04/15/2024 11:59:40","PVU_EX_1400","55","08644","","1",""
"40022","ECL","04/15/2024 00:00:00","12/31/9999 00:00:00","0","itg41755","04/15/2024 13:12:38","PVU_EX_1400","itg41755","04/15/2024 13:12:38","PVU_EX_1400","55","08644","1","1","1"
"28036","ECL","04/15/2024 00:00:00","12/31/9999 00:00:00","0","itg41755","04/15/2024 13:21:46","PVU_EX_1400","itg41755","04/15/2024 13:21:46","PVU_EX_1400","52","05673","1","1","1"
"13161","ECL","04/15/2024 00:00:00","12/31/9999 00:00:00","0","itg43581","04/15/2024 13:22:04","PVU_EX_1400","itg43581","04/15/2024 13:22:04","PVU_EX_1400","51","05886","1","0","1"
"20004","ECL","04/15/2024 00:00:00","12/31/9999 00:00:00","0","itg41755","04/15/2024 13:33:44","PVU_EX_1400","itg41755","04/15/2024 13:33:44","PVU_EX_1400","51","07045","1","1","1"
"34041","ECL","04/15/2024 00:00:00","12/31/9999 00:00:00","0","itg41755","04/15/2024 13:18:49","PVU_EX_1400","itg41755","04/15/2024 13:18:49","PVU_EX_1400","54","06770","1","1","1"
"23002","ECL","04/15/2024 00:00:00","12/31/9999 00:00:00","0","itg41755","04/15/2024 13:28:28","PVU_EX_1400","itg41755","04/15/2024 13:28:28","PVU_EX_1400","52","08319","3","1","3"
"13078","ECL","04/15/2024 00:00:00","12/31/9999 00:00:00","0","itg43581","04/15/2024 13:19:23","PVU_EX_1400","itg43581","04/15/2024 13:19:47","PVU_EX_1400","51","10157","1","1","3"
"27074","ECL","04/15/2024 00:00:00","12/31/9999 00:00:00","0","itg41755","04/15/2024 13:23:46","PVU_EX_1400","itg41755","04/15/2024 13:23:46","PVU_EX_1400","52","05673","1","1","1"
"02018","ECL","04/16/2025 00:00:00","12/31/9999 00:00:00","0","itg04283","04/16/2025 13:59:00","PVU_EX_1400","itg04283","04/16/2025 13:59:00","PVU_EX_1400","48","08449","3","1","3"
"03019","ECL","04/16/2025 00:00:00","12/31/9999 00:00:00","0","itg04283","04/16/2025 14:01:31","PVU_EX_1400","itg04283","04/16/2025 14:01:31","PVU_EX_1400","48","08449","1","1","3"
"03028","ECL","04/16/2025 00:00:00","12/31/9999 00:00:00","0","itg04283","04/16/2025 14:03:18","PVU_EX_1400","itg04283","04/16/2025 14:03:18","PVU_EX_1400","48","08449","1","1","3"
"05007","ECL","04/16/2025 00:00:00","12/31/9999 00:00:00","0","itg04283","04/16/2025 14:06:51","PVU_EX_1400","itg04283","04/16/2025 14:06:51","PVU_EX_1400","48","08449","3","1","3"
"07022","ECL","04/16/2025 00:00:00","12/31/9999 00:00:00","0","itg04283","04/16/2025 14:10:13","PVU_EX_1400","itg04283","04/16/2025 14:10:13","PVU_EX_1400","48","10504","3","1","3"
"07028","ECL","04/16/2025 00:00:00","12/31/9999 00:00:00","0","itg04283","04/16/2025 14:11:30","PVU_EX_1400","itg04283","04/16/2025 14:11:30","PVU_EX_1400","48","10504","1","1","3"
"14025","ECL","04/16/2025 00:00:00","12/31/9999 00:00:00","0","itg04283","04/16/2025 14:13:38","PVU_EX_1400","itg04283","04/16/2025 14:13:38","PVU_EX_1400","51","05710","3","1","3"
"14056","ECL","04/16/2025 00:00:00","12/31/9999 00:00:00","0","itg04283","04/16/2025 14:15:22","PVU_EX_1400","itg04283","04/16/2025 14:15:22","PVU_EX_1400","51","05710","1","1","1"
"40004","ECL","04/16/2025 00:00:00","12/31/9999 00:00:00","0","itg04283","04/16/2025 14:41:16","PVU_EX_1400","itg04283","04/16/2025 14:41:16","PVU_EX_1400","55","09722","1","1","1"
"13079","EA","09/12/2025 00:00:00","12/31/9999 00:00:00","0","itg46273","09/12/2025 11:18:48","PVU_EX_1400","itg46273","09/12/2025 11:18:48","PVU_EX_1400","02","","","0",""
"35001","EA","04/01/2026 00:00:00","12/31/9999 00:00:00","0","itg37786","02/18/2026 11:33:15","PVU_EX_1400","itg37786","02/18/2026 11:33:15","PVU_EX_1400","04","","","0",""
"33001","EA","04/01/2026 00:00:00","12/31/9999 00:00:00","0","itg37786","02/19/2026 11:55:58","PVU_EX_1400","itg37786","02/19/2026 11:55:58","PVU_EX_1400","04","","","0",""
"38001","EA","04/01/2026 00:00:00","12/31/9999 00:00:00","0","itg37786","02/19/2026 14:34:02","PVU_EX_1400","itg37786","02/19/2026 14:34:02","PVU_EX_1400","04","","","0",""
"47003","EA","04/01/2026 00:00:00","12/31/9999 00:00:00","0","itg37786","02/19/2026 14:47:47","PVU_EX_1400","itg37786","02/19/2026 14:47:47","PVU_EX_1400","04","","","0",""
"34001","EA","04/01/2026 00:00:00","12/31/9999 00:00:00","0","itg37786","02/24/2026 14:28:17","PVU_EX_1400","itg37786","02/24/2026 14:28:17","PVU_EX_1400","04","","","0",""
"40006","EA","04/01/2026 00:00:00","12/31/9999 00:00:00","0","itg37786","02/25/2026 13:44:39","PVU_EX_1400","itg37786","02/25/2026 13:44:39","PVU_EX_1400","04","","","0",""
"18002","EA","04/01/2026 00:00:00","12/31/9999 00:00:00","0","itg36186","03/02/2026 16:39:04","PVU_EX_1400","itg36186","03/02/2026 16:39:04","PVU_EX_1400","03","","","0",""
"16006","EA","04/01/2026 00:00:00","12/31/9999 00:00:00","0","itg36186","03/02/2026 16:47:35","PVU_EX_1400","itg36186","03/02/2026 16:47:35","PVU_EX_1400","03","","","0",""
"07002","EA","04/01/2026 00:00:00","12/31/9999 00:00:00","0","itg36186","03/12/2026 15:47:37","PVU_EX_1400","itg36186","03/12/2026 15:47:37","PVU_EX_1400","01","","","0",""
"37002","EA","04/01/2026 00:00:00","12/31/9999 00:00:00","0","itg36186","03/12/2026 15:52:56","PVU_EX_1400","itg36186","03/12/2026 15:52:56","PVU_EX_1400","04","","","0",""
"47005","EA","04/01/2026 00:00:00","12/31/9999 00:00:00","0","itg36186","03/12/2026 15:57:32","PVU_EX_1400","itg36186","03/12/2026 15:57:32","PVU_EX_1400","04","","","0",""
"28008","ECL","04/16/2025 00:00:00","12/31/9999 00:00:00","0","itg04283","04/16/2025 14:36:08","PVU_EX_1400","itg04283","04/16/2025 14:36:08","PVU_EX_1400","52","10223","1","1","3"
"40001","ECL","04/16/2025 00:00:00","12/31/9999 00:00:00","0","itg04283","04/16/2025 14:39:56","PVU_EX_1400","itg04283","04/16/2025 14:39:56","PVU_EX_1400","55","09340","1","1","1"
"41001","ECL","04/16/2025 00:00:00","12/31/9999 00:00:00","0","itg04283","04/16/2025 14:43:10","PVU_EX_1400","itg04283","04/16/2025 14:43:10","PVU_EX_1400","55","09340","1","1","1"
"42004","ECL","04/16/2025 00:00:00","12/31/9999 00:00:00","0","itg04283","04/16/2025 14:46:14","PVU_EX_1400","itg04283","04/16/2025 14:46:14","PVU_EX_1400","55","09340","1","1","1"
"45002","ECL","04/16/2025 00:00:00","12/31/9999 00:00:00","0","itg04283","04/16/2025 14:48:13","PVU_EX_1400","itg04283","04/16/2025 14:48:13","PVU_EX_1400","55","09722","1","1","1"
"45012","ECL","04/16/2025 00:00:00","12/31/9999 00:00:00","0","itg04283","04/16/2025 14:48:45","PVU_EX_1400","itg04283","04/16/2025 14:48:45","PVU_EX_1400","55","09722","1","1","1"
"18001","EA","04/01/2026 00:00:00","12/31/9999 00:00:00","0","itg37786","02/19/2026 16:13:28","PVU_EX_1400","itg37786","02/19/2026 16:13:28","PVU_EX_1400","03","","","0",""
"16003","EA","04/01/2026 00:00:00","12/31/9999 00:00:00","0","itg37786","02/19/2026 16:24:14","PVU_EX_1400","itg37786","02/19/2026 16:24:14","PVU_EX_1400","03","","","0",""
