"DairitenTK_CD","DairitenTK_Kaiso_KBN","TekiyoKaishi_DT","TekiyoShuryo_DT","Del_FLG","Sakuseisha_ID","Sakusei_DT","SakuseiProgram_ID","Koshinsha_ID","Koshin_DT","KoshinProgram_ID","Joi_DairitenTokei_CD"
"01001","PVU_K0001","01/01/2000 00:00:00","12/31/9999 00:00:00","0","PVUDC","03/29/2018 18:50:00","803001","PVUDC","03/29/2018 18:50:00","803001","23009"
"01001","PVU_K0002","01/01/2000 00:00:00","09/30/2025 00:00:00","0","ecld0918","03/29/2018 18:50:00","803001","ecld0918","03/29/2018 18:50:00","803001","23049"
"01001","PVU_K0003","01/01/2000 00:00:00","09/30/2025 00:00:00","0","ecld0918","03/29/2018 18:50:00","803001","ecld0918","03/29/2018 18:50:00","803001","23049"
"01001","PVU_K0004","01/01/2000 00:00:00","12/31/9999 00:00:00","0","ecld0918","03/29/2018 18:50:00","803001","ecld0918","03/29/2018 18:50:00","803001","01001"
"01003","PVU_K0001","01/01/2000 00:00:00","12/31/9999 00:00:00","0","PVUDC","03/29/2018 18:50:00","803001","PVUDC","03/29/2018 18:50:00","803001","13013"
"01003","PVU_K0002","01/01/2000 00:00:00","09/30/2025 00:00:00","0","ecld0918","03/29/2018 18:50:00","803001","ecld0918","03/29/2018 18:50:00","803001","13013"
"01003","PVU_K0003","01/01/2000 00:00:00","09/30/2025 00:00:00","0","ecld0918","03/29/2018 18:50:00","803001","ecld0918","03/29/2018 18:50:00","803001","13013"
"01005","PVU_K0001","01/01/2000 00:00:00","12/31/9999 00:00:00","0","PVUDC","03/29/2018 18:50:00","803001","PVUDC","03/29/2018 18:50:00","803001","01005"
"01005","PVU_K0003","01/01/2000 00:00:00","12/31/9999 00:00:00","0","ecld0918","03/29/2018 18:50:00","803001","ecld0918","03/29/2018 18:50:00","803001","01005"
"01005","PVU_K0004","01/01/2000 00:00:00","12/31/9999 00:00:00","0","ecld0918","03/29/2018 18:50:00","803001","ecld0918","03/29/2018 18:50:00","803001","01005"
"01020","PVU_K0001","01/01/2000 00:00:00","12/31/9999 00:00:00","0","PVUDC","03/29/2018 18:50:00","803001","PVUDC","03/29/2018 18:50:00","803001","01020"
"01020","PVU_K0003","01/01/2000 00:00:00","12/31/9999 00:00:00","0","ecl04960","03/29/2018 18:50:00","803001","ecl04960","03/29/2018 18:50:00","803001","01020"
"01020","PVU_K0004","01/01/2000 00:00:00","12/31/9999 00:00:00","0","ecl04960","03/29/2018 18:50:00","803001","ecl04960","03/29/2018 18:50:00","803001","01020"
"01029","PVU_K0001","01/01/2000 00:00:00","12/31/9999 00:00:00","0","PVUDC","03/29/2018 18:50:00","803001","PVUDC","03/29/2018 18:50:00","803001","01029"
"01029","PVU_K0003","01/01/2000 00:00:00","12/31/9999 00:00:00","0","ecl07870","03/29/2018 18:50:00","803001","ecl07870","03/29/2018 18:50:00","803001","01029"
"01029","PVU_K0004","01/01/2000 00:00:00","12/31/9999 00:00:00","0","ecl07870","03/29/2018 18:50:00","803001","ecl07870","03/29/2018 18:50:00","803001","01029"
"01048","PVU_K0001","06/26/2013 00:00:00","12/31/9999 00:00:00","0","itg34492","03/29/2018 18:50:00","803001","itg34492","03/29/2018 18:50:00","803001","13803"
"01048","PVU_K0003","01/01/2000 00:00:00","12/31/9999 00:00:00","0","ecl04960    ","03/29/2018 18:50:00","803001","ecl04960    ","03/29/2018 18:50:00","803001","13803"
"01048","PVU_K0004","01/01/2000 00:00:00","12/31/9999 00:00:00","0","ecl04960    ","03/29/2018 18:50:00","803001","ecl04960    ","03/29/2018 18:50:00","803001","01048"
"01049","PVU_K0001","01/01/2000 00:00:00","12/31/9999 00:00:00","0","PVUDC","03/29/2018 18:50:00","803001","PVUDC","03/29/2018 18:50:00","803001","04050"
"01049","PVU_K0003","01/01/2000 00:00:00","09/30/2015 00:00:00","0","ecl04321","03/29/2018 18:50:00","803001","ecl04321","03/29/2018 18:50:00","803001","01049"
"01049","PVU_K0003","10/01/2015 00:00:00","10/31/2015 00:00:00","0","ecl04321","03/29/2018 18:50:00","803001","ecl04321","03/29/2018 18:50:00","803001","13181"
"01049","PVU_K0003","11/01/2015 00:00:00","12/31/9999 00:00:00","0","ecl04321","03/29/2018 18:50:00","803001","ecl04321","03/29/2018 18:50:00","803001","40035"
"01049","PVU_K0004","01/01/2000 00:00:00","12/31/9999 00:00:00","0","ecl04321","03/29/2018 18:50:00","803001","ecl04321","03/29/2018 18:50:00","803001","01049"
"01050","PVU_K0001","01/01/2000 00:00:00","12/31/9999 00:00:00","0","PVUDC","03/29/2018 18:50:00","803001","PVUDC","03/29/2018 18:50:00","803001","27070"
"01050","PVU_K0003","01/01/2000 00:00:00","09/30/2011 00:00:00","0","ecl05053","03/29/2018 18:50:00","803001","ecl05053","03/29/2018 18:50:00","803001","01050"
"01050","PVU_K0003","10/01/2011 00:00:00","12/31/9999 00:00:00","0","ecl04321","03/29/2018 18:50:00","803001","ecl04321","03/29/2018 18:50:00","803001","27803"
"01050","PVU_K0004","01/01/2000 00:00:00","12/31/9999 00:00:00","0","ecl05053","03/29/2018 18:50:00","803001","ecl05053","03/29/2018 18:50:00","803001","01050"
"01051","PVU_K0001","01/01/2000 00:00:00","12/31/9999 00:00:00","0","PVUDC","03/29/2018 18:50:00","803001","PVUDC","03/29/2018 18:50:00","803001","13160"
"01051","PVU_K0002","01/01/2000 00:00:00","12/31/9999 00:00:00","0","ecld0918","03/29/2018 18:50:00","803001","ecld0918","03/29/2018 18:50:00","803001","28026"
"01051","PVU_K0003","01/01/2000 00:00:00","09/30/2025 00:00:00","0","ecld0918","03/29/2018 18:50:00","803001","ecld0918","03/29/2018 18:50:00","803001","13160"
"01051","PVU_K0004","01/01/2000 00:00:00","12/31/9999 00:00:00","0","ecld0918","03/29/2018 18:50:00","803001","ecld0918","03/29/2018 18:50:00","803001","01051"
"01053","PVU_K0001","01/01/2000 00:00:00","09/30/2017 00:00:00","0","PVUDC","03/29/2018 18:50:00","803001","PVUDC","03/29/2018 18:50:00","803001","07004"
"01053","PVU_K0001","10/01/2017 00:00:00","12/31/9999 00:00:00","0","PVUDC","03/29/2018 18:50:00","803001","itg39895","03/29/2018 18:50:00","803001","13149"
"01053","PVU_K0002","01/01/2000 00:00:00","09/30/2025 00:00:00","0","ecl02796","03/29/2018 18:50:00","803001","ecl02796","03/29/2018 18:50:00","803001","13149"
"01053","PVU_K0003","01/01/2000 00:00:00","06/30/2018 00:00:00","0","ecl02796","03/29/2018 18:50:00","803001","ecl02796","03/29/2018 18:50:00","803001","07004"
"01053","PVU_K0004","01/01/2000 00:00:00","06/30/2018 00:00:00","0","ecl02796","03/29/2018 18:50:00","803001","itg04213","06/22/2018 14:50:41","PVU_EX_1400","01053"
"01889","PVU_K0001","01/01/2000 00:00:00","12/31/9999 00:00:00","0","PVUDC","03/29/2018 18:50:00","803001","PVUDC","03/29/2018 18:50:00","803001","01889"
"02001","PVU_K0001","01/01/2000 00:00:00","12/31/9999 00:00:00","0","PVUDC","03/29/2018 18:50:00","803001","PVUDC","03/29/2018 18:50:00","803001","11111"
"02001","PVU_K0003","01/01/2000 00:00:00","12/31/9999 00:00:00","0","ecld0918","03/29/2018 18:50:00","803001","ecld0918","03/29/2018 18:50:00","803001","04040"
"02001","PVU_K0004","01/01/2000 00:00:00","12/31/9999 00:00:00","0","ecld0918","03/29/2018 18:50:00","803001","ecld0918","03/29/2018 18:50:00","803001","02001"
"02003","PVU_K0001","01/01/2000 00:00:00","12/31/9999 00:00:00","0","PVUDC","03/29/2018 18:50:00","803001","PVUDC","03/29/2018 18:50:00","803001","11111"
"02003","PVU_K0002","01/01/2000 00:00:00","09/30/2025 00:00:00","0","ecl07868","03/29/2018 18:50:00","803001","ecl07868","03/29/2018 18:50:00","803001","13013"
"02003","PVU_K0003","01/01/2000 00:00:00","12/31/9999 00:00:00","0","ecl07868","03/29/2018 18:50:00","803001","ecl07868","03/29/2018 18:50:00","803001","02003"
"02003","PVU_K0004","01/01/2000 00:00:00","12/31/9999 00:00:00","0","ecl07868","03/29/2018 18:50:00","803001","ecl07868","03/29/2018 18:50:00","803001","02003"
"02004","PVU_K0001","01/01/2000 00:00:00","12/02/2018 00:00:00","0","PVUDC","03/29/2018 18:50:00","803001","itg04213","12/03/2018 16:48:26","PVU_EX_1400","13149"
"02004","PVU_K0002","01/01/2000 00:00:00","12/02/2018 00:00:00","0","ecl07868","03/29/2018 18:50:00","803001","itg04213","12/03/2018 16:48:26","PVU_EX_1400","13149"
"02004","PVU_K0003","01/01/2000 00:00:00","12/02/2018 00:00:00","0","ecl07868","03/29/2018 18:50:00","803001","itg04213","12/03/2018 16:48:26","PVU_EX_1400","03002"
"02004","PVU_K0004","01/01/2000 00:00:00","12/02/2018 00:00:00","0","ecl07868","03/29/2018 18:50:00","803001","itg04213","12/03/2018 16:48:26","PVU_EX_1400","03002"
"02017","PVU_K0001","01/01/2000 00:00:00","12/31/9999 00:00:00","0","PVUDC","03/29/2018 18:50:00","803001","PVUDC","03/29/2018 18:50:00","803001","23009"
"02017","PVU_K0002","01/01/2000 00:00:00","09/30/2025 00:00:00","0","ecl07868","03/29/2018 18:50:00","803001","ecl07868","03/29/2018 18:50:00","803001","23049"
"02017","PVU_K0003","01/01/2000 00:00:00","09/30/2025 00:00:00","0","ecl07868","03/29/2018 18:50:00","803001","ecl07868","03/29/2018 18:50:00","803001","23049"
"02017","PVU_K0004","01/01/2000 00:00:00","12/31/9999 00:00:00","0","ecl07868","03/29/2018 18:50:00","803001","ecl07868","03/29/2018 18:50:00","803001","04504"
"02018","PVU_K0001","01/01/2000 00:00:00","12/31/9999 00:00:00","0","PVUDC","03/29/2018 18:50:00","803001","PVUDC","03/29/2018 18:50:00","803001","04001"
"02018","PVU_K0003","01/01/2000 00:00:00","12/31/9999 00:00:00","0","ecl07868","03/29/2018 18:50:00","803001","ecl07868","03/29/2018 18:50:00","803001","04041"
"02026","PVU_K0001","01/01/2000 00:00:00","09/30/2017 00:00:00","0","PVUDC","03/29/2018 18:50:00","803001","PVUDC","03/29/2018 18:50:00","803001","07004"
"02026","PVU_K0001","10/01/2017 00:00:00","12/31/9999 00:00:00","0","PVUDC","03/29/2018 18:50:00","803001","itg39895","03/29/2018 18:50:00","803001","13149"
"02026","PVU_K0002","01/01/2000 00:00:00","09/30/2025 00:00:00","0","ecl07868","03/29/2018 18:50:00","803001","ecl07868","03/29/2018 18:50:00","803001","13149"
"02026","PVU_K0003","01/01/2000 00:00:00","12/31/9999 00:00:00","0","ecl07868","03/29/2018 18:50:00","803001","ecl07868","03/29/2018 18:50:00","803001","07004"
"02026","PVU_K0004","01/01/2000 00:00:00","12/31/9999 00:00:00","0","ecl07868","03/29/2018 18:50:00","803001","ecl07868","03/29/2018 18:50:00","803001","07004"
"02027","PVU_K0001","01/01/2000 00:00:00","12/31/9999 00:00:00","0","PVUDC","03/29/2018 18:50:00","803001","PVUDC","03/29/2018 18:50:00","803001","13013"
"02027","PVU_K0002","01/01/2000 00:00:00","09/30/2025 00:00:00","0","ecl07868","03/29/2018 18:50:00","803001","ecl07868","03/29/2018 18:50:00","803001","13013"
"02027","PVU_K0003","01/01/2000 00:00:00","09/30/2025 00:00:00","0","ecl07868","03/29/2018 18:50:00","803001","ecl07868","03/29/2018 18:50:00","803001","13013"
"02027","PVU_K0004","01/01/2000 00:00:00","09/30/2012 00:00:00","0","ecl07868","03/29/2018 18:50:00","803001","ecl07868","03/29/2018 18:50:00","803001","04051"
"03002","PVU_K0001","01/01/2000 00:00:00","12/02/2018 00:00:00","0","PVUDC","03/29/2018 18:50:00","803001","itg04213","12/03/2018 16:49:24","PVU_EX_1400","13149"
"03002","PVU_K0002","01/01/2000 00:00:00","12/02/2018 00:00:00","0","ecl07708","03/29/2018 18:50:00","803001","itg04213","12/03/2018 16:49:24","PVU_EX_1400","13149"
"03002","PVU_K0003","01/01/2000 00:00:00","12/02/2018 00:00:00","0","ecl07708","03/29/2018 18:50:00","803001","itg04213","12/03/2018 16:49:24","PVU_EX_1400","03002"
"03002","PVU_K0004","01/01/2000 00:00:00","12/02/2018 00:00:00","0","ecl07708","03/29/2018 18:50:00","803001","itg04213","12/03/2018 16:49:24","PVU_EX_1400","03002"
"03005","PVU_K0001","01/01/2000 00:00:00","12/31/9999 00:00:00","0","PVUDC","03/29/2018 18:50:00","803001","PVUDC","03/29/2018 18:50:00","803001","23009"
"03005","PVU_K0002","01/01/2000 00:00:00","09/30/2025 00:00:00","0","ecl07868","03/29/2018 18:50:00","803001","ecl07868","03/29/2018 18:50:00","803001","23049"
"03005","PVU_K0003","01/01/2000 00:00:00","12/31/9999 00:00:00","0","ecl07868","03/29/2018 18:50:00","803001","ecl07868","03/29/2018 18:50:00","803001","03005"
"03005","PVU_K0004","01/01/2000 00:00:00","12/31/9999 00:00:00","0","ecl07868","03/29/2018 18:50:00","803001","ecl07868","03/29/2018 18:50:00","803001","03005"
"03010","PVU_K0001","01/01/2000 00:00:00","12/31/9999 00:00:00","0","PVUDC","03/29/2018 18:50:00","803001","PVUDC","03/29/2018 18:50:00","803001","03010"
"03010","PVU_K0003","01/01/2000 00:00:00","12/31/9999 00:00:00","0","ecl07868","03/29/2018 18:50:00","803001","ecl07868","03/29/2018 18:50:00","803001","03010"
"03010","PVU_K0005","01/01/2000 00:00:00","09/30/2018 00:00:00","0","ecl07868","03/29/2018 18:50:00","803001","ecl07868","03/29/2018 18:50:00","803001","03002"
"03019","PVU_K0001","01/01/2000 00:00:00","12/31/9999 00:00:00","0","PVUDC","03/29/2018 18:50:00","803001","PVUDC","03/29/2018 18:50:00","803001","04001"
"03019","PVU_K0003","01/01/2000 00:00:00","12/31/9999 00:00:00","0","ecl07868","03/29/2018 18:50:00","803001","ecl07868","03/29/2018 18:50:00","803001","04041"
"03025","PVU_K0001","01/01/2000 00:00:00","12/31/9999 00:00:00","0","PVUDC","03/29/2018 18:50:00","803001","PVUDC","03/29/2018 18:50:00","803001","11111"
"03025","PVU_K0003","01/01/2000 00:00:00","12/31/9999 00:00:00","0","ecld0918","03/29/2018 18:50:00","803001","ecld0918","03/29/2018 18:50:00","803001","04040"
"03025","PVU_K0004","01/01/2000 00:00:00","12/31/9999 00:00:00","0","ecld0918","03/29/2018 18:50:00","803001","ecld0918","03/29/2018 18:50:00","803001","03025"
"03027","PVU_K0001","01/01/2000 00:00:00","09/30/2017 00:00:00","0","PVUDC","03/29/2018 18:50:00","803001","PVUDC","03/29/2018 18:50:00","803001","07004"
"03027","PVU_K0001","10/01/2017 00:00:00","12/31/9999 00:00:00","0","PVUDC","03/29/2018 18:50:00","803001","itg39895","03/29/2018 18:50:00","803001","13149"
"03027","PVU_K0002","01/01/2000 00:00:00","09/30/2025 00:00:00","0","ecl07868","03/29/2018 18:50:00","803001","ecl07868","03/29/2018 18:50:00","803001","13149"
"03027","PVU_K0003","01/01/2000 00:00:00","12/31/9999 00:00:00","0","ecl07868","03/29/2018 18:50:00","803001","ecl07868","03/29/2018 18:50:00","803001","07004"
"03027","PVU_K0004","01/01/2000 00:00:00","12/31/9999 00:00:00","0","ecl07868","03/29/2018 18:50:00","803001","ecl07868","03/29/2018 18:50:00","803001","07004"
"03028","PVU_K0001","01/01/2000 00:00:00","12/31/9999 00:00:00","0","PVUDC","03/29/2018 18:50:00","803001","PVUDC","03/29/2018 18:50:00","803001","13013"
"03028","PVU_K0002","01/01/2000 00:00:00","09/30/2025 00:00:00","0","ecl07868","03/29/2018 18:50:00","803001","ecl07868","03/29/2018 18:50:00","803001","13013"
"03028","PVU_K0003","01/01/2000 00:00:00","09/30/2025 00:00:00","0","ecl07868","03/29/2018 18:50:00","803001","ecl07868","03/29/2018 18:50:00","803001","13013"
"03028","PVU_K0004","01/01/2000 00:00:00","09/30/2012 00:00:00","0","ecl07868","03/29/2018 18:50:00","803001","ecl07868","03/29/2018 18:50:00","803001","04051"
"04001","PVU_K0001","01/01/2000 00:00:00","12/31/9999 00:00:00","0","PVUDC","03/29/2018 18:50:00","803001","PVUDC","03/29/2018 18:50:00","803001","04001"
"04001","PVU_K0003","01/01/2000 00:00:00","12/31/9999 00:00:00","0","ecl07868","03/29/2018 18:50:00","803001","ecl07868","03/29/2018 18:50:00","803001","04041"
"04002","PVU_K0001","01/01/2000 00:00:00","12/02/2018 00:00:00","0","PVUDC","03/29/2018 18:50:00","803001","itg04213","12/03/2018 16:50:12","PVU_EX_1400","13149"
"04002","PVU_K0002","01/01/2000 00:00:00","12/02/2018 00:00:00","0","ecl07868","03/29/2018 18:50:00","803001","itg04213","12/03/2018 16:50:13","PVU_EX_1400","13149"
"04002","PVU_K0003","01/01/2000 00:00:00","12/02/2018 00:00:00","0","ecl07868","03/29/2018 18:50:00","803001","itg04213","12/03/2018 16:50:13","PVU_EX_1400","03002"
"04002","PVU_K0004","01/01/2000 00:00:00","12/02/2018 00:00:00","0","ecl07868","03/29/2018 18:50:00","803001","itg04213","12/03/2018 16:50:13","PVU_EX_1400","04002"
"04004","PVU_K0001","01/01/2000 00:00:00","12/31/9999 00:00:00","0","PVUDC","03/29/2018 18:50:00","803001","PVUDC","03/29/2018 18:50:00","803001","11111"
"04004","PVU_K0003","01/01/2000 00:00:00","12/31/9999 00:00:00","0","ecld0918","03/29/2018 18:50:00","803001","ecld0918","03/29/2018 18:50:00","803001","04040"
"04004","PVU_K0004","01/01/2000 00:00:00","12/31/9999 00:00:00","0","ecld0918","03/29/2018 18:50:00","803001","ecld0918","03/29/2018 18:50:00","803001","04004"
"04005","PVU_K0001","01/01/2000 00:00:00","02/07/2019 00:00:00","0","PVUDC","03/29/2018 18:50:00","803001","itg40916","02/08/2019 10:03:59","PVU_EX_1400","13003"
"04005","PVU_K0003","01/01/2000 00:00:00","02/07/2019 00:00:00","0","ecl04321","03/29/2018 18:50:00","803001","itg40916","02/08/2019 10:03:59","PVU_EX_1400","13003"
"04005","PVU_K0004","01/01/2000 00:00:00","12/31/9999 00:00:00","0","ecl04321","03/29/2018 18:50:00","803001","ecl04321","03/29/2018 18:50:00","803001","04005"
"04014","PVU_K0001","01/01/2000 00:00:00","12/31/9999 00:00:00","0","PVUDC","03/29/2018 18:50:00","803001","PVUDC","03/29/2018 18:50:00","803001","15003"
"04014","PVU_K0003","01/01/2000 00:00:00","12/31/9999 00:00:00","0","ecl07868","03/29/2018 18:50:00","803001","ecl07868","03/29/2018 18:50:00","803001","15022"
"04019","PVU_K0001","01/01/2000 00:00:00","12/31/9999 00:00:00","0","PVUDC","03/29/2018 18:50:00","803001","PVUDC","03/29/2018 18:50:00","803001","04019"
"04019","PVU_K0005","01/01/2000 00:00:00","12/31/9999 00:00:00","0","ecld0918","03/29/2018 18:50:00","803001","ecld0918","03/29/2018 18:50:00","803001","13049"
"04020","PVU_K0001","01/01/2000 00:00:00","12/31/9999 00:00:00","0","PVUDC","03/29/2018 18:50:00","803001","PVUDC","03/29/2018 18:50:00","803001","04020"
"04020","PVU_K0003","01/01/2000 00:00:00","12/31/9999 00:00:00","0","ecld0918","03/29/2018 18:50:00","803001","ecld0918","03/29/2018 18:50:00","803001","04005"
"04020","PVU_K0005","01/01/2000 00:00:00","12/31/9999 00:00:00","0","ecld0918","03/29/2018 18:50:00","803001","ecld0918","03/29/2018 18:50:00","803001","04005"
"04030","PVU_K0001","01/01/2000 00:00:00","12/31/9999 00:00:00","0","PVUDC","03/29/2018 18:50:00","803001","PVUDC","03/29/2018 18:50:00","803001","27070"
"04030","PVU_K0003","01/01/2000 00:00:00","12/31/9999 00:00:00","0","ecl04321","03/29/2018 18:50:00","803001","ecl04321","03/29/2018 18:50:00","803001","27803"
"04030","PVU_K0004","01/01/2000 00:00:00","12/31/9999 00:00:00","0","ecl04321","03/29/2018 18:50:00","803001","ecl04321","03/29/2018 18:50:00","803001","04030"
"04040","PVU_K0003","01/01/2000 00:00:00","12/31/9999 00:00:00","0","ecl04187","03/29/2018 18:50:00","803001","ecl04187","03/29/2018 18:50:00","803001","04040"
"04041","PVU_K0003","01/01/2000 00:00:00","12/31/9999 00:00:00","0","ecl04187","03/29/2018 18:50:00","803001","ecl04187","03/29/2018 18:50:00","803001","04041"
"04042","PVU_K0001","01/01/2000 00:00:00","12/31/9999 00:00:00","0","PVUDC","03/29/2018 18:50:00","803001","PVUDC","03/29/2018 18:50:00","803001","04001"
"04042","PVU_K0003","01/01/2000 00:00:00","12/31/9999 00:00:00","0","ecl07708","03/29/2018 18:50:00","803001","ecl07708","03/29/2018 18:50:00","803001","04041"
"04042","PVU_K0004","01/01/2000 00:00:00","12/31/9999 00:00:00","0","ecl07708","03/29/2018 18:50:00","803001","ecl07708","03/29/2018 18:50:00","803001","04001"
"04044","PVU_K0001","01/01/2000 00:00:00","08/15/2018 00:00:00","0","PVUDC","03/29/2018 18:50:00","803001","PVUDC","03/29/2018 18:50:00","803001","04001"
"04044","PVU_K0003","01/01/2000 00:00:00","09/30/2015 00:00:00","0","ecl05053","03/29/2018 18:50:00","803001","ecl05053","03/29/2018 18:50:00","803001","04044"
"04044","PVU_K0003","10/01/2015 00:00:00","12/31/9999 00:00:00","0","ecl04321","03/29/2018 18:50:00","803001","ecl04321","03/29/2018 18:50:00","803001","13181"
"04044","PVU_K0004","01/01/2000 00:00:00","12/31/9999 00:00:00","0","ecl05053","03/29/2018 18:50:00","803001","ecl05053","03/29/2018 18:50:00","803001","04044"
"04045","PVU_K0001","01/01/2000 00:00:00","12/31/9999 00:00:00","0","PVUDC","03/29/2018 18:50:00","803001","PVUDC","03/29/2018 18:50:00","803001","27070"
"04045","PVU_K0003","01/01/2000 00:00:00","12/31/9999 00:00:00","0","ecl04321","03/29/2018 18:50:00","803001","ecl04321","03/29/2018 18:50:00","803001","27803"
"04045","PVU_K0004","01/01/2000 00:00:00","12/31/9999 00:00:00","0","ecl04321","03/29/2018 18:50:00","803001","ecl04321","03/29/2018 18:50:00","803001","04045"
"04046","PVU_K0001","01/01/2000 00:00:00","09/30/2017 00:00:00","0","PVUDC","03/29/2018 18:50:00","803001","PVUDC","03/29/2018 18:50:00","803001","07004"
"04046","PVU_K0001","10/01/2017 00:00:00","12/31/9999 00:00:00","0","PVUDC","03/29/2018 18:50:00","803001","itg39895","03/29/2018 18:50:00","803001","13149"
"04046","PVU_K0002","01/01/2000 00:00:00","09/30/2025 00:00:00","0","ecl07868","03/29/2018 18:50:00","803001","ecl07868","03/29/2018 18:50:00","803001","13149"
"04046","PVU_K0003","01/01/2000 00:00:00","12/31/9999 00:00:00","0","ecl07868","03/29/2018 18:50:00","803001","ecl07868","03/29/2018 18:50:00","803001","07004"
"04046","PVU_K0004","01/01/2000 00:00:00","12/31/9999 00:00:00","0","ecl07868","03/29/2018 18:50:00","803001","ecl07868","03/29/2018 18:50:00","803001","07004"
"04048","PVU_K0001","01/01/2000 00:00:00","12/31/9999 00:00:00","0","PVUDC","03/29/2018 18:50:00","803001","PVUDC","03/29/2018 18:50:00","803001","13160"
"04048","PVU_K0002","01/01/2000 00:00:00","12/31/9999 00:00:00","0","ecl07868","03/29/2018 18:50:00","803001","ecl07868","03/29/2018 18:50:00","803001","28026"
"04048","PVU_K0003","01/01/2000 00:00:00","09/30/2025 00:00:00","0","ecl07868","03/29/2018 18:50:00","803001","ecl07868","03/29/2018 18:50:00","803001","13160"
"04048","PVU_K0004","01/01/2000 00:00:00","08/31/2015 00:00:00","0","ecl07868","03/29/2018 18:50:00","803001","ecl07868","03/29/2018 18:50:00","803001","04048"
"04048","PVU_K0004","09/01/2015 00:00:00","12/31/9999 00:00:00","0","ecl07868","03/29/2018 18:50:00","803001","ecl07868","03/29/2018 18:50:00","803001","01051"
"04050","PVU_K0001","01/01/2000 00:00:00","12/31/9999 00:00:00","0","PVUDC","03/29/2018 18:50:00","803001","PVUDC","03/29/2018 18:50:00","803001","04050"
"04050","PVU_K0003","01/01/2000 00:00:00","10/31/2015 00:00:00","0","ecl04321","03/29/2018 18:50:00","803001","ecl04321","03/29/2018 18:50:00","803001","04044"
"04050","PVU_K0003","11/01/2015 00:00:00","12/31/9999 00:00:00","0","ecl04321","03/29/2018 18:50:00","803001","ecl04321","03/29/2018 18:50:00","803001","40035"
"04050","PVU_K0004","01/01/2000 00:00:00","12/31/9999 00:00:00","0","ecl04321","03/29/2018 18:50:00","803001","ecl04321","03/29/2018 18:50:00","803001","04044"
"04051","PVU_K0001","01/01/2000 00:00:00","12/31/9999 00:00:00","0","PVUDC","03/29/2018 18:50:00","803001","PVUDC","03/29/2018 18:50:00","803001","13013"
"04051","PVU_K0002","01/01/2000 00:00:00","09/30/2025 00:00:00","0","ecl07868","03/29/2018 18:50:00","803001","ecl07868","03/29/2018 18:50:00","803001","13013"
"04051","PVU_K0003","01/01/2000 00:00:00","09/30/2025 00:00:00","0","ecl07868","03/29/2018 18:50:00","803001","ecl07868","03/29/2018 18:50:00","803001","13013"
"04051","PVU_K0004","01/01/2000 00:00:00","09/30/2012 00:00:00","0","ecl07868","03/29/2018 18:50:00","803001","ecl07868","03/29/2018 18:50:00","803001","04051"
"04504","PVU_K0001","01/01/2000 00:00:00","12/31/9999 00:00:00","0","PVUDC","03/29/2018 18:50:00","803001","PVUDC","03/29/2018 18:50:00","803001","23009"
"04504","PVU_K0002","01/01/2000 00:00:00","09/30/2025 00:00:00","0","ecl07868","03/29/2018 18:50:00","803001","ecl07868","03/29/2018 18:50:00","803001","23049"
"04504","PVU_K0003","01/01/2000 00:00:00","09/30/2025 00:00:00","0","ecl07868","03/29/2018 18:50:00","803001","ecl07868","03/29/2018 18:50:00","803001","23049"
"04890","PVU_K0001","01/01/2000 00:00:00","12/31/9999 00:00:00","0","PVUDC","03/29/2018 18:50:00","803001","PVUDC","03/29/2018 18:50:00","803001","13012"
"04890","PVU_K0003","09/01/2011 00:00:00","12/31/9999 00:00:00","0","ecl05317","03/29/2018 18:50:00","803001","ecl05317","03/29/2018 18:50:00","803001","13012"
"04890","PVU_K0004","09/01/2011 00:00:00","12/31/9999 00:00:00","0","ecl05317","03/29/2018 18:50:00","803001","ecl05317","03/29/2018 18:50:00","803001","13012"
"05003","PVU_K0001","01/01/2000 00:00:00","12/02/2018 00:00:00","0","PVUDC","03/29/2018 18:50:00","803001","itg04213","12/03/2018 16:50:40","PVU_EX_1400","13149"
"05003","PVU_K0002","01/01/2000 00:00:00","12/02/2018 00:00:00","0","ecl07868","03/29/2018 18:50:00","803001","itg04213","12/03/2018 16:50:40","PVU_EX_1400","13149"
"05003","PVU_K0003","01/01/2000 00:00:00","12/02/2018 00:00:00","0","ecl07868","03/29/2018 18:50:00","803001","itg04213","12/03/2018 16:50:40","PVU_EX_1400","03002"
"05003","PVU_K0004","01/01/2000 00:00:00","12/02/2018 00:00:00","0","ecl07868","03/29/2018 18:50:00","803001","itg04213","12/03/2018 16:50:40","PVU_EX_1400","03002"
"05007","PVU_K0001","01/01/2000 00:00:00","12/31/9999 00:00:00","0","PVUDC","03/29/2018 18:50:00","803001","PVUDC","03/29/2018 18:50:00","803001","04001"
"05007","PVU_K0003","01/01/2000 00:00:00","12/31/9999 00:00:00","0","ecl07868","03/29/2018 18:50:00","803001","ecl07868","03/29/2018 18:50:00","803001","04041"
"05013","PVU_K0001","01/01/2000 00:00:00","12/31/9999 00:00:00","0","PVUDC","03/29/2018 18:50:00","803001","PVUDC","03/29/2018 18:50:00","803001","23009"
"05013","PVU_K0002","01/01/2000 00:00:00","09/30/2025 00:00:00","0","ecl07868","03/29/2018 18:50:00","803001","ecl07868","03/29/2018 18:50:00","803001","23049"
"05013","PVU_K0003","01/01/2000 00:00:00","09/30/2025 00:00:00","0","ecl07868","03/29/2018 18:50:00","803001","ecl07868","03/29/2018 18:50:00","803001","23049"
"05013","PVU_K0004","01/01/2000 00:00:00","12/31/9999 00:00:00","0","ecl07868","03/29/2018 18:50:00","803001","ecl07868","03/29/2018 18:50:00","803001","04504"
"05016","PVU_K0001","01/01/2000 00:00:00","09/30/2017 00:00:00","0","PVUDC","03/29/2018 18:50:00","803001","PVUDC","03/29/2018 18:50:00","803001","07004"
"05016","PVU_K0001","10/01/2017 00:00:00","12/31/9999 00:00:00","0","PVUDC","03/29/2018 18:50:00","803001","itg39895","03/29/2018 18:50:00","803001","13149"
"05016","PVU_K0002","01/01/2000 00:00:00","09/30/2025 00:00:00","0","ecl07868","03/29/2018 18:50:00","803001","ecl07868","03/29/2018 18:50:00","803001","13149"
"05016","PVU_K0003","01/01/2000 00:00:00","12/31/9999 00:00:00","0","ecl07868","03/29/2018 18:50:00","803001","ecl07868","03/29/2018 18:50:00","803001","07004"
"05016","PVU_K0004","01/01/2000 00:00:00","12/31/9999 00:00:00","0","ecl07868","03/29/2018 18:50:00","803001","ecl07868","03/29/2018 18:50:00","803001","07004"
"05017","PVU_K0001","01/01/2000 00:00:00","12/31/9999 00:00:00","0","PVUDC","03/29/2018 18:50:00","803001","PVUDC","03/29/2018 18:50:00","803001","13160"
"05017","PVU_K0002","01/01/2000 00:00:00","12/31/9999 00:00:00","0","ecl07868","03/29/2018 18:50:00","803001","ecl07868","03/29/2018 18:50:00","803001","28026"
"05017","PVU_K0003","01/01/2000 00:00:00","09/30/2025 00:00:00","0","ecl07868","03/29/2018 18:50:00","803001","ecl07868","03/29/2018 18:50:00","803001","13160"
"05017","PVU_K0004","01/01/2000 00:00:00","08/31/2015 00:00:00","0","ecl07868","03/29/2018 18:50:00","803001","ecl07868","03/29/2018 18:50:00","803001","04048"
"05017","PVU_K0004","09/01/2015 00:00:00","12/31/9999 00:00:00","0","ecl07868","03/29/2018 18:50:00","803001","ecl07868","03/29/2018 18:50:00","803001","01051"
"05018","PVU_K0001","01/01/2000 00:00:00","12/31/9999 00:00:00","0","PVUDC","03/29/2018 18:50:00","803001","PVUDC","03/29/2018 18:50:00","803001","13013"
"05018","PVU_K0002","01/01/2000 00:00:00","09/30/2025 00:00:00","0","ecl07868","03/29/2018 18:50:00","803001","ecl07868","03/29/2018 18:50:00","803001","13013"
"05018","PVU_K0003","01/01/2000 00:00:00","09/30/2025 00:00:00","0","ecl07868","03/29/2018 18:50:00","803001","ecl07868","03/29/2018 18:50:00","803001","13013"
"05018","PVU_K0004","01/01/2000 00:00:00","09/30/2012 00:00:00","0","ecl07868","03/29/2018 18:50:00","803001","ecl07868","03/29/2018 18:50:00","803001","04051"
"06002","PVU_K0001","01/01/2000 00:00:00","12/31/9999 00:00:00","0","PVUDC","03/29/2018 18:50:00","803001","PVUDC","03/29/2018 18:50:00","803001","11111"
"06002","PVU_K0003","01/01/2000 00:00:00","12/31/9999 00:00:00","0","ecld0918","03/29/2018 18:50:00","803001","ecld0918","03/29/2018 18:50:00","803001","04040"
"06002","PVU_K0004","01/01/2000 00:00:00","12/31/9999 00:00:00","0","ecld0918","03/29/2018 18:50:00","803001","ecld0918","03/29/2018 18:50:00","803001","06002"
"06007","PVU_K0001","01/01/2000 00:00:00","12/31/9999 00:00:00","0","PVUDC","03/29/2018 18:50:00","803001","PVUDC","03/29/2018 18:50:00","803001","15003"
"06007","PVU_K0003","01/01/2000 00:00:00","12/31/9999 00:00:00","0","ecl07868","03/29/2018 18:50:00","803001","ecl07868","03/29/2018 18:50:00","803001","15022"
"06010","PVU_K0001","01/01/2000 00:00:00","12/31/9999 00:00:00","0","PVUDC","03/29/2018 18:50:00","803001","PVUDC","03/29/2018 18:50:00","803001","04001"
"06010","PVU_K0003","01/01/2000 00:00:00","12/31/9999 00:00:00","0","ecl07868","03/29/2018 18:50:00","803001","ecl07868","03/29/2018 18:50:00","803001","04041"
"06014","PVU_K0001","01/01/2000 00:00:00","12/31/9999 00:00:00","0","PVUDC","03/29/2018 18:50:00","803001","PVUDC","03/29/2018 18:50:00","803001","23009"
"06014","PVU_K0002","01/01/2000 00:00:00","09/30/2025 00:00:00","0","ecl07868","03/29/2018 18:50:00","803001","ecl07868","03/29/2018 18:50:00","803001","23049"
"06014","PVU_K0003","01/01/2000 00:00:00","09/30/2025 00:00:00","0","ecl07868","03/29/2018 18:50:00","803001","ecl07868","03/29/2018 18:50:00","803001","23049"
"06014","PVU_K0004","01/01/2000 00:00:00","12/31/9999 00:00:00","0","ecl07868","03/29/2018 18:50:00","803001","ecl07868","03/29/2018 18:50:00","803001","04504"
"06015","PVU_K0001","01/01/2000 00:00:00","09/30/2017 00:00:00","0","PVUDC","03/29/2018 18:50:00","803001","PVUDC","03/29/2018 18:50:00","803001","07004"
"06015","PVU_K0001","10/01/2017 00:00:00","12/31/9999 00:00:00","0","PVUDC","03/29/2018 18:50:00","803001","itg39895","03/29/2018 18:50:00","803001","13149"
"06015","PVU_K0002","01/01/2000 00:00:00","09/30/2025 00:00:00","0","ecl07868","03/29/2018 18:50:00","803001","ecl07868","03/29/2018 18:50:00","803001","13149"
"06015","PVU_K0003","01/01/2000 00:00:00","12/31/9999 00:00:00","0","ecl07868","03/29/2018 18:50:00","803001","ecl07868","03/29/2018 18:50:00","803001","07004"
"06015","PVU_K0004","01/01/2000 00:00:00","12/31/9999 00:00:00","0","ecl07868","03/29/2018 18:50:00","803001","ecl07868","03/29/2018 18:50:00","803001","07004"
"06016","PVU_K0001","01/01/2000 00:00:00","12/31/9999 00:00:00","0","PVUDC","03/29/2018 18:50:00","803001","PVUDC","03/29/2018 18:50:00","803001","13013"
"06016","PVU_K0002","01/01/2000 00:00:00","09/30/2025 00:00:00","0","ecl07868","03/29/2018 18:50:00","803001","ecl07868","03/29/2018 18:50:00","803001","13013"
"06016","PVU_K0003","01/01/2000 00:00:00","09/30/2025 00:00:00","0","ecl07868","03/29/2018 18:50:00","803001","ecl07868","03/29/2018 18:50:00","803001","13013"
"06016","PVU_K0004","01/01/2000 00:00:00","09/30/2012 00:00:00","0","ecl07868","03/29/2018 18:50:00","803001","ecl07868","03/29/2018 18:50:00","803001","04051"
"07001","PVU_K0001","01/01/2000 00:00:00","12/31/9999 00:00:00","0","PVUDC","03/29/2018 18:50:00","803001","PVUDC","03/29/2018 18:50:00","803001","11111"
"07001","PVU_K0003","01/01/2000 00:00:00","12/31/9999 00:00:00","0","ecld0918","03/29/2018 18:50:00","803001","ecld0918","03/29/2018 18:50:00","803001","04040"
"07001","PVU_K0004","01/01/2000 00:00:00","12/31/9999 00:00:00","0","ecld0918","03/29/2018 18:50:00","803001","ecld0918","03/29/2018 18:50:00","803001","07001"
"07004","PVU_K0001","01/01/2000 00:00:00","09/30/2017 00:00:00","0","PVUDC","03/29/2018 18:50:00","803001","PVUDC","03/29/2018 18:50:00","803001","07004"
"07004","PVU_K0001","10/01/2017 00:00:00","12/31/9999 00:00:00","0","PVUDC","03/29/2018 18:50:00","803001","itg39895","03/29/2018 18:50:00","803001","13149"
"07004","PVU_K0002","01/01/2000 00:00:00","09/30/2025 00:00:00","0","ecl07708","03/29/2018 18:50:00","803001","ecl07708","03/29/2018 18:50:00","803001","13149"
"07004","PVU_K0003","01/01/2000 00:00:00","12/31/9999 00:00:00","0","ecl07708","03/29/2018 18:50:00","803001","ecl07708","03/29/2018 18:50:00","803001","07004"
"07004","PVU_K0004","01/01/2000 00:00:00","12/31/9999 00:00:00","0","ecl07708","03/29/2018 18:50:00","803001","ecl07708","03/29/2018 18:50:00","803001","07004"
"07020","PVU_K0001","01/01/2000 00:00:00","12/02/2018 00:00:00","0","PVUDC","03/29/2018 18:50:00","803001","itg04213","12/03/2018 16:51:11","PVU_EX_1400","13149"
"07020","PVU_K0002","01/01/2000 00:00:00","12/02/2018 00:00:00","0","ecl07868","03/29/2018 18:50:00","803001","itg04213","12/03/2018 16:51:11","PVU_EX_1400","13149"
"07020","PVU_K0003","01/01/2000 00:00:00","12/02/2018 00:00:00","0","ecl07868","03/29/2018 18:50:00","803001","itg04213","12/03/2018 16:51:11","PVU_EX_1400","03002"
"07020","PVU_K0004","01/01/2000 00:00:00","12/02/2018 00:00:00","0","ecl07868","03/29/2018 18:50:00","803001","itg04213","12/03/2018 16:51:11","PVU_EX_1400","04002"
"07022","PVU_K0001","01/01/2000 00:00:00","12/31/9999 00:00:00","0","PVUDC","03/29/2018 18:50:00","803001","PVUDC","03/29/2018 18:50:00","803001","04001"
"07022","PVU_K0003","01/01/2000 00:00:00","12/31/9999 00:00:00","0","ecl07868","03/29/2018 18:50:00","803001","ecl07868","03/29/2018 18:50:00","803001","04041"
"07025","PVU_K0001","01/01/2000 00:00:00","12/31/9999 00:00:00","0","PVUDC","03/29/2018 18:50:00","803001","PVUDC","03/29/2018 18:50:00","803001","23009"
"07025","PVU_K0002","01/01/2000 00:00:00","09/30/2025 00:00:00","0","ecl07868","03/29/2018 18:50:00","803001","ecl07868","03/29/2018 18:50:00","803001","23049"
"07025","PVU_K0003","01/01/2000 00:00:00","09/30/2025 00:00:00","0","ecl07868","03/29/2018 18:50:00","803001","ecl07868","03/29/2018 18:50:00","803001","23049"
"07025","PVU_K0004","01/01/2000 00:00:00","12/31/9999 00:00:00","0","ecl07868","03/29/2018 18:50:00","803001","ecl07868","03/29/2018 18:50:00","803001","04504"
"07027","PVU_K0001","01/01/2000 00:00:00","12/31/9999 00:00:00","0","PVUDC","03/29/2018 18:50:00","803001","PVUDC","03/29/2018 18:50:00","803001","23017"
"07027","PVU_K0002","01/01/2000 00:00:00","02/07/2019 00:00:00","0","ecl04321","03/29/2018 18:50:00","803001","itg40916","02/08/2019 15:48:42","PVU_EX_1400","13149"
"07027","PVU_K0003","01/01/2000 00:00:00","12/31/9999 00:00:00","0","ecl04321","03/29/2018 18:50:00","803001","ecl04321","03/29/2018 18:50:00","803001","23017"
"07027","PVU_K0004","01/01/2000 00:00:00","12/31/9999 00:00:00","0","ecl04321","03/29/2018 18:50:00","803001","ecl04321","03/29/2018 18:50:00","803001","07027"
"07028","PVU_K0001","01/01/2000 00:00:00","12/31/9999 00:00:00","0","PVUDC","03/29/2018 18:50:00","803001","PVUDC","03/29/2018 18:50:00","803001","13013"
"07028","PVU_K0002","01/01/2000 00:00:00","09/30/2025 00:00:00","0","ecl07868","03/29/2018 18:50:00","803001","ecl07868","03/29/2018 18:50:00","803001","13013"
"07028","PVU_K0003","01/01/2000 00:00:00","09/30/2025 00:00:00","0","ecl07868","03/29/2018 18:50:00","803001","ecl07868","03/29/2018 18:50:00","803001","13013"
"07028","PVU_K0004","01/01/2000 00:00:00","09/30/2012 00:00:00","0","ecl07868","03/29/2018 18:50:00","803001","ecl07868","03/29/2018 18:50:00","803001","04051"
"07031","PVU_K0001","10/04/2017 00:00:00","02/07/2019 00:00:00","0","itg39895","03/29/2018 18:50:00","803001","itg40916","02/08/2019 10:27:49","PVU_EX_1400","13013"
"07031","PVU_K0003","10/01/2017 00:00:00","12/31/9999 00:00:00","0","ecl07868","03/29/2018 18:50:00","803001","ecl07868","03/29/2018 18:50:00","803001","07031"
"07031","PVU_K0005","10/01/2017 00:00:00","02/07/2019 00:00:00","0","ecl07868","03/29/2018 18:50:00","803001","itg40916","02/08/2019 10:27:49","PVU_EX_1400","13013"
"08007","PVU_K0001","01/01/2000 00:00:00","02/07/2019 00:00:00","0","PVUDC","03/29/2018 18:50:00","803001","itg40916","02/08/2019 10:02:06","PVU_EX_1400","12001"
"08007","PVU_K0003","01/01/2000 00:00:00","02/07/2019 00:00:00","0","ecl06616","03/29/2018 18:50:00","803001","itg40916","02/08/2019 10:02:06","PVU_EX_1400","12001"
"08007","PVU_K0004","01/01/2000 00:00:00","12/31/9999 00:00:00","0","ecl06616","03/29/2018 18:50:00","803001","ecl06616","03/29/2018 18:50:00","803001","08007"
"08010","PVU_K0001","01/01/2000 00:00:00","12/31/9999 00:00:00","0","PVUDC","03/29/2018 18:50:00","803001","PVUDC","03/29/2018 18:50:00","803001","23009"
"08010","PVU_K0002","01/01/2000 00:00:00","09/30/2025 00:00:00","0","ecld0918","03/29/2018 18:50:00","803001","ecld0918","03/29/2018 18:50:00","803001","23049"
"08010","PVU_K0003","01/01/2000 00:00:00","09/30/2025 00:00:00","0","ecld0918","03/29/2018 18:50:00","803001","ecld0918","03/29/2018 18:50:00","803001","23049"
"08010","PVU_K0004","01/01/2000 00:00:00","12/31/9999 00:00:00","0","ecld0918","03/29/2018 18:50:00","803001","ecld0918","03/29/2018 18:50:00","803001","08010"
"08021","PVU_K0001","01/01/2000 00:00:00","12/31/9999 00:00:00","0","PVUDC","03/29/2018 18:50:00","803001","PVUDC","03/29/2018 18:50:00","803001","13160"
"08021","PVU_K0002","01/01/2000 00:00:00","12/31/9999 00:00:00","0","ecld0918","03/29/2018 18:50:00","803001","ecld0918","03/29/2018 18:50:00","803001","28026"
"08021","PVU_K0003","01/01/2000 00:00:00","09/30/2025 00:00:00","0","ecld0918","03/29/2018 18:50:00","803001","ecld0918","03/29/2018 18:50:00","803001","13160"
"08021","PVU_K0004","01/01/2000 00:00:00","12/31/9999 00:00:00","0","ecld0918","03/29/2018 18:50:00","803001","ecld0918","03/29/2018 18:50:00","803001","08021"
"08095","PVU_K0001","01/01/2000 00:00:00","12/31/9999 00:00:00","0","PVUDC","03/29/2018 18:50:00","803001","PVUDC","03/29/2018 18:50:00","803001","13013"
"08095","PVU_K0002","01/01/2000 00:00:00","09/30/2025 00:00:00","0","ecld0918","03/29/2018 18:50:00","803001","ecld0918","03/29/2018 18:50:00","803001","13013"
"08095","PVU_K0003","01/01/2000 00:00:00","09/30/2013 00:00:00","0","ecld0918","03/29/2018 18:50:00","803001","ecld0918","03/29/2018 18:50:00","803001","08095"
"08095","PVU_K0003","10/01/2013 00:00:00","09/30/2025 00:00:00","0","ecl07868","03/29/2018 18:50:00","803001","ecl07868","03/29/2018 18:50:00","803001","13013"
"08504","PVU_K0001","01/01/2000 00:00:00","12/31/9999 00:00:00","0","PVUDC","03/29/2018 18:50:00","803001","PVUDC","03/29/2018 18:50:00","803001","13149"
"08504","PVU_K0002","01/01/2000 00:00:00","09/30/2025 00:00:00","0","ecld0918","03/29/2018 18:50:00","803001","ecld0918","03/29/2018 18:50:00","803001","13149"
"08504","PVU_K0003","01/01/2000 00:00:00","09/30/2025 00:00:00","0","ecld0918","03/29/2018 18:50:00","803001","ecld0918","03/29/2018 18:50:00","803001","13149"
"09003","PVU_K0001","01/01/2000 00:00:00","12/31/9999 00:00:00","0","PVUDC","03/29/2018 18:50:00","803001","PVUDC","03/29/2018 18:50:00","803001","09003"
"09003","PVU_K0002","01/01/2000 00:00:00","09/30/2025 00:00:00","0","ecl07708","03/29/2018 18:50:00","803001","ecl07708","03/29/2018 18:50:00","803001","23049"
"09003","PVU_K0003","01/01/2000 00:00:00","12/31/9999 00:00:00","0","ecl07708","03/29/2018 18:50:00","803001","ecl07708","03/29/2018 18:50:00","803001","09003"
"09003","PVU_K0004","01/01/2000 00:00:00","12/31/9999 00:00:00","0","ecl07708","03/29/2018 18:50:00","803001","ecl07708","03/29/2018 18:50:00","803001","09003"
"09012","PVU_K0001","01/01/2000 00:00:00","12/31/9999 00:00:00","0","PVUDC","03/29/2018 18:50:00","803001","PVUDC","03/29/2018 18:50:00","803001","04001"
"09012","PVU_K0003","01/01/2000 00:00:00","12/31/9999 00:00:00","0","ecld0918","03/29/2018 18:50:00","803001","ecld0918","03/29/2018 18:50:00","803001","04041"
"09013","PVU_K0001","01/01/2000 00:00:00","12/31/9999 00:00:00","0","PVUDC","03/29/2018 18:50:00","803001","PVUDC","03/29/2018 18:50:00","803001","13013"
"09013","PVU_K0002","01/01/2000 00:00:00","09/30/2025 00:00:00","0","ecld0918","03/29/2018 18:50:00","803001","ecld0918","03/29/2018 18:50:00","803001","13013"
"09013","PVU_K0003","01/01/2000 00:00:00","09/30/2025 00:00:00","0","ecld0918","03/29/2018 18:50:00","803001","ecld0918","03/29/2018 18:50:00","803001","13013"
"09015","PVU_K0001","01/01/2000 00:00:00","12/31/9999 00:00:00","0","PVUDC","03/29/2018 18:50:00","803001","PVUDC","03/29/2018 18:50:00","803001","13149"
"09015","PVU_K0002","01/01/2000 00:00:00","09/30/2025 00:00:00","0","ecld0918","03/29/2018 18:50:00","803001","ecld0918","03/29/2018 18:50:00","803001","13149"
"09015","PVU_K0003","01/01/2000 00:00:00","09/30/2025 00:00:00","0","ecld0918","03/29/2018 18:50:00","803001","ecld0918","03/29/2018 18:50:00","803001","13149"
"09016","PVU_K0001","01/01/2000 00:00:00","12/31/9999 00:00:00","0","PVUDC","03/29/2018 18:50:00","803001","PVUDC","03/29/2018 18:50:00","803001","13013"
"09016","PVU_K0002","01/01/2000 00:00:00","09/30/2025 00:00:00","0","ecl03890","03/29/2018 18:50:00","803001","ecl03890","03/29/2018 18:50:00","803001","13013"
"09016","PVU_K0003","01/01/2000 00:00:00","09/30/2025 00:00:00","0","ecl03890","03/29/2018 18:50:00","803001","ecl03890","03/29/2018 18:50:00","803001","13013"
"10002","PVU_K0001","01/01/2000 00:00:00","12/31/9999 00:00:00","0","PVUDC","03/29/2018 18:50:00","803001","PVUDC","03/29/2018 18:50:00","803001","13013"
"10002","PVU_K0002","01/01/2000 00:00:00","09/30/2025 00:00:00","0","ecld0918","03/29/2018 18:50:00","803001","ecld0918","03/29/2018 18:50:00","803001","13013"
"10002","PVU_K0003","01/01/2000 00:00:00","09/30/2013 00:00:00","0","ecld0918","03/29/2018 18:50:00","803001","ecld0918","03/29/2018 18:50:00","803001","10002"
"10002","PVU_K0004","01/01/2000 00:00:00","09/30/2012 00:00:00","0","ecld0918","03/29/2018 18:50:00","803001","ecld0918","03/29/2018 18:50:00","803001","10002"
"10008","PVU_K0001","01/01/2000 00:00:00","12/31/9999 00:00:00","0","PVUDC","03/29/2018 18:50:00","803001","PVUDC","03/29/2018 18:50:00","803001","10008"
"10008","PVU_K0003","01/01/2000 00:00:00","02/07/2019 00:00:00","0","ecl04321","03/29/2018 18:50:00","803001","itg40916","02/08/2019 09:36:03","PVU_EX_1400","27803"
"10008","PVU_K0004","01/01/2000 00:00:00","02/07/2019 00:00:00","0","ecl04321","03/29/2018 18:50:00","803001","itg40916","02/08/2019 09:36:03","PVU_EX_1400","10023"
"10009","PVU_K0001","01/01/2000 00:00:00","12/31/9999 00:00:00","0","PVUDC","03/29/2018 18:50:00","803001","PVUDC","03/29/2018 18:50:00","803001","23009"
"10009","PVU_K0002","01/01/2000 00:00:00","09/30/2025 00:00:00","0","ecld0918","03/29/2018 18:50:00","803001","ecld0918","03/29/2018 18:50:00","803001","23049"
"10009","PVU_K0003","01/01/2000 00:00:00","09/30/2025 00:00:00","0","ecld0918","03/29/2018 18:50:00","803001","ecld0918","03/29/2018 18:50:00","803001","23049"
"10009","PVU_K0004","01/01/2000 00:00:00","12/31/9999 00:00:00","0","ecld0918","03/29/2018 18:50:00","803001","ecld0918","03/29/2018 18:50:00","803001","08010"
"10018","PVU_K0001","01/01/2000 00:00:00","12/31/9999 00:00:00","0","PVUDC","03/29/2018 18:50:00","803001","PVUDC","03/29/2018 18:50:00","803001","13149"
"10018","PVU_K0002","10/01/2011 00:00:00","09/30/2025 00:00:00","0","ecl02796","03/29/2018 18:50:00","803001","ecl02796","03/29/2018 18:50:00","803001","13149"
"10018","PVU_K0003","01/01/2000 00:00:00","09/30/2011 00:00:00","0","ecl04291","03/29/2018 18:50:00","803001","ecl04291","03/29/2018 18:50:00","803001","10018"
"10018","PVU_K0003","10/01/2011 00:00:00","09/30/2025 00:00:00","0","ecl02796","03/29/2018 18:50:00","803001","ecl02796","03/29/2018 18:50:00","803001","13149"
"10022","PVU_K0001","01/01/2000 00:00:00","12/31/9999 00:00:00","0","PVUDC","03/29/2018 18:50:00","803001","PVUDC","03/29/2018 18:50:00","803001","27070"
"10022","PVU_K0003","01/01/2000 00:00:00","12/31/9999 00:00:00","0","ecl04321","03/29/2018 18:50:00","803001","ecl04321","03/29/2018 18:50:00","803001","27803"
"10022","PVU_K0004","01/01/2000 00:00:00","12/31/9999 00:00:00","0","ecl04321","03/29/2018 18:50:00","803001","ecl04321","03/29/2018 18:50:00","803001","10023"
"10023","PVU_K0003","01/01/2000 00:00:00","12/31/9999 00:00:00","0","ecl04321","03/29/2018 18:50:00","803001","ecl04321","03/29/2018 18:50:00","803001","27803"
"10023","PVU_K0004","01/01/2000 00:00:00","12/31/9999 00:00:00","0","ecl04321","03/29/2018 18:50:00","803001","ecl04321","03/29/2018 18:50:00","803001","10023"
"10024","PVU_K0001","01/01/2000 00:00:00","02/07/2019 00:00:00","0","PVUDC","03/29/2018 18:50:00","803001","itg40916","02/08/2019 10:31:29","PVU_EX_1400","13013"
"10024","PVU_K0002","01/01/2000 00:00:00","02/07/2019 00:00:00","0","ecld0918","03/29/2018 18:50:00","803001","itg40916","02/08/2019 10:31:29","PVU_EX_1400","13013"
"10024","PVU_K0003","01/01/2000 00:00:00","12/31/9999 00:00:00","0","ecld0918","03/29/2018 18:50:00","803001","ecld0918","03/29/2018 18:50:00","803001","10024"
"11004","PVU_K0001","01/01/2000 00:00:00","12/31/9999 00:00:00","0","PVUDC","03/29/2018 18:50:00","803001","PVUDC","03/29/2018 18:50:00","803001","23009"
"11004","PVU_K0002","01/01/2000 00:00:00","09/30/2025 00:00:00","0","ecl07868","03/29/2018 18:50:00","803001","ecl07868","03/29/2018 18:50:00","803001","23049"
"11004","PVU_K0003","01/01/2000 00:00:00","09/30/2025 00:00:00","0","ecl07868","03/29/2018 18:50:00","803001","ecl07868","03/29/2018 18:50:00","803001","23049"
"11004","PVU_K0004","01/01/2000 00:00:00","12/31/9999 00:00:00","0","ecl07868","03/29/2018 18:50:00","803001","ecl07868","03/29/2018 18:50:00","803001","13163"
"11008","PVU_K0001","01/01/2000 00:00:00","12/31/9999 00:00:00","0","PVUDC","03/29/2018 18:50:00","803001","PVUDC","03/29/2018 18:50:00","803001","13013"
"11008","PVU_K0002","01/01/2000 00:00:00","09/30/2025 00:00:00","0","ecld0918","03/29/2018 18:50:00","803001","ecld0918","03/29/2018 18:50:00","803001","13013"
"11008","PVU_K0003","01/01/2000 00:00:00","09/30/2025 00:00:00","0","ecld0918","03/29/2018 18:50:00","803001","ecld0918","03/29/2018 18:50:00","803001","13013"
"11008","PVU_K0004","01/01/2000 00:00:00","09/30/2012 00:00:00","0","ecld0918","03/29/2018 18:50:00","803001","ecld0918","03/29/2018 18:50:00","803001","13013"
"11009","PVU_K0001","01/01/2000 00:00:00","12/31/9999 00:00:00","0","PVUDC","03/29/2018 18:50:00","803001","PVUDC","03/29/2018 18:50:00","803001","13149"
"11009","PVU_K0002","01/01/2000 00:00:00","09/30/2025 00:00:00","0","ecld0918","03/29/2018 18:50:00","803001","ecld0918","03/29/2018 18:50:00","803001","13149"
"11009","PVU_K0003","01/01/2000 00:00:00","09/30/2025 00:00:00","0","ecld0918","03/29/2018 18:50:00","803001","ecld0918","03/29/2018 18:50:00","803001","13149"
"11022","PVU_K0001","01/01/2000 00:00:00","12/31/9999 00:00:00","0","PVUDC","03/29/2018 18:50:00","803001","PVUDC","03/29/2018 18:50:00","803001","23017"
"11022","PVU_K0002","01/01/2000 00:00:00","02/07/2019 00:00:00","0","ecl04321","03/29/2018 18:50:00","803001","itg40916","02/08/2019 15:51:19","PVU_EX_1400","13149"
"11022","PVU_K0003","01/01/2000 00:00:00","12/31/9999 00:00:00","0","ecl04321","03/29/2018 18:50:00","803001","ecl04321","03/29/2018 18:50:00","803001","23017"
"11024","PVU_K0001","01/01/2000 00:00:00","12/31/9999 00:00:00","0","PVUDC","03/29/2018 18:50:00","803001","PVUDC","03/29/2018 18:50:00","803001","11024"
"11024","PVU_K0003","01/01/2000 00:00:00","12/31/9999 00:00:00","0","ecld0918","03/29/2018 18:50:00","803001","ecld0918","03/29/2018 18:50:00","803001","11024"
"11024","PVU_K0004","01/01/2000 00:00:00","12/31/9999 00:00:00","0","ecld0918","03/29/2018 18:50:00","803001","ecld0918","03/29/2018 18:50:00","803001","11024"
"11026","PVU_K0001","01/01/2000 00:00:00","12/31/9999 00:00:00","0","PVUDC","03/29/2018 18:50:00","803001","PVUDC","03/29/2018 18:50:00","803001","13160"
"11026","PVU_K0002","01/01/2000 00:00:00","12/31/9999 00:00:00","0","ecl02796","03/29/2018 18:50:00","803001","ecl02796","03/29/2018 18:50:00","803001","28026"
"11026","PVU_K0003","01/01/2000 00:00:00","09/30/2025 00:00:00","0","ecl02796","03/29/2018 18:50:00","803001","ecl02796","03/29/2018 18:50:00","803001","13160"
"11026","PVU_K0004","01/01/2000 00:00:00","12/31/9999 00:00:00","0","ecl02796","03/29/2018 18:50:00","803001","ecl02796","03/29/2018 18:50:00","803001","13160"
"11111","PVU_K0003","01/01/2000 00:00:00","12/31/9999 00:00:00","0","ips00015","03/29/2018 18:50:00","803001","ips00015","03/29/2018 18:50:00","803001","11111"
"11887","PVU_K0001","08/29/2016 00:00:00","12/31/9999 00:00:00","0","itg19647","03/29/2018 18:50:00","803001","itg19647","03/29/2018 18:50:00","803001","11887"
"11889","PVU_K0001","01/01/2000 00:00:00","12/31/9999 00:00:00","0","PVUDC","03/29/2018 18:50:00","803001","PVUDC","03/29/2018 18:50:00","803001","11889"
"11890","PVU_K0001","01/01/2000 00:00:00","02/07/2019 00:00:00","0","PVUDC","03/29/2018 18:50:00","803001","itg40916","02/08/2019 10:06:03","PVU_EX_1400","13012"
"11890","PVU_K0003","09/01/2011 00:00:00","02/07/2019 00:00:00","0","ecl05317","03/29/2018 18:50:00","803001","itg40916","02/08/2019 10:06:03","PVU_EX_1400","13012"
"11890","PVU_K0004","09/01/2011 00:00:00","12/31/9999 00:00:00","0","ecl05317","03/29/2018 18:50:00","803001","ecl05317","03/29/2018 18:50:00","803001","11890"
"12001","PVU_K0001","01/01/2000 00:00:00","12/31/9999 00:00:00","0","PVUDC","03/29/2018 18:50:00","803001","PVUDC","03/29/2018 18:50:00","803001","12001"
"12001","PVU_K0003","01/01/2000 00:00:00","12/31/9999 00:00:00","0","ecl05573","03/29/2018 18:50:00","803001","ecl05573","03/29/2018 18:50:00","803001","12001"
"12001","PVU_K0004","01/01/2000 00:00:00","12/31/9999 00:00:00","0","ecl05573","03/29/2018 18:50:00","803001","ecl05573","03/29/2018 18:50:00","803001","12001"
"12004","PVU_K0001","01/01/2000 00:00:00","12/31/9999 00:00:00","0","PVUDC","03/29/2018 18:50:00","803001","PVUDC","03/29/2018 18:50:00","803001","23009"
"12004","PVU_K0002","01/01/2000 00:00:00","09/30/2025 00:00:00","0","ecl07868","03/29/2018 18:50:00","803001","ecl07868","03/29/2018 18:50:00","803001","23049"
"12004","PVU_K0003","01/01/2000 00:00:00","09/30/2025 00:00:00","0","ecl07868","03/29/2018 18:50:00","803001","ecl07868","03/29/2018 18:50:00","803001","23049"
"12004","PVU_K0004","01/01/2000 00:00:00","12/31/9999 00:00:00","0","ecl07868","03/29/2018 18:50:00","803001","ecl07868","03/29/2018 18:50:00","803001","13163"
"12008","PVU_K0001","01/01/2000 00:00:00","12/31/9999 00:00:00","0","PVUDC","03/29/2018 18:50:00","803001","PVUDC","03/29/2018 18:50:00","803001","13013"
"12008","PVU_K0002","01/01/2000 00:00:00","09/30/2025 00:00:00","0","ecld0918","03/29/2018 18:50:00","803001","ecld0918","03/29/2018 18:50:00","803001","13013"
"12008","PVU_K0003","01/01/2000 00:00:00","09/30/2025 00:00:00","0","ecld0918","03/29/2018 18:50:00","803001","ecld0918","03/29/2018 18:50:00","803001","13013"
"12008","PVU_K0004","01/01/2000 00:00:00","09/30/2012 00:00:00","0","ecld0918","03/29/2018 18:50:00","803001","ecld0918","03/29/2018 18:50:00","803001","13013"
"12010","PVU_K0001","01/01/2000 00:00:00","12/31/9999 00:00:00","0","PVUDC","03/29/2018 18:50:00","803001","PVUDC","03/29/2018 18:50:00","803001","13149"
"12010","PVU_K0002","01/01/2000 00:00:00","09/30/2025 00:00:00","0","ecld0918","03/29/2018 18:50:00","803001","ecld0918","03/29/2018 18:50:00","803001","13149"
"12010","PVU_K0003","01/01/2000 00:00:00","09/30/2025 00:00:00","0","ecld0918","03/29/2018 18:50:00","803001","ecld0918","03/29/2018 18:50:00","803001","13149"
"12033","PVU_K0001","01/01/2000 00:00:00","12/31/9999 00:00:00","0","PVUDC","03/29/2018 18:50:00","803001","PVUDC","03/29/2018 18:50:00","803001","27070"
"12033","PVU_K0003","01/01/2000 00:00:00","12/31/9999 00:00:00","0","ecl04321","03/29/2018 18:50:00","803001","ecl04321","03/29/2018 18:50:00","803001","27803"
"12033","PVU_K0004","01/01/2000 00:00:00","12/31/9999 00:00:00","0","ecl04321","03/29/2018 18:50:00","803001","ecl04321","03/29/2018 18:50:00","803001","12033"
"12037","PVU_K0001","01/01/2000 00:00:00","12/31/9999 00:00:00","0","PVUDC","03/29/2018 18:50:00","803001","PVUDC","03/29/2018 18:50:00","803001","13160"
"12037","PVU_K0002","01/01/2000 00:00:00","12/31/9999 00:00:00","0","ecld0918","03/29/2018 18:50:00","803001","ecld0918","03/29/2018 18:50:00","803001","28026"
"12037","PVU_K0003","01/01/2000 00:00:00","09/30/2025 00:00:00","0","ecld0918","03/29/2018 18:50:00","803001","ecld0918","03/29/2018 18:50:00","803001","13160"
"12037","PVU_K0004","01/01/2000 00:00:00","12/31/9999 00:00:00","0","ecld0918","03/29/2018 18:50:00","803001","ecld0918","03/29/2018 18:50:00","803001","13160"
"13003","PVU_K0001","01/01/2000 00:00:00","12/31/9999 00:00:00","0","PVUDC","03/29/2018 18:50:00","803001","PVUDC","03/29/2018 18:50:00","803001","13003"
"13003","PVU_K0003","01/01/2000 00:00:00","12/31/9999 00:00:00","0","ecld0918","03/29/2018 18:50:00","803001","ecld0918","03/29/2018 18:50:00","803001","13003"
"13003","PVU_K0004","01/01/2000 00:00:00","12/31/9999 00:00:00","0","ecld0918","03/29/2018 18:50:00","803001","ecld0918","03/29/2018 18:50:00","803001","13003"
"13010","PVU_K0001","01/01/2000 00:00:00","12/31/9999 00:00:00","0","PVUDC","03/29/2018 18:50:00","803001","PVUDC","03/29/2018 18:50:00","803001","13013"
"13010","PVU_K0003","01/01/2000 00:00:00","12/31/9999 00:00:00","0","ecld0918","03/29/2018 18:50:00","803001","ecld0918","03/29/2018 18:50:00","803001","13010"
"13010","PVU_K0004","01/01/2000 00:00:00","12/31/9999 00:00:00","0","ecld0918","03/29/2018 18:50:00","803001","ecld0918","03/29/2018 18:50:00","803001","13010"
"13012","PVU_K0001","01/01/2000 00:00:00","12/31/9999 00:00:00","0","PVUDC","03/29/2018 18:50:00","803001","PVUDC","03/29/2018 18:50:00","803001","13012"
"13012","PVU_K0003","01/01/2000 00:00:00","12/31/9999 00:00:00","0","ecl06595","03/29/2018 18:50:00","803001","ecl06595","03/29/2018 18:50:00","803001","13012"
"13012","PVU_K0004","01/01/2000 00:00:00","12/31/9999 00:00:00","0","ecl06595","03/29/2018 18:50:00","803001","ecl06595","03/29/2018 18:50:00","803001","13012"
"13013","PVU_K0001","01/01/2000 00:00:00","12/31/9999 00:00:00","0","PVUDC","03/29/2018 18:50:00","803001","PVUDC","03/29/2018 18:50:00","803001","13013"
"13013","PVU_K0002","01/01/2000 00:00:00","09/30/2025 00:00:00","0","ecld0918","03/29/2018 18:50:00","803001","ecld0918","03/29/2018 18:50:00","803001","13013"
"13013","PVU_K0003","01/01/2000 00:00:00","09/30/2025 00:00:00","0","ecld0918","03/29/2018 18:50:00","803001","ecld0918","03/29/2018 18:50:00","803001","13013"
"13013","PVU_K0004","01/01/2000 00:00:00","12/31/9999 00:00:00","0","ecld0918","03/29/2018 18:50:00","803001","ecld0918","03/29/2018 18:50:00","803001","13013"
"13017","PVU_K0001","01/01/2000 00:00:00","12/31/9999 00:00:00","0","PVUDC","03/29/2018 18:50:00","803001","PVUDC","03/29/2018 18:50:00","803001","13149"
"13017","PVU_K0002","01/01/2000 00:00:00","09/30/2025 00:00:00","0","ecld0918","03/29/2018 18:50:00","803001","ecld0918","03/29/2018 18:50:00","803001","13149"
"13017","PVU_K0003","01/01/2000 00:00:00","09/30/2025 00:00:00","0","ecld0918","03/29/2018 18:50:00","803001","ecld0918","03/29/2018 18:50:00","803001","13149"
"13038","PVU_K0001","01/01/2000 00:00:00","12/31/9999 00:00:00","0","PVUDC","03/29/2018 18:50:00","803001","PVUDC","03/29/2018 18:50:00","803001","13038"
"13049","PVU_K0001","01/01/2000 00:00:00","12/31/9999 00:00:00","0","PVUDC","03/29/2018 18:50:00","803001","PVUDC","03/29/2018 18:50:00","803001","13049"
"13049","PVU_K0003","01/01/2000 00:00:00","12/31/9999 00:00:00","0","ecl07868","03/29/2018 18:50:00","803001","ecl07868","03/29/2018 18:50:00","803001","13049"
"13049","PVU_K0004","01/01/2000 00:00:00","12/31/9999 00:00:00","0","ecl07868","03/29/2018 18:50:00","803001","ecl07868","03/29/2018 18:50:00","803001","13049"
"13078","PVU_K0001","01/01/2000 00:00:00","12/31/9999 00:00:00","0","PVUDC","03/29/2018 18:50:00","803001","PVUDC","03/29/2018 18:50:00","803001","04001"
"13078","PVU_K0003","01/01/2000 00:00:00","12/31/9999 00:00:00","0","ecld0918","03/29/2018 18:50:00","803001","ecld0918","03/29/2018 18:50:00","803001","04041"
"13093","PVU_K0001","01/01/2000 00:00:00","12/31/9999 00:00:00","0","PVUDC","03/29/2018 18:50:00","803001","PVUDC","03/29/2018 18:50:00","803001","13093"
"13093","PVU_K0003","01/01/2000 00:00:00","12/31/9999 00:00:00","0","ecl04904","03/29/2018 18:50:00","803001","ecl04904","03/29/2018 18:50:00","803001","13093"
"13093","PVU_K0004","01/01/2000 00:00:00","12/31/9999 00:00:00","0","ecl04904","03/29/2018 18:50:00","803001","ecl04904","03/29/2018 18:50:00","803001","13093"
"13099","PVU_K0001","01/01/2000 00:00:00","12/31/9999 00:00:00","0","PVUDC","03/29/2018 18:50:00","803001","PVUDC","03/29/2018 18:50:00","803001","15003"
"13099","PVU_K0003","01/01/2000 00:00:00","12/31/9999 00:00:00","0","ecl05573","03/29/2018 18:50:00","803001","ecl05573","03/29/2018 18:50:00","803001","15022"
"13149","PVU_K0001","01/01/2000 00:00:00","12/31/9999 00:00:00","0","PVUDC","03/29/2018 18:50:00","803001","PVUDC","03/29/2018 18:50:00","803001","13149"
"13149","PVU_K0002","01/01/2000 00:00:00","09/30/2025 00:00:00","0","ecld0918","03/29/2018 18:50:00","803001","ecld0918","03/29/2018 18:50:00","803001","13149"
"13149","PVU_K0003","01/01/2000 00:00:00","09/30/2025 00:00:00","0","ecld0918","03/29/2018 18:50:00","803001","ecld0918","03/29/2018 18:50:00","803001","13149"
"13149","PVU_K0004","01/01/2000 00:00:00","12/31/9999 00:00:00","0","ecld0918","03/29/2018 18:50:00","803001","ecld0918","03/29/2018 18:50:00","803001","13149"
"13153","PVU_K0001","01/01/2000 00:00:00","12/31/9999 00:00:00","0","PVUDC","03/29/2018 18:50:00","803001","PVUDC","03/29/2018 18:50:00","803001","23017"
"13153","PVU_K0002","01/01/2000 00:00:00","02/07/2019 00:00:00","0","ecl04321","03/29/2018 18:50:00","803001","itg40916","02/08/2019 15:53:18","PVU_EX_1400","13149"
"13153","PVU_K0003","01/01/2000 00:00:00","12/31/9999 00:00:00","0","ecl04321","03/29/2018 18:50:00","803001","ecl04321","03/29/2018 18:50:00","803001","23017"
"13153","PVU_K0004","01/01/2000 00:00:00","12/31/9999 00:00:00","0","ecl04321","03/29/2018 18:50:00","803001","ecl04321","03/29/2018 18:50:00","803001","13153"
"13157","PVU_K0001","01/01/2000 00:00:00","12/31/9999 00:00:00","0","PVUDC","03/29/2018 18:50:00","803001","PVUDC","03/29/2018 18:50:00","803001","13157"
"13157","PVU_K0003","01/01/2000 00:00:00","12/31/9999 00:00:00","0","ecl04321","03/29/2018 18:50:00","803001","ecl04321","03/29/2018 18:50:00","803001","13157"
"13157","PVU_K0004","01/01/2000 00:00:00","12/31/9999 00:00:00","0","ecl04321","03/29/2018 18:50:00","803001","ecl04321","03/29/2018 18:50:00","803001","13157"
"13160","PVU_K0001","01/01/2000 00:00:00","12/31/9999 00:00:00","0","PVUDC","03/29/2018 18:50:00","803001","PVUDC","03/29/2018 18:50:00","803001","13160"
"13160","PVU_K0002","01/01/2000 00:00:00","12/31/9999 00:00:00","0","ecl07708","03/29/2018 18:50:00","803001","ecl07708","03/29/2018 18:50:00","803001","28026"
"13160","PVU_K0003","01/01/2000 00:00:00","09/30/2025 00:00:00","0","ecl07708","03/29/2018 18:50:00","803001","ecl07708","03/29/2018 18:50:00","803001","13160"
"13160","PVU_K0004","01/01/2000 00:00:00","12/31/9999 00:00:00","0","ecl07708","03/29/2018 18:50:00","803001","ecl07708","03/29/2018 18:50:00","803001","13160"
"13161","PVU_K0001","01/01/2000 00:00:00","12/31/9999 00:00:00","0","PVUDC","03/29/2018 18:50:00","803001","PVUDC","03/29/2018 18:50:00","803001","13160"
"13161","PVU_K0002","01/01/2000 00:00:00","12/31/9999 00:00:00","0","ecl04291","03/29/2018 18:50:00","803001","ecl04291","03/29/2018 18:50:00","803001","28026"
"13161","PVU_K0003","01/01/2000 00:00:00","09/30/2025 00:00:00","0","ecl04291","03/29/2018 18:50:00","803001","ecl04291","03/29/2018 18:50:00","803001","13160"
"13161","PVU_K0004","01/01/2000 00:00:00","12/31/9999 00:00:00","0","ecl04291","03/29/2018 18:50:00","803001","ecl04291","03/29/2018 18:50:00","803001","13160"
"13162","PVU_K0001","01/01/2000 00:00:00","12/31/9999 00:00:00","0","PVUDC","03/29/2018 18:50:00","803001","PVUDC","03/29/2018 18:50:00","803001","13160"
"13162","PVU_K0002","01/01/2000 00:00:00","12/31/9999 00:00:00","0","ecld0918","03/29/2018 18:50:00","803001","ecld0918","03/29/2018 18:50:00","803001","28026"
"13162","PVU_K0003","01/01/2000 00:00:00","09/30/2025 00:00:00","0","ecld0918","03/29/2018 18:50:00","803001","ecld0918","03/29/2018 18:50:00","803001","13160"
"13162","PVU_K0004","01/01/2000 00:00:00","12/31/9999 00:00:00","0","ecld0918","03/29/2018 18:50:00","803001","ecld0918","03/29/2018 18:50:00","803001","13160"
"13163","PVU_K0001","01/01/2000 00:00:00","12/31/9999 00:00:00","0","PVUDC","03/29/2018 18:50:00","803001","PVUDC","03/29/2018 18:50:00","803001","23009"
"13163","PVU_K0002","01/01/2000 00:00:00","09/30/2025 00:00:00","0","ecl02796","03/29/2018 18:50:00","803001","ecl02796","03/29/2018 18:50:00","803001","23049"
"13163","PVU_K0003","01/01/2000 00:00:00","09/30/2025 00:00:00","0","ecl02796","03/29/2018 18:50:00","803001","ecl02796","03/29/2018 18:50:00","803001","23049"
"13163","PVU_K0004","01/01/2000 00:00:00","12/31/9999 00:00:00","0","ecl02796","03/29/2018 18:50:00","803001","ecl02796","03/29/2018 18:50:00","803001","13163"
"13164","PVU_K0001","01/01/2000 00:00:00","12/31/9999 00:00:00","0","PVUDC","03/29/2018 18:50:00","803001","PVUDC","03/29/2018 18:50:00","803001","23009"
"13164","PVU_K0002","01/01/2000 00:00:00","09/30/2025 00:00:00","0","ecl07868","03/29/2018 18:50:00","803001","ecl07868","03/29/2018 18:50:00","803001","23049"
"13164","PVU_K0003","01/01/2000 00:00:00","09/30/2025 00:00:00","0","ecl07868","03/29/2018 18:50:00","803001","ecl07868","03/29/2018 18:50:00","803001","23049"
"13164","PVU_K0004","01/01/2000 00:00:00","12/31/9999 00:00:00","0","ecl07868","03/29/2018 18:50:00","803001","ecl07868","03/29/2018 18:50:00","803001","13163"
"13165","PVU_K0001","01/01/2000 00:00:00","12/31/9999 00:00:00","0","PVUDC","03/29/2018 18:50:00","803001","PVUDC","03/29/2018 18:50:00","803001","23009"
"13165","PVU_K0002","01/01/2000 00:00:00","09/30/2025 00:00:00","0","ecl07868","03/29/2018 18:50:00","803001","ecl07868","03/29/2018 18:50:00","803001","23049"
"13165","PVU_K0003","01/01/2000 00:00:00","09/30/2025 00:00:00","0","ecl07868","03/29/2018 18:50:00","803001","ecl07868","03/29/2018 18:50:00","803001","23049"
"13165","PVU_K0004","01/01/2000 00:00:00","12/31/9999 00:00:00","0","ecl07868","03/29/2018 18:50:00","803001","ecl07868","03/29/2018 18:50:00","803001","13163"
"13180","PVU_K0001","07/02/2013 00:00:00","12/31/9999 00:00:00","0","itg36186","03/29/2018 18:50:00","803001","itg36186","03/29/2018 18:50:00","803001","13160"
"13180","PVU_K0002","07/01/2013 00:00:00","12/31/9999 00:00:00","0","ecl02796","03/29/2018 18:50:00","803001","ecl02796","03/29/2018 18:50:00","803001","28026"
"13180","PVU_K0003","07/01/2013 00:00:00","09/30/2025 00:00:00","0","ecl02796","03/29/2018 18:50:00","803001","ecl02796","03/29/2018 18:50:00","803001","13160"
"13180","PVU_K0004","07/01/2013 00:00:00","12/31/9999 00:00:00","0","ecl02796","03/29/2018 18:50:00","803001","ecl02796","03/29/2018 18:50:00","803001","13160"
"13181","PVU_K0001","10/02/2013 00:00:00","12/31/9999 00:00:00","0","itg36186","03/29/2018 18:50:00","803001","itg36186","03/29/2018 18:50:00","803001","04050"
"13181","PVU_K0003","10/01/2013 00:00:00","10/31/2015 00:00:00","0","ecl04321","03/29/2018 18:50:00","803001","ecl04321","03/29/2018 18:50:00","803001","13181"
"13181","PVU_K0003","11/01/2015 00:00:00","12/31/9999 00:00:00","0","ecl04321","03/29/2018 18:50:00","803001","ecl04321","03/29/2018 18:50:00","803001","40035"
"13181","PVU_K0004","10/01/2013 00:00:00","12/31/9999 00:00:00","0","ecl04321","03/29/2018 18:50:00","803001","ecl04321","03/29/2018 18:50:00","803001","13181"
"13193","PVU_K0001","01/23/2017 00:00:00","12/31/9999 00:00:00","0","itg09704","03/29/2018 18:50:00","803001","itg09704","03/29/2018 18:50:00","803001","13193"
"13193","PVU_K0003","09/01/2016 00:00:00","12/31/9999 00:00:00","0","ecl07750","03/29/2018 18:50:00","803001","ecl07750","03/29/2018 18:50:00","803001","13193"
"13193","PVU_K0004","09/01/2016 00:00:00","12/31/9999 00:00:00","0","ecl07750","03/29/2018 18:50:00","803001","ecl07750","03/29/2018 18:50:00","803001","13193"
"13200","PVU_K0001","09/21/2017 00:00:00","12/31/9999 00:00:00","0","itg09704","03/29/2018 18:50:00","803001","itg09704","03/29/2018 18:50:00","803001","13200"
"13200","PVU_K0003","09/01/2017 00:00:00","12/31/9999 00:00:00","0","ecl04750","03/29/2018 18:50:00","803001","ecl04750","03/29/2018 18:50:00","803001","13200"
"13200","PVU_K0004","09/01/2017 00:00:00","12/31/9999 00:00:00","0","ecl04750","03/29/2018 18:50:00","803001","ecl04750","03/29/2018 18:50:00","803001","13200"
"13201","PVU_K0001","10/16/2017 00:00:00","02/28/2019 00:00:00","0","itg09704","03/29/2018 18:50:00","803001","itg09704","03/29/2018 18:50:00","803001","13201"
"13201","PVU_K0003","10/01/2017 00:00:00","12/31/9999 00:00:00","0","ecl06861","03/29/2018 18:50:00","803001","ecl06861","03/29/2018 18:50:00","803001","13201"
"13201","PVU_K0004","10/01/2017 00:00:00","12/31/9999 00:00:00","0","ecl06861","03/29/2018 18:50:00","803001","ecl06861","03/29/2018 18:50:00","803001","13201"
"13777","PVU_K0001","01/01/2000 00:00:00","12/31/9999 00:00:00","0","PVUDC","03/29/2018 18:50:00","803001","PVUDC","03/29/2018 18:50:00","803001","13777"
"13777","PVU_K0003","01/01/2000 00:00:00","12/31/9999 00:00:00","0","eclbatch","03/29/2018 18:50:00","803001","eclbatch","03/29/2018 18:50:00","803001","13777"
"13777","PVU_K0004","01/01/2000 00:00:00","12/31/9999 00:00:00","0","eclbatch","03/29/2018 18:50:00","803001","eclbatch","03/29/2018 18:50:00","803001","13777"
"13803","PVU_K0001","01/01/2000 00:00:00","12/31/9999 00:00:00","0","PVUDC","03/29/2018 18:50:00","803001","PVUDC","03/29/2018 18:50:00","803001","13803"
"13803","PVU_K0003","01/01/2000 00:00:00","12/31/9999 00:00:00","0","ecl04321","03/29/2018 18:50:00","803001","ecl04321","03/29/2018 18:50:00","803001","13803"
"13803","PVU_K0004","01/01/2000 00:00:00","12/31/9999 00:00:00","0","ecl04321","03/29/2018 18:50:00","803001","ecl04321","03/29/2018 18:50:00","803001","13803"
"13888","PVU_K0001","01/01/2000 00:00:00","12/31/9999 00:00:00","0","PVUDC","03/29/2018 18:50:00","803001","PVUDC","03/29/2018 18:50:00","803001","13888"
"13889","PVU_K0001","01/01/2000 00:00:00","12/31/9999 00:00:00","0","PVUDC","03/29/2018 18:50:00","803001","PVUDC","03/29/2018 18:50:00","803001","13889"
"13982","PVU_K0001","01/01/2000 00:00:00","02/07/2019 00:00:00","0","PVUDC","03/29/2018 18:50:00","803001","itg40916","02/08/2019 10:07:37","PVU_EX_1400","13012"
"13982","PVU_K0003","01/01/2000 00:00:00","02/07/2019 00:00:00","0","ecl05317","03/29/2018 18:50:00","803001","itg40916","02/08/2019 10:07:37","PVU_EX_1400","13012"
"13982","PVU_K0004","01/01/2000 00:00:00","02/07/2019 00:00:00","0","ecl05317","03/29/2018 18:50:00","803001","itg40916","02/08/2019 10:07:37","PVU_EX_1400","13012"
"13983","PVU_K0001","01/01/2000 00:00:00","12/31/9999 00:00:00","0","PVUDC","03/29/2018 18:50:00","803001","PVUDC","03/29/2018 18:50:00","803001","13012"
"13983","PVU_K0003","09/01/2011 00:00:00","12/31/9999 00:00:00","0","ecl05317","03/29/2018 18:50:00","803001","ecl05317","03/29/2018 18:50:00","803001","13012"
"13983","PVU_K0004","09/01/2011 00:00:00","02/07/2019 00:00:00","0","ecl05317","03/29/2018 18:50:00","803001","itg40916","02/08/2019 10:20:50","PVU_EX_1400","13986"
"13984","PVU_K0001","01/01/2000 00:00:00","12/31/9999 00:00:00","0","PVUDC","03/29/2018 18:50:00","803001","PVUDC","03/29/2018 18:50:00","803001","13012"
"13984","PVU_K0003","09/01/2011 00:00:00","12/31/9999 00:00:00","0","ecl04321","03/29/2018 18:50:00","803001","ecl04321","03/29/2018 18:50:00","803001","13012"
"13984","PVU_K0004","09/01/2011 00:00:00","12/31/9999 00:00:00","0","ecl04321","03/29/2018 18:50:00","803001","ecl04321","03/29/2018 18:50:00","803001","13984"
"13985","PVU_K0001","01/01/2000 00:00:00","02/07/2019 00:00:00","0","PVUDC","03/29/2018 18:50:00","803001","itg40916","02/08/2019 10:10:54","PVU_EX_1400","13012"
"13985","PVU_K0003","09/01/2011 00:00:00","02/07/2019 00:00:00","0","ecl05317","03/29/2018 18:50:00","803001","itg40916","02/08/2019 10:10:54","PVU_EX_1400","13012"
"13985","PVU_K0004","09/01/2011 00:00:00","12/31/9999 00:00:00","0","ecl05317","03/29/2018 18:50:00","803001","ecl05317","03/29/2018 18:50:00","803001","13985"
"13986","PVU_K0001","01/01/2000 00:00:00","02/07/2019 00:00:00","0","PVUDC","03/29/2018 18:50:00","803001","itg40916","02/08/2019 10:13:38","PVU_EX_1400","13012"
"13986","PVU_K0003","09/01/2011 00:00:00","02/07/2019 00:00:00","0","ecl04321","03/29/2018 18:50:00","803001","itg40916","02/08/2019 10:13:38","PVU_EX_1400","13012"
"13986","PVU_K0004","09/01/2011 00:00:00","12/31/9999 00:00:00","0","ecl04321","03/29/2018 18:50:00","803001","ecl04321","03/29/2018 18:50:00","803001","13986"
"13990","PVU_K0001","02/19/2014 00:00:00","12/31/9999 00:00:00","0","itg09704","03/29/2018 18:50:00","803001","itg09704","03/29/2018 18:50:00","803001","13990"
"14005","PVU_K0001","01/01/2000 00:00:00","12/31/9999 00:00:00","0","PVUDC","03/29/2018 18:50:00","803001","PVUDC","03/29/2018 18:50:00","803001","23009"
"14005","PVU_K0002","01/01/2000 00:00:00","09/30/2025 00:00:00","0","ecl07868","03/29/2018 18:50:00","803001","ecl07868","03/29/2018 18:50:00","803001","23049"
"14005","PVU_K0003","01/01/2000 00:00:00","09/30/2025 00:00:00","0","ecl07868","03/29/2018 18:50:00","803001","ecl07868","03/29/2018 18:50:00","803001","23049"
"14005","PVU_K0004","01/01/2000 00:00:00","12/31/9999 00:00:00","0","ecl07868","03/29/2018 18:50:00","803001","ecl07868","03/29/2018 18:50:00","803001","13163"
"14016","PVU_K0001","01/01/2000 00:00:00","12/02/2018 00:00:00","0","PVUDC","03/29/2018 18:50:00","803001","itg04213","12/03/2018 15:09:33","PVU_EX_1400","23002"
"14016","PVU_K0003","01/01/2000 00:00:00","12/02/2018 00:00:00","0","ecld0918","03/29/2018 18:50:00","803001","itg04213","12/03/2018 15:09:33","PVU_EX_1400","23002"
"14025","PVU_K0001","01/01/2000 00:00:00","12/31/9999 00:00:00","0","PVUDC","03/29/2018 18:50:00","803001","PVUDC","03/29/2018 18:50:00","803001","13013"
"14025","PVU_K0002","01/01/2000 00:00:00","09/30/2025 00:00:00","0","ecld0918","03/29/2018 18:50:00","803001","ecld0918","03/29/2018 18:50:00","803001","13013"
"14025","PVU_K0003","01/01/2000 00:00:00","09/30/2025 00:00:00","0","ecld0918","03/29/2018 18:50:00","803001","ecld0918","03/29/2018 18:50:00","803001","13013"
"14025","PVU_K0004","01/01/2000 00:00:00","09/30/2012 00:00:00","0","ecld0918","03/29/2018 18:50:00","803001","ecld0918","03/29/2018 18:50:00","803001","13013"
"14027","PVU_K0001","01/01/2000 00:00:00","12/31/9999 00:00:00","0","PVUDC","03/29/2018 18:50:00","803001","PVUDC","03/29/2018 18:50:00","803001","13149"
"14027","PVU_K0002","01/01/2000 00:00:00","09/30/2025 00:00:00","0","ecld0918","03/29/2018 18:50:00","803001","ecld0918","03/29/2018 18:50:00","803001","13149"
"14027","PVU_K0003","01/01/2000 00:00:00","09/30/2025 00:00:00","0","ecld0918","03/29/2018 18:50:00","803001","ecld0918","03/29/2018 18:50:00","803001","13149"
"14034","PVU_K0001","01/01/2000 00:00:00","12/31/9999 00:00:00","0","PVUDC","03/29/2018 18:50:00","803001","PVUDC","03/29/2018 18:50:00","803001","23009"
"14034","PVU_K0002","01/01/2000 00:00:00","09/30/2025 00:00:00","0","ecl07868","03/29/2018 18:50:00","803001","ecl07868","03/29/2018 18:50:00","803001","23049"
"14034","PVU_K0003","01/01/2000 00:00:00","09/30/2025 00:00:00","0","ecl07868","03/29/2018 18:50:00","803001","ecl07868","03/29/2018 18:50:00","803001","23049"
"14034","PVU_K0004","01/01/2000 00:00:00","12/31/9999 00:00:00","0","ecl07868","03/29/2018 18:50:00","803001","ecl07868","03/29/2018 18:50:00","803001","13163"
"14053","PVU_K0001","01/01/2000 00:00:00","12/31/9999 00:00:00","0","PVUDC","03/29/2018 18:50:00","803001","PVUDC","03/29/2018 18:50:00","803001","27070"
"14053","PVU_K0003","01/01/2000 00:00:00","12/31/9999 00:00:00","0","ecl04960","03/29/2018 18:50:00","803001","ecl04960","03/29/2018 18:50:00","803001","27803"
"14053","PVU_K0004","01/01/2000 00:00:00","12/31/9999 00:00:00","0","ecl04960","03/29/2018 18:50:00","803001","ecl04960","03/29/2018 18:50:00","803001","14053"
"14056","PVU_K0001","01/01/2000 00:00:00","12/31/9999 00:00:00","0","PVUDC","03/29/2018 18:50:00","803001","PVUDC","03/29/2018 18:50:00","803001","13160"
"14056","PVU_K0002","01/01/2000 00:00:00","12/31/9999 00:00:00","0","ecl02796","03/29/2018 18:50:00","803001","ecl02796","03/29/2018 18:50:00","803001","28026"
"14056","PVU_K0003","01/01/2000 00:00:00","09/30/2025 00:00:00","0","ecl02796","03/29/2018 18:50:00","803001","ecl02796","03/29/2018 18:50:00","803001","13160"
"14056","PVU_K0004","01/01/2000 00:00:00","12/31/9999 00:00:00","0","ecl02796","03/29/2018 18:50:00","803001","ecl02796","03/29/2018 18:50:00","803001","13160"
"14059","PVU_K0001","10/05/2017 00:00:00","12/31/9999 00:00:00","0","itg39895","03/29/2018 18:50:00","803001","itg39895","03/29/2018 18:50:00","803001","13012"
"14059","PVU_K0003","10/01/2017 00:00:00","12/31/9999 00:00:00","0","ecl05317","03/29/2018 18:50:00","803001","ecl05317","03/29/2018 18:50:00","803001","13012"
"14059","PVU_K0004","10/01/2017 00:00:00","12/31/9999 00:00:00","0","ecl05317","03/29/2018 18:50:00","803001","ecl05317","03/29/2018 18:50:00","803001","14059"
"15002","PVU_K0001","01/01/2000 00:00:00","12/31/9999 00:00:00","0","PVUDC","03/29/2018 18:50:00","803001","PVUDC","03/29/2018 18:50:00","803001","04001"
"15002","PVU_K0003","01/01/2000 00:00:00","12/31/9999 00:00:00","0","ecld0918","03/29/2018 18:50:00","803001","ecld0918","03/29/2018 18:50:00","803001","04041"
"15003","PVU_K0001","01/01/2000 00:00:00","12/31/9999 00:00:00","0","PVUDC","03/29/2018 18:50:00","803001","PVUDC","03/29/2018 18:50:00","803001","15003"
"15003","PVU_K0003","01/01/2000 00:00:00","12/31/9999 00:00:00","0","ecld0918","03/29/2018 18:50:00","803001","ecld0918","03/29/2018 18:50:00","803001","15022"
"15006","PVU_K0001","01/01/2000 00:00:00","12/31/9999 00:00:00","0","PVUDC","03/29/2018 18:50:00","803001","PVUDC","03/29/2018 18:50:00","803001","16001"
"15006","PVU_K0003","01/01/2000 00:00:00","12/31/9999 00:00:00","0","ecld1316","03/29/2018 18:50:00","803001","ecld1316","03/29/2018 18:50:00","803001","16001"
"15012","PVU_K0001","01/01/2000 00:00:00","12/31/9999 00:00:00","0","PVUDC","03/29/2018 18:50:00","803001","PVUDC","03/29/2018 18:50:00","803001","23009"
"15012","PVU_K0002","01/01/2000 00:00:00","09/30/2025 00:00:00","0","ecld0918","03/29/2018 18:50:00","803001","ecld0918","03/29/2018 18:50:00","803001","23049"
"15012","PVU_K0003","01/01/2000 00:00:00","09/30/2025 00:00:00","0","ecld0918","03/29/2018 18:50:00","803001","ecld0918","03/29/2018 18:50:00","803001","23049"
"15012","PVU_K0004","01/01/2000 00:00:00","12/31/9999 00:00:00","0","ecld0918","03/29/2018 18:50:00","803001","ecld0918","03/29/2018 18:50:00","803001","08010"
"15013","PVU_K0001","01/01/2000 00:00:00","12/31/9999 00:00:00","0","PVUDC","03/29/2018 18:50:00","803001","PVUDC","03/29/2018 18:50:00","803001","13013"
"15013","PVU_K0002","01/01/2000 00:00:00","09/30/2025 00:00:00","0","ecld0918","03/29/2018 18:50:00","803001","ecld0918","03/29/2018 18:50:00","803001","13013"
"15013","PVU_K0003","01/01/2000 00:00:00","09/30/2013 00:00:00","0","ecld0918","03/29/2018 18:50:00","803001","ecld0918","03/29/2018 18:50:00","803001","15013"
"15013","PVU_K0003","10/01/2013 00:00:00","09/30/2025 00:00:00","0","ecl07868","03/29/2018 18:50:00","803001","ecl07868","03/29/2018 18:50:00","803001","13013"
"15020","PVU_K0001","01/01/2000 00:00:00","12/31/9999 00:00:00","0","PVUDC","03/29/2018 18:50:00","803001","PVUDC","03/29/2018 18:50:00","803001","13149"
"15020","PVU_K0002","01/01/2000 00:00:00","09/30/2025 00:00:00","0","ecld0918","03/29/2018 18:50:00","803001","ecld0918","03/29/2018 18:50:00","803001","13149"
"15020","PVU_K0003","01/01/2000 00:00:00","09/30/2025 00:00:00","0","ecld0918","03/29/2018 18:50:00","803001","ecld0918","03/29/2018 18:50:00","803001","13149"
"15022","PVU_K0003","01/01/2000 00:00:00","12/31/9999 00:00:00","0","ecl04291","03/29/2018 18:50:00","803001","ecl04291","03/29/2018 18:50:00","803001","15022"
"15022","PVU_K0004","01/01/2000 00:00:00","12/31/9999 00:00:00","0","ecl04291","03/29/2018 18:50:00","803001","ecl04291","03/29/2018 18:50:00","803001","15022"
"15027","PVU_K0001","01/01/2000 00:00:00","02/07/2019 00:00:00","0","PVUDC","03/29/2018 18:50:00","803001","itg40916","02/08/2019 09:31:02","PVU_EX_1400","04001"
"15027","PVU_K0003","01/01/2000 00:00:00","02/07/2019 00:00:00","0","eclips01","03/29/2018 18:50:00","803001","itg40916","02/08/2019 09:31:02","PVU_EX_1400","04041"
"15029","PVU_K0001","01/01/2000 00:00:00","02/07/2019 00:00:00","0","PVUDC","03/29/2018 18:50:00","803001","itg40916","02/08/2019 16:12:13","PVU_EX_1400","27070"
"15029","PVU_K0003","01/01/2000 00:00:00","02/07/2019 00:00:00","0","ecl04321","03/29/2018 18:50:00","803001","itg40916","02/08/2019 16:12:13","PVU_EX_1400","27803"
"15029","PVU_K0004","01/01/2000 00:00:00","02/07/2019 00:00:00","0","ecl04321","03/29/2018 18:50:00","803001","itg40916","02/08/2019 16:12:13","PVU_EX_1400","10023"
"16001","PVU_K0001","01/01/2000 00:00:00","12/31/9999 00:00:00","0","PVUDC","03/29/2018 18:50:00","803001","PVUDC","03/29/2018 18:50:00","803001","16001"
"16001","PVU_K0003","01/01/2000 00:00:00","12/31/9999 00:00:00","0","ecld0918","03/29/2018 18:50:00","803001","ecld0918","03/29/2018 18:50:00","803001","16001"
"16004","PVU_K0001","01/01/2000 00:00:00","12/31/9999 00:00:00","0","PVUDC","03/29/2018 18:50:00","803001","PVUDC","03/29/2018 18:50:00","803001","16004"
"16004","PVU_K0003","01/01/2000 00:00:00","12/31/9999 00:00:00","0","ecld0918","03/29/2018 18:50:00","803001","ecld0918","03/29/2018 18:50:00","803001","16004"
"16004","PVU_K0004","01/01/2000 00:00:00","12/31/9999 00:00:00","0","ecld0918","03/29/2018 18:50:00","803001","ecld0918","03/29/2018 18:50:00","803001","16004"
"16005","PVU_K0001","01/01/2000 00:00:00","12/31/9999 00:00:00","0","PVUDC","03/29/2018 18:50:00","803001","PVUDC","03/29/2018 18:50:00","803001","23009"
"16005","PVU_K0002","01/01/2000 00:00:00","09/30/2025 00:00:00","0","ecld0918","03/29/2018 18:50:00","803001","ecld0918","03/29/2018 18:50:00","803001","23049"
"16005","PVU_K0003","01/01/2000 00:00:00","09/30/2025 00:00:00","0","ecld0918","03/29/2018 18:50:00","803001","ecld0918","03/29/2018 18:50:00","803001","23049"
"16005","PVU_K0004","01/01/2000 00:00:00","12/31/9999 00:00:00","0","ecld0918","03/29/2018 18:50:00","803001","ecld0918","03/29/2018 18:50:00","803001","17004"
"16021","PVU_K0001","04/12/2017 00:00:00","10/03/2017 00:00:00","0","itg19647","03/29/2018 18:50:00","803001","itg19647","03/29/2018 18:50:00","803001","16021"
"16021","PVU_K0001","10/04/2017 00:00:00","12/31/9999 00:00:00","0","itg39895","03/29/2018 18:50:00","803001","itg39895","03/29/2018 18:50:00","803001","13013"
"16021","PVU_K0003","04/01/2017 00:00:00","03/31/2024 00:00:00","0","ecl07119","03/29/2018 18:50:00","803001","ecl07119","03/29/2018 18:50:00","803001","16021"
"16021","PVU_K0005","04/01/2017 00:00:00","09/30/2018 00:00:00","0","ecl07119","03/29/2018 18:50:00","803001","itg04213","09/25/2018 13:16:57","PVU_EX_1400","13013"
"17001","PVU_K0001","01/01/2000 00:00:00","12/31/9999 00:00:00","0","PVUDC","03/29/2018 18:50:00","803001","PVUDC","03/29/2018 18:50:00","803001","17001"
"17001","PVU_K0002","01/01/2000 00:00:00","09/30/2025 00:00:00","0","ecl07868","03/29/2018 18:50:00","803001","ecl07868","03/29/2018 18:50:00","803001","13149"
"17001","PVU_K0003","01/01/2000 00:00:00","12/31/9999 00:00:00","0","ecl07868","03/29/2018 18:50:00","803001","ecl07868","03/29/2018 18:50:00","803001","17001"
"17004","PVU_K0001","01/01/2000 00:00:00","12/31/9999 00:00:00","0","PVUDC","03/29/2018 18:50:00","803001","PVUDC","03/29/2018 18:50:00","803001","23009"
"17004","PVU_K0002","01/01/2000 00:00:00","09/30/2025 00:00:00","0","ecld0918","03/29/2018 18:50:00","803001","ecld0918","03/29/2018 18:50:00","803001","23049"
"17004","PVU_K0003","01/01/2000 00:00:00","09/30/2025 00:00:00","0","ecld0918","03/29/2018 18:50:00","803001","ecld0918","03/29/2018 18:50:00","803001","23049"
"17004","PVU_K0004","01/01/2000 00:00:00","12/31/9999 00:00:00","0","ecld0918","03/29/2018 18:50:00","803001","ecld0918","03/29/2018 18:50:00","803001","17004"
"17011","PVU_K0001","01/01/2000 00:00:00","08/29/2013 00:00:00","0","PVUDC","03/29/2018 18:50:00","803001","PVUDC","03/29/2018 18:50:00","803001","17011"
"17011","PVU_K0001","08/30/2013 00:00:00","03/31/2016 00:00:00","0","PVUDC","03/29/2018 18:50:00","803001","itg04213","03/29/2018 18:50:00","803001","10008"
"17011","PVU_K0001","04/01/2016 00:00:00","12/31/9999 00:00:00","0","itg36186","03/29/2018 18:50:00","803001","itg36186","03/29/2018 18:50:00","803001","27070"
"17011","PVU_K0003","01/01/2000 00:00:00","12/31/9999 00:00:00","0","ecl04321","03/29/2018 18:50:00","803001","ecl04321","03/29/2018 18:50:00","803001","27803"
"17022","PVU_K0001","01/01/2000 00:00:00","12/31/9999 00:00:00","0","PVUDC","03/29/2018 18:50:00","803001","PVUDC","03/29/2018 18:50:00","803001","13160"
"17022","PVU_K0002","01/01/2000 00:00:00","12/31/9999 00:00:00","0","ecld0918","03/29/2018 18:50:00","803001","ecld0918","03/29/2018 18:50:00","803001","28026"
"17022","PVU_K0003","01/01/2000 00:00:00","09/30/2025 00:00:00","0","ecld0918","03/29/2018 18:50:00","803001","ecld0918","03/29/2018 18:50:00","803001","13160"
"17022","PVU_K0004","01/01/2000 00:00:00","12/31/9999 00:00:00","0","ecld0918","03/29/2018 18:50:00","803001","ecld0918","03/29/2018 18:50:00","803001","26023"
"17024","PVU_K0001","01/01/2000 00:00:00","12/31/9999 00:00:00","0","PVUDC","03/29/2018 18:50:00","803001","PVUDC","03/29/2018 18:50:00","803001","13149"
"17024","PVU_K0002","01/01/2000 00:00:00","09/30/2025 00:00:00","0","ecl04291","03/29/2018 18:50:00","803001","ecl04291","03/29/2018 18:50:00","803001","13149"
"17024","PVU_K0003","01/01/2000 00:00:00","12/31/9999 00:00:00","0","ecl04291","03/29/2018 18:50:00","803001","ecl04291","03/29/2018 18:50:00","803001","17001"
"18009","PVU_K0001","01/01/2000 00:00:00","12/31/9999 00:00:00","0","PVUDC","03/29/2018 18:50:00","803001","PVUDC","03/29/2018 18:50:00","803001","23009"
"18009","PVU_K0002","01/01/2000 00:00:00","09/30/2025 00:00:00","0","ecld0918","03/29/2018 18:50:00","803001","ecld0918","03/29/2018 18:50:00","803001","23049"
"18009","PVU_K0003","01/01/2000 00:00:00","09/30/2025 00:00:00","0","ecld0918","03/29/2018 18:50:00","803001","ecld0918","03/29/2018 18:50:00","803001","23049"
"18009","PVU_K0004","01/01/2000 00:00:00","12/31/9999 00:00:00","0","ecld0918","03/29/2018 18:50:00","803001","ecld0918","03/29/2018 18:50:00","803001","17004"
"19003","PVU_K0001","01/01/2000 00:00:00","12/31/9999 00:00:00","0","PVUDC","03/29/2018 18:50:00","803001","PVUDC","03/29/2018 18:50:00","803001","23009"
"19003","PVU_K0002","01/01/2000 00:00:00","09/30/2025 00:00:00","0","ecld0918","03/29/2018 18:50:00","803001","ecld0918","03/29/2018 18:50:00","803001","23049"
"19003","PVU_K0003","01/01/2000 00:00:00","09/30/2025 00:00:00","0","ecld0918","03/29/2018 18:50:00","803001","ecld0918","03/29/2018 18:50:00","803001","23049"
"19003","PVU_K0004","01/01/2000 00:00:00","12/31/9999 00:00:00","0","ecld0918","03/29/2018 18:50:00","803001","ecld0918","03/29/2018 18:50:00","803001","08010"
"19011","PVU_K0001","01/01/2000 00:00:00","12/31/9999 00:00:00","0","PVUDC","03/29/2018 18:50:00","803001","PVUDC","03/29/2018 18:50:00","803001","13013"
"19011","PVU_K0002","01/01/2000 00:00:00","09/30/2025 00:00:00","0","ecld0918","03/29/2018 18:50:00","803001","ecld0918","03/29/2018 18:50:00","803001","13013"
"19011","PVU_K0003","01/01/2000 00:00:00","09/30/2025 00:00:00","0","ecld0918","03/29/2018 18:50:00","803001","ecld0918","03/29/2018 18:50:00","803001","13013"
"20001","PVU_K0001","01/01/2000 00:00:00","12/31/9999 00:00:00","0","PVUDC","03/29/2018 18:50:00","803001","PVUDC","03/29/2018 18:50:00","803001","20001"
"20001","PVU_K0003","01/01/2000 00:00:00","12/31/9999 00:00:00","0","ecld0918","03/29/2018 18:50:00","803001","ecld0918","03/29/2018 18:50:00","803001","20001"
"20001","PVU_K0004","01/01/2000 00:00:00","12/31/9999 00:00:00","0","ecld0918","03/29/2018 18:50:00","803001","ecld0918","03/29/2018 18:50:00","803001","20001"
"20004","PVU_K0001","01/01/2000 00:00:00","12/31/9999 00:00:00","0","PVUDC","03/29/2018 18:50:00","803001","PVUDC","03/29/2018 18:50:00","803001","13149"
"20004","PVU_K0003","01/01/2000 00:00:00","09/30/2025 00:00:00","0","ecld0918","03/29/2018 18:50:00","803001","ecld0918","03/29/2018 18:50:00","803001","13149"
"20005","PVU_K0001","01/01/2000 00:00:00","12/31/9999 00:00:00","0","PVUDC","03/29/2018 18:50:00","803001","PVUDC","03/29/2018 18:50:00","803001","20005"
"20005","PVU_K0003","01/01/2000 00:00:00","12/31/9999 00:00:00","0","ecld0918","03/29/2018 18:50:00","803001","ecld0918","03/29/2018 18:50:00","803001","20005"
"20005","PVU_K0004","01/01/2000 00:00:00","12/31/9999 00:00:00","0","ecld0918","03/29/2018 18:50:00","803001","ecld0918","03/29/2018 18:50:00","803001","20005"
"20010","PVU_K0001","01/01/2000 00:00:00","12/31/9999 00:00:00","0","PVUDC","03/29/2018 18:50:00","803001","PVUDC","03/29/2018 18:50:00","803001","23009"
"20010","PVU_K0002","01/01/2000 00:00:00","09/30/2025 00:00:00","0","ecld0918","03/29/2018 18:50:00","803001","ecld0918","03/29/2018 18:50:00","803001","23049"
"20010","PVU_K0003","01/01/2000 00:00:00","09/30/2025 00:00:00","0","ecld0918","03/29/2018 18:50:00","803001","ecld0918","03/29/2018 18:50:00","803001","23049"
"20010","PVU_K0004","01/01/2000 00:00:00","12/31/9999 00:00:00","0","ecld0918","03/29/2018 18:50:00","803001","ecld0918","03/29/2018 18:50:00","803001","08010"
"20017","PVU_K0001","01/01/2000 00:00:00","12/31/9999 00:00:00","0","PVUDC","03/29/2018 18:50:00","803001","PVUDC","03/29/2018 18:50:00","803001","20017"
"20017","PVU_K0003","01/01/2000 00:00:00","12/31/9999 00:00:00","0","ecld0918","03/29/2018 18:50:00","803001","ecld0918","03/29/2018 18:50:00","803001","20017"
"20017","PVU_K0004","01/01/2000 00:00:00","12/31/9999 00:00:00","0","ecld0918","03/29/2018 18:50:00","803001","ecld0918","03/29/2018 18:50:00","803001","20017"
"20022","PVU_K0001","01/01/2000 00:00:00","12/31/9999 00:00:00","0","PVUDC","03/29/2018 18:50:00","803001","PVUDC","03/29/2018 18:50:00","803001","13160"
"20022","PVU_K0002","01/01/2000 00:00:00","12/31/9999 00:00:00","0","ecl07868","03/29/2018 18:50:00","803001","ecl07868","03/29/2018 18:50:00","803001","28026"
"20022","PVU_K0003","01/01/2000 00:00:00","09/30/2025 00:00:00","0","ecl07868","03/29/2018 18:50:00","803001","ecl07868","03/29/2018 18:50:00","803001","13160"
"20022","PVU_K0004","01/01/2000 00:00:00","12/31/9999 00:00:00","0","ecl07868","03/29/2018 18:50:00","803001","ecl07868","03/29/2018 18:50:00","803001","20022"
"20023","PVU_K0001","10/31/2013 00:00:00","12/31/9999 00:00:00","0","itg36979","03/29/2018 18:50:00","803001","itg36979","03/29/2018 18:50:00","803001","13013"
"20023","PVU_K0002","10/01/2013 00:00:00","09/30/2025 00:00:00","0","ecl07868","03/29/2018 18:50:00","803001","ecl07868","03/29/2018 18:50:00","803001","13013"
"20023","PVU_K0003","10/01/2013 00:00:00","09/30/2025 00:00:00","0","ecl07868","03/29/2018 18:50:00","803001","ecl07868","03/29/2018 18:50:00","803001","13013"
"21002","PVU_K0001","01/01/2000 00:00:00","12/31/9999 00:00:00","0","PVUDC","03/29/2018 18:50:00","803001","PVUDC","03/29/2018 18:50:00","803001","13149"
"21002","PVU_K0002","01/01/2000 00:00:00","09/30/2025 00:00:00","0","ecl04291    ","03/29/2018 18:50:00","803001","ecl04291    ","03/29/2018 18:50:00","803001","13149"
"21002","PVU_K0003","01/01/2000 00:00:00","03/31/2016 00:00:00","0","ecl04291    ","03/29/2018 18:50:00","803001","ecl04291    ","03/29/2018 18:50:00","803001","21002"
"21002","PVU_K0003","04/01/2016 00:00:00","09/30/2025 00:00:00","0","ecl07868","03/29/2018 18:50:00","803001","ecl07868","03/29/2018 18:50:00","803001","13149"
"21002","PVU_K0004","01/01/2000 00:00:00","03/31/2016 00:00:00","0","ecl04291    ","03/29/2018 18:50:00","803001","ecl04291    ","03/29/2018 18:50:00","803001","21002"
"21002","PVU_K0004","04/01/2016 00:00:00","12/31/9999 00:00:00","0","ecl07868","03/29/2018 18:50:00","803001","ecl07868","03/29/2018 18:50:00","803001","13149"
"21004","PVU_K0001","01/01/2000 00:00:00","12/31/9999 00:00:00","0","PVUDC","03/29/2018 18:50:00","803001","PVUDC","03/29/2018 18:50:00","803001","23009"
"21004","PVU_K0002","01/01/2000 00:00:00","09/30/2025 00:00:00","0","ecld0918","03/29/2018 18:50:00","803001","ecld0918","03/29/2018 18:50:00","803001","23049"
"21004","PVU_K0003","01/01/2000 00:00:00","09/30/2025 00:00:00","0","ecld0918","03/29/2018 18:50:00","803001","ecld0918","03/29/2018 18:50:00","803001","23049"
"21004","PVU_K0004","01/01/2000 00:00:00","12/31/9999 00:00:00","0","ecld0918","03/29/2018 18:50:00","803001","ecld0918","03/29/2018 18:50:00","803001","23009"
"21890","PVU_K0001","01/01/2000 00:00:00","12/31/9999 00:00:00","0","PVUDC","03/29/2018 18:50:00","803001","PVUDC","03/29/2018 18:50:00","803001","13013"
"21890","PVU_K0002","10/01/2011 00:00:00","09/30/2025 00:00:00","0","ecl07868","03/29/2018 18:50:00","803001","ecl07868","03/29/2018 18:50:00","803001","13013"
"21890","PVU_K0003","10/01/2011 00:00:00","09/30/2025 00:00:00","0","ecl07868","03/29/2018 18:50:00","803001","ecl07868","03/29/2018 18:50:00","803001","13013"
"21890","PVU_K0004","10/01/2011 00:00:00","09/30/2012 00:00:00","0","ecl07868","03/29/2018 18:50:00","803001","ecl07868","03/29/2018 18:50:00","803001","23890"
"22002","PVU_K0001","01/01/2000 00:00:00","12/31/9999 00:00:00","0","PVUDC","03/29/2018 18:50:00","803001","PVUDC","03/29/2018 18:50:00","803001","23009"
"22002","PVU_K0002","01/01/2000 00:00:00","09/30/2025 00:00:00","0","ecld0918","03/29/2018 18:50:00","803001","ecld0918","03/29/2018 18:50:00","803001","23049"
"22002","PVU_K0003","01/01/2000 00:00:00","09/30/2025 00:00:00","0","ecld0918","03/29/2018 18:50:00","803001","ecld0918","03/29/2018 18:50:00","803001","23049"
"22002","PVU_K0004","01/01/2000 00:00:00","12/31/9999 00:00:00","0","ecld0918","03/29/2018 18:50:00","803001","ecld0918","03/29/2018 18:50:00","803001","23009"
"22024","PVU_K0001","01/01/2000 00:00:00","12/31/9999 00:00:00","0","PVUDC","03/29/2018 18:50:00","803001","PVUDC","03/29/2018 18:50:00","803001","13149"
"22024","PVU_K0002","01/01/2000 00:00:00","09/30/2025 00:00:00","0","ecl06228","03/29/2018 18:50:00","803001","ecl06228","03/29/2018 18:50:00","803001","13149"
"22024","PVU_K0003","01/01/2000 00:00:00","09/30/2025 00:00:00","0","ecl06228","03/29/2018 18:50:00","803001","ecl06228","03/29/2018 18:50:00","803001","13149"
"22024","PVU_K0004","01/01/2000 00:00:00","12/31/9999 00:00:00","0","ecl06228","03/29/2018 18:50:00","803001","ecl06228","03/29/2018 18:50:00","803001","24012"
"22890","PVU_K0001","01/01/2000 00:00:00","12/31/9999 00:00:00","0","PVUDC","03/29/2018 18:50:00","803001","PVUDC","03/29/2018 18:50:00","803001","13013"
"22890","PVU_K0002","10/01/2011 00:00:00","09/30/2025 00:00:00","0","ecl07868","03/29/2018 18:50:00","803001","ecl07868","03/29/2018 18:50:00","803001","13013"
"22890","PVU_K0003","10/01/2011 00:00:00","09/30/2025 00:00:00","0","ecl07868","03/29/2018 18:50:00","803001","ecl07868","03/29/2018 18:50:00","803001","13013"
"22890","PVU_K0004","10/01/2011 00:00:00","09/30/2012 00:00:00","0","ecl07868","03/29/2018 18:50:00","803001","ecl07868","03/29/2018 18:50:00","803001","23890"
"23002","PVU_K0001","01/01/2000 00:00:00","12/31/9999 00:00:00","0","PVUDC","03/29/2018 18:50:00","803001","PVUDC","03/29/2018 18:50:00","803001","23002"
"23002","PVU_K0003","01/01/2000 00:00:00","12/31/9999 00:00:00","0","ecld0918","03/29/2018 18:50:00","803001","ecld0918","03/29/2018 18:50:00","803001","23002"
"23009","PVU_K0001","01/01/2000 00:00:00","12/31/9999 00:00:00","0","PVUDC","03/29/2018 18:50:00","803001","PVUDC","03/29/2018 18:50:00","803001","23009"
"23009","PVU_K0002","01/01/2000 00:00:00","09/30/2025 00:00:00","0","ecld0918","03/29/2018 18:50:00","803001","ecld0918","03/29/2018 18:50:00","803001","23049"
"23009","PVU_K0003","01/01/2000 00:00:00","09/30/2025 00:00:00","0","ecld0918","03/29/2018 18:50:00","803001","ecld0918","03/29/2018 18:50:00","803001","23049"
"23009","PVU_K0004","01/01/2000 00:00:00","12/31/9999 00:00:00","0","ecld0918","03/29/2018 18:50:00","803001","ecld0918","03/29/2018 18:50:00","803001","23009"
"23017","PVU_K0001","01/01/2000 00:00:00","12/31/9999 00:00:00","0","PVUDC","03/29/2018 18:50:00","803001","PVUDC","03/29/2018 18:50:00","803001","23017"
"23017","PVU_K0002","01/01/2000 00:00:00","02/07/2019 00:00:00","0","ecld0918","03/29/2018 18:50:00","803001","itg40916","02/08/2019 15:55:03","PVU_EX_1400","13149"
"23017","PVU_K0003","01/01/2000 00:00:00","12/31/9999 00:00:00","0","ecld0918","03/29/2018 18:50:00","803001","ecld0918","03/29/2018 18:50:00","803001","23017"
"23017","PVU_K0004","01/01/2000 00:00:00","12/31/9999 00:00:00","0","ecld0918","03/29/2018 18:50:00","803001","ecld0918","03/29/2018 18:50:00","803001","23017"
"23052","PVU_K0001","01/01/2000 00:00:00","12/31/9999 00:00:00","0","PVUDC","03/29/2018 18:50:00","803001","PVUDC","03/29/2018 18:50:00","803001","13149"
"23052","PVU_K0002","01/01/2000 00:00:00","09/30/2025 00:00:00","0","ecld0918","03/29/2018 18:50:00","803001","ecld0918","03/29/2018 18:50:00","803001","13149"
"23052","PVU_K0004","01/01/2000 00:00:00","12/31/9999 00:00:00","0","ecld0918","03/29/2018 18:50:00","803001","ecld0918","03/29/2018 18:50:00","803001","24012"
"23075","PVU_K0001","01/01/2000 00:00:00","02/07/2019 00:00:00","0","PVUDC","03/29/2018 18:50:00","803001","itg40916","02/08/2019 15:40:45","PVU_EX_1400","23009"
"23075","PVU_K0002","01/01/2000 00:00:00","02/07/2019 00:00:00","0","ecl04321","03/29/2018 18:50:00","803001","itg40916","02/08/2019 15:40:46","PVU_EX_1400","23049"
"23075","PVU_K0003","01/01/2000 00:00:00","02/07/2019 00:00:00","0","ecl04321","03/29/2018 18:50:00","803001","itg40916","02/08/2019 15:40:46","PVU_EX_1400","23049"
"23075","PVU_K0004","01/01/2000 00:00:00","02/07/2019 00:00:00","0","ecl04321","03/29/2018 18:50:00","803001","itg40916","02/08/2019 15:40:46","PVU_EX_1400","23074"
"23084","PVU_K0001","01/01/2000 00:00:00","12/31/9999 00:00:00","0","PVUDC","03/29/2018 18:50:00","803001","PVUDC","03/29/2018 18:50:00","803001","27070"
"23084","PVU_K0003","01/01/2000 00:00:00","12/31/9999 00:00:00","0","ecl04321","03/29/2018 18:50:00","803001","ecl04321","03/29/2018 18:50:00","803001","27803"
"23084","PVU_K0004","01/01/2000 00:00:00","12/31/9999 00:00:00","0","ecl04321","03/29/2018 18:50:00","803001","ecl04321","03/29/2018 18:50:00","803001","23084"
"23100","PVU_K0001","01/01/2000 00:00:00","12/31/9999 00:00:00","0","PVUDC","03/29/2018 18:50:00","803001","PVUDC","03/29/2018 18:50:00","803001","13160"
"23100","PVU_K0002","01/01/2000 00:00:00","12/31/9999 00:00:00","0","ecl02796","03/29/2018 18:50:00","803001","ecl02796","03/29/2018 18:50:00","803001","28026"
"23100","PVU_K0003","01/01/2000 00:00:00","09/30/2025 00:00:00","0","ecl02796","03/29/2018 18:50:00","803001","ecl02796","03/29/2018 18:50:00","803001","13160"
"23100","PVU_K0004","01/01/2000 00:00:00","12/31/9999 00:00:00","0","ecl02796","03/29/2018 18:50:00","803001","ecl02796","03/29/2018 18:50:00","803001","23100"
"23525","PVU_K0001","01/01/2000 00:00:00","12/31/9999 00:00:00","0","PVUDC","03/29/2018 18:50:00","803001","PVUDC","03/29/2018 18:50:00","803001","13803"
"23525","PVU_K0003","01/01/2000 00:00:00","12/31/9999 00:00:00","0","ecl04321","03/29/2018 18:50:00","803001","ecl04321","03/29/2018 18:50:00","803001","13803"
"23525","PVU_K0004","01/01/2000 00:00:00","12/31/9999 00:00:00","0","ecl04321","03/29/2018 18:50:00","803001","ecl04321","03/29/2018 18:50:00","803001","23525"
"23890","PVU_K0001","01/01/2000 00:00:00","12/31/9999 00:00:00","0","PVUDC","03/29/2018 18:50:00","803001","PVUDC","03/29/2018 18:50:00","803001","13013"
"23890","PVU_K0002","10/01/2011 00:00:00","09/30/2025 00:00:00","0","ecl02796","03/29/2018 18:50:00","803001","ecl02796","03/29/2018 18:50:00","803001","13013"
"23890","PVU_K0003","10/01/2011 00:00:00","09/30/2025 00:00:00","0","ecl02796","03/29/2018 18:50:00","803001","ecl02796","03/29/2018 18:50:00","803001","13013"
"23890","PVU_K0004","10/01/2011 00:00:00","09/30/2012 00:00:00","0","ecl02796","03/29/2018 18:50:00","803001","ecl02796","03/29/2018 18:50:00","803001","23890"
"23891","PVU_K0001","01/01/2000 00:00:00","12/31/9999 00:00:00","0","PVUDC","03/29/2018 18:50:00","803001","PVUDC","03/29/2018 18:50:00","803001","13012"
"23891","PVU_K0003","09/01/2011 00:00:00","12/31/9999 00:00:00","0","ecl05317","03/29/2018 18:50:00","803001","ecl05317","03/29/2018 18:50:00","803001","13012"
"23891","PVU_K0004","09/01/2011 00:00:00","12/31/9999 00:00:00","0","ecl05317","03/29/2018 18:50:00","803001","ecl05317","03/29/2018 18:50:00","803001","23891"
"24002","PVU_K0001","01/01/2000 00:00:00","12/31/9999 00:00:00","0","PVUDC","03/29/2018 18:50:00","803001","PVUDC","03/29/2018 18:50:00","803001","23009"
"24002","PVU_K0002","01/01/2000 00:00:00","09/30/2025 00:00:00","0","ecld0918","03/29/2018 18:50:00","803001","ecld0918","03/29/2018 18:50:00","803001","23049"
"24002","PVU_K0003","01/01/2000 00:00:00","09/30/2025 00:00:00","0","ecld0918","03/29/2018 18:50:00","803001","ecld0918","03/29/2018 18:50:00","803001","23049"
"24002","PVU_K0004","01/01/2000 00:00:00","12/31/9999 00:00:00","0","ecld0918","03/29/2018 18:50:00","803001","ecld0918","03/29/2018 18:50:00","803001","23009"
"24004","PVU_K0001","01/01/2000 00:00:00","02/07/2019 00:00:00","0","PVUDC","03/29/2018 18:50:00","803001","itg40916","02/08/2019 10:15:14","PVU_EX_1400","13012"
"24004","PVU_K0003","01/01/2000 00:00:00","02/07/2019 00:00:00","0","ecl04321","03/29/2018 18:50:00","803001","itg40916","02/08/2019 10:15:14","PVU_EX_1400","13012"
"24004","PVU_K0004","01/01/2000 00:00:00","12/31/9999 00:00:00","0","ecl04321","03/29/2018 18:50:00","803001","ecl04321","03/29/2018 18:50:00","803001","24004"
"24011","PVU_K0001","01/01/2000 00:00:00","12/31/9999 00:00:00","0","PVUDC","03/29/2018 18:50:00","803001","PVUDC","03/29/2018 18:50:00","803001","24011"
"24011","PVU_K0003","01/01/2000 00:00:00","12/31/9999 00:00:00","0","ecld0918","03/29/2018 18:50:00","803001","ecld0918","03/29/2018 18:50:00","803001","13049"
"24011","PVU_K0004","01/01/2000 00:00:00","12/31/9999 00:00:00","0","ecld0918","03/29/2018 18:50:00","803001","ecld0918","03/29/2018 18:50:00","803001","24011"
"24011","PVU_K0005","01/01/2000 00:00:00","12/31/9999 00:00:00","0","ecld0918","03/29/2018 18:50:00","803001","ecld0918","03/29/2018 18:50:00","803001","13049"
"24012","PVU_K0001","01/01/2000 00:00:00","12/31/9999 00:00:00","0","PVUDC","03/29/2018 18:50:00","803001","PVUDC","03/29/2018 18:50:00","803001","13149"
"24012","PVU_K0002","01/01/2000 00:00:00","09/30/2025 00:00:00","0","ecld0918","03/29/2018 18:50:00","803001","ecld0918","03/29/2018 18:50:00","803001","13149"
"24012","PVU_K0003","01/01/2000 00:00:00","09/30/2025 00:00:00","0","ecld0918","03/29/2018 18:50:00","803001","ecld0918","03/29/2018 18:50:00","803001","13149"
"24012","PVU_K0004","01/01/2000 00:00:00","12/31/9999 00:00:00","0","ecld0918","03/29/2018 18:50:00","803001","ecld0918","03/29/2018 18:50:00","803001","24012"
"24890","PVU_K0001","01/01/2000 00:00:00","12/31/9999 00:00:00","0","PVUDC","03/29/2018 18:50:00","803001","PVUDC","03/29/2018 18:50:00","803001","13013"
"24890","PVU_K0002","10/01/2011 00:00:00","09/30/2025 00:00:00","0","ecl07868","03/29/2018 18:50:00","803001","ecl07868","03/29/2018 18:50:00","803001","13013"
"24890","PVU_K0003","10/01/2011 00:00:00","09/30/2025 00:00:00","0","ecl07868","03/29/2018 18:50:00","803001","ecl07868","03/29/2018 18:50:00","803001","13013"
"24890","PVU_K0004","10/01/2011 00:00:00","09/30/2012 00:00:00","0","ecl07868","03/29/2018 18:50:00","803001","ecl07868","03/29/2018 18:50:00","803001","23890"
"25002","PVU_K0001","01/01/2000 00:00:00","12/31/9999 00:00:00","0","PVUDC","03/29/2018 18:50:00","803001","PVUDC","03/29/2018 18:50:00","803001","23009"
"25002","PVU_K0002","01/01/2000 00:00:00","09/30/2025 00:00:00","0","ecld0918","03/29/2018 18:50:00","803001","ecld0918","03/29/2018 18:50:00","803001","23049"
"25002","PVU_K0003","01/01/2000 00:00:00","09/30/2025 00:00:00","0","ecld0918","03/29/2018 18:50:00","803001","ecld0918","03/29/2018 18:50:00","803001","23049"
"25002","PVU_K0004","01/01/2000 00:00:00","12/31/9999 00:00:00","0","ecld0918","03/29/2018 18:50:00","803001","ecld0918","03/29/2018 18:50:00","803001","27014"
"25007","PVU_K0001","10/04/2016 00:00:00","12/31/9999 00:00:00","0","itg36186","03/29/2018 18:50:00","803001","itg36186","03/29/2018 18:50:00","803001","13013"
"25007","PVU_K0003","10/01/2016 00:00:00","12/31/9999 00:00:00","0","ECL02796","03/29/2018 18:50:00","803001","ECL02796","03/29/2018 18:50:00","803001","25007"
"25007","PVU_K0005","10/01/2016 00:00:00","12/31/9999 00:00:00","0","ECL02796","03/29/2018 18:50:00","803001","ECL02796","03/29/2018 18:50:00","803001","13013"
"25008","PVU_K0001","05/17/2017 00:00:00","12/31/9999 00:00:00","0","itg19647","03/29/2018 18:50:00","803001","itg19647","03/29/2018 18:50:00","803001","13013"
"25008","PVU_K0002","05/01/2017 00:00:00","09/30/2025 00:00:00","0","ecl07868","03/29/2018 18:50:00","803001","ecl07868","03/29/2018 18:50:00","803001","13013"
"25008","PVU_K0003","05/01/2017 00:00:00","09/30/2025 00:00:00","0","ecl07868","03/29/2018 18:50:00","803001","ecl07868","03/29/2018 18:50:00","803001","13013"
"26008","PVU_K0001","01/01/2000 00:00:00","12/31/9999 00:00:00","0","PVUDC","03/29/2018 18:50:00","803001","PVUDC","03/29/2018 18:50:00","803001","13149"
"26008","PVU_K0002","01/01/2000 00:00:00","09/30/2025 00:00:00","0","ecld0918","03/29/2018 18:50:00","803001","ecld0918","03/29/2018 18:50:00","803001","13149"
"26008","PVU_K0003","01/01/2000 00:00:00","09/30/2025 00:00:00","0","ecld0918","03/29/2018 18:50:00","803001","ecld0918","03/29/2018 18:50:00","803001","13149"
"26008","PVU_K0004","01/01/2000 00:00:00","12/31/9999 00:00:00","0","ecld0918","03/29/2018 18:50:00","803001","ecld0918","03/29/2018 18:50:00","803001","27004"
"26011","PVU_K0001","01/01/2000 00:00:00","12/31/9999 00:00:00","0","PVUDC","03/29/2018 18:50:00","803001","PVUDC","03/29/2018 18:50:00","803001","23009"
"26011","PVU_K0002","01/01/2000 00:00:00","09/30/2025 00:00:00","0","ecld0918","03/29/2018 18:50:00","803001","ecld0918","03/29/2018 18:50:00","803001","23049"
"26011","PVU_K0003","01/01/2000 00:00:00","09/30/2025 00:00:00","0","ecld0918","03/29/2018 18:50:00","803001","ecld0918","03/29/2018 18:50:00","803001","23049"
"26011","PVU_K0004","01/01/2000 00:00:00","12/31/9999 00:00:00","0","ecld0918","03/29/2018 18:50:00","803001","ecld0918","03/29/2018 18:50:00","803001","27014"
"26014","PVU_K0001","01/01/2000 00:00:00","12/31/9999 00:00:00","0","PVUDC","03/29/2018 18:50:00","803001","PVUDC","03/29/2018 18:50:00","803001","27042"
"26014","PVU_K0003","01/01/2000 00:00:00","09/30/2025 00:00:00","0","ecld0918","03/29/2018 18:50:00","803001","ecld0918","03/29/2018 18:50:00","803001","27042"
"26014","PVU_K0004","01/01/2000 00:00:00","12/31/9999 00:00:00","0","ecld0918","03/29/2018 18:50:00","803001","ecld0918","03/29/2018 18:50:00","803001","26014"
"26023","PVU_K0001","01/01/2000 00:00:00","12/31/9999 00:00:00","0","PVUDC","03/29/2018 18:50:00","803001","PVUDC","03/29/2018 18:50:00","803001","13160"
"26023","PVU_K0002","01/01/2000 00:00:00","12/31/9999 00:00:00","0","ecld0918","03/29/2018 18:50:00","803001","ecld0918","03/29/2018 18:50:00","803001","28026"
"26023","PVU_K0003","01/01/2000 00:00:00","09/30/2025 00:00:00","0","ecld0918","03/29/2018 18:50:00","803001","ecld0918","03/29/2018 18:50:00","803001","13160"
"26023","PVU_K0004","01/01/2000 00:00:00","12/31/9999 00:00:00","0","ecld0918","03/29/2018 18:50:00","803001","ecld0918","03/29/2018 18:50:00","803001","26023"
"26024","PVU_K0001","05/17/2017 00:00:00","12/31/9999 00:00:00","0","itg19647","03/29/2018 18:50:00","803001","itg19647","03/29/2018 18:50:00","803001","13013"
"26024","PVU_K0002","05/01/2017 00:00:00","09/30/2025 00:00:00","0","ecl07868","03/29/2018 18:50:00","803001","ecl07868","03/29/2018 18:50:00","803001","13013"
"26024","PVU_K0003","05/01/2017 00:00:00","09/30/2025 00:00:00","0","ecl07868","03/29/2018 18:50:00","803001","ecl07868","03/29/2018 18:50:00","803001","13013"
"27001","PVU_K0001","01/01/2000 00:00:00","02/07/2019 00:00:00","0","PVUDC","03/29/2018 18:50:00","803001","itg40916","02/08/2019 10:16:34","PVU_EX_1400","13012"
"27001","PVU_K0003","01/01/2000 00:00:00","02/07/2019 00:00:00","0","ecld0918","03/29/2018 18:50:00","803001","itg40916","02/08/2019 10:16:34","PVU_EX_1400","13012"
"27001","PVU_K0004","01/01/2000 00:00:00","12/31/9999 00:00:00","0","ecld0918","03/29/2018 18:50:00","803001","ecld0918","03/29/2018 18:50:00","803001","27001"
"27004","PVU_K0001","01/01/2000 00:00:00","12/31/9999 00:00:00","0","PVUDC","03/29/2018 18:50:00","803001","PVUDC","03/29/2018 18:50:00","803001","13149"
"27004","PVU_K0002","01/01/2000 00:00:00","09/30/2025 00:00:00","0","ecld0918","03/29/2018 18:50:00","803001","ecld0918","03/29/2018 18:50:00","803001","13149"
"27004","PVU_K0003","01/01/2000 00:00:00","09/30/2025 00:00:00","0","ecld0918","03/29/2018 18:50:00","803001","ecld0918","03/29/2018 18:50:00","803001","13149"
"27004","PVU_K0004","01/01/2000 00:00:00","12/31/9999 00:00:00","0","ecld0918","03/29/2018 18:50:00","803001","ecld0918","03/29/2018 18:50:00","803001","27004"
"27014","PVU_K0001","01/01/2000 00:00:00","12/31/9999 00:00:00","0","PVUDC","03/29/2018 18:50:00","803001","PVUDC","03/29/2018 18:50:00","803001","23009"
"27014","PVU_K0002","01/01/2000 00:00:00","09/30/2025 00:00:00","0","ecld0918","03/29/2018 18:50:00","803001","ecld0918","03/29/2018 18:50:00","803001","23049"
"27014","PVU_K0003","01/01/2000 00:00:00","09/30/2025 00:00:00","0","ecld0918","03/29/2018 18:50:00","803001","ecld0918","03/29/2018 18:50:00","803001","23049"
"27014","PVU_K0004","01/01/2000 00:00:00","12/31/9999 00:00:00","0","ecld0918","03/29/2018 18:50:00","803001","ecld0918","03/29/2018 18:50:00","803001","27014"
"27042","PVU_K0001","01/01/2000 00:00:00","12/31/9999 00:00:00","0","PVUDC","03/29/2018 18:50:00","803001","PVUDC","03/29/2018 18:50:00","803001","27042"
"27042","PVU_K0003","01/01/2000 00:00:00","09/30/2025 00:00:00","0","ecl07708","03/29/2018 18:50:00","803001","ecl07708","03/29/2018 18:50:00","803001","27042"
"23049","PVU_K0001","02/15/2019 00:00:00","12/31/9999 00:00:00","0","itg19647","02/15/2019 13:11:43","PVU_EX_1400","itg19647","02/15/2019 13:11:43","PVU_EX_1400","23009"
"23049","PVU_K0002","02/15/2019 00:00:00","09/30/2025 00:00:00","0","itg19647","02/15/2019 13:11:43","PVU_EX_1400","itg19647","02/15/2019 13:11:43","PVU_EX_1400","23049"
"23049","PVU_K0003","02/15/2019 00:00:00","09/30/2025 00:00:00","0","itg19647","02/15/2019 13:11:43","PVU_EX_1400","itg19647","02/15/2019 13:11:43","PVU_EX_1400","23049"
"23049","PVU_K0004","02/15/2019 00:00:00","12/31/9999 00:00:00","0","itg19647","02/15/2019 13:11:43","PVU_EX_1400","itg19647","02/15/2019 13:11:43","PVU_EX_1400","13163"
"37011","PVU_K0001","04/04/2019 00:00:00","12/31/9999 00:00:00","0","itg04213","04/04/2019 15:44:00","PVU_EX_1400","itg04213","04/04/2019 15:44:00","PVU_EX_1400","37017"
"37011","PVU_K0002","04/16/2019 00:00:00","04/04/2022 00:00:00","0","itg04213","04/16/2019 14:12:07","PVU_EX_1400","itg04213","04/16/2019 14:12:07","PVU_EX_1400","37010"
"13001","PVU_K0001","05/08/2019 00:00:00","12/31/9999 00:00:00","0","itg40916","05/08/2019 11:27:34","PVU_EX_1400","itg40916","05/08/2019 11:27:34","PVU_EX_1400","13001"
"16002","PVU_K0001","05/16/2019 00:00:00","12/31/9999 00:00:00","0","itg40916","05/16/2019 15:32:59","PVU_EX_1400","itg40916","05/16/2019 15:32:59","PVU_EX_1400","13001"
"27194","PVU_K0001","10/08/2019 00:00:00","12/31/9999 00:00:00","0","itg19647","10/08/2019 11:33:21","PVU_EX_1400","itg19647","10/08/2019 11:33:21","PVU_EX_1400","13193"
"27194","PVU_K0004","10/08/2019 00:00:00","12/31/9999 00:00:00","0","itg19647","10/08/2019 11:42:30","PVU_EX_1400","itg19647","10/08/2019 11:42:30","PVU_EX_1400","27194"
"14889","PVU_K0001","02/21/2020 00:00:00","12/31/9999 00:00:00","0","itg19647","02/21/2020 10:45:40","PVU_EX_1400","itg19647","02/21/2020 10:45:40","PVU_EX_1400","11111"
"34039","PVU_K0001","01/08/2021 00:00:00","12/31/9999 00:00:00","0","itg19647","01/08/2021 10:07:04","PVU_EX_1400","itg19647","01/08/2021 10:07:04","PVU_EX_1400","13803"
"27091","PVU_K0004","01/14/2021 00:00:00","12/31/9999 00:00:00","0","itg36186","01/14/2021 15:39:05","PVU_EX_1400","itg36186","01/14/2021 15:39:05","PVU_EX_1400","27091"
"40054","PVU_K0004","01/15/2021 00:00:00","12/31/9999 00:00:00","0","itg04213","01/15/2021 10:37:51","PVU_EX_1400","itg04213","01/15/2021 10:37:51","PVU_EX_1400","40054"
"04006","PVU_K0004","01/15/2021 00:00:00","12/31/9999 00:00:00","0","itg36186","01/15/2021 13:55:56","PVU_EX_1400","itg36186","01/15/2021 13:55:56","PVU_EX_1400","04006"
"37010","PVU_K0002","04/05/2022 00:00:00","12/31/9999 00:00:00","0","itg19647","04/05/2022 16:24:41","PVU_EX_1400","itg19647","04/05/2022 16:24:41","PVU_EX_1400","37017"
"40024","PVU_K0001","04/06/2022 00:00:00","12/31/9999 00:00:00","0","itg36186","04/06/2022 16:26:34","PVU_EX_1400","itg36186","04/06/2022 16:26:34","PVU_EX_1400","44001"
"40024","PVU_K0003","04/06/2022 00:00:00","09/30/2025 00:00:00","0","itg36186","04/06/2022 16:26:34","PVU_EX_1400","itg36186","04/06/2022 16:26:34","PVU_EX_1400","44001"
"40079","PVU_K0001","04/06/2022 00:00:00","12/31/9999 00:00:00","0","itg36186","04/06/2022 16:39:31","PVU_EX_1400","itg36186","04/06/2022 16:39:31","PVU_EX_1400","04050"
"40079","PVU_K0004","04/06/2022 00:00:00","12/31/9999 00:00:00","0","itg36186","04/06/2022 16:39:31","PVU_EX_1400","itg36186","04/06/2022 16:39:31","PVU_EX_1400","40035"
"13002","PVU_K0001","04/25/2022 00:00:00","12/31/9999 00:00:00","0","itg19647","04/25/2022 16:24:19","PVU_EX_1400","itg19647","04/25/2022 16:24:19","PVU_EX_1400","13002"
"40002","PVU_K0001","10/06/2022 00:00:00","12/31/9999 00:00:00","0","itg19647","10/06/2022 14:02:05","PVU_EX_1400","itg19647","10/06/2022 14:02:05","PVU_EX_1400","13160"
"40002","PVU_K0003","10/06/2022 00:00:00","12/31/9999 00:00:00","0","itg19647","10/06/2022 14:02:05","PVU_EX_1400","itg19647","10/06/2022 14:02:05","PVU_EX_1400","40061"
"23003","PVU_K0001","04/10/2023 00:00:00","12/31/9999 00:00:00","0","itg45886","04/10/2023 11:00:12","PVU_EX_1400","itg45886","04/10/2023 11:00:12","PVU_EX_1400","23009"
"23003","PVU_K0003","04/10/2023 00:00:00","09/30/2025 00:00:00","0","itg45886","04/10/2023 11:00:12","PVU_EX_1400","itg45886","04/10/2023 11:00:12","PVU_EX_1400","23049"
"07005","PVU_K0001","04/18/2023 00:00:00","12/31/9999 00:00:00","0","itg39895","04/14/2023 11:26:14","PVU_EX_1400","itg04213","04/14/2023 11:26:14","Tenyuryoku","13149"
"07005","PVU_K0003","04/18/2023 00:00:00","12/31/9999 00:00:00","0","itg39895","04/14/2023 11:26:14","PVU_EX_1400","itg04213","04/14/2023 11:26:14","Tenyuryoku","07004"
"27042","PVU_K0004","01/01/2000 00:00:00","12/31/9999 00:00:00","0","ecl07708","03/29/2018 18:50:00","803001","ecl07708","03/29/2018 18:50:00","803001","27042"
"27068","PVU_K0001","01/01/2000 00:00:00","12/31/9999 00:00:00","0","PVUDC","03/29/2018 18:50:00","803001","PVUDC","03/29/2018 18:50:00","803001","23017"
"27068","PVU_K0002","01/01/2000 00:00:00","02/07/2019 00:00:00","0","ecl04321","03/29/2018 18:50:00","803001","itg40916","02/08/2019 15:57:19","PVU_EX_1400","13149"
"27068","PVU_K0003","01/01/2000 00:00:00","12/31/9999 00:00:00","0","ecl04321","03/29/2018 18:50:00","803001","ecl04321","03/29/2018 18:50:00","803001","23017"
"27070","PVU_K0001","01/01/2000 00:00:00","12/31/9999 00:00:00","0","PVUDC","03/29/2018 18:50:00","803001","PVUDC","03/29/2018 18:50:00","803001","27070"
"27070","PVU_K0003","01/01/2000 00:00:00","12/31/9999 00:00:00","0","ecld0918","03/29/2018 18:50:00","803001","ecld0918","03/29/2018 18:50:00","803001","27803"
"27070","PVU_K0004","01/01/2000 00:00:00","12/31/9999 00:00:00","0","ecld0918","03/29/2018 18:50:00","803001","ecld0918","03/29/2018 18:50:00","803001","27070"
"27073","PVU_K0001","01/01/2000 00:00:00","12/31/9999 00:00:00","0","PVUDC","03/29/2018 18:50:00","803001","PVUDC","03/29/2018 18:50:00","803001","11111"
"27073","PVU_K0002","01/01/2000 00:00:00","12/31/9999 00:00:00","0","ecld0918","03/29/2018 18:50:00","803001","ecld0918","03/29/2018 18:50:00","803001","28026"
"27073","PVU_K0003","01/01/2000 00:00:00","09/30/2025 00:00:00","0","ecld0918","03/29/2018 18:50:00","803001","ecld0918","03/29/2018 18:50:00","803001","13160"
"27073","PVU_K0004","01/01/2000 00:00:00","12/31/9999 00:00:00","0","ecld0918","03/29/2018 18:50:00","803001","ecld0918","03/29/2018 18:50:00","803001","27073"
"27074","PVU_K0001","01/01/2000 00:00:00","12/31/9999 00:00:00","0","PVUDC","03/29/2018 18:50:00","803001","PVUDC","03/29/2018 18:50:00","803001","13160"
"27074","PVU_K0002","01/01/2000 00:00:00","12/31/9999 00:00:00","0","ecl02796","03/29/2018 18:50:00","803001","ecl02796","03/29/2018 18:50:00","803001","28026"
"27074","PVU_K0003","01/01/2000 00:00:00","09/30/2025 00:00:00","0","ecl02796","03/29/2018 18:50:00","803001","ecl02796","03/29/2018 18:50:00","803001","13160"
"27074","PVU_K0004","01/01/2000 00:00:00","12/31/9999 00:00:00","0","ecl02796","03/29/2018 18:50:00","803001","ecl02796","03/29/2018 18:50:00","803001","27074"
"27086","PVU_K0001","01/01/2000 00:00:00","12/31/9999 00:00:00","0","PVUDC","03/29/2018 18:50:00","803001","PVUDC","03/29/2018 18:50:00","803001","13013"
"27086","PVU_K0002","01/01/2000 00:00:00","09/30/2025 00:00:00","0","ecld0918","03/29/2018 18:50:00","803001","ecld0918","03/29/2018 18:50:00","803001","13013"
"27086","PVU_K0003","01/01/2000 00:00:00","03/31/2017 00:00:00","0","ecld0918","03/29/2018 18:50:00","803001","ecld0918","03/29/2018 18:50:00","803001","27086"
"27086","PVU_K0003","04/01/2017 00:00:00","09/30/2025 00:00:00","0","ecl05376","03/29/2018 18:50:00","803001","ecl05376","03/29/2018 18:50:00","803001","13013"
"27086","PVU_K0004","01/01/2000 00:00:00","09/30/2012 00:00:00","0","ecld0918","03/29/2018 18:50:00","803001","ecld0918","03/29/2018 18:50:00","803001","27086"
"27091","PVU_K0001","11/18/2015 00:00:00","12/31/9999 00:00:00","0","itg37109","03/29/2018 18:50:00","803001","itg37109","03/29/2018 18:50:00","803001","13803"
"27091","PVU_K0003","11/01/2015 00:00:00","12/31/9999 00:00:00","0","ecl05317","03/29/2018 18:50:00","803001","ecl05317","03/29/2018 18:50:00","803001","13803"
"27803","PVU_K0003","01/01/2000 00:00:00","12/31/9999 00:00:00","0","ecl04321","03/29/2018 18:50:00","803001","ecl04321","03/29/2018 18:50:00","803001","27803"
"27803","PVU_K0004","01/01/2000 00:00:00","12/31/9999 00:00:00","0","ecl04321","03/29/2018 18:50:00","803001","ecl04321","03/29/2018 18:50:00","803001","27803"
"27806","PVU_K0001","01/01/2000 00:00:00","12/31/9999 00:00:00","0","PVUDC","03/29/2018 18:50:00","803001","PVUDC","03/29/2018 18:50:00","803001","13803"
"27806","PVU_K0003","01/01/2000 00:00:00","12/31/9999 00:00:00","0","ecl04321","03/29/2018 18:50:00","803001","ecl04321","03/29/2018 18:50:00","803001","13803"
"27806","PVU_K0004","01/01/2000 00:00:00","12/31/9999 00:00:00","0","ecl04321","03/29/2018 18:50:00","803001","ecl04321","03/29/2018 18:50:00","803001","27806"
"27889","PVU_K0001","12/10/2015 00:00:00","12/31/9999 00:00:00","0","itg36186","03/29/2018 18:50:00","803001","itg36186","03/29/2018 18:50:00","803001","27889"
"27890","PVU_K0001","01/01/2000 00:00:00","12/31/9999 00:00:00","0","PVUDC","03/29/2018 18:50:00","803001","PVUDC","03/29/2018 18:50:00","803001","13012"
"27890","PVU_K0003","09/01/2011 00:00:00","12/31/9999 00:00:00","0","ecl05317","03/29/2018 18:50:00","803001","ecl05317","03/29/2018 18:50:00","803001","13012"
"27890","PVU_K0004","09/01/2011 00:00:00","12/31/9999 00:00:00","0","ecl05317","03/29/2018 18:50:00","803001","ecl05317","03/29/2018 18:50:00","803001","27890"
"28008","PVU_K0001","01/01/2000 00:00:00","12/31/9999 00:00:00","0","PVUDC","03/29/2018 18:50:00","803001","PVUDC","03/29/2018 18:50:00","803001","13149"
"28008","PVU_K0002","01/01/2000 00:00:00","09/30/2025 00:00:00","0","ecld0918","03/29/2018 18:50:00","803001","ecld0918","03/29/2018 18:50:00","803001","13149"
"28008","PVU_K0003","01/01/2000 00:00:00","09/30/2025 00:00:00","0","ecld0918","03/29/2018 18:50:00","803001","ecld0918","03/29/2018 18:50:00","803001","13149"
"28008","PVU_K0004","01/01/2000 00:00:00","12/31/9999 00:00:00","0","ecld0918","03/29/2018 18:50:00","803001","ecld0918","03/29/2018 18:50:00","803001","27004"
"28022","PVU_K0001","01/01/2000 00:00:00","12/31/9999 00:00:00","0","PVUDC","03/29/2018 18:50:00","803001","PVUDC","03/29/2018 18:50:00","803001","23009"
"28022","PVU_K0002","01/01/2000 00:00:00","09/30/2025 00:00:00","0","ecld0918","03/29/2018 18:50:00","803001","ecld0918","03/29/2018 18:50:00","803001","23049"
"28022","PVU_K0003","01/01/2000 00:00:00","09/30/2025 00:00:00","0","ecld0918","03/29/2018 18:50:00","803001","ecld0918","03/29/2018 18:50:00","803001","23049"
"28022","PVU_K0004","01/01/2000 00:00:00","12/31/9999 00:00:00","0","ecld0918","03/29/2018 18:50:00","803001","ecld0918","03/29/2018 18:50:00","803001","27014"
"28023","PVU_K0001","01/01/2000 00:00:00","12/31/9999 00:00:00","0","PVUDC","03/29/2018 18:50:00","803001","PVUDC","03/29/2018 18:50:00","803001","27042"
"28023","PVU_K0003","01/01/2000 00:00:00","09/30/2025 00:00:00","0","ecld0918","03/29/2018 18:50:00","803001","ecld0918","03/29/2018 18:50:00","803001","27042"
"28023","PVU_K0004","01/01/2000 00:00:00","12/31/9999 00:00:00","0","ecld0918","03/29/2018 18:50:00","803001","ecld0918","03/29/2018 18:50:00","803001","28023"
"28036","PVU_K0001","01/01/2000 00:00:00","12/31/9999 00:00:00","0","PVUDC","03/29/2018 18:50:00","803001","PVUDC","03/29/2018 18:50:00","803001","13160"
"28036","PVU_K0002","01/01/2000 00:00:00","12/31/9999 00:00:00","0","ecl07868","03/29/2018 18:50:00","803001","ecl07868","03/29/2018 18:50:00","803001","28026"
"28036","PVU_K0003","01/01/2000 00:00:00","09/30/2025 00:00:00","0","ecl07868","03/29/2018 18:50:00","803001","ecl07868","03/29/2018 18:50:00","803001","13160"
"28036","PVU_K0004","01/01/2000 00:00:00","12/31/9999 00:00:00","0","ecl07868","03/29/2018 18:50:00","803001","ecl07868","03/29/2018 18:50:00","803001","27074"
"28037","PVU_K0001","05/17/2017 00:00:00","12/31/9999 00:00:00","0","itg19647","03/29/2018 18:50:00","803001","itg19647","03/29/2018 18:50:00","803001","13013"
"28037","PVU_K0002","05/01/2017 00:00:00","09/30/2025 00:00:00","0","ecl07868","03/29/2018 18:50:00","803001","ecl07868","03/29/2018 18:50:00","803001","13013"
"28037","PVU_K0003","05/01/2017 00:00:00","09/30/2025 00:00:00","0","ecl07868","03/29/2018 18:50:00","803001","ecl07868","03/29/2018 18:50:00","803001","13013"
"29005","PVU_K0001","01/01/2000 00:00:00","12/31/9999 00:00:00","0","PVUDC","03/29/2018 18:50:00","803001","PVUDC","03/29/2018 18:50:00","803001","29005"
"29010","PVU_K0001","01/01/2000 00:00:00","12/31/9999 00:00:00","0","PVUDC","03/29/2018 18:50:00","803001","PVUDC","03/29/2018 18:50:00","803001","11111"
"29010","PVU_K0002","01/01/2000 00:00:00","09/30/2025 00:00:00","0","ecl01339","03/29/2018 18:50:00","803001","ecl01339","03/29/2018 18:50:00","803001","13149"
"29010","PVU_K0003","01/01/2000 00:00:00","09/30/2025 00:00:00","0","ecl01339","03/29/2018 18:50:00","803001","ecl01339","03/29/2018 18:50:00","803001","13149"
"29010","PVU_K0004","01/01/2000 00:00:00","12/31/9999 00:00:00","0","ecl01339","03/29/2018 18:50:00","803001","ecl01339","03/29/2018 18:50:00","803001","27004"
"29012","PVU_K0001","01/01/2000 00:00:00","12/31/9999 00:00:00","0","PVUDC","03/29/2018 18:50:00","803001","PVUDC","03/29/2018 18:50:00","803001","23009"
"29012","PVU_K0002","01/01/2000 00:00:00","09/30/2025 00:00:00","0","ecld0918","03/29/2018 18:50:00","803001","ecld0918","03/29/2018 18:50:00","803001","23049"
"29012","PVU_K0003","01/01/2000 00:00:00","09/30/2025 00:00:00","0","ecld0918","03/29/2018 18:50:00","803001","ecld0918","03/29/2018 18:50:00","803001","23049"
"29012","PVU_K0004","01/01/2000 00:00:00","12/31/9999 00:00:00","0","ecld0918","03/29/2018 18:50:00","803001","ecld0918","03/29/2018 18:50:00","803001","27014"
"29015","PVU_K0001","01/01/2000 00:00:00","12/31/9999 00:00:00","0","PVUDC","03/29/2018 18:50:00","803001","PVUDC","03/29/2018 18:50:00","803001","13149"
"29015","PVU_K0002","01/01/2000 00:00:00","09/30/2025 00:00:00","0","ecld0918","03/29/2018 18:50:00","803001","ecld0918","03/29/2018 18:50:00","803001","13149"
"29015","PVU_K0003","01/01/2000 00:00:00","09/30/2025 00:00:00","0","ecld0918","03/29/2018 18:50:00","803001","ecld0918","03/29/2018 18:50:00","803001","13149"
"29015","PVU_K0004","01/01/2000 00:00:00","12/31/9999 00:00:00","0","ecld0918","03/29/2018 18:50:00","803001","ecld0918","03/29/2018 18:50:00","803001","27004"
"29016","PVU_K0001","05/17/2017 00:00:00","12/31/9999 00:00:00","0","itg19647","03/29/2018 18:50:00","803001","itg19647","03/29/2018 18:50:00","803001","13013"
"29016","PVU_K0002","05/01/2017 00:00:00","09/30/2025 00:00:00","0","ecl05206","03/29/2018 18:50:00","803001","ecl05206","03/29/2018 18:50:00","803001","13013"
"29016","PVU_K0003","05/01/2017 00:00:00","09/30/2025 00:00:00","0","ecl05206","03/29/2018 18:50:00","803001","ecl05206","03/29/2018 18:50:00","803001","13013"
"30008","PVU_K0001","01/01/2000 00:00:00","12/31/9999 00:00:00","0","PVUDC","03/29/2018 18:50:00","803001","PVUDC","03/29/2018 18:50:00","803001","11111"
"30008","PVU_K0002","01/01/2000 00:00:00","09/30/2025 00:00:00","0","ecl01339","03/29/2018 18:50:00","803001","ecl01339","03/29/2018 18:50:00","803001","13149"
"30008","PVU_K0003","01/01/2000 00:00:00","09/30/2025 00:00:00","0","ecl01339","03/29/2018 18:50:00","803001","ecl01339","03/29/2018 18:50:00","803001","13149"
"30008","PVU_K0004","01/01/2000 00:00:00","12/31/9999 00:00:00","0","ecl01339","03/29/2018 18:50:00","803001","ecl01339","03/29/2018 18:50:00","803001","27004"
"30016","PVU_K0001","01/01/2000 00:00:00","12/31/9999 00:00:00","0","PVUDC","03/29/2018 18:50:00","803001","PVUDC","03/29/2018 18:50:00","803001","27042"
"30016","PVU_K0003","01/01/2000 00:00:00","09/30/2025 00:00:00","0","ecld0918","03/29/2018 18:50:00","803001","ecld0918","03/29/2018 18:50:00","803001","27042"
"30017","PVU_K0001","02/23/2016 00:00:00","02/07/2019 00:00:00","0","itg39895","03/29/2018 18:50:00","803001","itg40916","02/08/2019 10:39:18","PVU_EX_1400","13013"
"30017","PVU_K0003","02/01/2016 00:00:00","12/31/9999 00:00:00","0","ecl02796","03/29/2018 18:50:00","803001","ecl02796","03/29/2018 18:50:00","803001","30017"
"30017","PVU_K0005","02/01/2016 00:00:00","02/07/2019 00:00:00","0","ecl02796","03/29/2018 18:50:00","803001","itg40916","02/08/2019 10:39:18","PVU_EX_1400","13013"
"30018","PVU_K0001","05/17/2017 00:00:00","12/31/9999 00:00:00","0","itg39895","03/29/2018 18:50:00","803001","itg39895","03/29/2018 18:50:00","803001","13013"
"30018","PVU_K0002","05/01/2017 00:00:00","09/30/2025 00:00:00","0","ecl05206","03/29/2018 18:50:00","803001","ecl05206","03/29/2018 18:50:00","803001","13013"
"30018","PVU_K0003","05/01/2017 00:00:00","09/30/2025 00:00:00","0","ecl05206","03/29/2018 18:50:00","803001","ecl05206","03/29/2018 18:50:00","803001","13013"
"30502","PVU_K0001","01/01/2000 00:00:00","12/31/9999 00:00:00","0","PVUDC","03/29/2018 18:50:00","803001","PVUDC","03/29/2018 18:50:00","803001","23009"
"30502","PVU_K0002","01/01/2000 00:00:00","09/30/2025 00:00:00","0","ecld0918","03/29/2018 18:50:00","803001","ecld0918","03/29/2018 18:50:00","803001","23049"
"30502","PVU_K0003","01/01/2000 00:00:00","09/30/2025 00:00:00","0","ecld0918","03/29/2018 18:50:00","803001","ecld0918","03/29/2018 18:50:00","803001","23049"
"30502","PVU_K0004","01/01/2000 00:00:00","12/31/9999 00:00:00","0","ecld0918","03/29/2018 18:50:00","803001","ecld0918","03/29/2018 18:50:00","803001","27014"
"34003","PVU_K0001","01/01/2000 00:00:00","12/31/9999 00:00:00","0","PVUDC","03/29/2018 18:50:00","803001","PVUDC","03/29/2018 18:50:00","803001","23009"
"34003","PVU_K0002","01/01/2000 00:00:00","09/30/2025 00:00:00","0","ecld0918","03/29/2018 18:50:00","803001","ecld0918","03/29/2018 18:50:00","803001","23049"
"34003","PVU_K0003","01/01/2000 00:00:00","12/31/9999 00:00:00","0","ecld0918","03/29/2018 18:50:00","803001","ecld0918","03/29/2018 18:50:00","803001","34003"
"34003","PVU_K0004","01/01/2000 00:00:00","12/31/9999 00:00:00","0","ecld0918","03/29/2018 18:50:00","803001","ecld0918","03/29/2018 18:50:00","803001","34003"
"34010","PVU_K0001","01/01/2000 00:00:00","12/31/9999 00:00:00","0","PVUDC","03/29/2018 18:50:00","803001","PVUDC","03/29/2018 18:50:00","803001","13149"
"34010","PVU_K0002","01/01/2000 00:00:00","09/30/2025 00:00:00","0","ecl04291","03/29/2018 18:50:00","803001","ecl04291","03/29/2018 18:50:00","803001","13149"
"34010","PVU_K0003","01/01/2000 00:00:00","12/31/9999 00:00:00","0","ecl04291","03/29/2018 18:50:00","803001","ecl04291","03/29/2018 18:50:00","803001","34010"
"34010","PVU_K0004","01/01/2000 00:00:00","12/31/9999 00:00:00","0","ecl04291","03/29/2018 18:50:00","803001","ecl04291","03/29/2018 18:50:00","803001","34010"
"34012","PVU_K0001","01/01/2000 00:00:00","12/31/9999 00:00:00","0","PVUDC","03/29/2018 18:50:00","803001","PVUDC","03/29/2018 18:50:00","803001","13160"
"34012","PVU_K0002","01/01/2000 00:00:00","12/31/9999 00:00:00","0","ecld0918","03/29/2018 18:50:00","803001","ecld0918","03/29/2018 18:50:00","803001","28026"
"34012","PVU_K0003","01/01/2000 00:00:00","12/31/9999 00:00:00","0","ecld0918","03/29/2018 18:50:00","803001","ecld0918","03/29/2018 18:50:00","803001","34012"
"34012","PVU_K0004","01/01/2000 00:00:00","12/31/9999 00:00:00","0","ecld0918","03/29/2018 18:50:00","803001","ecld0918","03/29/2018 18:50:00","803001","34012"
"34019","PVU_K0001","01/01/2000 00:00:00","12/31/9999 00:00:00","0","PVUDC","03/29/2018 18:50:00","803001","PVUDC","03/29/2018 18:50:00","803001","34019"
"34019","PVU_K0003","01/01/2000 00:00:00","12/31/9999 00:00:00","0","ecld0918","03/29/2018 18:50:00","803001","ecld0918","03/29/2018 18:50:00","803001","34019"
"34019","PVU_K0004","01/01/2000 00:00:00","12/31/9999 00:00:00","0","ecld0918","03/29/2018 18:50:00","803001","ecld0918","03/29/2018 18:50:00","803001","34019"
"34031","PVU_K0003","01/01/2000 00:00:00","02/11/2019 00:00:00","0","ecl04321","03/29/2018 18:50:00","803001","itg40916","02/12/2019 09:40:25","PVU_EX_1400","27803"
"34031","PVU_K0004","01/01/2000 00:00:00","12/31/9999 00:00:00","0","ecl04321","03/29/2018 18:50:00","803001","ecl04321","03/29/2018 18:50:00","803001","34031"
"34037","PVU_K0001","01/01/2000 00:00:00","08/29/2013 00:00:00","0","PVUDC","03/29/2018 18:50:00","803001","PVUDC","03/29/2018 18:50:00","803001","34037"
"34037","PVU_K0001","08/30/2013 00:00:00","12/31/9999 00:00:00","0","PVUDC","03/29/2018 18:50:00","803001","itg36186","03/29/2018 18:50:00","803001","27070"
"34037","PVU_K0003","01/01/2000 00:00:00","12/31/9999 00:00:00","0","ecld0918","03/29/2018 18:50:00","803001","ecld0918","03/29/2018 18:50:00","803001","27803"
"34037","PVU_K0004","01/01/2000 00:00:00","12/31/9999 00:00:00","0","ecld0918","03/29/2018 18:50:00","803001","ecld0918","03/29/2018 18:50:00","803001","34031"
"34040","PVU_K0001","01/01/2000 00:00:00","12/31/9999 00:00:00","0","PVUDC","03/29/2018 18:50:00","803001","PVUDC","03/29/2018 18:50:00","803001","44001"
"34040","PVU_K0002","01/01/2000 00:00:00","09/30/2025 00:00:00","0","ecld0918","03/29/2018 18:50:00","803001","ecld0918","03/29/2018 18:50:00","803001","44001"
"34040","PVU_K0003","01/01/2000 00:00:00","09/30/2025 00:00:00","0","ecld0918","03/29/2018 18:50:00","803001","ecld0918","03/29/2018 18:50:00","803001","44001"
"34041","PVU_K0001","01/01/2000 00:00:00","12/31/9999 00:00:00","0","PVUDC","03/29/2018 18:50:00","803001","PVUDC","03/29/2018 18:50:00","803001","13013"
"34041","PVU_K0002","01/01/2000 00:00:00","09/30/2025 00:00:00","0","ecld0918","03/29/2018 18:50:00","803001","ecld0918","03/29/2018 18:50:00","803001","13013"
"34041","PVU_K0003","01/01/2000 00:00:00","12/31/9999 00:00:00","0","ecld0918","03/29/2018 18:50:00","803001","ecld0918","03/29/2018 18:50:00","803001","34041"
"34041","PVU_K0004","01/01/2000 00:00:00","12/31/9999 00:00:00","0","ecld0918","03/29/2018 18:50:00","803001","ecld0918","03/29/2018 18:50:00","803001","34041"
"34044","PVU_K0001","05/29/2017 00:00:00","02/07/2019 00:00:00","0","itg19647","03/29/2018 18:50:00","803001","itg40916","02/08/2019 10:41:01","PVU_EX_1400","13013"
"34044","PVU_K0003","05/01/2017 00:00:00","12/31/9999 00:00:00","0","ecl07868","03/29/2018 18:50:00","803001","ecl07868","03/29/2018 18:50:00","803001","34044"
"34044","PVU_K0005","05/01/2017 00:00:00","02/07/2019 00:00:00","0","ecl07868","03/29/2018 18:50:00","803001","itg40916","02/08/2019 10:41:01","PVU_EX_1400","13013"
"34890","PVU_K0001","01/01/2000 00:00:00","12/31/9999 00:00:00","0","PVUDC","03/29/2018 18:50:00","803001","PVUDC","03/29/2018 18:50:00","803001","13012"
"34890","PVU_K0003","09/01/2011 00:00:00","12/31/9999 00:00:00","0","ecl04321","03/29/2018 18:50:00","803001","ecl04321","03/29/2018 18:50:00","803001","13012"
"34890","PVU_K0004","09/01/2011 00:00:00","12/31/9999 00:00:00","0","ecl04321","03/29/2018 18:50:00","803001","ecl04321","03/29/2018 18:50:00","803001","34890"
"35002","PVU_K0001","01/01/2000 00:00:00","12/31/9999 00:00:00","0","PVUDC","03/29/2018 18:50:00","803001","PVUDC","03/29/2018 18:50:00","803001","35002"
"35002","PVU_K0002","01/01/2000 00:00:00","02/07/2019 00:00:00","0","ecl05979","03/29/2018 18:50:00","803001","itg40916","02/08/2019 16:51:59","PVU_EX_1400","13149"
"35002","PVU_K0003","01/01/2000 00:00:00","12/31/9999 00:00:00","0","ecl05979","03/29/2018 18:50:00","803001","ecl05979","03/29/2018 18:50:00","803001","35002"
"35002","PVU_K0004","01/01/2000 00:00:00","12/31/9999 00:00:00","0","ecl05979","03/29/2018 18:50:00","803001","ecl05979","03/29/2018 18:50:00","803001","35002"
"35003","PVU_K0001","01/01/2000 00:00:00","12/31/9999 00:00:00","0","PVUDC","03/29/2018 18:50:00","803001","PVUDC","03/29/2018 18:50:00","803001","44001"
"35003","PVU_K0002","01/01/2000 00:00:00","09/30/2025 00:00:00","0","ecl05979","03/29/2018 18:50:00","803001","ecl05979","03/29/2018 18:50:00","803001","44001"
"35003","PVU_K0003","01/01/2000 00:00:00","09/30/2025 00:00:00","0","ecl05979","03/29/2018 18:50:00","803001","ecl05979","03/29/2018 18:50:00","803001","44001"
"35013","PVU_K0003","01/01/2000 00:00:00","12/31/9999 00:00:00","0","ecl03580","03/29/2018 18:50:00","803001","ecl03580","03/29/2018 18:50:00","803001","40035"
"35013","PVU_K0004","01/01/2000 00:00:00","12/31/9999 00:00:00","0","ecl03580","03/29/2018 18:50:00","803001","ecl03580","03/29/2018 18:50:00","803001","35013"
"35019","PVU_K0001","04/23/2015 00:00:00","12/31/9999 00:00:00","0","itg36186","03/29/2018 18:50:00","803001","itg36186","03/29/2018 18:50:00","803001","04050"
"35019","PVU_K0003","01/01/2000 00:00:00","12/31/9999 00:00:00","0","ecl05317","03/29/2018 18:50:00","803001","ecl05317","03/29/2018 18:50:00","803001","40035"
"35019","PVU_K0004","01/01/2000 00:00:00","12/31/9999 00:00:00","0","ecl05317","03/29/2018 18:50:00","803001","ecl05317","03/29/2018 18:50:00","803001","35013"
"35022","PVU_K0001","01/06/2017 00:00:00","02/07/2019 00:00:00","0","itg36186","03/29/2018 18:50:00","803001","itg40916","02/08/2019 10:42:32","PVU_EX_1400","13013"
"35022","PVU_K0003","01/01/2017 00:00:00","12/31/9999 00:00:00","0","ecl02796","03/29/2018 18:50:00","803001","ecl02796","03/29/2018 18:50:00","803001","35022"
"35022","PVU_K0005","01/01/2017 00:00:00","02/07/2019 00:00:00","0","ecl02796","03/29/2018 18:50:00","803001","itg40916","02/08/2019 10:42:32","PVU_EX_1400","13013"
"37001","PVU_K0001","01/01/2000 00:00:00","12/31/9999 00:00:00","0","PVUDC","03/29/2018 18:50:00","803001","PVUDC","03/29/2018 18:50:00","803001","13149"
"37001","PVU_K0002","01/01/2000 00:00:00","09/30/2025 00:00:00","0","ecl04291","03/29/2018 18:50:00","803001","ecl04291","03/29/2018 18:50:00","803001","13149"
"37001","PVU_K0003","01/01/2000 00:00:00","12/31/9999 00:00:00","0","ecl04291","03/29/2018 18:50:00","803001","ecl04291","03/29/2018 18:50:00","803001","37001"
"37001","PVU_K0004","01/01/2000 00:00:00","12/31/9999 00:00:00","0","ecl04291","03/29/2018 18:50:00","803001","ecl04291","03/29/2018 18:50:00","803001","37001"
"37010","PVU_K0001","01/01/2000 00:00:00","12/31/9999 00:00:00","0","PVUDC","03/29/2018 18:50:00","803001","PVUDC","03/29/2018 18:50:00","803001","37017"
"37010","PVU_K0002","01/01/2000 00:00:00","04/04/2022 00:00:00","0","ecld0918","03/29/2018 18:50:00","803001","ecld0918","03/29/2018 18:50:00","803001","37010"
"37010","PVU_K0003","01/01/2000 00:00:00","12/31/9999 00:00:00","0","ecld0918","03/29/2018 18:50:00","803001","ecld0918","03/29/2018 18:50:00","803001","37010"
"37010","PVU_K0004","01/01/2000 00:00:00","12/31/9999 00:00:00","0","ecld0918","03/29/2018 18:50:00","803001","ecld0918","03/29/2018 18:50:00","803001","37010"
"37017","PVU_K0001","01/01/2000 00:00:00","12/31/9999 00:00:00","0","PVUDC","03/29/2018 18:50:00","803001","PVUDC","03/29/2018 18:50:00","803001","37017"
"37017","PVU_K0003","01/01/2000 00:00:00","12/31/9999 00:00:00","0","ecl04960","03/29/2018 18:50:00","803001","ecl04960","03/29/2018 18:50:00","803001","37017"
"37017","PVU_K0004","01/01/2000 00:00:00","12/31/9999 00:00:00","0","ecl04960","03/29/2018 18:50:00","803001","ecl04960","03/29/2018 18:50:00","803001","37017"
"37021","PVU_K0001","01/01/2000 00:00:00","12/31/9999 00:00:00","0","PVUDC","03/29/2018 18:50:00","803001","PVUDC","03/29/2018 18:50:00","803001","13013"
"37021","PVU_K0002","01/01/2000 00:00:00","09/30/2025 00:00:00","0","ecld0918","03/29/2018 18:50:00","803001","ecld0918","03/29/2018 18:50:00","803001","13013"
"37021","PVU_K0003","01/01/2000 00:00:00","12/31/9999 00:00:00","0","ecld0918","03/29/2018 18:50:00","803001","ecld0918","03/29/2018 18:50:00","803001","37021"
"37021","PVU_K0004","01/01/2000 00:00:00","12/31/9999 00:00:00","0","ecld0918","03/29/2018 18:50:00","803001","ecld0918","03/29/2018 18:50:00","803001","37021"
"37023","PVU_K0001","01/01/2000 00:00:00","08/29/2013 00:00:00","0","PVUDC","03/29/2018 18:50:00","803001","PVUDC","03/29/2018 18:50:00","803001","34037"
"37023","PVU_K0001","08/30/2013 00:00:00","12/31/9999 00:00:00","0","PVUDC","03/29/2018 18:50:00","803001","itg36186","03/29/2018 18:50:00","803001","27070"
"37023","PVU_K0003","01/01/2000 00:00:00","12/31/9999 00:00:00","0","ecl04321","03/29/2018 18:50:00","803001","ecl04321","03/29/2018 18:50:00","803001","27803"
"37023","PVU_K0004","01/01/2000 00:00:00","12/31/9999 00:00:00","0","ecl04321","03/29/2018 18:50:00","803001","ecl04321","03/29/2018 18:50:00","803001","37023"
"38010","PVU_K0001","01/01/2000 00:00:00","12/31/9999 00:00:00","0","PVUDC","03/29/2018 18:50:00","803001","PVUDC","03/29/2018 18:50:00","803001","38010"
"38010","PVU_K0002","01/01/2000 00:00:00","09/30/2025 00:00:00","0","ecld0918","03/29/2018 18:50:00","803001","ecld0918","03/29/2018 18:50:00","803001","23049"
"38010","PVU_K0003","01/01/2000 00:00:00","12/31/9999 00:00:00","0","ecld0918","03/29/2018 18:50:00","803001","ecld0918","03/29/2018 18:50:00","803001","38010"
"38010","PVU_K0004","01/01/2000 00:00:00","12/31/9999 00:00:00","0","ecld0918","03/29/2018 18:50:00","803001","ecld0918","03/29/2018 18:50:00","803001","38010"
"38019","PVU_K0001","04/23/2015 00:00:00","12/31/9999 00:00:00","0","itg36186","03/29/2018 18:50:00","803001","itg36186","03/29/2018 18:50:00","803001","04050"
"38019","PVU_K0003","01/01/2000 00:00:00","12/31/9999 00:00:00","0","ecl05317","03/29/2018 18:50:00","803001","ecl05317","03/29/2018 18:50:00","803001","40035"
"38019","PVU_K0004","01/01/2000 00:00:00","12/31/9999 00:00:00","0","ecl05317","03/29/2018 18:50:00","803001","ecl05317","03/29/2018 18:50:00","803001","37010"
"39001","PVU_K0001","01/01/2000 00:00:00","12/31/9999 00:00:00","0","PVUDC","03/29/2018 18:50:00","803001","PVUDC","03/29/2018 18:50:00","803001","37017"
"39001","PVU_K0002","01/01/2000 00:00:00","04/04/2022 00:00:00","0","ecld0918","03/29/2018 18:50:00","803001","ecld0918","03/29/2018 18:50:00","803001","37010"
"39001","PVU_K0003","01/01/2000 00:00:00","12/31/9999 00:00:00","0","ecld0918","03/29/2018 18:50:00","803001","ecld0918","03/29/2018 18:50:00","803001","39001"
"39001","PVU_K0004","01/01/2000 00:00:00","12/31/9999 00:00:00","0","ecld0918","03/29/2018 18:50:00","803001","ecld0918","03/29/2018 18:50:00","803001","39001"
"39017","PVU_K0001","01/01/2000 00:00:00","12/31/9999 00:00:00","0","PVUDC","03/29/2018 18:50:00","803001","PVUDC","03/29/2018 18:50:00","803001","39017"
"39017","PVU_K0003","01/01/2000 00:00:00","12/31/9999 00:00:00","0","ecl04321","03/29/2018 18:50:00","803001","ecl04321","03/29/2018 18:50:00","803001","39017"
"39017","PVU_K0004","01/01/2000 00:00:00","12/31/9999 00:00:00","0","ecl04321","03/29/2018 18:50:00","803001","ecl04321","03/29/2018 18:50:00","803001","39017"
"40001","PVU_K0001","01/01/2000 00:00:00","12/31/9999 00:00:00","0","PVUDC","03/29/2018 18:50:00","803001","PVUDC","03/29/2018 18:50:00","803001","13160"
"40001","PVU_K0002","01/01/2000 00:00:00","12/31/9999 00:00:00","0","ecld0918","03/29/2018 18:50:00","803001","ecld0918","03/29/2018 18:50:00","803001","28026"
"40001","PVU_K0003","01/01/2000 00:00:00","12/31/9999 00:00:00","0","ecld0918","03/29/2018 18:50:00","803001","ecld0918","03/29/2018 18:50:00","803001","40061"
"40003","PVU_K0001","01/01/2000 00:00:00","02/11/2019 00:00:00","0","PVUDC","03/29/2018 18:50:00","803001","itg40916","02/12/2019 09:32:19","PVU_EX_1400","43002"
"40003","PVU_K0003","01/01/2000 00:00:00","02/11/2019 00:00:00","0","ecl03580","03/29/2018 18:50:00","803001","itg40916","02/12/2019 09:32:19","PVU_EX_1400","43002"
"40004","PVU_K0001","01/01/2000 00:00:00","12/31/9999 00:00:00","0","PVUDC","03/29/2018 18:50:00","803001","PVUDC","03/29/2018 18:50:00","803001","40004"
"40004","PVU_K0002","01/01/2000 00:00:00","09/30/2025 00:00:00","0","ecl07708","03/29/2018 18:50:00","803001","ecl07708","03/29/2018 18:50:00","803001","23049"
"40004","PVU_K0003","01/01/2000 00:00:00","09/30/2025 00:00:00","0","ecl07708","03/29/2018 18:50:00","803001","ecl07708","03/29/2018 18:50:00","803001","40004"
"40005","PVU_K0001","01/01/2000 00:00:00","12/31/9999 00:00:00","0","PVUDC","03/29/2018 18:50:00","803001","PVUDC","03/29/2018 18:50:00","803001","44001"
"40005","PVU_K0002","01/01/2000 00:00:00","09/30/2025 00:00:00","0","ecld0918","03/29/2018 18:50:00","803001","ecld0918","03/29/2018 18:50:00","803001","44001"
"40005","PVU_K0003","01/01/2000 00:00:00","09/30/2025 00:00:00","0","ecld0918","03/29/2018 18:50:00","803001","ecld0918","03/29/2018 18:50:00","803001","44001"
"40007","PVU_K0001","01/01/2000 00:00:00","12/31/9999 00:00:00","0","PVUDC","03/29/2018 18:50:00","803001","PVUDC","03/29/2018 18:50:00","803001","44001"
"40007","PVU_K0002","01/01/2000 00:00:00","09/30/2025 00:00:00","0","ecld0918","03/29/2018 18:50:00","803001","ecld0918","03/29/2018 18:50:00","803001","44001"
"40007","PVU_K0003","01/01/2000 00:00:00","09/30/2025 00:00:00","0","ecld0918","03/29/2018 18:50:00","803001","ecld0918","03/29/2018 18:50:00","803001","44001"
"40010","PVU_K0001","01/01/2000 00:00:00","12/31/9999 00:00:00","0","PVUDC","03/29/2018 18:50:00","803001","PVUDC","03/29/2018 18:50:00","803001","40004"
"40010","PVU_K0002","01/01/2000 00:00:00","09/30/2025 00:00:00","0","ecld0918","03/29/2018 18:50:00","803001","ecld0918","03/29/2018 18:50:00","803001","23049"
"40010","PVU_K0003","01/01/2000 00:00:00","09/30/2025 00:00:00","0","ecld0918","03/29/2018 18:50:00","803001","ecld0918","03/29/2018 18:50:00","803001","40004"
"40014","PVU_K0001","01/01/2000 00:00:00","12/31/9999 00:00:00","0","PVUDC","03/29/2018 18:50:00","803001","PVUDC","03/29/2018 18:50:00","803001","40004"
"40014","PVU_K0002","01/01/2000 00:00:00","09/30/2025 00:00:00","0","ecld0918","03/29/2018 18:50:00","803001","ecld0918","03/29/2018 18:50:00","803001","23049"
"40014","PVU_K0003","01/01/2000 00:00:00","09/30/2025 00:00:00","0","ecld0918","03/29/2018 18:50:00","803001","ecld0918","03/29/2018 18:50:00","803001","40004"
"40016","PVU_K0001","01/01/2000 00:00:00","12/31/9999 00:00:00","0","PVUDC","03/29/2018 18:50:00","803001","PVUDC","03/29/2018 18:50:00","803001","13160"
"40016","PVU_K0002","01/01/2000 00:00:00","12/31/9999 00:00:00","0","ecld0918","03/29/2018 18:50:00","803001","ecld0918","03/29/2018 18:50:00","803001","28026"
"40016","PVU_K0003","01/01/2000 00:00:00","12/31/9999 00:00:00","0","ecld0918","03/29/2018 18:50:00","803001","ecld0918","03/29/2018 18:50:00","803001","40061"
"40018","PVU_K0003","01/01/2000 00:00:00","02/11/2019 00:00:00","0","ecl04321","03/29/2018 18:50:00","803001","itg40916","02/12/2019 09:41:44","PVU_EX_1400","40048"
"40018","PVU_K0004","01/01/2000 00:00:00","12/31/9999 00:00:00","0","ecl04321","03/29/2018 18:50:00","803001","ecl04321","03/29/2018 18:50:00","803001","40018"
"40022","PVU_K0001","01/01/2000 00:00:00","12/31/9999 00:00:00","0","PVUDC","03/29/2018 18:50:00","803001","PVUDC","03/29/2018 18:50:00","803001","44001"
"40022","PVU_K0002","01/01/2000 00:00:00","09/30/2025 00:00:00","0","ecl03580","03/29/2018 18:50:00","803001","ecl03580","03/29/2018 18:50:00","803001","44001"
"40022","PVU_K0003","01/01/2000 00:00:00","09/30/2025 00:00:00","0","ecl03580","03/29/2018 18:50:00","803001","ecl03580","03/29/2018 18:50:00","803001","44001"
"40026","PVU_K0001","01/01/2000 00:00:00","12/31/9999 00:00:00","0","PVUDC","03/29/2018 18:50:00","803001","PVUDC","03/29/2018 18:50:00","803001","13160"
"40026","PVU_K0002","01/01/2000 00:00:00","12/31/9999 00:00:00","0","ecld0918","03/29/2018 18:50:00","803001","ecld0918","03/29/2018 18:50:00","803001","28026"
"40026","PVU_K0003","01/01/2000 00:00:00","12/31/9999 00:00:00","0","ecld0918","03/29/2018 18:50:00","803001","ecld0918","03/29/2018 18:50:00","803001","40061"
"40035","PVU_K0003","01/01/2000 00:00:00","12/31/9999 00:00:00","0","ecl04321","03/29/2018 18:50:00","803001","ecl04321","03/29/2018 18:50:00","803001","40035"
"40035","PVU_K0004","01/01/2000 00:00:00","12/31/9999 00:00:00","0","ecl04321","03/29/2018 18:50:00","803001","ecl04321","03/29/2018 18:50:00","803001","40035"
"40046","PVU_K0001","01/01/2000 00:00:00","08/29/2013 00:00:00","0","PVUDC","03/29/2018 18:50:00","803001","PVUDC","03/29/2018 18:50:00","803001","40048"
"40046","PVU_K0001","08/30/2013 00:00:00","12/31/9999 00:00:00","0","PVUDC","03/29/2018 18:50:00","803001","itg36186","03/29/2018 18:50:00","803001","27070"
"40046","PVU_K0003","01/01/2000 00:00:00","07/31/2014 00:00:00","0","ecl04321","03/29/2018 18:50:00","803001","ecl04321","03/29/2018 18:50:00","803001","40048"
"40046","PVU_K0003","08/01/2014 00:00:00","12/31/9999 00:00:00","0","ecl04321","03/29/2018 18:50:00","803001","ecl04321","03/29/2018 18:50:00","803001","27803"
"40046","PVU_K0004","01/01/2000 00:00:00","12/31/9999 00:00:00","0","ecl04321","03/29/2018 18:50:00","803001","ecl04321","03/29/2018 18:50:00","803001","40046"
"40047","PVU_K0001","01/01/2000 00:00:00","08/29/2013 00:00:00","0","PVUDC","03/29/2018 18:50:00","803001","PVUDC","03/29/2018 18:50:00","803001","40048"
"40047","PVU_K0001","08/30/2013 00:00:00","02/07/2019 00:00:00","0","PVUDC","03/29/2018 18:50:00","803001","itg40916","02/08/2019 16:14:00","PVU_EX_1400","27070"
"40047","PVU_K0003","01/01/2000 00:00:00","02/07/2019 00:00:00","0","ecl04321","03/29/2018 18:50:00","803001","itg40916","02/08/2019 16:14:00","PVU_EX_1400","40048"
"40047","PVU_K0004","01/01/2000 00:00:00","12/31/9999 00:00:00","0","ecl04321","03/29/2018 18:50:00","803001","ecl04321","03/29/2018 18:50:00","803001","40047"
"40048","PVU_K0001","01/01/2000 00:00:00","08/29/2013 00:00:00","0","PVUDC","03/29/2018 18:50:00","803001","PVUDC","03/29/2018 18:50:00","803001","40048"
"40048","PVU_K0001","08/30/2013 00:00:00","12/31/9999 00:00:00","0","PVUDC","03/29/2018 18:50:00","803001","itg04213","03/29/2018 18:50:00","803001","27070"
"40048","PVU_K0003","01/01/2000 00:00:00","12/31/9999 00:00:00","0","ecld0918","03/29/2018 18:50:00","803001","ecld0918","03/29/2018 18:50:00","803001","40048"
"40051","PVU_K0001","01/01/2000 00:00:00","12/31/9999 00:00:00","0","PVUDC","03/29/2018 18:50:00","803001","PVUDC","03/29/2018 18:50:00","803001","04050"
"40051","PVU_K0003","01/01/2000 00:00:00","12/31/9999 00:00:00","0","ecl06595","03/29/2018 18:50:00","803001","ecl06595","03/29/2018 18:50:00","803001","40035"
"40051","PVU_K0004","01/01/2000 00:00:00","12/31/9999 00:00:00","0","ecl06595","03/29/2018 18:50:00","803001","ecl06595","03/29/2018 18:50:00","803001","40035"
"40054","PVU_K0001","01/01/2000 00:00:00","12/31/9999 00:00:00","0","PVUDC","03/29/2018 18:50:00","803001","PVUDC","03/29/2018 18:50:00","803001","13803"
"40054","PVU_K0003","01/01/2000 00:00:00","12/31/9999 00:00:00","0","ecl04321","03/29/2018 18:50:00","803001","ecl04321","03/29/2018 18:50:00","803001","13803"
"40061","PVU_K0002","01/01/2000 00:00:00","12/31/9999 00:00:00","0","ecl04291","03/29/2018 18:50:00","803001","ecl04291","03/29/2018 18:50:00","803001","28026"
"40061","PVU_K0003","01/01/2000 00:00:00","12/31/9999 00:00:00","0","ecl04291","03/29/2018 18:50:00","803001","ecl04291","03/29/2018 18:50:00","803001","40061"
"40061","PVU_K0004","01/01/2000 00:00:00","12/31/9999 00:00:00","0","ecl04291","03/29/2018 18:50:00","803001","ecl04291","03/29/2018 18:50:00","803001","40001"
"40080","PVU_K0001","04/14/2015 00:00:00","12/31/9999 00:00:00","0","itg36186","03/29/2018 18:50:00","803001","itg36186","03/29/2018 18:50:00","803001","04050"
"40080","PVU_K0003","01/01/2000 00:00:00","12/31/9999 00:00:00","0","ecl04321","03/29/2018 18:50:00","803001","ecl04321","03/29/2018 18:50:00","803001","40035"
"40080","PVU_K0004","01/01/2000 00:00:00","12/31/9999 00:00:00","0","ecl04321","03/29/2018 18:50:00","803001","ecl04321","03/29/2018 18:50:00","803001","40035"
"40081","PVU_K0001","01/01/2000 00:00:00","12/31/9999 00:00:00","0","PVUDC","03/29/2018 18:50:00","803001","PVUDC","03/29/2018 18:50:00","803001","43022"
"40081","PVU_K0003","01/01/2000 00:00:00","12/31/9999 00:00:00","0","ecl04321","03/29/2018 18:50:00","803001","ecl04321","03/29/2018 18:50:00","803001","43022"
"40082","PVU_K0001","01/01/2000 00:00:00","12/31/9999 00:00:00","0","PVUDC","03/29/2018 18:50:00","803001","PVUDC","03/29/2018 18:50:00","803001","43022"
"40082","PVU_K0003","01/01/2000 00:00:00","12/31/9999 00:00:00","0","ecl04321","03/29/2018 18:50:00","803001","ecl04321","03/29/2018 18:50:00","803001","43022"
"40083","PVU_K0001","01/01/2000 00:00:00","12/31/9999 00:00:00","0","PVUDC","03/29/2018 18:50:00","803001","PVUDC","03/29/2018 18:50:00","803001","13149"
"40083","PVU_K0002","01/01/2000 00:00:00","09/30/2025 00:00:00","0","ecl04291","03/29/2018 18:50:00","803001","ecl04291","03/29/2018 18:50:00","803001","13149"
"40083","PVU_K0003","01/01/2000 00:00:00","09/30/2025 00:00:00","0","ecl04291","03/29/2018 18:50:00","803001","ecl04291","03/29/2018 18:50:00","803001","13149"
"40083","PVU_K0004","01/01/2000 00:00:00","12/31/9999 00:00:00","0","ecl04291","03/29/2018 18:50:00","803001","ecl04291","03/29/2018 18:50:00","803001","40083"
"40084","PVU_K0001","01/01/2000 00:00:00","12/31/9999 00:00:00","0","PVUDC","03/29/2018 18:50:00","803001","PVUDC","03/29/2018 18:50:00","803001","23017"
"40084","PVU_K0002","01/01/2000 00:00:00","02/07/2019 00:00:00","0","ecl04291","03/29/2018 18:50:00","803001","itg40916","02/08/2019 16:00:27","PVU_EX_1400","13149"
"40084","PVU_K0003","01/01/2000 00:00:00","12/31/9999 00:00:00","0","ecl04291","03/29/2018 18:50:00","803001","ecl04291","03/29/2018 18:50:00","803001","23017"
"40085","PVU_K0001","01/01/2000 00:00:00","12/31/9999 00:00:00","0","PVUDC","03/29/2018 18:50:00","803001","PVUDC","03/29/2018 18:50:00","803001","04050"
"40085","PVU_K0003","01/01/2000 00:00:00","12/31/9999 00:00:00","0","ecl04321","03/29/2018 18:50:00","803001","ecl04321","03/29/2018 18:50:00","803001","40035"
"40085","PVU_K0004","01/01/2000 00:00:00","12/31/9999 00:00:00","0","ecl04321","03/29/2018 18:50:00","803001","ecl04321","03/29/2018 18:50:00","803001","40035"
"40090","PVU_K0001","05/29/2017 00:00:00","02/07/2019 00:00:00","0","itg19647","03/29/2018 18:50:00","803001","itg40916","02/08/2019 10:44:13","PVU_EX_1400","13013"
"40090","PVU_K0003","05/01/2017 00:00:00","12/31/9999 00:00:00","0","ecl07868","03/29/2018 18:50:00","803001","ecl07868","03/29/2018 18:50:00","803001","40090"
"40090","PVU_K0005","05/01/2017 00:00:00","02/07/2019 00:00:00","0","ecl07868","03/29/2018 18:50:00","803001","itg40916","02/08/2019 10:44:13","PVU_EX_1400","13013"
"40091","PVU_K0001","07/03/2017 00:00:00","12/31/9999 00:00:00","0","itg19647","03/29/2018 18:50:00","803001","itg19647","03/29/2018 18:50:00","803001","13013"
"40091","PVU_K0003","06/01/2017 00:00:00","12/31/9999 00:00:00","0","ecl07868","03/29/2018 18:50:00","803001","ecl07868","03/29/2018 18:50:00","803001","40091"
"40091","PVU_K0005","06/01/2017 00:00:00","12/31/9999 00:00:00","0","ecl07868","03/29/2018 18:50:00","803001","ecl07868","03/29/2018 18:50:00","803001","13013"
"40098","PVU_K0001","01/01/2000 00:00:00","12/31/9999 00:00:00","0","PVUDC","03/29/2018 18:50:00","803001","PVUDC","03/29/2018 18:50:00","803001","40098"
"40098","PVU_K0005","01/01/2000 00:00:00","12/31/9999 00:00:00","0","ecld0918","03/29/2018 18:50:00","803001","ecld0918","03/29/2018 18:50:00","803001","40001"
"40889","PVU_K0001","01/28/2013 00:00:00","12/31/9999 00:00:00","0","itg36186","03/29/2018 18:50:00","803001","PATCH","03/29/2018 18:50:00","803001","11111"
"40890","PVU_K0001","01/01/2000 00:00:00","12/31/9999 00:00:00","0","PVUDC","03/29/2018 18:50:00","803001","PVUDC","03/29/2018 18:50:00","803001","13012"
"40890","PVU_K0003","09/01/2011 00:00:00","12/31/9999 00:00:00","0","ecl04321","03/29/2018 18:50:00","803001","ecl04321","03/29/2018 18:50:00","803001","13012"
"40890","PVU_K0004","09/01/2011 00:00:00","12/31/9999 00:00:00","0","ecl04321","03/29/2018 18:50:00","803001","ecl04321","03/29/2018 18:50:00","803001","40890"
"41001","PVU_K0001","01/01/2000 00:00:00","12/31/9999 00:00:00","0","PVUDC","03/29/2018 18:50:00","803001","PVUDC","03/29/2018 18:50:00","803001","44001"
"41001","PVU_K0002","01/01/2000 00:00:00","09/30/2025 00:00:00","0","ecld0918","03/29/2018 18:50:00","803001","ecld0918","03/29/2018 18:50:00","803001","44001"
"41001","PVU_K0003","01/01/2000 00:00:00","09/30/2025 00:00:00","0","ecld0918","03/29/2018 18:50:00","803001","ecld0918","03/29/2018 18:50:00","803001","44001"
"41002","PVU_K0001","01/01/2000 00:00:00","12/31/9999 00:00:00","0","PVUDC","03/29/2018 18:50:00","803001","PVUDC","03/29/2018 18:50:00","803001","13160"
"41002","PVU_K0002","01/01/2000 00:00:00","12/31/9999 00:00:00","0","ecld0918","03/29/2018 18:50:00","803001","ecld0918","03/29/2018 18:50:00","803001","28026"
"41002","PVU_K0003","01/01/2000 00:00:00","12/31/9999 00:00:00","0","ecld0918","03/29/2018 18:50:00","803001","ecld0918","03/29/2018 18:50:00","803001","40061"
"41003","PVU_K0001","01/01/2000 00:00:00","12/31/9999 00:00:00","0","PVUDC","03/29/2018 18:50:00","803001","PVUDC","03/29/2018 18:50:00","803001","40004"
"41003","PVU_K0002","01/01/2000 00:00:00","09/30/2025 00:00:00","0","ecld0918","03/29/2018 18:50:00","803001","ecld0918","03/29/2018 18:50:00","803001","23049"
"41003","PVU_K0003","01/01/2000 00:00:00","09/30/2025 00:00:00","0","ecld0918","03/29/2018 18:50:00","803001","ecld0918","03/29/2018 18:50:00","803001","40004"
"41007","PVU_K0001","01/01/2000 00:00:00","12/31/9999 00:00:00","0","PVUDC","03/29/2018 18:50:00","803001","PVUDC","03/29/2018 18:50:00","803001","42002"
"41007","PVU_K0003","01/01/2000 00:00:00","09/30/2025 00:00:00","0","ecld0918","03/29/2018 18:50:00","803001","ecld0918","03/29/2018 18:50:00","803001","42002"
"41010","PVU_K0001","01/01/2000 00:00:00","08/29/2013 00:00:00","0","PVUDC","03/29/2018 18:50:00","803001","PVUDC","03/29/2018 18:50:00","803001","40048"
"41010","PVU_K0001","08/30/2013 00:00:00","02/07/2019 00:00:00","0","itg12087","03/29/2018 18:50:00","803001","itg40916","02/08/2019 16:15:50","PVU_EX_1400","27070"
"41010","PVU_K0003","01/01/2000 00:00:00","02/07/2019 00:00:00","0","ecl04321","03/29/2018 18:50:00","803001","itg40916","02/08/2019 16:15:50","PVU_EX_1400","40048"
"41010","PVU_K0004","01/01/2000 00:00:00","12/31/9999 00:00:00","0","ecl04321","03/29/2018 18:50:00","803001","ecl04321","03/29/2018 18:50:00","803001","41010"
"42001","PVU_K0001","01/01/2000 00:00:00","03/31/2024 00:00:00","0","PVUDC","03/29/2018 18:50:00","803001","PVUDC","03/29/2018 18:50:00","803001","42001"
"42001","PVU_K0003","01/01/2000 00:00:00","12/31/9999 00:00:00","0","ecld0918","03/29/2018 18:50:00","803001","ecld0918","03/29/2018 18:50:00","803001","42001"
"42002","PVU_K0001","01/01/2000 00:00:00","12/31/9999 00:00:00","0","PVUDC","03/29/2018 18:50:00","803001","PVUDC","03/29/2018 18:50:00","803001","42002"
"42002","PVU_K0003","01/01/2000 00:00:00","09/30/2025 00:00:00","0","ecld0918","03/29/2018 18:50:00","803001","ecld0918","03/29/2018 18:50:00","803001","42002"
"42004","PVU_K0001","01/01/2000 00:00:00","12/31/9999 00:00:00","0","PVUDC","03/29/2018 18:50:00","803001","PVUDC","03/29/2018 18:50:00","803001","40004"
"42004","PVU_K0002","01/01/2000 00:00:00","09/30/2025 00:00:00","0","ecld0918","03/29/2018 18:50:00","803001","ecld0918","03/29/2018 18:50:00","803001","23049"
"42004","PVU_K0003","01/01/2000 00:00:00","09/30/2025 00:00:00","0","ecld0918","03/29/2018 18:50:00","803001","ecld0918","03/29/2018 18:50:00","803001","40004"
"42009","PVU_K0001","01/01/2000 00:00:00","12/31/9999 00:00:00","0","PVUDC","03/29/2018 18:50:00","803001","PVUDC","03/29/2018 18:50:00","803001","44001"
"42009","PVU_K0002","01/01/2000 00:00:00","09/30/2025 00:00:00","0","ecld0918","03/29/2018 18:50:00","803001","ecld0918","03/29/2018 18:50:00","803001","44001"
"42009","PVU_K0003","01/01/2000 00:00:00","12/31/9999 00:00:00","0","ecld0918","03/29/2018 18:50:00","803001","ecld0918","03/29/2018 18:50:00","803001","42009"
"42017","PVU_K0001","01/01/2000 00:00:00","02/11/2019 00:00:00","0","PVUDC","03/29/2018 18:50:00","803001","itg40916","02/12/2019 09:34:25","PVU_EX_1400","43002"
"42017","PVU_K0003","01/01/2000 00:00:00","02/11/2019 00:00:00","0","ecl03580","03/29/2018 18:50:00","803001","itg40916","02/12/2019 09:34:25","PVU_EX_1400","43002"
"42018","PVU_K0001","01/01/2000 00:00:00","08/29/2013 00:00:00","0","PVUDC","03/29/2018 18:50:00","803001","PVUDC","03/29/2018 18:50:00","803001","40048"
"42018","PVU_K0001","08/30/2013 00:00:00","02/07/2019 00:00:00","0","PVUDC","03/29/2018 18:50:00","803001","itg40916","02/08/2019 16:17:10","PVU_EX_1400","27070"
"42018","PVU_K0003","01/01/2000 00:00:00","02/07/2019 00:00:00","0","ecl04321","03/29/2018 18:50:00","803001","itg40916","02/08/2019 16:17:10","PVU_EX_1400","40048"
"42018","PVU_K0004","01/01/2000 00:00:00","12/31/9999 00:00:00","0","ecl04321","03/29/2018 18:50:00","803001","ecl04321","03/29/2018 18:50:00","803001","42018"
"42019","PVU_K0001","01/01/2000 00:00:00","02/07/2019 00:00:00","0","PVUDC","03/29/2018 18:50:00","803001","itg40916","02/08/2019 10:54:26","PVU_EX_1400","13160"
"42019","PVU_K0002","01/01/2000 00:00:00","02/07/2019 00:00:00","0","ecld0918","03/29/2018 18:50:00","803001","itg40916","02/08/2019 10:54:27","PVU_EX_1400","28026"
"42019","PVU_K0003","01/01/2000 00:00:00","02/07/2019 00:00:00","0","ecld0918","03/29/2018 18:50:00","803001","itg40916","02/08/2019 10:54:27","PVU_EX_1400","40061"
"43001","PVU_K0001","01/01/2000 00:00:00","12/31/9999 00:00:00","0","PVUDC","03/29/2018 18:50:00","803001","PVUDC","03/29/2018 18:50:00","803001","13013"
"43001","PVU_K0002","01/01/2000 00:00:00","09/30/2025 00:00:00","0","eclips01","03/29/2018 18:50:00","803001","eclips01","03/29/2018 18:50:00","803001","13013"
"43001","PVU_K0003","01/01/2000 00:00:00","12/31/9999 00:00:00","0","eclips01","03/29/2018 18:50:00","803001","eclips01","03/29/2018 18:50:00","803001","43001"
"43001","PVU_K0004","01/01/2000 00:00:00","09/30/2012 00:00:00","0","eclips01","03/29/2018 18:50:00","803001","eclips01","03/29/2018 18:50:00","803001","43001"
"43001","PVU_K0005","01/01/2000 00:00:00","09/10/2018 00:00:00","0","eclips01","03/29/2018 18:50:00","803001","itg04213","09/11/2018 15:43:49","PVU_EX_1400","13013"
"43002","PVU_K0001","01/01/2000 00:00:00","12/31/9999 00:00:00","0","PVUDC","03/29/2018 18:50:00","803001","PVUDC","03/29/2018 18:50:00","803001","43002"
"43002","PVU_K0003","01/01/2000 00:00:00","12/31/9999 00:00:00","0","ecld0918","03/29/2018 18:50:00","803001","ecld0918","03/29/2018 18:50:00","803001","43002"
"43003","PVU_K0001","01/01/2000 00:00:00","12/31/9999 00:00:00","0","PVUDC","03/29/2018 18:50:00","803001","PVUDC","03/29/2018 18:50:00","803001","44001"
"43003","PVU_K0002","01/01/2000 00:00:00","09/30/2025 00:00:00","0","ecld0918","03/29/2018 18:50:00","803001","ecld0918","03/29/2018 18:50:00","803001","44001"
"43003","PVU_K0003","01/01/2000 00:00:00","09/30/2025 00:00:00","0","ecld0918","03/29/2018 18:50:00","803001","ecld0918","03/29/2018 18:50:00","803001","44001"
"43004","PVU_K0001","01/01/2000 00:00:00","12/31/9999 00:00:00","0","PVUDC","03/29/2018 18:50:00","803001","PVUDC","03/29/2018 18:50:00","803001","13160"
"43004","PVU_K0002","01/01/2000 00:00:00","12/31/9999 00:00:00","0","ecld0918","03/29/2018 18:50:00","803001","ecld0918","03/29/2018 18:50:00","803001","28026"
"43004","PVU_K0003","01/01/2000 00:00:00","12/31/9999 00:00:00","0","ecld0918","03/29/2018 18:50:00","803001","ecld0918","03/29/2018 18:50:00","803001","40061"
"43006","PVU_K0001","01/01/2000 00:00:00","12/31/9999 00:00:00","0","PVUDC","03/29/2018 18:50:00","803001","PVUDC","03/29/2018 18:50:00","803001","43006"
"43006","PVU_K0003","01/01/2000 00:00:00","09/30/2025 00:00:00","0","ecld0918","03/29/2018 18:50:00","803001","ecld0918","03/29/2018 18:50:00","803001","43006"
"43007","PVU_K0001","01/01/2000 00:00:00","12/31/9999 00:00:00","0","PVUDC","03/29/2018 18:50:00","803001","PVUDC","03/29/2018 18:50:00","803001","11111"
"43007","PVU_K0003","01/01/2000 00:00:00","12/31/9999 00:00:00","0","ecl03580","03/29/2018 18:50:00","803001","ecl03580","03/29/2018 18:50:00","803001","43007"
"43007","PVU_K0004","01/01/2000 00:00:00","12/31/9999 00:00:00","0","ecl03580","03/29/2018 18:50:00","803001","ecl03580","03/29/2018 18:50:00","803001","43007"
"43007","PVU_K0005","01/01/2000 00:00:00","12/31/9999 00:00:00","0","ecl03580","03/29/2018 18:50:00","803001","ecl03580","03/29/2018 18:50:00","803001","43006"
"43011","PVU_K0001","01/01/2000 00:00:00","12/31/9999 00:00:00","0","PVUDC","03/29/2018 18:50:00","803001","PVUDC","03/29/2018 18:50:00","803001","42002"
"43011","PVU_K0003","01/01/2000 00:00:00","09/30/2025 00:00:00","0","ecld0918","03/29/2018 18:50:00","803001","ecld0918","03/29/2018 18:50:00","803001","42002"
"43014","PVU_K0001","01/01/2000 00:00:00","08/29/2013 00:00:00","0","PVUDC","03/29/2018 18:50:00","803001","PVUDC","03/29/2018 18:50:00","803001","40048"
"43014","PVU_K0001","08/30/2013 00:00:00","02/07/2019 00:00:00","0","PVUDC","03/29/2018 18:50:00","803001","itg40916","02/08/2019 16:21:36","PVU_EX_1400","27070"
"43014","PVU_K0003","01/01/2000 00:00:00","02/07/2019 00:00:00","0","ecl04321","03/29/2018 18:50:00","803001","itg40916","02/08/2019 16:21:36","PVU_EX_1400","40048"
"43014","PVU_K0004","01/01/2000 00:00:00","12/31/9999 00:00:00","0","ecl04321","03/29/2018 18:50:00","803001","ecl04321","03/29/2018 18:50:00","803001","43014"
"43022","PVU_K0003","01/01/2000 00:00:00","12/31/9999 00:00:00","0","ecld0918","03/29/2018 18:50:00","803001","ecld0918","03/29/2018 18:50:00","803001","43022"
"43023","PVU_K0001","01/01/2000 00:00:00","12/31/9999 00:00:00","0","PVUDC","03/29/2018 18:50:00","803001","PVUDC","03/29/2018 18:50:00","803001","40004"
"43023","PVU_K0002","01/01/2000 00:00:00","09/30/2025 00:00:00","0","ecl07708","03/29/2018 18:50:00","803001","ecl07708","03/29/2018 18:50:00","803001","23049"
"43023","PVU_K0003","01/01/2000 00:00:00","09/30/2025 00:00:00","0","ecl07708","03/29/2018 18:50:00","803001","ecl07708","03/29/2018 18:50:00","803001","40004"
"43024","PVU_K0001","05/29/2017 00:00:00","02/07/2019 00:00:00","0","itg19647","03/29/2018 18:50:00","803001","itg40916","02/08/2019 10:45:50","PVU_EX_1400","13013"
"43024","PVU_K0003","05/01/2017 00:00:00","12/31/9999 00:00:00","0","ecl07868","03/29/2018 18:50:00","803001","ecl07868","03/29/2018 18:50:00","803001","43024"
"43024","PVU_K0005","05/01/2017 00:00:00","02/07/2019 00:00:00","0","ecl07868","03/29/2018 18:50:00","803001","itg40916","02/08/2019 10:45:50","PVU_EX_1400","13013"
"43099","PVU_K0001","01/01/2000 00:00:00","12/31/9999 00:00:00","0","PVUDC","03/29/2018 18:50:00","803001","PVUDC","03/29/2018 18:50:00","803001","43099"
"43099","PVU_K0003","01/01/2000 00:00:00","09/30/2025 00:00:00","0","ecld0918","03/29/2018 18:50:00","803001","ecld0918","03/29/2018 18:50:00","803001","43006"
"43099","PVU_K0005","01/01/2000 00:00:00","12/31/9999 00:00:00","0","ecld0918","03/29/2018 18:50:00","803001","ecld0918","03/29/2018 18:50:00","803001","43006"
"44001","PVU_K0001","01/01/2000 00:00:00","12/31/9999 00:00:00","0","PVUDC","03/29/2018 18:50:00","803001","PVUDC","03/29/2018 18:50:00","803001","44001"
"44001","PVU_K0002","01/01/2000 00:00:00","09/30/2025 00:00:00","0","ecl07708","03/29/2018 18:50:00","803001","ecl07708","03/29/2018 18:50:00","803001","44001"
"44001","PVU_K0003","01/01/2000 00:00:00","09/30/2025 00:00:00","0","ecl07708","03/29/2018 18:50:00","803001","ecl07708","03/29/2018 18:50:00","803001","44001"
"44002","PVU_K0001","01/01/2000 00:00:00","12/31/9999 00:00:00","0","PVUDC","03/29/2018 18:50:00","803001","PVUDC","03/29/2018 18:50:00","803001","13160"
"44002","PVU_K0002","01/01/2000 00:00:00","12/31/9999 00:00:00","0","ecld0918","03/29/2018 18:50:00","803001","ecld0918","03/29/2018 18:50:00","803001","28026"
"44002","PVU_K0003","01/01/2000 00:00:00","12/31/9999 00:00:00","0","ecld0918","03/29/2018 18:50:00","803001","ecld0918","03/29/2018 18:50:00","803001","40061"
"44003","PVU_K0001","01/01/2000 00:00:00","12/31/9999 00:00:00","0","PVUDC","03/29/2018 18:50:00","803001","PVUDC","03/29/2018 18:50:00","803001","40004"
"44003","PVU_K0002","01/01/2000 00:00:00","09/30/2025 00:00:00","0","ecld0918","03/29/2018 18:50:00","803001","ecld0918","03/29/2018 18:50:00","803001","23049"
"44003","PVU_K0003","01/01/2000 00:00:00","09/30/2025 00:00:00","0","ecld0918","03/29/2018 18:50:00","803001","ecld0918","03/29/2018 18:50:00","803001","40004"
"44013","PVU_K0001","01/01/2000 00:00:00","08/29/2013 00:00:00","0","PVUDC","03/29/2018 18:50:00","803001","PVUDC","03/29/2018 18:50:00","803001","40048"
"44013","PVU_K0001","08/30/2013 00:00:00","02/07/2019 00:00:00","0","PVUDC","03/29/2018 18:50:00","803001","itg40916","02/08/2019 16:22:53","PVU_EX_1400","27070"
"44013","PVU_K0003","01/01/2000 00:00:00","02/07/2019 00:00:00","0","ecl04321","03/29/2018 18:50:00","803001","itg40916","02/08/2019 16:22:53","PVU_EX_1400","40048"
"44013","PVU_K0004","01/01/2000 00:00:00","12/31/9999 00:00:00","0","ecl04321","03/29/2018 18:50:00","803001","ecl04321","03/29/2018 18:50:00","803001","44013"
"44014","PVU_K0001","01/01/2000 00:00:00","02/11/2019 00:00:00","0","PVUDC","03/29/2018 18:50:00","803001","itg40916","02/12/2019 09:35:56","PVU_EX_1400","43002"
"44014","PVU_K0003","01/01/2000 00:00:00","02/11/2019 00:00:00","0","ecl03580","03/29/2018 18:50:00","803001","itg40916","02/12/2019 09:35:56","PVU_EX_1400","43002"
"44018","PVU_K0001","05/29/2017 00:00:00","02/07/2019 00:00:00","0","itg19647","03/29/2018 18:50:00","803001","itg40916","02/08/2019 10:47:42","PVU_EX_1400","13013"
"44018","PVU_K0003","05/01/2017 00:00:00","12/31/9999 00:00:00","0","ecl07868","03/29/2018 18:50:00","803001","ecl07868","03/29/2018 18:50:00","803001","44018"
"44018","PVU_K0005","05/01/2017 00:00:00","02/07/2019 00:00:00","0","ecl07868","03/29/2018 18:50:00","803001","itg40916","02/08/2019 10:47:42","PVU_EX_1400","13013"
"45001","PVU_K0001","01/01/2000 00:00:00","12/31/9999 00:00:00","0","PVUDC","03/29/2018 18:50:00","803001","PVUDC","03/29/2018 18:50:00","803001","44001"
"45001","PVU_K0002","01/01/2000 00:00:00","09/30/2025 00:00:00","0","ecld0918","03/29/2018 18:50:00","803001","ecld0918","03/29/2018 18:50:00","803001","44001"
"45001","PVU_K0003","01/01/2000 00:00:00","09/30/2025 00:00:00","0","ecld0918","03/29/2018 18:50:00","803001","ecld0918","03/29/2018 18:50:00","803001","44001"
"45002","PVU_K0001","01/01/2000 00:00:00","12/31/9999 00:00:00","0","PVUDC","03/29/2018 18:50:00","803001","PVUDC","03/29/2018 18:50:00","803001","13160"
"45002","PVU_K0002","01/01/2000 00:00:00","12/31/9999 00:00:00","0","ecld0918","03/29/2018 18:50:00","803001","ecld0918","03/29/2018 18:50:00","803001","28026"
"45002","PVU_K0003","01/01/2000 00:00:00","12/31/9999 00:00:00","0","ecld0918","03/29/2018 18:50:00","803001","ecld0918","03/29/2018 18:50:00","803001","40061"
"45008","PVU_K0001","01/01/2000 00:00:00","08/29/2013 00:00:00","0","PVUDC","03/29/2018 18:50:00","803001","PVUDC","03/29/2018 18:50:00","803001","40048"
"45008","PVU_K0001","08/30/2013 00:00:00","02/07/2019 00:00:00","0","PVUDC","03/29/2018 18:50:00","803001","itg40916","02/08/2019 16:24:08","PVU_EX_1400","27070"
"45008","PVU_K0003","01/01/2000 00:00:00","02/07/2019 00:00:00","0","ecl03580","03/29/2018 18:50:00","803001","itg40916","02/08/2019 16:24:08","PVU_EX_1400","40048"
"45008","PVU_K0004","01/01/2000 00:00:00","12/31/9999 00:00:00","0","ecl03580","03/29/2018 18:50:00","803001","ecl03580","03/29/2018 18:50:00","803001","45008"
"45009","PVU_K0001","01/01/2000 00:00:00","02/11/2019 00:00:00","0","PVUDC","03/29/2018 18:50:00","803001","itg40916","02/12/2019 09:37:26","PVU_EX_1400","43002"
"45009","PVU_K0003","01/01/2000 00:00:00","02/11/2019 00:00:00","0","ecl03580","03/29/2018 18:50:00","803001","itg40916","02/12/2019 09:37:26","PVU_EX_1400","43002"
"45012","PVU_K0001","01/01/2000 00:00:00","12/31/9999 00:00:00","0","PVUDC","03/29/2018 18:50:00","803001","PVUDC","03/29/2018 18:50:00","803001","40004"
"45012","PVU_K0002","01/01/2000 00:00:00","09/30/2025 00:00:00","0","ecl07708","03/29/2018 18:50:00","803001","ecl07708","03/29/2018 18:50:00","803001","23049"
"45012","PVU_K0003","01/01/2000 00:00:00","09/30/2025 00:00:00","0","ecl07708","03/29/2018 18:50:00","803001","ecl07708","03/29/2018 18:50:00","803001","40004"
"45017","PVU_K0001","07/03/2017 00:00:00","12/31/9999 00:00:00","0","itg19647","03/29/2018 18:50:00","803001","itg19647","03/29/2018 18:50:00","803001","13013"
"45017","PVU_K0003","06/01/2017 00:00:00","12/31/9999 00:00:00","0","ecl07868","03/29/2018 18:50:00","803001","ecl07868","03/29/2018 18:50:00","803001","45017"
"45017","PVU_K0005","06/01/2017 00:00:00","12/31/9999 00:00:00","0","ecl07868","03/29/2018 18:50:00","803001","ecl07868","03/29/2018 18:50:00","803001","13013"
"46001","PVU_K0001","01/01/2000 00:00:00","02/11/2019 00:00:00","0","PVUDC","03/29/2018 18:50:00","803001","itg40916","02/12/2019 09:38:45","PVU_EX_1400","43002"
"46001","PVU_K0003","01/01/2000 00:00:00","02/11/2019 00:00:00","0","ecl03580","03/29/2018 18:50:00","803001","itg40916","02/12/2019 09:38:45","PVU_EX_1400","43002"
"46002","PVU_K0001","01/01/2000 00:00:00","12/31/9999 00:00:00","0","PVUDC","03/29/2018 18:50:00","803001","PVUDC","03/29/2018 18:50:00","803001","13160"
"46002","PVU_K0002","01/01/2000 00:00:00","12/31/9999 00:00:00","0","ecld0918","03/29/2018 18:50:00","803001","ecld0918","03/29/2018 18:50:00","803001","28026"
"46002","PVU_K0003","01/01/2000 00:00:00","12/31/9999 00:00:00","0","ecld0918","03/29/2018 18:50:00","803001","ecld0918","03/29/2018 18:50:00","803001","40061"
"46005","PVU_K0001","01/01/2000 00:00:00","12/31/9999 00:00:00","0","PVUDC","03/29/2018 18:50:00","803001","PVUDC","03/29/2018 18:50:00","803001","40004"
"46005","PVU_K0002","01/01/2000 00:00:00","09/30/2025 00:00:00","0","ecld0918","03/29/2018 18:50:00","803001","ecld0918","03/29/2018 18:50:00","803001","23049"
"46005","PVU_K0003","01/01/2000 00:00:00","09/30/2025 00:00:00","0","ecld0918","03/29/2018 18:50:00","803001","ecld0918","03/29/2018 18:50:00","803001","40004"
"46007","PVU_K0001","01/01/2000 00:00:00","12/31/9999 00:00:00","0","PVUDC","03/29/2018 18:50:00","803001","PVUDC","03/29/2018 18:50:00","803001","44001"
"46007","PVU_K0002","01/01/2000 00:00:00","09/30/2025 00:00:00","0","ecld0918","03/29/2018 18:50:00","803001","ecld0918","03/29/2018 18:50:00","803001","44001"
"46007","PVU_K0003","01/01/2000 00:00:00","09/30/2025 00:00:00","0","ecld0918","03/29/2018 18:50:00","803001","ecld0918","03/29/2018 18:50:00","803001","44001"
"46015","PVU_K0001","01/01/2000 00:00:00","08/29/2013 00:00:00","0","PVUDC","03/29/2018 18:50:00","803001","PVUDC","03/29/2018 18:50:00","803001","40048"
"46015","PVU_K0001","08/30/2013 00:00:00","02/07/2019 00:00:00","0","PVUDC","03/29/2018 18:50:00","803001","itg40916","02/08/2019 16:25:44","PVU_EX_1400","27070"
"46015","PVU_K0003","01/01/2000 00:00:00","02/07/2019 00:00:00","0","ecl03580","03/29/2018 18:50:00","803001","itg40916","02/08/2019 16:25:44","PVU_EX_1400","40048"
"46015","PVU_K0004","01/01/2000 00:00:00","12/31/9999 00:00:00","0","ecl03580","03/29/2018 18:50:00","803001","ecl03580","03/29/2018 18:50:00","803001","46015"
"46026","PVU_K0001","01/01/2000 00:00:00","12/31/9999 00:00:00","0","PVUDC","03/29/2018 18:50:00","803001","PVUDC","03/29/2018 18:50:00","803001","43022"
"46026","PVU_K0003","01/01/2000 00:00:00","12/31/9999 00:00:00","0","ecl03580","03/29/2018 18:50:00","803001","ecl03580","03/29/2018 18:50:00","803001","43022"
"46027","PVU_K0001","05/29/2017 00:00:00","02/07/2019 00:00:00","0","itg19647","03/29/2018 18:50:00","803001","itg40916","02/08/2019 10:50:02","PVU_EX_1400","13013"
"46027","PVU_K0003","05/01/2017 00:00:00","12/31/9999 00:00:00","0","ecl07868","03/29/2018 18:50:00","803001","ecl07868","03/29/2018 18:50:00","803001","46027"
"46027","PVU_K0005","05/01/2017 00:00:00","02/07/2019 00:00:00","0","ecl07868","03/29/2018 18:50:00","803001","itg40916","02/08/2019 10:50:02","PVU_EX_1400","13013"
"47001","PVU_K0001","01/01/2000 00:00:00","12/31/9999 00:00:00","0","PVUDC","03/29/2018 18:50:00","803001","PVUDC","03/29/2018 18:50:00","803001","47001"
"47001","PVU_K0002","01/01/2000 00:00:00","09/30/2025 00:00:00","0","ecl07708","03/29/2018 18:50:00","803001","ecl07708","03/29/2018 18:50:00","803001","23049"
"47001","PVU_K0003","01/01/2000 00:00:00","12/31/9999 00:00:00","0","ecl07708","03/29/2018 18:50:00","803001","ecl07708","03/29/2018 18:50:00","803001","47001"
"47001","PVU_K0004","01/01/2000 00:00:00","12/31/9999 00:00:00","0","ecl07708","03/29/2018 18:50:00","803001","ecl07708","03/29/2018 18:50:00","803001","47001"
"47002","PVU_K0001","01/01/2000 00:00:00","12/31/9999 00:00:00","0","PVUDC","03/29/2018 18:50:00","803001","PVUDC","03/29/2018 18:50:00","803001","44001"
"47002","PVU_K0002","01/01/2000 00:00:00","09/30/2025 00:00:00","0","ecl93959","03/29/2018 18:50:00","803001","ecl93959","03/29/2018 18:50:00","803001","44001"
"47002","PVU_K0003","01/01/2000 00:00:00","12/31/9999 00:00:00","0","ecl93959","03/29/2018 18:50:00","803001","ecl93959","03/29/2018 18:50:00","803001","47002"
"47007","PVU_K0001","01/01/2000 00:00:00","12/31/9999 00:00:00","0","PVUDC","03/29/2018 18:50:00","803001","PVUDC","03/29/2018 18:50:00","803001","13149"
"47007","PVU_K0002","01/01/2000 00:00:00","09/30/2025 00:00:00","0","ecl04291","03/29/2018 18:50:00","803001","ecl04291","03/29/2018 18:50:00","803001","13149"
"47007","PVU_K0003","01/01/2000 00:00:00","12/31/9999 00:00:00","0","ecl04291","03/29/2018 18:50:00","803001","ecl04291","03/29/2018 18:50:00","803001","47007"
"47007","PVU_K0004","01/01/2000 00:00:00","12/31/9999 00:00:00","0","ecl04291","03/29/2018 18:50:00","803001","ecl04291","03/29/2018 18:50:00","803001","47007"
"47008","PVU_K0001","01/01/2000 00:00:00","08/29/2013 00:00:00","0","PVUDC","03/29/2018 18:50:00","803001","PVUDC","03/29/2018 18:50:00","803001","40048"
"47008","PVU_K0001","08/30/2013 00:00:00","02/07/2019 00:00:00","0","ips00023","03/29/2018 18:50:00","803001","itg40916","02/08/2019 16:27:42","PVU_EX_1400","27070"
"47008","PVU_K0003","01/01/2000 00:00:00","02/07/2019 00:00:00","0","ecl93959    ","03/29/2018 18:50:00","803001","itg40916","02/08/2019 16:27:42","PVU_EX_1400","40048"
"47008","PVU_K0004","01/01/2000 00:00:00","12/31/9999 00:00:00","0","ecl93959    ","03/29/2018 18:50:00","803001","ecl93959    ","03/29/2018 18:50:00","803001","40018"
"47010","PVU_K0001","01/01/2000 00:00:00","12/31/9999 00:00:00","0","PVUDC","03/29/2018 18:50:00","803001","PVUDC","03/29/2018 18:50:00","803001","13160"
"47010","PVU_K0002","01/01/2000 00:00:00","12/31/9999 00:00:00","0","ecl04291","03/29/2018 18:50:00","803001","ecl04291","03/29/2018 18:50:00","803001","28026"
"47010","PVU_K0003","01/01/2000 00:00:00","12/31/9999 00:00:00","0","ecl04291","03/29/2018 18:50:00","803001","ecl04291","03/29/2018 18:50:00","803001","40061"
"47010","PVU_K0004","01/01/2000 00:00:00","12/31/9999 00:00:00","0","ecl04291","03/29/2018 18:50:00","803001","ecl04291","03/29/2018 18:50:00","803001","40061"
"47011","PVU_K0001","01/01/2000 00:00:00","12/31/9999 00:00:00","0","PVUDC","03/29/2018 18:50:00","803001","PVUDC","03/29/2018 18:50:00","803001","13013"
"47011","PVU_K0002","01/01/2000 00:00:00","09/30/2025 00:00:00","0","ipsips240511","03/29/2018 18:50:00","803001","ipsips240511","03/29/2018 18:50:00","803001","13013"
"47011","PVU_K0003","01/01/2000 00:00:00","12/31/9999 00:00:00","0","ipsips240511","03/29/2018 18:50:00","803001","ipsips240511","03/29/2018 18:50:00","803001","47011"
"47011","PVU_K0004","01/01/2000 00:00:00","12/31/9999 00:00:00","0","ipsips240511","03/29/2018 18:50:00","803001","ipsips240511","03/29/2018 18:50:00","803001","47011"
"47014","PVU_K0001","01/01/2000 00:00:00","12/31/9999 00:00:00","0","PVUDC","03/29/2018 18:50:00","803001","PVUDC","03/29/2018 18:50:00","803001","13012"
"47014","PVU_K0003","10/01/2012 00:00:00","12/31/9999 00:00:00","0","ecl04321","03/29/2018 18:50:00","803001","ecl04321","03/29/2018 18:50:00","803001","13012"
"47014","PVU_K0004","10/01/2012 00:00:00","12/31/9999 00:00:00","0","ecl04321","03/29/2018 18:50:00","803001","ecl04321","03/29/2018 18:50:00","803001","47014"
"47016","PVU_K0001","05/29/2017 00:00:00","02/07/2019 00:00:00","0","itg19647","03/29/2018 18:50:00","803001","itg40916","02/08/2019 10:51:51","PVU_EX_1400","13013"
"47016","PVU_K0003","05/01/2017 00:00:00","12/31/9999 00:00:00","0","ecl07868","03/29/2018 18:50:00","803001","ecl07868","03/29/2018 18:50:00","803001","47016"
"47016","PVU_K0005","05/01/2017 00:00:00","02/07/2019 00:00:00","0","ecl07868","03/29/2018 18:50:00","803001","itg40916","02/08/2019 10:51:51","PVU_EX_1400","13013"
"04504","PVU_K0004","01/01/2000 00:00:00","12/31/9999 00:00:00","0","ecl07868","03/29/2018 18:50:00","803001","ecl07868","03/29/2018 18:50:00","803001","04504"
"10002","PVU_K0003","10/01/2013 00:00:00","09/30/2025 00:00:00","0","ecl07868","03/29/2018 18:50:00","803001","ecl07868","03/29/2018 18:50:00","803001","13013"
"20004","PVU_K0002","01/01/2000 00:00:00","09/30/2025 00:00:00","0","ecld0918","03/29/2018 18:50:00","803001","ecld0918","03/29/2018 18:50:00","803001","13149"
"23052","PVU_K0003","01/01/2000 00:00:00","09/30/2025 00:00:00","0","ecld0918","03/29/2018 18:50:00","803001","ecld0918","03/29/2018 18:50:00","803001","13149"
"01047","PVU_K0001","01/01/2000 00:00:00","08/29/2013 00:00:00","0","ITSP","03/30/2018 00:00:00","ENW","ITSP","03/30/2018 00:00:00","ENW","13007"
"23079","PVU_K0001","01/01/2000 00:00:00","08/29/2013 00:00:00","0","ITSP","03/30/2018 00:00:00","ENW","ITSP","03/30/2018 00:00:00","ENW","13007"
"27008","PVU_K0001","01/01/2000 00:00:00","08/29/2013 00:00:00","0","ITSP","03/30/2018 00:00:00","ENW","ITSP","03/30/2018 00:00:00","ENW","13007"
"37016","PVU_K0001","01/01/2000 00:00:00","08/29/2013 00:00:00","0","ITSP","03/30/2018 00:00:00","ENW","ITSP","03/30/2018 00:00:00","ENW","13007"
"27100","PVU_K0001","04/01/2018 00:00:00","12/31/9999 00:00:00","0","itg04213","03/31/2018 16:31:43","PVU_EX_1400","itg04213","03/31/2018 16:31:43","PVU_EX_1400","27100"
"13214","PVU_K0001","04/01/2018 00:00:00","12/31/9999 00:00:00","0","itg04213","03/31/2018 16:36:26","PVU_EX_1400","itg04213","03/31/2018 16:36:26","PVU_EX_1400","13214"
"13217","PVU_K0001","03/01/2019 00:00:00","12/31/9999 00:00:00","0","itg04213","02/15/2019 13:50:36","PVU_EX_1400","itg04213","02/15/2019 13:50:36","PVU_EX_1400","13193"
"13217","PVU_K0004","03/01/2019 00:00:00","12/31/9999 00:00:00","0","itg04213","02/15/2019 13:54:46","PVU_EX_1400","itg04213","02/15/2019 13:54:46","PVU_EX_1400","13217"
"13201","PVU_K0001","03/01/2019 00:00:00","12/31/9999 00:00:00","0","itg04213","02/15/2019 13:58:13","PVU_EX_1400","itg04213","02/15/2019 13:58:13","PVU_EX_1400","13193"
"37011","PVU_K0002","04/04/2019 00:00:00","04/15/2019 00:00:00","0","itg04213","04/04/2019 15:50:41","PVU_EX_1400","itg04213","04/04/2019 15:50:41","PVU_EX_1400","37011"
"13001","PVU_K0003","05/08/2019 00:00:00","12/31/9999 00:00:00","0","itg40916","05/08/2019 11:27:34","PVU_EX_1400","itg40916","05/08/2019 11:27:34","PVU_EX_1400","13001"
"16002","PVU_K0003","05/16/2019 00:00:00","12/31/9999 00:00:00","0","itg40916","05/16/2019 15:32:59","PVU_EX_1400","itg40916","05/16/2019 15:32:59","PVU_EX_1400","16002"
"27194","PVU_K0003","10/08/2019 00:00:00","12/31/9999 00:00:00","0","itg19647","10/08/2019 11:42:30","PVU_EX_1400","itg19647","10/08/2019 11:42:30","PVU_EX_1400","27194"
"34039","PVU_K0003","01/08/2021 00:00:00","12/31/9999 00:00:00","0","itg19647","01/08/2021 10:07:04","PVU_EX_1400","itg19647","01/08/2021 10:07:04","PVU_EX_1400","13803"
"34039","PVU_K0004","01/14/2021 00:00:00","12/31/9999 00:00:00","0","itg36186","01/14/2021 15:47:03","PVU_EX_1400","itg36186","01/14/2021 15:47:03","PVU_EX_1400","34039"
"04006","PVU_K0001","01/15/2021 00:00:00","12/31/9999 00:00:00","0","itg36186","01/15/2021 13:54:30","PVU_EX_1400","itg36186","01/15/2021 13:54:30","PVU_EX_1400","13803"
"39001","PVU_K0002","04/05/2022 00:00:00","12/31/9999 00:00:00","0","itg19647","04/05/2022 16:30:07","PVU_EX_1400","itg19647","04/05/2022 16:30:07","PVU_EX_1400","37017"
"40024","PVU_K0002","04/06/2022 00:00:00","09/30/2025 00:00:00","0","itg36186","04/06/2022 16:26:34","PVU_EX_1400","itg36186","04/06/2022 16:26:34","PVU_EX_1400","44001"
"40002","PVU_K0002","10/06/2022 00:00:00","12/31/9999 00:00:00","0","itg19647","10/06/2022 14:02:05","PVU_EX_1400","itg19647","10/06/2022 14:02:05","PVU_EX_1400","28026"
"23003","PVU_K0002","04/10/2023 00:00:00","09/30/2025 00:00:00","0","itg45886","04/10/2023 11:00:12","PVU_EX_1400","itg45886","04/10/2023 11:00:12","PVU_EX_1400","23049"
"23003","PVU_K0004","04/10/2023 00:00:00","12/31/9999 00:00:00","0","itg45886","04/10/2023 11:00:12","PVU_EX_1400","itg45886","04/10/2023 11:00:12","PVU_EX_1400","23009"
"07005","PVU_K0002","04/18/2023 00:00:00","09/30/2025 00:00:00","0","itg39895","04/14/2023 11:26:14","PVU_EX_1400","itg04213","04/14/2023 11:26:14","Tenyuryoku","13149"
"07005","PVU_K0004","04/18/2023 00:00:00","12/31/9999 00:00:00","0","itg39895","04/14/2023 11:26:14","PVU_EX_1400","itg04213","04/14/2023 11:26:14","Tenyuryoku","07004"
"03031","PVU_K0001","04/01/2018 00:00:00","12/31/9999 00:00:00","0","itg04213","03/31/2018 16:33:36","PVU_EX_1400","itg04213","03/31/2018 16:33:36","PVU_EX_1400","03031"
"14001","PVU_K0001","05/08/2018 00:00:00","12/31/9999 00:00:00","0","itg04213","05/08/2018 15:34:43","PVU_EX_1400","itg04213","05/08/2018 15:34:43","PVU_EX_1400","14001"
"14002","PVU_K0001","05/08/2018 00:00:00","12/31/9999 00:00:00","0","itg04213","05/08/2018 15:35:20","PVU_EX_1400","itg04213","05/08/2018 15:35:20","PVU_EX_1400","14002"
"23001","PVU_K0001","05/08/2018 00:00:00","12/31/9999 00:00:00","0","itg04213","05/08/2018 15:36:42","PVU_EX_1400","itg04213","05/08/2018 15:36:42","PVU_EX_1400","23001"
"04003","PVU_K0001","05/21/2018 00:00:00","12/31/9999 00:00:00","0","itg04213","05/21/2018 14:22:44","PVU_EX_1400","itg04213","05/21/2018 14:22:44","PVU_EX_1400","04003"
"01053","PVU_K0003","07/01/2018 00:00:00","09/30/2025 00:00:00","0","itg04213","06/22/2018 14:50:41","PVU_EX_1400","itg04213","06/22/2018 14:50:41","PVU_EX_1400","13149"
"04044","PVU_K0001","08/16/2018 00:00:00","12/31/9999 00:00:00","0","itg04213","08/16/2018 12:27:14","PVU_EX_1400","itg04213","08/16/2018 12:27:14","PVU_EX_1400","04050"
"03010","PVU_K0005","10/01/2018 00:00:00","12/31/9999 00:00:00","0","itg04213","09/14/2018 09:38:56","PVU_EX_1400","itg04213","09/14/2018 09:38:56","PVU_EX_1400","03027"
"16021","PVU_K0002","10/23/2018 00:00:00","09/30/2025 00:00:00","0","itg04213","10/23/2018 11:32:49","PVU_EX_1400","itg04213","10/23/2018 11:32:49","PVU_EX_1400","13013"
"13217","PVU_K0003","03/01/2019 00:00:00","12/31/9999 00:00:00","0","itg04213","02/15/2019 13:54:46","PVU_EX_1400","itg04213","02/15/2019 13:54:46","PVU_EX_1400","13217"
"37011","PVU_K0003","04/04/2019 00:00:00","12/31/9999 00:00:00","0","itg04213","04/04/2019 15:50:41","PVU_EX_1400","itg04213","04/04/2019 15:50:41","PVU_EX_1400","37011"
"04006","PVU_K0003","01/15/2021 00:00:00","12/31/9999 00:00:00","0","itg36186","01/15/2021 13:54:30","PVU_EX_1400","itg36186","01/15/2021 13:54:30","PVU_EX_1400","13803"
"37011","PVU_K0002","04/05/2022 00:00:00","12/31/9999 00:00:00","0","itg19647","04/05/2022 16:45:15","PVU_EX_1400","itg19647","04/05/2022 16:45:15","PVU_EX_1400","37017"
"40079","PVU_K0003","04/06/2022 00:00:00","12/31/9999 00:00:00","0","itg36186","04/06/2022 16:39:31","PVU_EX_1400","itg36186","04/06/2022 16:39:31","PVU_EX_1400","40035"
"42001","PVU_K0001","04/01/2024 00:00:00","12/31/9999 00:00:00","0","itg45886","03/25/2024 13:26:35","PVU_EX_1400","itg45886","03/25/2024 13:26:35","PVU_EX_1400","13160"
"16021","PVU_K0003","04/01/2024 00:00:00","09/30/2025 00:00:00","0","itg45886","04/01/2024 13:07:37","PVU_EX_1400","itg45886","04/01/2024 13:07:37","PVU_EX_1400","13013"
"42001","PVU_K0002","04/01/2024 00:00:00","12/31/9999 00:00:00","0","itg45886","03/25/2024 13:26:35","PVU_EX_1400","itg45886","03/25/2024 13:26:35","PVU_EX_1400","28026"
"04042","PVU_K0002","10/01/2025 00:00:00","12/31/9999 00:00:00","0","itg39895","09/16/2025 13:26:22","PVU_EX_1400","itg39895","09/16/2025 13:26:22","PVU_EX_1400","13079"
"06010","PVU_K0002","10/01/2025 00:00:00","12/31/9999 00:00:00","0","itg39895","09/16/2025 13:47:54","PVU_EX_1400","itg39895","09/16/2025 13:47:54","PVU_EX_1400","13079"
"07022","PVU_K0002","10/01/2025 00:00:00","12/31/9999 00:00:00","0","itg39895","09/16/2025 13:48:42","PVU_EX_1400","itg39895","09/16/2025 13:48:42","PVU_EX_1400","13079"
"04048","PVU_K0003","10/01/2025 00:00:00","12/31/9999 00:00:00","0","itg46273","09/16/2025 13:49:22","PVU_EX_1400","itg46273","09/16/2025 13:49:22","PVU_EX_1400","13159"
"09012","PVU_K0002","10/01/2025 00:00:00","12/31/9999 00:00:00","0","itg39895","09/16/2025 13:49:23","PVU_EX_1400","itg39895","09/16/2025 13:49:23","PVU_EX_1400","13079"
"13078","PVU_K0002","10/01/2025 00:00:00","12/31/9999 00:00:00","0","itg39895","09/16/2025 13:50:08","PVU_EX_1400","itg39895","09/16/2025 13:50:08","PVU_EX_1400","13079"
"15002","PVU_K0002","10/01/2025 00:00:00","12/31/9999 00:00:00","0","itg39895","09/16/2025 13:50:57","PVU_EX_1400","itg39895","09/16/2025 13:50:57","PVU_EX_1400","13079"
"26014","PVU_K0003","10/01/2025 00:00:00","12/31/9999 00:00:00","0","itg39895","09/16/2025 13:51:58","PVU_EX_1400","itg39895","09/16/2025 13:51:58","PVU_EX_1400","27041"
"08021","PVU_K0003","10/01/2025 00:00:00","12/31/9999 00:00:00","0","itg46273","09/16/2025 13:54:00","PVU_EX_1400","itg46273","09/16/2025 13:54:00","PVU_EX_1400","13159"
"28023","PVU_K0002","10/01/2025 00:00:00","12/31/9999 00:00:00","0","itg39895","09/16/2025 13:54:04","PVU_EX_1400","itg39895","09/16/2025 13:54:04","PVU_EX_1400","13079"
"30016","PVU_K0002","10/01/2025 00:00:00","12/31/9999 00:00:00","0","itg39895","09/16/2025 13:54:59","PVU_EX_1400","itg39895","09/16/2025 13:54:59","PVU_EX_1400","13079"
"30016","PVU_K0003","10/01/2025 00:00:00","12/31/9999 00:00:00","0","itg39895","09/16/2025 13:54:59","PVU_EX_1400","itg39895","09/16/2025 13:54:59","PVU_EX_1400","27041"
"02018","PVU_K0002","10/01/2025 00:00:00","12/31/9999 00:00:00","0","itg39895","09/16/2025 13:39:48","PVU_EX_1400","itg39895","09/16/2025 13:39:48","PVU_EX_1400","13079"
"04001","PVU_K0002","10/01/2025 00:00:00","12/31/9999 00:00:00","0","itg39895","09/16/2025 13:41:49","PVU_EX_1400","itg39895","09/16/2025 13:41:49","PVU_EX_1400","13079"
"05007","PVU_K0002","10/01/2025 00:00:00","12/31/9999 00:00:00","0","itg39895","09/16/2025 13:47:11","PVU_EX_1400","itg39895","09/16/2025 13:47:11","PVU_EX_1400","13079"
"05017","PVU_K0003","10/01/2025 00:00:00","12/31/9999 00:00:00","0","itg46273","09/16/2025 13:53:11","PVU_EX_1400","itg46273","09/16/2025 13:53:11","PVU_EX_1400","13159"
"27042","PVU_K0003","10/01/2025 00:00:00","12/31/9999 00:00:00","0","itg39895","09/16/2025 13:53:17","PVU_EX_1400","itg39895","09/16/2025 13:53:17","PVU_EX_1400","27041"
"11026","PVU_K0003","10/01/2025 00:00:00","12/31/9999 00:00:00","0","itg46273","09/16/2025 13:55:20","PVU_EX_1400","itg46273","09/16/2025 13:55:20","PVU_EX_1400","13159"
"13161","PVU_K0003","10/01/2025 00:00:00","12/31/9999 00:00:00","0","itg46273","09/16/2025 13:58:55","PVU_EX_1400","itg46273","09/16/2025 13:58:55","PVU_EX_1400","13159"
"13013","PVU_K0002","10/01/2025 00:00:00","12/31/9999 00:00:00","0","itg39895","09/16/2025 14:04:10","PVU_EX_1400","itg39895","09/16/2025 14:04:10","PVU_EX_1400","13014"
"13013","PVU_K0003","10/01/2025 00:00:00","12/31/9999 00:00:00","0","itg39895","09/16/2025 14:04:10","PVU_EX_1400","itg39895","09/16/2025 14:04:10","PVU_EX_1400","13015"
"01003","PVU_K0002","10/01/2025 00:00:00","12/31/9999 00:00:00","0","itg39895","09/16/2025 14:04:48","PVU_EX_1400","itg39895","09/16/2025 14:04:48","PVU_EX_1400","13014"
"02027","PVU_K0002","10/01/2025 00:00:00","12/31/9999 00:00:00","0","itg39895","09/16/2025 14:05:32","PVU_EX_1400","itg39895","09/16/2025 14:05:32","PVU_EX_1400","13014"
"03028","PVU_K0002","10/01/2025 00:00:00","12/31/9999 00:00:00","0","itg39895","09/16/2025 14:06:16","PVU_EX_1400","itg39895","09/16/2025 14:06:16","PVU_EX_1400","13014"
"03028","PVU_K0003","10/01/2025 00:00:00","12/31/9999 00:00:00","0","itg39895","09/16/2025 14:06:16","PVU_EX_1400","itg39895","09/16/2025 14:06:16","PVU_EX_1400","13015"
"04051","PVU_K0002","10/01/2025 00:00:00","12/31/9999 00:00:00","0","itg39895","09/16/2025 14:06:54","PVU_EX_1400","itg39895","09/16/2025 14:06:54","PVU_EX_1400","13014"
"04051","PVU_K0003","10/01/2025 00:00:00","12/31/9999 00:00:00","0","itg39895","09/16/2025 14:06:54","PVU_EX_1400","itg39895","09/16/2025 14:06:54","PVU_EX_1400","13015"
"05018","PVU_K0002","10/01/2025 00:00:00","12/31/9999 00:00:00","0","itg39895","09/16/2025 14:07:37","PVU_EX_1400","itg39895","09/16/2025 14:07:37","PVU_EX_1400","13014"
"06016","PVU_K0002","10/01/2025 00:00:00","12/31/9999 00:00:00","0","itg39895","09/16/2025 14:08:23","PVU_EX_1400","itg39895","09/16/2025 14:08:23","PVU_EX_1400","13014"
"07028","PVU_K0002","10/01/2025 00:00:00","12/31/9999 00:00:00","0","itg39895","09/16/2025 14:09:03","PVU_EX_1400","itg39895","09/16/2025 14:09:03","PVU_EX_1400","13014"
"08095","PVU_K0002","10/01/2025 00:00:00","12/31/9999 00:00:00","0","itg39895","09/16/2025 14:09:43","PVU_EX_1400","itg39895","09/16/2025 14:09:43","PVU_EX_1400","13014"
"08095","PVU_K0003","10/01/2025 00:00:00","12/31/9999 00:00:00","0","itg39895","09/16/2025 14:09:43","PVU_EX_1400","itg39895","09/16/2025 14:09:43","PVU_EX_1400","13015"
"09013","PVU_K0002","10/01/2025 00:00:00","12/31/9999 00:00:00","0","itg39895","09/16/2025 14:10:19","PVU_EX_1400","itg39895","09/16/2025 14:10:19","PVU_EX_1400","13014"
"09013","PVU_K0003","10/01/2025 00:00:00","12/31/9999 00:00:00","0","itg39895","09/16/2025 14:10:19","PVU_EX_1400","itg39895","09/16/2025 14:10:19","PVU_EX_1400","13015"
"09016","PVU_K0002","10/01/2025 00:00:00","12/31/9999 00:00:00","0","itg39895","09/16/2025 14:10:57","PVU_EX_1400","itg39895","09/16/2025 14:10:57","PVU_EX_1400","13014"
"09016","PVU_K0003","10/01/2025 00:00:00","12/31/9999 00:00:00","0","itg39895","09/16/2025 14:10:57","PVU_EX_1400","itg39895","09/16/2025 14:10:57","PVU_EX_1400","13015"
"11008","PVU_K0003","10/01/2025 00:00:00","12/31/9999 00:00:00","0","itg39895","09/16/2025 14:12:09","PVU_EX_1400","itg39895","09/16/2025 14:12:09","PVU_EX_1400","13015"
"15013","PVU_K0002","10/01/2025 00:00:00","12/31/9999 00:00:00","0","itg39895","09/16/2025 14:13:59","PVU_EX_1400","itg39895","09/16/2025 14:13:59","PVU_EX_1400","13014"
"16021","PVU_K0002","10/01/2025 00:00:00","12/31/9999 00:00:00","0","itg39895","09/16/2025 14:14:32","PVU_EX_1400","itg39895","09/16/2025 14:14:32","PVU_EX_1400","13014"
"19011","PVU_K0002","10/01/2025 00:00:00","12/31/9999 00:00:00","0","itg39895","09/16/2025 14:15:07","PVU_EX_1400","itg39895","09/16/2025 14:15:07","PVU_EX_1400","13014"
"20023","PVU_K0002","10/01/2025 00:00:00","12/31/9999 00:00:00","0","itg39895","09/16/2025 14:15:48","PVU_EX_1400","itg39895","09/16/2025 14:15:48","PVU_EX_1400","13014"
"21890","PVU_K0002","10/01/2025 00:00:00","12/31/9999 00:00:00","0","itg39895","09/16/2025 14:16:21","PVU_EX_1400","itg39895","09/16/2025 14:16:21","PVU_EX_1400","13014"
"22890","PVU_K0002","10/01/2025 00:00:00","12/31/9999 00:00:00","0","itg39895","09/16/2025 14:16:58","PVU_EX_1400","itg39895","09/16/2025 14:16:58","PVU_EX_1400","13014"
"23890","PVU_K0003","10/01/2025 00:00:00","12/31/9999 00:00:00","0","itg39895","09/16/2025 14:17:37","PVU_EX_1400","itg39895","09/16/2025 14:17:37","PVU_EX_1400","13015"
"24890","PVU_K0003","10/01/2025 00:00:00","12/31/9999 00:00:00","0","itg39895","09/16/2025 14:18:13","PVU_EX_1400","itg39895","09/16/2025 14:18:13","PVU_EX_1400","13015"
"25008","PVU_K0002","10/01/2025 00:00:00","12/31/9999 00:00:00","0","itg39895","09/16/2025 14:18:50","PVU_EX_1400","itg39895","09/16/2025 14:18:50","PVU_EX_1400","13014"
"26024","PVU_K0003","10/01/2025 00:00:00","12/31/9999 00:00:00","0","itg39895","09/16/2025 14:19:23","PVU_EX_1400","itg39895","09/16/2025 14:19:23","PVU_EX_1400","13015"
"27086","PVU_K0002","10/01/2025 00:00:00","12/31/9999 00:00:00","0","itg39895","09/16/2025 14:19:55","PVU_EX_1400","itg39895","09/16/2025 14:19:55","PVU_EX_1400","13014"
"28037","PVU_K0002","10/01/2025 00:00:00","12/31/9999 00:00:00","0","itg39895","09/16/2025 14:20:30","PVU_EX_1400","itg39895","09/16/2025 14:20:30","PVU_EX_1400","13014"
"29016","PVU_K0003","10/01/2025 00:00:00","12/31/9999 00:00:00","0","itg39895","09/16/2025 14:21:09","PVU_EX_1400","itg39895","09/16/2025 14:21:09","PVU_EX_1400","13015"
"30018","PVU_K0003","10/01/2025 00:00:00","12/31/9999 00:00:00","0","itg39895","09/16/2025 14:21:50","PVU_EX_1400","itg39895","09/16/2025 14:21:50","PVU_EX_1400","13015"
"34041","PVU_K0002","10/01/2025 00:00:00","12/31/9999 00:00:00","0","itg39895","09/16/2025 14:22:31","PVU_EX_1400","itg39895","09/16/2025 14:22:31","PVU_EX_1400","13014"
"13162","PVU_K0003","10/01/2025 00:00:00","12/31/9999 00:00:00","0","itg46273","09/16/2025 14:25:04","PVU_EX_1400","itg46273","09/16/2025 14:25:04","PVU_EX_1400","13159"
"13010","PVU_K0002","10/01/2025 00:00:00","12/31/9999 00:00:00","0","itg39895","09/16/2025 14:25:08","PVU_EX_1400","itg39895","09/16/2025 14:25:08","PVU_EX_1400","13014"
"25007","PVU_K0002","10/01/2025 00:00:00","11/04/2025 00:00:00","0","itg39895","09/16/2025 14:25:43","PVU_EX_1400","itg45886","11/05/2025 13:33:42","PVU_EX_1400","13014"
"40091","PVU_K0002","10/01/2025 00:00:00","11/04/2025 00:00:00","0","itg39895","09/16/2025 14:26:16","PVU_EX_1400","itg45886","11/05/2025 13:34:52","PVU_EX_1400","13014"
"43099","PVU_K0003","10/01/2025 00:00:00","12/31/9999 00:00:00","0","itg46273","09/16/2025 14:28:01","PVU_EX_1400","itg46273","09/16/2025 14:28:01","PVU_EX_1400","43066"
"04046","PVU_K0002","10/01/2025 00:00:00","12/31/9999 00:00:00","0","itg39895","09/16/2025 14:28:37","PVU_EX_1400","itg39895","09/16/2025 14:28:37","PVU_EX_1400","13147"
"14056","PVU_K0003","10/01/2025 00:00:00","12/31/9999 00:00:00","0","itg46273","09/16/2025 14:30:14","PVU_EX_1400","itg46273","09/16/2025 14:30:14","PVU_EX_1400","13159"
"06015","PVU_K0002","10/01/2025 00:00:00","12/31/9999 00:00:00","0","itg39895","09/16/2025 14:30:38","PVU_EX_1400","itg39895","09/16/2025 14:30:38","PVU_EX_1400","13147"
"17022","PVU_K0003","10/01/2025 00:00:00","12/31/9999 00:00:00","0","itg46273","09/16/2025 14:31:15","PVU_EX_1400","itg46273","09/16/2025 14:31:15","PVU_EX_1400","13159"
"07004","PVU_K0002","10/01/2025 00:00:00","12/31/9999 00:00:00","0","itg39895","09/16/2025 14:31:48","PVU_EX_1400","itg39895","09/16/2025 14:31:48","PVU_EX_1400","13147"
"07005","PVU_K0002","10/01/2025 00:00:00","12/31/9999 00:00:00","0","itg39895","09/16/2025 14:32:33","PVU_EX_1400","itg39895","09/16/2025 14:32:33","PVU_EX_1400","13147"
"13149","PVU_K0002","10/01/2025 00:00:00","12/31/9999 00:00:00","0","itg39895","09/16/2025 14:33:06","PVU_EX_1400","itg39895","09/16/2025 14:33:06","PVU_EX_1400","13147"
"14025","PVU_K0003","10/01/2025 00:00:00","12/31/9999 00:00:00","0","itg39895","09/16/2025 14:13:28","PVU_EX_1400","itg39895","09/16/2025 14:13:28","PVU_EX_1400","13015"
"23890","PVU_K0002","10/01/2025 00:00:00","12/31/9999 00:00:00","0","itg39895","09/16/2025 14:17:37","PVU_EX_1400","itg39895","09/16/2025 14:17:37","PVU_EX_1400","13014"
"24890","PVU_K0002","10/01/2025 00:00:00","12/31/9999 00:00:00","0","itg39895","09/16/2025 14:18:13","PVU_EX_1400","itg39895","09/16/2025 14:18:13","PVU_EX_1400","13014"
"26024","PVU_K0002","10/01/2025 00:00:00","12/31/9999 00:00:00","0","itg39895","09/16/2025 14:19:23","PVU_EX_1400","itg39895","09/16/2025 14:19:23","PVU_EX_1400","13014"
"47011","PVU_K0002","10/01/2025 00:00:00","12/31/9999 00:00:00","0","itg39895","09/16/2025 14:24:29","PVU_EX_1400","itg39895","09/16/2025 14:24:29","PVU_EX_1400","13014"
"13180","PVU_K0003","10/01/2025 00:00:00","12/31/9999 00:00:00","0","itg46273","09/16/2025 14:26:22","PVU_EX_1400","itg46273","09/16/2025 14:26:22","PVU_EX_1400","13159"
"03027","PVU_K0002","10/01/2025 00:00:00","12/31/9999 00:00:00","0","itg39895","09/16/2025 14:28:00","PVU_EX_1400","itg39895","09/16/2025 14:28:00","PVU_EX_1400","13147"
"42002","PVU_K0003","10/01/2025 00:00:00","12/31/9999 00:00:00","0","itg39895","09/16/2025 14:49:27","PVU_EX_1400","itg39895","09/16/2025 14:49:27","PVU_EX_1400","42102"
"43011","PVU_K0003","10/01/2025 00:00:00","12/31/9999 00:00:00","0","itg39895","09/16/2025 14:50:10","PVU_EX_1400","itg39895","09/16/2025 14:50:10","PVU_EX_1400","42102"
"23049","PVU_K0003","10/01/2025 00:00:00","12/31/9999 00:00:00","0","itg39895","09/16/2025 15:03:04","PVU_EX_1400","itg39895","09/16/2025 15:03:04","PVU_EX_1400","23048"
"16005","PVU_K0002","10/01/2025 00:00:00","12/31/9999 00:00:00","0","itg39895","09/16/2025 15:03:34","PVU_EX_1400","itg39895","09/16/2025 15:03:34","PVU_EX_1400","23047"
"17004","PVU_K0002","10/01/2025 00:00:00","12/31/9999 00:00:00","0","itg39895","09/16/2025 15:04:04","PVU_EX_1400","itg39895","09/16/2025 15:04:04","PVU_EX_1400","23047"
"18009","PVU_K0002","10/01/2025 00:00:00","12/31/9999 00:00:00","0","itg39895","09/16/2025 15:04:34","PVU_EX_1400","itg39895","09/16/2025 15:04:34","PVU_EX_1400","23047"
"46005","PVU_K0002","10/01/2025 00:00:00","12/31/9999 00:00:00","0","itg39895","09/16/2025 15:19:50","PVU_EX_1400","itg39895","09/16/2025 15:19:50","PVU_EX_1400","40044"
"13148","PVU_K0002","11/27/2025 00:00:00","12/31/9999 00:00:00","0","itg45886","11/27/2025 10:38:26","PVU_EX_1400","itg45886","11/27/2025 10:38:26","PVU_EX_1400","13147"
"13147","PVU_K0001","12/01/2025 00:00:00","12/31/9999 00:00:00","0","itg45886","11/28/2025 11:36:22","PVU_EX_1400","itg45886","11/28/2025 11:36:22","PVU_EX_1400","13149"
"13147","PVU_K0002","12/02/2025 00:00:00","12/31/9999 00:00:00","0","itg19647","12/02/2025 15:39:12","PVU_EX_1400","itg19647","12/02/2025 15:39:12","PVU_EX_1400","13147"
"13014","PVU_K0001","12/04/2025 00:00:00","12/31/9999 00:00:00","0","itg45886","12/04/2025 09:38:03","PVU_EX_1400","itg45886","12/04/2025 09:38:03","PVU_EX_1400","13013"
"13014","PVU_K0003","12/04/2025 00:00:00","12/31/9999 00:00:00","0","itg45886","12/04/2025 09:38:03","PVU_EX_1400","itg45886","12/04/2025 09:38:03","PVU_EX_1400","13015"
"13079","PVU_K0001","12/04/2025 00:00:00","12/31/9999 00:00:00","0","itg45886","12/04/2025 11:47:00","PVU_EX_1400","itg45886","12/04/2025 11:47:00","PVU_EX_1400","04001"
"27041","PVU_K0001","12/04/2025 00:00:00","12/31/9999 00:00:00","0","itg36186","12/04/2025 13:26:55","PVU_EX_1400","itg36186","12/04/2025 13:26:55","PVU_EX_1400","27042"
"41006","PVU_K0001","12/04/2025 00:00:00","12/31/9999 00:00:00","0","itg45886","12/04/2025 13:56:49","PVU_EX_1400","itg45886","12/04/2025 13:56:49","PVU_EX_1400","44001"
"41006","PVU_K0003","12/04/2025 00:00:00","12/31/9999 00:00:00","0","itg45886","12/04/2025 13:56:49","PVU_EX_1400","itg45886","12/04/2025 13:56:49","PVU_EX_1400","41006"
"23048","PVU_K0002","12/04/2025 00:00:00","12/31/9999 00:00:00","0","itg36186","12/04/2025 14:34:59","PVU_EX_1400","itg36186","12/04/2025 14:34:59","PVU_EX_1400","23047"
"13159","PVU_K0001","12/04/2025 00:00:00","12/31/9999 00:00:00","0","itg36186","12/04/2025 14:59:42","PVU_EX_1400","itg36186","12/04/2025 14:59:42","PVU_EX_1400","13160"
"13159","PVU_K0003","12/04/2025 00:00:00","12/31/9999 00:00:00","0","itg36186","12/04/2025 14:59:42","PVU_EX_1400","itg36186","12/04/2025 14:59:42","PVU_EX_1400","13159"
"35001","PVU_K0001","04/01/2026 00:00:00","12/31/9999 00:00:00","0","itg37786","02/18/2026 11:33:15","PVU_EX_1400","itg37786","02/18/2026 11:33:15","PVU_EX_1400","13149"
"35001","PVU_K0003","04/01/2026 00:00:00","12/31/9999 00:00:00","0","itg37786","02/18/2026 11:33:15","PVU_EX_1400","itg37786","02/18/2026 11:33:15","PVU_EX_1400","34010"
"32001","PVU_K0002","04/01/2026 00:00:00","12/31/9999 00:00:00","0","itg37786","02/18/2026 16:25:49","PVU_EX_1400","itg37786","02/18/2026 16:25:49","PVU_EX_1400","13147"
"33001","PVU_K0001","04/01/2026 00:00:00","12/31/9999 00:00:00","0","itg37786","02/19/2026 11:55:58","PVU_EX_1400","itg37786","02/19/2026 11:55:58","PVU_EX_1400","13149"
"33001","PVU_K0003","04/01/2026 00:00:00","12/31/9999 00:00:00","0","itg37786","02/19/2026 11:55:58","PVU_EX_1400","itg37786","02/19/2026 11:55:58","PVU_EX_1400","34010"
"38001","PVU_K0002","04/01/2026 00:00:00","12/31/9999 00:00:00","0","itg37786","02/19/2026 14:34:02","PVU_EX_1400","itg37786","02/19/2026 14:34:02","PVU_EX_1400","13147"
"47003","PVU_K0003","04/01/2026 00:00:00","12/31/9999 00:00:00","0","itg37786","02/19/2026 14:47:48","PVU_EX_1400","itg37786","02/19/2026 14:47:48","PVU_EX_1400","47007"
"47004","PVU_K0001","04/01/2026 00:00:00","12/31/9999 00:00:00","0","itg37786","02/19/2026 14:51:39","PVU_EX_1400","itg37786","02/19/2026 14:51:39","PVU_EX_1400","13149"
"47004","PVU_K0003","04/01/2026 00:00:00","12/31/9999 00:00:00","0","itg37786","02/19/2026 14:51:39","PVU_EX_1400","itg37786","02/19/2026 14:51:39","PVU_EX_1400","47007"
"34001","PVU_K0001","04/01/2026 00:00:00","12/31/9999 00:00:00","0","itg37786","02/24/2026 14:28:17","PVU_EX_1400","itg37786","02/24/2026 14:28:17","PVU_EX_1400","13160"
"34001","PVU_K0003","04/01/2026 00:00:00","12/31/9999 00:00:00","0","itg37786","02/24/2026 14:28:17","PVU_EX_1400","itg37786","02/24/2026 14:28:17","PVU_EX_1400","34012"
"42003","PVU_K0001","04/01/2026 00:00:00","12/31/9999 00:00:00","0","itg37786","02/24/2026 14:38:19","PVU_EX_1400","itg37786","02/24/2026 14:38:19","PVU_EX_1400","13160"
"42003","PVU_K0003","04/01/2026 00:00:00","12/31/9999 00:00:00","0","itg37786","02/24/2026 14:38:19","PVU_EX_1400","itg36186","03/12/2026 15:32:11","PVU_EX_1400","42001"
"40006","PVU_K0001","04/01/2026 00:00:00","12/31/9999 00:00:00","0","itg37786","02/25/2026 13:44:40","PVU_EX_1400","itg37786","02/25/2026 13:44:40","PVU_EX_1400","13160"
"40006","PVU_K0003","04/01/2026 00:00:00","12/31/9999 00:00:00","0","itg37786","02/25/2026 13:44:40","PVU_EX_1400","itg37786","02/25/2026 13:44:40","PVU_EX_1400","40061"
"18002","PVU_K0001","04/01/2026 00:00:00","12/31/9999 00:00:00","0","itg36186","03/02/2026 16:39:04","PVU_EX_1400","itg36186","03/02/2026 16:39:04","PVU_EX_1400","13149"
"18002","PVU_K0003","04/01/2026 00:00:00","12/31/9999 00:00:00","0","itg36186","03/02/2026 16:39:04","PVU_EX_1400","itg36186","03/02/2026 16:39:04","PVU_EX_1400","17001"
"13004","PVU_K0001","04/01/2026 00:00:00","12/31/9999 00:00:00","0","itg36186","03/03/2026 10:12:45","PVU_EX_1400","itg36186","03/03/2026 10:12:45","PVU_EX_1400","13149"
"13004","PVU_K0003","04/01/2026 00:00:00","12/31/9999 00:00:00","0","itg36186","03/03/2026 10:12:45","PVU_EX_1400","itg36186","03/03/2026 10:12:45","PVU_EX_1400","13148"
"17024","PVU_K0002","04/01/2026 00:00:00","04/01/2026 00:00:00","0","itg36186","03/05/2026 10:05:14","PVU_EX_1400","itg36186","03/05/2026 10:05:14","PVU_EX_1400","13147"
"34001","PVU_K0004","04/01/2026 00:00:00","12/31/9999 00:00:00","0","itg19647","03/11/2026 13:15:12","PVU_EX_1400","itg19647","03/11/2026 13:15:12","PVU_EX_1400","34012"
"07002","PVU_K0001","04/01/2026 00:00:00","12/31/9999 00:00:00","0","itg36186","03/12/2026 15:47:37","PVU_EX_1400","itg36186","03/12/2026 15:47:37","PVU_EX_1400","13149"
"07002","PVU_K0003","04/01/2026 00:00:00","12/31/9999 00:00:00","0","itg36186","03/12/2026 15:47:37","PVU_EX_1400","itg36186","03/12/2026 15:47:37","PVU_EX_1400","07004"
"37002","PVU_K0001","04/01/2026 00:00:00","12/31/9999 00:00:00","0","itg36186","03/12/2026 15:52:56","PVU_EX_1400","itg36186","03/12/2026 15:52:56","PVU_EX_1400","13149"
"16006","PVU_K0002","04/02/2026 00:00:00","12/31/9999 00:00:00","0","itg36186","04/02/2026 16:42:15","PVU_EX_1400","itg36186","04/02/2026 16:42:15","PVU_EX_1400","17001"
"17024","PVU_K0002","04/02/2026 00:00:00","12/31/9999 00:00:00","0","itg36186","04/02/2026 16:43:15","PVU_EX_1400","itg36186","04/02/2026 16:43:15","PVU_EX_1400","17001"
"18002","PVU_K0002","04/02/2026 00:00:00","12/31/9999 00:00:00","0","itg36186","04/02/2026 16:43:58","PVU_EX_1400","itg36186","04/02/2026 16:43:58","PVU_EX_1400","17001"
"21002","PVU_K0003","10/01/2025 00:00:00","12/31/9999 00:00:00","0","itg39895","09/16/2025 14:33:41","PVU_EX_1400","itg39895","09/16/2025 14:33:41","PVU_EX_1400","13148"
"23052","PVU_K0003","10/01/2025 00:00:00","12/31/9999 00:00:00","0","itg39895","09/16/2025 14:34:49","PVU_EX_1400","itg39895","09/16/2025 14:34:49","PVU_EX_1400","13148"
"24012","PVU_K0002","10/01/2025 00:00:00","12/31/9999 00:00:00","0","itg39895","09/16/2025 14:35:27","PVU_EX_1400","itg39895","09/16/2025 14:35:27","PVU_EX_1400","13147"
"10009","PVU_K0002","10/01/2025 00:00:00","12/31/9999 00:00:00","0","itg39895","09/16/2025 14:57:00","PVU_EX_1400","itg39895","09/16/2025 14:57:00","PVU_EX_1400","23047"
"13148","PVU_K0001","12/01/2025 00:00:00","12/31/9999 00:00:00","0","itg45886","11/28/2025 11:38:56","PVU_EX_1400","itg45886","11/28/2025 11:38:56","PVU_EX_1400","13149"
"13015","PVU_K0002","12/04/2025 00:00:00","12/31/9999 00:00:00","0","itg45886","12/04/2025 09:42:03","PVU_EX_1400","itg45886","12/04/2025 09:42:03","PVU_EX_1400","13014"
"43066","PVU_K0001","12/04/2025 00:00:00","12/31/9999 00:00:00","0","itg45886","12/04/2025 11:26:38","PVU_EX_1400","itg45886","12/04/2025 11:26:38","PVU_EX_1400","43006"
"41005","PVU_K0002","12/04/2025 00:00:00","12/31/9999 00:00:00","0","itg45886","12/04/2025 13:47:24","PVU_EX_1400","itg45886","12/04/2025 13:47:24","PVU_EX_1400","41005"
"13004","PVU_K0002","04/01/2026 00:00:00","12/31/9999 00:00:00","0","itg36186","03/03/2026 10:12:45","PVU_EX_1400","itg36186","03/03/2026 10:12:45","PVU_EX_1400","13147"
"34002","PVU_K0002","04/01/2026 00:00:00","12/31/9999 00:00:00","0","itg36186","03/12/2026 15:50:18","PVU_EX_1400","itg36186","03/12/2026 15:50:18","PVU_EX_1400","13147"
"17002","PVU_K0002","04/01/2026 00:00:00","12/31/9999 00:00:00","0","itg36186","03/12/2026 15:55:12","PVU_EX_1400","itg36186","03/12/2026 15:55:12","PVU_EX_1400","17001"
"43006","PVU_K0003","10/01/2025 00:00:00","12/31/9999 00:00:00","0","itg46273","09/16/2025 13:36:00","PVU_EX_1400","itg46273","09/16/2025 13:36:00","PVU_EX_1400","43066"
"03019","PVU_K0002","10/01/2025 00:00:00","12/31/9999 00:00:00","0","itg39895","09/16/2025 13:40:55","PVU_EX_1400","itg39895","09/16/2025 13:40:55","PVU_EX_1400","13079"
"04041","PVU_K0002","10/01/2025 00:00:00","12/31/9999 00:00:00","0","itg39895","09/16/2025 13:46:20","PVU_EX_1400","itg39895","09/16/2025 13:46:20","PVU_EX_1400","13079"
"01051","PVU_K0003","10/01/2025 00:00:00","12/31/9999 00:00:00","0","itg46273","09/16/2025 13:48:19","PVU_EX_1400","itg46273","09/16/2025 13:48:19","PVU_EX_1400","13159"
"26014","PVU_K0002","10/01/2025 00:00:00","12/31/9999 00:00:00","0","itg39895","09/16/2025 13:51:57","PVU_EX_1400","itg39895","09/16/2025 13:51:57","PVU_EX_1400","13079"
"27042","PVU_K0002","10/01/2025 00:00:00","12/31/9999 00:00:00","0","itg39895","09/16/2025 13:53:17","PVU_EX_1400","itg39895","09/16/2025 13:53:17","PVU_EX_1400","13079"
"28023","PVU_K0003","10/01/2025 00:00:00","12/31/9999 00:00:00","0","itg39895","09/16/2025 13:54:04","PVU_EX_1400","itg39895","09/16/2025 13:54:04","PVU_EX_1400","27041"
"13160","PVU_K0003","10/01/2025 00:00:00","12/31/9999 00:00:00","0","itg46273","09/16/2025 13:57:48","PVU_EX_1400","itg46273","09/16/2025 13:57:48","PVU_EX_1400","13159"
"17001","PVU_K0002","10/01/2025 00:00:00","12/31/9999 00:00:00","0","itg39895","09/16/2025 14:01:29","PVU_EX_1400","itg39895","09/16/2025 14:01:29","PVU_EX_1400","17001"
"17024","PVU_K0002","10/01/2025 00:00:00","03/31/2026 00:00:00","0","itg39895","09/16/2025 14:02:12","PVU_EX_1400","itg39895","09/16/2025 14:02:12","PVU_EX_1400","17001"
"02003","PVU_K0002","10/01/2025 00:00:00","12/31/9999 00:00:00","0","itg39895","09/16/2025 14:03:20","PVU_EX_1400","itg39895","09/16/2025 14:03:20","PVU_EX_1400","13014"
"01003","PVU_K0003","10/01/2025 00:00:00","12/31/9999 00:00:00","0","itg39895","09/16/2025 14:04:48","PVU_EX_1400","itg39895","09/16/2025 14:04:48","PVU_EX_1400","13015"
"02027","PVU_K0003","10/01/2025 00:00:00","12/31/9999 00:00:00","0","itg39895","09/16/2025 14:05:32","PVU_EX_1400","itg39895","09/16/2025 14:05:32","PVU_EX_1400","13015"
"05018","PVU_K0003","10/01/2025 00:00:00","12/31/9999 00:00:00","0","itg39895","09/16/2025 14:07:37","PVU_EX_1400","itg39895","09/16/2025 14:07:37","PVU_EX_1400","13015"
"06016","PVU_K0003","10/01/2025 00:00:00","12/31/9999 00:00:00","0","itg39895","09/16/2025 14:08:23","PVU_EX_1400","itg39895","09/16/2025 14:08:23","PVU_EX_1400","13015"
"10002","PVU_K0002","10/01/2025 00:00:00","12/31/9999 00:00:00","0","itg39895","09/16/2025 14:11:32","PVU_EX_1400","itg39895","09/16/2025 14:11:32","PVU_EX_1400","13014"
"10002","PVU_K0003","10/01/2025 00:00:00","12/31/9999 00:00:00","0","itg39895","09/16/2025 14:11:32","PVU_EX_1400","itg39895","09/16/2025 14:11:32","PVU_EX_1400","13015"
"11008","PVU_K0002","10/01/2025 00:00:00","12/31/9999 00:00:00","0","itg39895","09/16/2025 14:12:09","PVU_EX_1400","itg39895","09/16/2025 14:12:09","PVU_EX_1400","13014"
"12008","PVU_K0002","10/01/2025 00:00:00","12/31/9999 00:00:00","0","itg39895","09/16/2025 14:12:47","PVU_EX_1400","itg39895","09/16/2025 14:12:47","PVU_EX_1400","13014"
"12008","PVU_K0003","10/01/2025 00:00:00","12/31/9999 00:00:00","0","itg39895","09/16/2025 14:12:47","PVU_EX_1400","itg39895","09/16/2025 14:12:47","PVU_EX_1400","13015"
"14025","PVU_K0002","10/01/2025 00:00:00","12/31/9999 00:00:00","0","itg39895","09/16/2025 14:13:28","PVU_EX_1400","itg39895","09/16/2025 14:13:28","PVU_EX_1400","13014"
"15013","PVU_K0003","10/01/2025 00:00:00","12/31/9999 00:00:00","0","itg39895","09/16/2025 14:13:59","PVU_EX_1400","itg39895","09/16/2025 14:13:59","PVU_EX_1400","13015"
"16021","PVU_K0003","10/01/2025 00:00:00","12/31/9999 00:00:00","0","itg39895","09/16/2025 14:14:32","PVU_EX_1400","itg39895","09/16/2025 14:14:32","PVU_EX_1400","13015"
"27086","PVU_K0003","10/01/2025 00:00:00","12/31/9999 00:00:00","0","itg39895","09/16/2025 14:19:55","PVU_EX_1400","itg39895","09/16/2025 14:19:55","PVU_EX_1400","13015"
"37021","PVU_K0002","10/01/2025 00:00:00","12/31/9999 00:00:00","0","itg39895","09/16/2025 14:23:08","PVU_EX_1400","itg39895","09/16/2025 14:23:08","PVU_EX_1400","13014"
"43001","PVU_K0002","10/01/2025 00:00:00","12/31/9999 00:00:00","0","itg39895","09/16/2025 14:23:51","PVU_EX_1400","itg39895","09/16/2025 14:23:51","PVU_EX_1400","13014"
"02026","PVU_K0002","10/01/2025 00:00:00","12/31/9999 00:00:00","0","itg39895","09/16/2025 14:27:28","PVU_EX_1400","itg39895","09/16/2025 14:27:28","PVU_EX_1400","13147"
"05016","PVU_K0002","10/01/2025 00:00:00","12/31/9999 00:00:00","0","itg39895","09/16/2025 14:29:16","PVU_EX_1400","itg39895","09/16/2025 14:29:16","PVU_EX_1400","13147"
"21002","PVU_K0002","10/01/2025 00:00:00","12/31/9999 00:00:00","0","itg39895","09/16/2025 14:33:41","PVU_EX_1400","itg39895","09/16/2025 14:33:41","PVU_EX_1400","13147"
"22024","PVU_K0002","10/01/2025 00:00:00","12/31/9999 00:00:00","0","itg39895","09/16/2025 14:34:14","PVU_EX_1400","itg39895","09/16/2025 14:34:14","PVU_EX_1400","13147"
"23052","PVU_K0002","10/01/2025 00:00:00","12/31/9999 00:00:00","0","itg39895","09/16/2025 14:34:49","PVU_EX_1400","itg39895","09/16/2025 14:34:49","PVU_EX_1400","13147"
"24012","PVU_K0003","10/01/2025 00:00:00","12/31/9999 00:00:00","0","itg39895","09/16/2025 14:35:28","PVU_EX_1400","itg39895","09/16/2025 14:35:28","PVU_EX_1400","13148"
"26008","PVU_K0003","10/01/2025 00:00:00","12/31/9999 00:00:00","0","itg39895","09/16/2025 14:35:58","PVU_EX_1400","itg39895","09/16/2025 14:35:58","PVU_EX_1400","13148"
"27004","PVU_K0003","10/01/2025 00:00:00","12/31/9999 00:00:00","0","itg39895","09/16/2025 14:36:32","PVU_EX_1400","itg39895","09/16/2025 14:36:32","PVU_EX_1400","13148"
"29010","PVU_K0002","10/01/2025 00:00:00","12/31/9999 00:00:00","0","itg39895","09/16/2025 14:37:43","PVU_EX_1400","itg39895","09/16/2025 14:37:43","PVU_EX_1400","13147"
"29010","PVU_K0003","10/01/2025 00:00:00","12/31/9999 00:00:00","0","itg39895","09/16/2025 14:37:43","PVU_EX_1400","itg39895","09/16/2025 14:37:43","PVU_EX_1400","13148"
"29015","PVU_K0002","10/01/2025 00:00:00","12/31/9999 00:00:00","0","itg39895","09/16/2025 14:38:20","PVU_EX_1400","itg39895","09/16/2025 14:38:20","PVU_EX_1400","13147"
"29015","PVU_K0003","10/01/2025 00:00:00","12/31/9999 00:00:00","0","itg39895","09/16/2025 14:38:20","PVU_EX_1400","itg39895","09/16/2025 14:38:20","PVU_EX_1400","13148"
"30008","PVU_K0002","10/01/2025 00:00:00","12/31/9999 00:00:00","0","itg39895","09/16/2025 14:38:56","PVU_EX_1400","itg39895","09/16/2025 14:38:56","PVU_EX_1400","13147"
"30008","PVU_K0003","10/01/2025 00:00:00","12/31/9999 00:00:00","0","itg39895","09/16/2025 14:38:57","PVU_EX_1400","itg39895","09/16/2025 14:38:57","PVU_EX_1400","13148"
"40083","PVU_K0002","10/01/2025 00:00:00","12/31/9999 00:00:00","0","itg39895","09/16/2025 14:39:31","PVU_EX_1400","itg39895","09/16/2025 14:39:31","PVU_EX_1400","13147"
"40083","PVU_K0003","10/01/2025 00:00:00","12/31/9999 00:00:00","0","itg39895","09/16/2025 14:39:31","PVU_EX_1400","itg39895","09/16/2025 14:39:31","PVU_EX_1400","13148"
"01053","PVU_K0002","10/01/2025 00:00:00","12/31/9999 00:00:00","0","itg39895","09/16/2025 14:40:04","PVU_EX_1400","itg39895","09/16/2025 14:40:04","PVU_EX_1400","13147"
"01053","PVU_K0003","10/01/2025 00:00:00","12/31/9999 00:00:00","0","itg39895","09/16/2025 14:40:04","PVU_EX_1400","itg39895","09/16/2025 14:40:04","PVU_EX_1400","13148"
"08504","PVU_K0002","10/01/2025 00:00:00","12/31/9999 00:00:00","0","itg39895","09/16/2025 14:40:41","PVU_EX_1400","itg39895","09/16/2025 14:40:41","PVU_EX_1400","13147"
"08504","PVU_K0003","10/01/2025 00:00:00","12/31/9999 00:00:00","0","itg39895","09/16/2025 14:40:41","PVU_EX_1400","itg39895","09/16/2025 14:40:41","PVU_EX_1400","13148"
"09015","PVU_K0002","10/01/2025 00:00:00","12/31/9999 00:00:00","0","itg39895","09/16/2025 14:41:16","PVU_EX_1400","itg39895","09/16/2025 14:41:16","PVU_EX_1400","13147"
"09015","PVU_K0003","10/01/2025 00:00:00","12/31/9999 00:00:00","0","itg39895","09/16/2025 14:41:16","PVU_EX_1400","itg39895","09/16/2025 14:41:16","PVU_EX_1400","13148"
"10018","PVU_K0002","10/01/2025 00:00:00","12/31/9999 00:00:00","0","itg39895","09/16/2025 14:41:52","PVU_EX_1400","itg39895","09/16/2025 14:41:52","PVU_EX_1400","13147"
"10018","PVU_K0003","10/01/2025 00:00:00","12/31/9999 00:00:00","0","itg39895","09/16/2025 14:41:53","PVU_EX_1400","itg39895","09/16/2025 14:41:53","PVU_EX_1400","13148"
"11009","PVU_K0002","10/01/2025 00:00:00","12/31/9999 00:00:00","0","itg39895","09/16/2025 14:42:32","PVU_EX_1400","itg39895","09/16/2025 14:42:32","PVU_EX_1400","13147"
"11009","PVU_K0003","10/01/2025 00:00:00","12/31/9999 00:00:00","0","itg39895","09/16/2025 14:42:32","PVU_EX_1400","itg39895","09/16/2025 14:42:32","PVU_EX_1400","13148"
"12010","PVU_K0002","10/01/2025 00:00:00","12/31/9999 00:00:00","0","itg39895","09/16/2025 14:43:09","PVU_EX_1400","itg39895","09/16/2025 14:43:09","PVU_EX_1400","13147"
"12010","PVU_K0003","10/01/2025 00:00:00","12/31/9999 00:00:00","0","itg39895","09/16/2025 14:43:09","PVU_EX_1400","itg39895","09/16/2025 14:43:09","PVU_EX_1400","13148"
"13017","PVU_K0002","10/01/2025 00:00:00","12/31/9999 00:00:00","0","itg39895","09/16/2025 14:43:43","PVU_EX_1400","itg39895","09/16/2025 14:43:43","PVU_EX_1400","13147"
"14027","PVU_K0003","10/01/2025 00:00:00","12/31/9999 00:00:00","0","itg39895","09/16/2025 14:44:13","PVU_EX_1400","itg39895","09/16/2025 14:44:13","PVU_EX_1400","13148"
"15020","PVU_K0002","10/01/2025 00:00:00","12/31/9999 00:00:00","0","itg39895","09/16/2025 14:44:43","PVU_EX_1400","itg39895","09/16/2025 14:44:43","PVU_EX_1400","13147"
"15020","PVU_K0003","10/01/2025 00:00:00","12/31/9999 00:00:00","0","itg39895","09/16/2025 14:44:43","PVU_EX_1400","itg39895","09/16/2025 14:44:43","PVU_EX_1400","13148"
"20004","PVU_K0003","10/01/2025 00:00:00","12/31/9999 00:00:00","0","itg39895","09/16/2025 14:45:13","PVU_EX_1400","itg39895","09/16/2025 14:45:13","PVU_EX_1400","13148"
"37001","PVU_K0002","10/01/2025 00:00:00","12/31/9999 00:00:00","0","itg39895","09/16/2025 14:46:21","PVU_EX_1400","itg39895","09/16/2025 14:46:21","PVU_EX_1400","13147"
"47007","PVU_K0002","10/01/2025 00:00:00","12/31/9999 00:00:00","0","itg39895","09/16/2025 14:46:55","PVU_EX_1400","itg39895","09/16/2025 14:46:55","PVU_EX_1400","13147"
"41007","PVU_K0002","10/01/2025 00:00:00","12/31/9999 00:00:00","0","itg39895","09/16/2025 14:48:17","PVU_EX_1400","itg39895","09/16/2025 14:48:17","PVU_EX_1400","13147"
"41007","PVU_K0003","10/01/2025 00:00:00","12/31/9999 00:00:00","0","itg39895","09/16/2025 14:48:17","PVU_EX_1400","itg39895","09/16/2025 14:48:17","PVU_EX_1400","42102"
"42002","PVU_K0002","10/01/2025 00:00:00","12/31/9999 00:00:00","0","itg39895","09/16/2025 14:49:27","PVU_EX_1400","itg39895","09/16/2025 14:49:27","PVU_EX_1400","13147"
"43011","PVU_K0002","10/01/2025 00:00:00","12/31/9999 00:00:00","0","itg39895","09/16/2025 14:50:10","PVU_EX_1400","itg39895","09/16/2025 14:50:10","PVU_EX_1400","13147"
"03005","PVU_K0002","10/01/2025 00:00:00","12/31/9999 00:00:00","0","itg39895","09/16/2025 14:51:29","PVU_EX_1400","itg39895","09/16/2025 14:51:29","PVU_EX_1400","23047"
"09003","PVU_K0002","10/01/2025 00:00:00","12/31/9999 00:00:00","0","itg39895","09/16/2025 14:52:02","PVU_EX_1400","itg39895","09/16/2025 14:52:02","PVU_EX_1400","23047"
"01001","PVU_K0002","10/01/2025 00:00:00","12/31/9999 00:00:00","0","itg39895","09/16/2025 14:52:46","PVU_EX_1400","itg39895","09/16/2025 14:52:46","PVU_EX_1400","23047"
"01001","PVU_K0003","10/01/2025 00:00:00","12/31/9999 00:00:00","0","itg39895","09/16/2025 14:52:46","PVU_EX_1400","itg39895","09/16/2025 14:52:46","PVU_EX_1400","23048"
"02017","PVU_K0002","10/01/2025 00:00:00","12/31/9999 00:00:00","0","itg39895","09/16/2025 14:53:24","PVU_EX_1400","itg39895","09/16/2025 14:53:24","PVU_EX_1400","23047"
"02017","PVU_K0003","10/01/2025 00:00:00","12/31/9999 00:00:00","0","itg39895","09/16/2025 14:53:24","PVU_EX_1400","itg39895","09/16/2025 14:53:24","PVU_EX_1400","23048"
"12037","PVU_K0003","10/01/2025 00:00:00","12/31/9999 00:00:00","0","itg46273","09/16/2025 13:57:05","PVU_EX_1400","itg46273","09/16/2025 13:57:05","PVU_EX_1400","13159"
"29016","PVU_K0002","10/01/2025 00:00:00","12/31/9999 00:00:00","0","itg39895","09/16/2025 14:21:09","PVU_EX_1400","itg39895","09/16/2025 14:21:09","PVU_EX_1400","13014"
"30018","PVU_K0002","10/01/2025 00:00:00","12/31/9999 00:00:00","0","itg39895","09/16/2025 14:21:50","PVU_EX_1400","itg39895","09/16/2025 14:21:50","PVU_EX_1400","13014"
"13149","PVU_K0003","10/01/2025 00:00:00","12/31/9999 00:00:00","0","itg39895","09/16/2025 14:33:06","PVU_EX_1400","itg39895","09/16/2025 14:33:06","PVU_EX_1400","13148"
"22024","PVU_K0003","10/01/2025 00:00:00","12/31/9999 00:00:00","0","itg39895","09/16/2025 14:34:14","PVU_EX_1400","itg39895","09/16/2025 14:34:14","PVU_EX_1400","13148"
"14027","PVU_K0002","10/01/2025 00:00:00","12/31/9999 00:00:00","0","itg39895","09/16/2025 14:44:13","PVU_EX_1400","itg39895","09/16/2025 14:44:13","PVU_EX_1400","13147"
"20004","PVU_K0002","10/01/2025 00:00:00","12/31/9999 00:00:00","0","itg39895","09/16/2025 14:45:13","PVU_EX_1400","itg39895","09/16/2025 14:45:13","PVU_EX_1400","13147"
"34010","PVU_K0002","10/01/2025 00:00:00","12/31/9999 00:00:00","0","itg39895","09/16/2025 14:45:48","PVU_EX_1400","itg39895","09/16/2025 14:45:48","PVU_EX_1400","13147"
"04504","PVU_K0002","10/01/2025 00:00:00","12/31/9999 00:00:00","0","itg39895","09/16/2025 14:54:02","PVU_EX_1400","itg39895","09/16/2025 14:54:02","PVU_EX_1400","23047"
"04504","PVU_K0003","10/01/2025 00:00:00","12/31/9999 00:00:00","0","itg39895","09/16/2025 14:54:02","PVU_EX_1400","itg39895","09/16/2025 14:54:02","PVU_EX_1400","23048"
"05013","PVU_K0002","10/01/2025 00:00:00","12/31/9999 00:00:00","0","itg39895","09/16/2025 14:54:34","PVU_EX_1400","itg39895","09/16/2025 14:54:34","PVU_EX_1400","23047"
"05013","PVU_K0003","10/01/2025 00:00:00","12/31/9999 00:00:00","0","itg39895","09/16/2025 14:54:34","PVU_EX_1400","itg39895","09/16/2025 14:54:34","PVU_EX_1400","23048"
"06014","PVU_K0002","10/01/2025 00:00:00","12/31/9999 00:00:00","0","itg39895","09/16/2025 14:55:10","PVU_EX_1400","itg39895","09/16/2025 14:55:10","PVU_EX_1400","23047"
"06014","PVU_K0003","10/01/2025 00:00:00","12/31/9999 00:00:00","0","itg39895","09/16/2025 14:55:10","PVU_EX_1400","itg39895","09/16/2025 14:55:10","PVU_EX_1400","23048"
"07025","PVU_K0002","10/01/2025 00:00:00","12/31/9999 00:00:00","0","itg39895","09/16/2025 14:55:46","PVU_EX_1400","itg39895","09/16/2025 14:55:46","PVU_EX_1400","23047"
"07025","PVU_K0003","10/01/2025 00:00:00","12/31/9999 00:00:00","0","itg39895","09/16/2025 14:55:46","PVU_EX_1400","itg39895","09/16/2025 14:55:46","PVU_EX_1400","23048"
"08010","PVU_K0002","10/01/2025 00:00:00","12/31/9999 00:00:00","0","itg39895","09/16/2025 14:56:17","PVU_EX_1400","itg39895","09/16/2025 14:56:17","PVU_EX_1400","23047"
"08010","PVU_K0003","10/01/2025 00:00:00","12/31/9999 00:00:00","0","itg39895","09/16/2025 14:56:17","PVU_EX_1400","itg39895","09/16/2025 14:56:17","PVU_EX_1400","23048"
"15012","PVU_K0003","10/01/2025 00:00:00","12/31/9999 00:00:00","0","itg39895","09/16/2025 14:57:33","PVU_EX_1400","itg39895","09/16/2025 14:57:33","PVU_EX_1400","23048"
"19003","PVU_K0003","10/01/2025 00:00:00","12/31/9999 00:00:00","0","itg39895","09/16/2025 14:58:04","PVU_EX_1400","itg39895","09/16/2025 14:58:04","PVU_EX_1400","23048"
"20010","PVU_K0003","10/01/2025 00:00:00","12/31/9999 00:00:00","0","itg39895","09/16/2025 14:58:39","PVU_EX_1400","itg39895","09/16/2025 14:58:39","PVU_EX_1400","23048"
"11004","PVU_K0003","10/01/2025 00:00:00","12/31/9999 00:00:00","0","itg39895","09/16/2025 14:59:14","PVU_EX_1400","itg39895","09/16/2025 14:59:14","PVU_EX_1400","23048"
"12004","PVU_K0002","10/01/2025 00:00:00","12/31/9999 00:00:00","0","itg39895","09/16/2025 14:59:47","PVU_EX_1400","itg39895","09/16/2025 14:59:47","PVU_EX_1400","23047"
"12004","PVU_K0003","10/01/2025 00:00:00","12/31/9999 00:00:00","0","itg39895","09/16/2025 14:59:47","PVU_EX_1400","itg39895","09/16/2025 14:59:47","PVU_EX_1400","23048"
"13163","PVU_K0002","10/01/2025 00:00:00","12/31/9999 00:00:00","0","itg39895","09/16/2025 15:00:22","PVU_EX_1400","itg39895","09/16/2025 15:00:22","PVU_EX_1400","23047"
"13163","PVU_K0003","10/01/2025 00:00:00","12/31/9999 00:00:00","0","itg39895","09/16/2025 15:00:22","PVU_EX_1400","itg39895","09/16/2025 15:00:22","PVU_EX_1400","23048"
"13164","PVU_K0002","10/01/2025 00:00:00","12/31/9999 00:00:00","0","itg39895","09/16/2025 15:00:51","PVU_EX_1400","itg39895","09/16/2025 15:00:51","PVU_EX_1400","23047"
"13164","PVU_K0003","10/01/2025 00:00:00","12/31/9999 00:00:00","0","itg39895","09/16/2025 15:00:51","PVU_EX_1400","itg39895","09/16/2025 15:00:51","PVU_EX_1400","23048"
"13165","PVU_K0003","10/01/2025 00:00:00","12/31/9999 00:00:00","0","itg39895","09/16/2025 15:01:26","PVU_EX_1400","itg39895","09/16/2025 15:01:26","PVU_EX_1400","23048"
"14005","PVU_K0003","10/01/2025 00:00:00","12/31/9999 00:00:00","0","itg39895","09/16/2025 15:02:00","PVU_EX_1400","itg39895","09/16/2025 15:02:00","PVU_EX_1400","23048"
"14034","PVU_K0002","10/01/2025 00:00:00","12/31/9999 00:00:00","0","itg39895","09/16/2025 15:02:30","PVU_EX_1400","itg39895","09/16/2025 15:02:30","PVU_EX_1400","23047"
"14034","PVU_K0003","10/01/2025 00:00:00","12/31/9999 00:00:00","0","itg39895","09/16/2025 15:02:30","PVU_EX_1400","itg39895","09/16/2025 15:02:30","PVU_EX_1400","23048"
"20022","PVU_K0003","10/01/2025 00:00:00","12/31/9999 00:00:00","0","itg46273","09/16/2025 15:02:41","PVU_EX_1400","itg46273","09/16/2025 15:02:41","PVU_EX_1400","13159"
"23049","PVU_K0002","10/01/2025 00:00:00","12/31/9999 00:00:00","0","itg39895","09/16/2025 15:03:04","PVU_EX_1400","itg39895","09/16/2025 15:03:04","PVU_EX_1400","23047"
"23100","PVU_K0003","10/01/2025 00:00:00","12/31/9999 00:00:00","0","itg46273","09/16/2025 15:03:34","PVU_EX_1400","itg46273","09/16/2025 15:03:34","PVU_EX_1400","13159"
"16005","PVU_K0003","10/01/2025 00:00:00","12/31/9999 00:00:00","0","itg39895","09/16/2025 15:03:34","PVU_EX_1400","itg39895","09/16/2025 15:03:34","PVU_EX_1400","23048"
"17004","PVU_K0003","10/01/2025 00:00:00","12/31/9999 00:00:00","0","itg39895","09/16/2025 15:04:04","PVU_EX_1400","itg39895","09/16/2025 15:04:04","PVU_EX_1400","23048"
"18009","PVU_K0003","10/01/2025 00:00:00","12/31/9999 00:00:00","0","itg39895","09/16/2025 15:04:34","PVU_EX_1400","itg39895","09/16/2025 15:04:34","PVU_EX_1400","23048"
"21004","PVU_K0002","10/01/2025 00:00:00","12/31/9999 00:00:00","0","itg39895","09/16/2025 15:05:06","PVU_EX_1400","itg39895","09/16/2025 15:05:06","PVU_EX_1400","23047"
"21004","PVU_K0003","10/01/2025 00:00:00","12/31/9999 00:00:00","0","itg39895","09/16/2025 15:05:06","PVU_EX_1400","itg39895","09/16/2025 15:05:06","PVU_EX_1400","23048"
"26023","PVU_K0003","10/01/2025 00:00:00","12/31/9999 00:00:00","0","itg46273","09/16/2025 15:05:21","PVU_EX_1400","itg46273","09/16/2025 15:05:21","PVU_EX_1400","13159"
"22002","PVU_K0002","10/01/2025 00:00:00","12/31/9999 00:00:00","0","itg39895","09/16/2025 15:05:38","PVU_EX_1400","itg39895","09/16/2025 15:05:38","PVU_EX_1400","23047"
"22002","PVU_K0003","10/01/2025 00:00:00","12/31/9999 00:00:00","0","itg39895","09/16/2025 15:05:38","PVU_EX_1400","itg39895","09/16/2025 15:05:38","PVU_EX_1400","23048"
"23003","PVU_K0002","10/01/2025 00:00:00","12/31/9999 00:00:00","0","itg39895","09/16/2025 15:06:08","PVU_EX_1400","itg39895","09/16/2025 15:06:08","PVU_EX_1400","23047"
"23003","PVU_K0003","10/01/2025 00:00:00","12/31/9999 00:00:00","0","itg39895","09/16/2025 15:06:08","PVU_EX_1400","itg39895","09/16/2025 15:06:08","PVU_EX_1400","23048"
"27073","PVU_K0003","10/01/2025 00:00:00","12/31/9999 00:00:00","0","itg46273","09/16/2025 15:06:33","PVU_EX_1400","itg46273","09/16/2025 15:06:33","PVU_EX_1400","13159"
"23009","PVU_K0002","10/01/2025 00:00:00","12/31/9999 00:00:00","0","itg39895","09/16/2025 15:06:37","PVU_EX_1400","itg39895","09/16/2025 15:06:37","PVU_EX_1400","23047"
"23009","PVU_K0003","10/01/2025 00:00:00","12/31/9999 00:00:00","0","itg39895","09/16/2025 15:06:37","PVU_EX_1400","itg39895","09/16/2025 15:06:37","PVU_EX_1400","23048"
"24002","PVU_K0002","10/01/2025 00:00:00","12/31/9999 00:00:00","0","itg39895","09/16/2025 15:07:03","PVU_EX_1400","itg39895","09/16/2025 15:07:03","PVU_EX_1400","23047"
"24002","PVU_K0003","10/01/2025 00:00:00","12/31/9999 00:00:00","0","itg39895","09/16/2025 15:07:03","PVU_EX_1400","itg39895","09/16/2025 15:07:03","PVU_EX_1400","23048"
"27074","PVU_K0003","10/01/2025 00:00:00","12/31/9999 00:00:00","0","itg46273","09/16/2025 15:07:26","PVU_EX_1400","itg46273","09/16/2025 15:07:26","PVU_EX_1400","13159"
"25002","PVU_K0002","10/01/2025 00:00:00","12/31/9999 00:00:00","0","itg39895","09/16/2025 15:07:33","PVU_EX_1400","itg39895","09/16/2025 15:07:33","PVU_EX_1400","23047"
"25002","PVU_K0003","10/01/2025 00:00:00","12/31/9999 00:00:00","0","itg39895","09/16/2025 15:07:33","PVU_EX_1400","itg39895","09/16/2025 15:07:33","PVU_EX_1400","23048"
"26011","PVU_K0002","10/01/2025 00:00:00","12/31/9999 00:00:00","0","itg39895","09/16/2025 15:08:01","PVU_EX_1400","itg39895","09/16/2025 15:08:01","PVU_EX_1400","23047"
"26011","PVU_K0003","10/01/2025 00:00:00","12/31/9999 00:00:00","0","itg39895","09/16/2025 15:08:01","PVU_EX_1400","itg39895","09/16/2025 15:08:01","PVU_EX_1400","23048"
"28036","PVU_K0003","10/01/2025 00:00:00","12/31/9999 00:00:00","0","itg46273","09/16/2025 15:08:09","PVU_EX_1400","itg46273","09/16/2025 15:08:09","PVU_EX_1400","13159"
"27014","PVU_K0002","10/01/2025 00:00:00","12/31/9999 00:00:00","0","itg39895","09/16/2025 15:08:28","PVU_EX_1400","itg39895","09/16/2025 15:08:28","PVU_EX_1400","23047"
"27014","PVU_K0003","10/01/2025 00:00:00","12/31/9999 00:00:00","0","itg39895","09/16/2025 15:08:28","PVU_EX_1400","itg39895","09/16/2025 15:08:28","PVU_EX_1400","23048"
"28022","PVU_K0002","10/01/2025 00:00:00","12/31/9999 00:00:00","0","itg39895","09/16/2025 15:08:58","PVU_EX_1400","itg39895","09/16/2025 15:08:58","PVU_EX_1400","23047"
"28022","PVU_K0003","10/01/2025 00:00:00","12/31/9999 00:00:00","0","itg39895","09/16/2025 15:08:58","PVU_EX_1400","itg39895","09/16/2025 15:08:58","PVU_EX_1400","23048"
"29012","PVU_K0002","10/01/2025 00:00:00","12/31/9999 00:00:00","0","itg39895","09/16/2025 15:09:31","PVU_EX_1400","itg39895","09/16/2025 15:09:31","PVU_EX_1400","23047"
"29012","PVU_K0003","10/01/2025 00:00:00","12/31/9999 00:00:00","0","itg39895","09/16/2025 15:09:31","PVU_EX_1400","itg39895","09/16/2025 15:09:31","PVU_EX_1400","23048"
"30502","PVU_K0002","10/01/2025 00:00:00","12/31/9999 00:00:00","0","itg39895","09/16/2025 15:10:13","PVU_EX_1400","itg39895","09/16/2025 15:10:13","PVU_EX_1400","23047"
"30502","PVU_K0003","10/01/2025 00:00:00","12/31/9999 00:00:00","0","itg39895","09/16/2025 15:10:13","PVU_EX_1400","itg39895","09/16/2025 15:10:13","PVU_EX_1400","23048"
"38010","PVU_K0002","10/01/2025 00:00:00","12/31/9999 00:00:00","0","itg39895","09/16/2025 15:11:49","PVU_EX_1400","itg39895","09/16/2025 15:11:49","PVU_EX_1400","23047"
"40004","PVU_K0002","10/01/2025 00:00:00","12/31/9999 00:00:00","0","itg39895","09/16/2025 15:13:21","PVU_EX_1400","itg39895","09/16/2025 15:13:21","PVU_EX_1400","40044"
"40004","PVU_K0003","10/01/2025 00:00:00","12/31/9999 00:00:00","0","itg39895","09/16/2025 15:13:22","PVU_EX_1400","itg39895","09/16/2025 15:13:22","PVU_EX_1400","40044"
"07028","PVU_K0003","10/01/2025 00:00:00","12/31/9999 00:00:00","0","itg39895","09/16/2025 14:09:03","PVU_EX_1400","itg39895","09/16/2025 14:09:03","PVU_EX_1400","13015"
"19011","PVU_K0003","10/01/2025 00:00:00","12/31/9999 00:00:00","0","itg39895","09/16/2025 14:15:07","PVU_EX_1400","itg39895","09/16/2025 14:15:07","PVU_EX_1400","13015"
"20023","PVU_K0003","10/01/2025 00:00:00","12/31/9999 00:00:00","0","itg39895","09/16/2025 14:15:48","PVU_EX_1400","itg39895","09/16/2025 14:15:48","PVU_EX_1400","13015"
"21890","PVU_K0003","10/01/2025 00:00:00","12/31/9999 00:00:00","0","itg39895","09/16/2025 14:16:21","PVU_EX_1400","itg39895","09/16/2025 14:16:21","PVU_EX_1400","13015"
"22890","PVU_K0003","10/01/2025 00:00:00","12/31/9999 00:00:00","0","itg39895","09/16/2025 14:16:59","PVU_EX_1400","itg39895","09/16/2025 14:16:59","PVU_EX_1400","13015"
"25008","PVU_K0003","10/01/2025 00:00:00","12/31/9999 00:00:00","0","itg39895","09/16/2025 14:18:50","PVU_EX_1400","itg39895","09/16/2025 14:18:50","PVU_EX_1400","13015"
"28037","PVU_K0003","10/01/2025 00:00:00","12/31/9999 00:00:00","0","itg39895","09/16/2025 14:20:30","PVU_EX_1400","itg39895","09/16/2025 14:20:30","PVU_EX_1400","13015"
"15012","PVU_K0002","10/01/2025 00:00:00","12/31/9999 00:00:00","0","itg39895","09/16/2025 14:57:33","PVU_EX_1400","itg39895","09/16/2025 14:57:33","PVU_EX_1400","23047"
"19003","PVU_K0002","10/01/2025 00:00:00","12/31/9999 00:00:00","0","itg39895","09/16/2025 14:58:04","PVU_EX_1400","itg39895","09/16/2025 14:58:04","PVU_EX_1400","23047"
"20010","PVU_K0002","10/01/2025 00:00:00","12/31/9999 00:00:00","0","itg39895","09/16/2025 14:58:39","PVU_EX_1400","itg39895","09/16/2025 14:58:39","PVU_EX_1400","23047"
"13165","PVU_K0002","10/01/2025 00:00:00","12/31/9999 00:00:00","0","itg39895","09/16/2025 15:01:25","PVU_EX_1400","itg39895","09/16/2025 15:01:25","PVU_EX_1400","23047"
"14005","PVU_K0002","10/01/2025 00:00:00","12/31/9999 00:00:00","0","itg39895","09/16/2025 15:02:00","PVU_EX_1400","itg39895","09/16/2025 15:02:00","PVU_EX_1400","23047"
"40010","PVU_K0002","10/01/2025 00:00:00","12/31/9999 00:00:00","0","itg39895","09/16/2025 15:14:04","PVU_EX_1400","itg39895","09/16/2025 15:14:04","PVU_EX_1400","40044"
"40010","PVU_K0003","10/01/2025 00:00:00","12/31/9999 00:00:00","0","itg39895","09/16/2025 15:14:04","PVU_EX_1400","itg39895","09/16/2025 15:14:04","PVU_EX_1400","40044"
"34040","PVU_K0002","10/01/2025 00:00:00","12/31/9999 00:00:00","0","itg46273","09/16/2025 15:14:32","PVU_EX_1400","itg46273","09/16/2025 15:14:32","PVU_EX_1400","41005"
"40014","PVU_K0002","10/01/2025 00:00:00","12/31/9999 00:00:00","0","itg39895","09/16/2025 15:14:53","PVU_EX_1400","itg39895","09/16/2025 15:14:53","PVU_EX_1400","40044"
"35003","PVU_K0002","10/01/2025 00:00:00","12/31/9999 00:00:00","0","itg46273","09/16/2025 15:15:40","PVU_EX_1400","itg46273","09/16/2025 15:15:40","PVU_EX_1400","41005"
"41003","PVU_K0002","10/01/2025 00:00:00","12/31/9999 00:00:00","0","itg39895","09/16/2025 15:15:49","PVU_EX_1400","itg39895","09/16/2025 15:15:49","PVU_EX_1400","40044"
"42004","PVU_K0002","10/01/2025 00:00:00","12/31/9999 00:00:00","0","itg39895","09/16/2025 15:16:32","PVU_EX_1400","itg39895","09/16/2025 15:16:32","PVU_EX_1400","40044"
"42004","PVU_K0003","10/01/2025 00:00:00","12/31/9999 00:00:00","0","itg39895","09/16/2025 15:16:32","PVU_EX_1400","itg39895","09/16/2025 15:16:32","PVU_EX_1400","40044"
"40005","PVU_K0002","10/01/2025 00:00:00","12/31/9999 00:00:00","0","itg46273","09/16/2025 15:16:54","PVU_EX_1400","itg46273","09/16/2025 15:16:54","PVU_EX_1400","41005"
"40005","PVU_K0003","10/01/2025 00:00:00","12/31/9999 00:00:00","0","itg46273","09/16/2025 15:16:54","PVU_EX_1400","itg46273","09/16/2025 15:16:54","PVU_EX_1400","41006"
"43023","PVU_K0002","10/01/2025 00:00:00","12/31/9999 00:00:00","0","itg39895","09/16/2025 15:17:22","PVU_EX_1400","itg39895","09/16/2025 15:17:22","PVU_EX_1400","40044"
"40007","PVU_K0003","10/01/2025 00:00:00","12/31/9999 00:00:00","0","itg46273","09/16/2025 15:17:56","PVU_EX_1400","itg46273","09/16/2025 15:17:56","PVU_EX_1400","41006"
"44003","PVU_K0003","10/01/2025 00:00:00","12/31/9999 00:00:00","0","itg39895","09/16/2025 15:18:11","PVU_EX_1400","itg39895","09/16/2025 15:18:11","PVU_EX_1400","40044"
"45012","PVU_K0003","10/01/2025 00:00:00","12/31/9999 00:00:00","0","itg39895","09/16/2025 15:19:01","PVU_EX_1400","itg39895","09/16/2025 15:19:01","PVU_EX_1400","40044"
"46005","PVU_K0003","10/01/2025 00:00:00","12/31/9999 00:00:00","0","itg39895","09/16/2025 15:19:50","PVU_EX_1400","itg39895","09/16/2025 15:19:50","PVU_EX_1400","40044"
"40024","PVU_K0002","10/01/2025 00:00:00","12/31/9999 00:00:00","0","itg46273","09/16/2025 15:20:11","PVU_EX_1400","itg46273","09/16/2025 15:20:11","PVU_EX_1400","41005"
"41001","PVU_K0002","10/01/2025 00:00:00","12/31/9999 00:00:00","0","itg46273","09/16/2025 15:21:40","PVU_EX_1400","itg46273","09/16/2025 15:21:40","PVU_EX_1400","41005"
"41001","PVU_K0003","10/01/2025 00:00:00","12/31/9999 00:00:00","0","itg46273","09/16/2025 15:21:40","PVU_EX_1400","itg46273","09/16/2025 15:21:40","PVU_EX_1400","41006"
"42009","PVU_K0002","10/01/2025 00:00:00","12/31/9999 00:00:00","0","itg46273","09/16/2025 15:22:44","PVU_EX_1400","itg46273","09/16/2025 15:22:44","PVU_EX_1400","41005"
"43003","PVU_K0002","10/01/2025 00:00:00","12/31/9999 00:00:00","0","itg46273","09/16/2025 15:23:55","PVU_EX_1400","itg46273","09/16/2025 15:23:55","PVU_EX_1400","41005"
"44001","PVU_K0002","10/01/2025 00:00:00","12/31/9999 00:00:00","0","itg46273","09/16/2025 15:25:26","PVU_EX_1400","itg46273","09/16/2025 15:25:26","PVU_EX_1400","41005"
"44001","PVU_K0003","10/01/2025 00:00:00","12/31/9999 00:00:00","0","itg46273","09/16/2025 15:25:26","PVU_EX_1400","itg46273","09/16/2025 15:25:26","PVU_EX_1400","41006"
"45001","PVU_K0002","10/01/2025 00:00:00","12/31/9999 00:00:00","0","itg46273","09/16/2025 15:26:34","PVU_EX_1400","itg46273","09/16/2025 15:26:34","PVU_EX_1400","41005"
"46007","PVU_K0002","10/01/2025 00:00:00","12/31/9999 00:00:00","0","itg46273","09/16/2025 15:28:14","PVU_EX_1400","itg46273","09/16/2025 15:28:14","PVU_EX_1400","41005"
"47002","PVU_K0002","10/01/2025 00:00:00","12/31/9999 00:00:00","0","itg46273","09/16/2025 15:29:17","PVU_EX_1400","itg46273","09/16/2025 15:29:17","PVU_EX_1400","41005"
"13148","PVU_K0003","11/27/2025 00:00:00","12/31/9999 00:00:00","0","itg45886","11/27/2025 10:38:26","PVU_EX_1400","itg45886","11/27/2025 10:38:26","PVU_EX_1400","13148"
"13147","PVU_K0003","12/02/2025 00:00:00","12/31/9999 00:00:00","0","itg19647","12/02/2025 15:39:13","PVU_EX_1400","itg19647","12/02/2025 15:39:13","PVU_EX_1400","13148"
"13014","PVU_K0002","12/04/2025 00:00:00","12/31/9999 00:00:00","0","itg45886","12/04/2025 09:38:03","PVU_EX_1400","itg45886","12/04/2025 09:38:03","PVU_EX_1400","13014"
"13079","PVU_K0002","12/04/2025 00:00:00","12/31/9999 00:00:00","0","itg45886","12/04/2025 11:47:00","PVU_EX_1400","itg45886","12/04/2025 11:47:00","PVU_EX_1400","13079"
"27041","PVU_K0002","12/04/2025 00:00:00","12/31/9999 00:00:00","0","itg36186","12/04/2025 13:26:55","PVU_EX_1400","itg36186","12/04/2025 13:26:55","PVU_EX_1400","13079"
"35001","PVU_K0002","04/01/2026 00:00:00","12/31/9999 00:00:00","0","itg37786","02/18/2026 11:33:15","PVU_EX_1400","itg37786","02/18/2026 11:33:15","PVU_EX_1400","13147"
"33001","PVU_K0002","04/01/2026 00:00:00","12/31/9999 00:00:00","0","itg37786","02/19/2026 11:55:58","PVU_EX_1400","itg37786","02/19/2026 11:55:58","PVU_EX_1400","13147"
"47003","PVU_K0001","04/01/2026 00:00:00","12/31/9999 00:00:00","0","itg37786","02/19/2026 14:47:47","PVU_EX_1400","itg37786","02/19/2026 14:47:47","PVU_EX_1400","13149"
"34001","PVU_K0002","04/01/2026 00:00:00","12/31/9999 00:00:00","0","itg37786","02/24/2026 14:28:17","PVU_EX_1400","itg37786","02/24/2026 14:28:17","PVU_EX_1400","28026"
"40006","PVU_K0002","04/01/2026 00:00:00","12/31/9999 00:00:00","0","itg37786","02/25/2026 13:44:40","PVU_EX_1400","itg37786","02/25/2026 13:44:40","PVU_EX_1400","28026"
"18002","PVU_K0002","04/01/2026 00:00:00","04/01/2026 00:00:00","0","itg36186","03/02/2026 16:39:04","PVU_EX_1400","itg36186","03/05/2026 10:07:58","PVU_EX_1400","13147"
"07002","PVU_K0002","04/01/2026 00:00:00","12/31/9999 00:00:00","0","itg36186","03/12/2026 15:47:37","PVU_EX_1400","itg36186","03/12/2026 15:47:37","PVU_EX_1400","13147"
"37002","PVU_K0003","04/01/2026 00:00:00","12/31/9999 00:00:00","0","itg36186","03/12/2026 15:52:56","PVU_EX_1400","itg36186","03/12/2026 15:52:56","PVU_EX_1400","37001"
"47005","PVU_K0001","04/01/2026 00:00:00","12/31/9999 00:00:00","0","itg36186","03/12/2026 15:57:32","PVU_EX_1400","itg36186","03/12/2026 15:57:32","PVU_EX_1400","13149"
"47005","PVU_K0003","04/01/2026 00:00:00","12/31/9999 00:00:00","0","itg36186","03/12/2026 15:57:32","PVU_EX_1400","itg36186","03/12/2026 15:57:32","PVU_EX_1400","47007"
"26008","PVU_K0002","10/01/2025 00:00:00","12/31/9999 00:00:00","0","itg39895","09/16/2025 14:35:58","PVU_EX_1400","itg39895","09/16/2025 14:35:58","PVU_EX_1400","13147"
"28008","PVU_K0002","10/01/2025 00:00:00","12/31/9999 00:00:00","0","itg39895","09/16/2025 14:37:06","PVU_EX_1400","itg39895","09/16/2025 14:37:06","PVU_EX_1400","13147"
"10009","PVU_K0003","10/01/2025 00:00:00","12/31/9999 00:00:00","0","itg39895","09/16/2025 14:57:00","PVU_EX_1400","itg39895","09/16/2025 14:57:00","PVU_EX_1400","23048"
"47001","PVU_K0002","10/01/2025 00:00:00","12/31/9999 00:00:00","0","itg39895","09/16/2025 15:12:20","PVU_EX_1400","itg39895","09/16/2025 15:12:20","PVU_EX_1400","23047"
"13015","PVU_K0001","12/04/2025 00:00:00","12/31/9999 00:00:00","0","itg45886","12/04/2025 09:42:02","PVU_EX_1400","itg45886","12/04/2025 09:42:02","PVU_EX_1400","13013"
"13015","PVU_K0003","12/04/2025 00:00:00","12/31/9999 00:00:00","0","itg45886","12/04/2025 09:42:03","PVU_EX_1400","itg45886","12/04/2025 09:42:03","PVU_EX_1400","13015"
"13079","PVU_K0003","12/04/2025 00:00:00","12/31/9999 00:00:00","0","itg45886","12/04/2025 11:47:00","PVU_EX_1400","itg45886","12/04/2025 11:47:00","PVU_EX_1400","04041"
"27041","PVU_K0003","12/04/2025 00:00:00","12/31/9999 00:00:00","0","itg36186","12/04/2025 13:26:55","PVU_EX_1400","itg36186","12/04/2025 13:26:55","PVU_EX_1400","27041"
"41005","PVU_K0001","12/04/2025 00:00:00","12/31/9999 00:00:00","0","itg45886","12/04/2025 13:47:24","PVU_EX_1400","itg45886","12/04/2025 13:47:24","PVU_EX_1400","44001"
"41005","PVU_K0003","12/04/2025 00:00:00","12/31/9999 00:00:00","0","itg45886","12/04/2025 13:47:24","PVU_EX_1400","itg45886","12/04/2025 13:47:24","PVU_EX_1400","41006"
"41006","PVU_K0002","12/04/2025 00:00:00","12/31/9999 00:00:00","0","itg45886","12/04/2025 13:56:49","PVU_EX_1400","itg45886","12/04/2025 13:56:49","PVU_EX_1400","41005"
"42102","PVU_K0001","12/04/2025 00:00:00","12/31/9999 00:00:00","0","itg36186","12/04/2025 14:06:19","PVU_EX_1400","itg36186","12/04/2025 14:06:19","PVU_EX_1400","42002"
"42102","PVU_K0002","12/04/2025 00:00:00","12/31/9999 00:00:00","0","itg36186","12/04/2025 14:06:19","PVU_EX_1400","itg36186","12/04/2025 14:06:19","PVU_EX_1400","13147"
"42102","PVU_K0003","12/04/2025 00:00:00","12/31/9999 00:00:00","0","itg36186","12/04/2025 14:06:20","PVU_EX_1400","itg36186","12/04/2025 14:06:20","PVU_EX_1400","42102"
"23047","PVU_K0001","12/04/2025 00:00:00","12/31/9999 00:00:00","0","itg36186","12/04/2025 14:31:36","PVU_EX_1400","itg36186","12/04/2025 14:31:36","PVU_EX_1400","23009"
"23047","PVU_K0002","12/04/2025 00:00:00","12/31/9999 00:00:00","0","itg36186","12/04/2025 14:31:36","PVU_EX_1400","itg36186","12/04/2025 14:31:36","PVU_EX_1400","23047"
"23047","PVU_K0003","12/04/2025 00:00:00","12/31/9999 00:00:00","0","itg36186","12/04/2025 14:31:36","PVU_EX_1400","itg36186","12/04/2025 14:31:36","PVU_EX_1400","23048"
"23048","PVU_K0001","12/04/2025 00:00:00","12/31/9999 00:00:00","0","itg36186","12/04/2025 14:34:59","PVU_EX_1400","itg36186","12/04/2025 14:34:59","PVU_EX_1400","23009"
"23048","PVU_K0003","12/04/2025 00:00:00","12/31/9999 00:00:00","0","itg36186","12/04/2025 14:34:59","PVU_EX_1400","itg36186","12/04/2025 14:34:59","PVU_EX_1400","23048"
"13159","PVU_K0002","12/04/2025 00:00:00","12/31/9999 00:00:00","0","itg36186","12/04/2025 14:59:42","PVU_EX_1400","itg36186","12/04/2025 14:59:42","PVU_EX_1400","28026"
"40044","PVU_K0002","12/04/2025 00:00:00","12/31/9999 00:00:00","0","itg36186","12/04/2025 15:22:22","PVU_EX_1400","itg36186","12/04/2025 15:22:22","PVU_EX_1400","40044"
"32001","PVU_K0001","04/01/2026 00:00:00","12/31/9999 00:00:00","0","itg37786","02/18/2026 16:25:49","PVU_EX_1400","itg37786","02/18/2026 16:25:49","PVU_EX_1400","13149"
"32001","PVU_K0003","04/01/2026 00:00:00","12/31/9999 00:00:00","0","itg37786","02/18/2026 16:25:49","PVU_EX_1400","itg37786","02/18/2026 16:25:49","PVU_EX_1400","34010"
"38001","PVU_K0001","04/01/2026 00:00:00","12/31/9999 00:00:00","0","itg37786","02/19/2026 14:34:02","PVU_EX_1400","itg37786","02/19/2026 14:34:02","PVU_EX_1400","13149"
"38001","PVU_K0003","04/01/2026 00:00:00","12/31/9999 00:00:00","0","itg37786","02/19/2026 14:34:02","PVU_EX_1400","itg37786","02/19/2026 14:34:02","PVU_EX_1400","37001"
"47003","PVU_K0002","04/01/2026 00:00:00","12/31/9999 00:00:00","0","itg37786","02/19/2026 14:47:47","PVU_EX_1400","itg37786","02/19/2026 14:47:47","PVU_EX_1400","13147"
"47004","PVU_K0002","04/01/2026 00:00:00","12/31/9999 00:00:00","0","itg37786","02/19/2026 14:51:39","PVU_EX_1400","itg37786","02/19/2026 14:51:39","PVU_EX_1400","13147"
"18001","PVU_K0001","04/01/2026 00:00:00","12/31/9999 00:00:00","0","itg37786","02/19/2026 16:13:28","PVU_EX_1400","itg37786","02/19/2026 16:13:28","PVU_EX_1400","17001"
"18001","PVU_K0002","04/01/2026 00:00:00","12/31/9999 00:00:00","0","itg37786","02/19/2026 16:13:28","PVU_EX_1400","itg37786","02/19/2026 16:13:28","PVU_EX_1400","17001"
"18001","PVU_K0003","04/01/2026 00:00:00","12/31/9999 00:00:00","0","itg37786","02/19/2026 16:13:28","PVU_EX_1400","itg37786","02/19/2026 16:13:28","PVU_EX_1400","17001"
"16003","PVU_K0001","04/01/2026 00:00:00","12/31/9999 00:00:00","0","itg37786","02/19/2026 16:24:14","PVU_EX_1400","itg37786","02/19/2026 16:24:14","PVU_EX_1400","17001"
"16003","PVU_K0002","04/01/2026 00:00:00","12/31/9999 00:00:00","0","itg37786","02/19/2026 16:24:14","PVU_EX_1400","itg37786","02/19/2026 16:24:14","PVU_EX_1400","17001"
"16003","PVU_K0003","04/01/2026 00:00:00","12/31/9999 00:00:00","0","itg37786","02/19/2026 16:24:14","PVU_EX_1400","itg37786","02/19/2026 16:24:14","PVU_EX_1400","17001"
"42003","PVU_K0002","04/01/2026 00:00:00","12/31/9999 00:00:00","0","itg37786","02/24/2026 14:38:19","PVU_EX_1400","itg36186","03/12/2026 15:32:11","PVU_EX_1400","28026"
"16006","PVU_K0001","04/01/2026 00:00:00","12/31/9999 00:00:00","0","itg36186","03/02/2026 16:47:35","PVU_EX_1400","itg36186","03/02/2026 16:47:35","PVU_EX_1400","13149"
"16006","PVU_K0003","04/01/2026 00:00:00","12/31/9999 00:00:00","0","itg36186","03/02/2026 16:47:35","PVU_EX_1400","itg36186","03/02/2026 16:47:35","PVU_EX_1400","17001"
"34002","PVU_K0001","04/01/2026 00:00:00","12/31/9999 00:00:00","0","itg36186","03/12/2026 15:50:18","PVU_EX_1400","itg36186","03/12/2026 15:50:18","PVU_EX_1400","13149"
"34002","PVU_K0003","04/01/2026 00:00:00","12/31/9999 00:00:00","0","itg36186","03/12/2026 15:50:18","PVU_EX_1400","itg36186","03/12/2026 15:50:18","PVU_EX_1400","34010"
"37002","PVU_K0002","04/01/2026 00:00:00","12/31/9999 00:00:00","0","itg36186","03/12/2026 15:52:56","PVU_EX_1400","itg36186","03/12/2026 15:52:56","PVU_EX_1400","13147"
"17002","PVU_K0001","04/01/2026 00:00:00","12/31/9999 00:00:00","0","itg36186","03/12/2026 15:55:12","PVU_EX_1400","itg36186","03/12/2026 15:55:12","PVU_EX_1400","17001"
"17002","PVU_K0003","04/01/2026 00:00:00","12/31/9999 00:00:00","0","itg36186","03/12/2026 15:55:12","PVU_EX_1400","itg36186","03/12/2026 15:55:12","PVU_EX_1400","17001"
"47005","PVU_K0002","04/01/2026 00:00:00","12/31/9999 00:00:00","0","itg36186","03/12/2026 15:57:32","PVU_EX_1400","itg36186","03/12/2026 15:57:32","PVU_EX_1400","13147"
"27004","PVU_K0002","10/01/2025 00:00:00","12/31/9999 00:00:00","0","itg39895","09/16/2025 14:36:32","PVU_EX_1400","itg39895","09/16/2025 14:36:32","PVU_EX_1400","13147"
"28008","PVU_K0003","10/01/2025 00:00:00","12/31/9999 00:00:00","0","itg39895","09/16/2025 14:37:06","PVU_EX_1400","itg39895","09/16/2025 14:37:06","PVU_EX_1400","13148"
"13017","PVU_K0003","10/01/2025 00:00:00","12/31/9999 00:00:00","0","itg39895","09/16/2025 14:43:43","PVU_EX_1400","itg39895","09/16/2025 14:43:43","PVU_EX_1400","13148"
"34003","PVU_K0002","10/01/2025 00:00:00","12/31/9999 00:00:00","0","itg39895","09/16/2025 15:11:14","PVU_EX_1400","itg39895","09/16/2025 15:11:14","PVU_EX_1400","23047"
"35003","PVU_K0003","10/01/2025 00:00:00","12/31/9999 00:00:00","0","itg46273","09/16/2025 15:15:40","PVU_EX_1400","itg46273","09/16/2025 15:15:40","PVU_EX_1400","41006"
"43023","PVU_K0003","10/01/2025 00:00:00","12/31/9999 00:00:00","0","itg39895","09/16/2025 15:17:22","PVU_EX_1400","itg39895","09/16/2025 15:17:22","PVU_EX_1400","40044"
"40007","PVU_K0002","10/01/2025 00:00:00","12/31/9999 00:00:00","0","itg46273","09/16/2025 15:17:56","PVU_EX_1400","itg46273","09/16/2025 15:17:56","PVU_EX_1400","41005"
"44003","PVU_K0002","10/01/2025 00:00:00","12/31/9999 00:00:00","0","itg39895","09/16/2025 15:18:10","PVU_EX_1400","itg39895","09/16/2025 15:18:10","PVU_EX_1400","40044"
"45001","PVU_K0003","10/01/2025 00:00:00","12/31/9999 00:00:00","0","itg46273","09/16/2025 15:26:34","PVU_EX_1400","itg46273","09/16/2025 15:26:34","PVU_EX_1400","41006"
"46007","PVU_K0003","10/01/2025 00:00:00","12/31/9999 00:00:00","0","itg46273","09/16/2025 15:28:15","PVU_EX_1400","itg46273","09/16/2025 15:28:15","PVU_EX_1400","41006"
"11004","PVU_K0002","10/01/2025 00:00:00","12/31/9999 00:00:00","0","itg39895","09/16/2025 14:59:14","PVU_EX_1400","itg39895","09/16/2025 14:59:14","PVU_EX_1400","23047"
"34040","PVU_K0003","10/01/2025 00:00:00","12/31/9999 00:00:00","0","itg46273","09/16/2025 15:14:32","PVU_EX_1400","itg46273","09/16/2025 15:14:32","PVU_EX_1400","41006"
"40014","PVU_K0003","10/01/2025 00:00:00","12/31/9999 00:00:00","0","itg39895","09/16/2025 15:14:54","PVU_EX_1400","itg39895","09/16/2025 15:14:54","PVU_EX_1400","40044"
"40022","PVU_K0003","10/01/2025 00:00:00","12/31/9999 00:00:00","0","itg46273","09/16/2025 15:19:08","PVU_EX_1400","itg46273","09/16/2025 15:19:08","PVU_EX_1400","41006"
"43003","PVU_K0003","10/01/2025 00:00:00","12/31/9999 00:00:00","0","itg46273","09/16/2025 15:23:55","PVU_EX_1400","itg46273","09/16/2025 15:23:55","PVU_EX_1400","41006"
"43066","PVU_K0003","12/04/2025 00:00:00","12/31/9999 00:00:00","0","itg45886","12/04/2025 11:26:38","PVU_EX_1400","itg45886","12/04/2025 11:26:38","PVU_EX_1400","43066"
"16006","PVU_K0002","04/01/2026 00:00:00","04/01/2026 00:00:00","0","itg36186","03/02/2026 16:47:35","PVU_EX_1400","itg36186","03/05/2026 10:10:59","PVU_EX_1400","13147"
"41003","PVU_K0003","10/01/2025 00:00:00","12/31/9999 00:00:00","0","itg39895","09/16/2025 15:15:49","PVU_EX_1400","itg39895","09/16/2025 15:15:49","PVU_EX_1400","40044"
"45012","PVU_K0002","10/01/2025 00:00:00","12/31/9999 00:00:00","0","itg39895","09/16/2025 15:19:01","PVU_EX_1400","itg39895","09/16/2025 15:19:01","PVU_EX_1400","40044"
"40022","PVU_K0002","10/01/2025 00:00:00","12/31/9999 00:00:00","0","itg46273","09/16/2025 15:19:08","PVU_EX_1400","itg46273","09/16/2025 15:19:08","PVU_EX_1400","41005"
"40024","PVU_K0003","10/01/2025 00:00:00","12/31/9999 00:00:00","0","itg46273","09/16/2025 15:20:11","PVU_EX_1400","itg46273","09/16/2025 15:20:11","PVU_EX_1400","41006"
"40044","PVU_K0001","12/04/2025 00:00:00","12/31/9999 00:00:00","0","itg36186","12/04/2025 15:22:22","PVU_EX_1400","itg36186","12/04/2025 15:22:22","PVU_EX_1400","40004"
"40044","PVU_K0003","12/04/2025 00:00:00","12/31/9999 00:00:00","0","itg36186","12/04/2025 15:22:22","PVU_EX_1400","itg36186","12/04/2025 15:22:22","PVU_EX_1400","40044"
