"DairitenTK_CD","TekiyoKaishi_DT","TekiyoShuryo_DT","Del_FLG","Sakuseisha_ID","Sakusei_DT","SakuseiProgram_ID","Koshinsha_ID","Koshin_DT","KoshinProgram_ID","DairitenTK_Name_KJKC","DairitenTK_Name_KJ","DairitenTK_Name_KJR","DairitenTK_Name_KJK","DairitenTK_Name_KN","DairitenTK_Name_KNR","Yubinbango","Jusho_CD","Jusho_KJ","TEL_NO","FAX_NO","DairitenTK_KBN","DairitenTK_Seisaku_KBN","Nijiten_KBN","Keikakutani_FLG","PrintI_CTL","PrintYK_CTL","TorihikiKaishi_DT","TorihikiChushi_DT","Toroku_DT","agency_cd"
"06010","04/15/2024 00:00:00","12/31/9999 00:00:00","0","itg43581","04/15/2024 11:58:16","PVU_EX_1400","itg43581","04/15/2024 11:58:16","PVU_EX_1400","（株）バイタルネット山形","（株）バイタルネット山形","バイタルネット山形","ＶＮ山形","(ｶﾌﾞ)ﾊﾞｲﾀﾙﾈﾂﾄ ﾔﾏｶﾞﾀ","VNﾔﾏｶﾞﾀ","990-0000","06201","山形県山形市","0000-00-0000","","1","3","","5","115","001","20010101","","19990610","04041"
"06014","04/15/2024 00:00:00","12/31/9999 00:00:00","0","itg43581","04/15/2024 11:58:41","PVU_EX_1400","itg43581","04/15/2024 11:58:41","PVU_EX_1400","（株）スズケン山形営業部","（株）スズケン山形営業部","スズケン山形営業部","Ｓ・山形","KKｽｽﾞｹﾝﾔﾏｶﾞﾀｴｲｷﾞﾖｳﾌﾞ","SZﾔﾏｶﾞﾀ","990-0071","06201","山形県山形市流通センター３丁目１３－４","023-627-6711","023-634-0281","1","3","","1","254","","20011101","","20011029","23049"
"06015","04/15/2024 00:00:00","03/31/2026 00:00:00","0","itg43581","04/15/2024 11:59:14","PVU_EX_1400","itg43581","04/15/2024 11:59:14","PVU_EX_1400","東北アルフレッサ（株）山形","東北アルフレッサ（株）山形","東北アルフレッサ山形","東北Ａ山形","ﾄｳﾎｸｱﾙﾌﾚﾂｻ ﾔﾏｶﾞﾀ","ﾄｳﾎｸAﾔﾏｶﾞﾀ","990-2251","06201","山形県山形市立谷川２丁目４８５　－１４","0000-00-0000","","1","3","","5","305","030","20081001","","20080918","13149"
"08095","04/15/2024 00:00:00","12/31/9999 00:00:00","0","itg43581","04/15/2024 12:05:02","PVU_EX_1400","itg43581","04/15/2024 12:05:02","PVU_EX_1400","東邦薬品（株）茨城営業部","東邦薬品（株）茨城営業部","東邦薬品茨城営業部","東邦茨城","ﾄｳﾎｳﾔｸﾋﾝｲﾊﾞﾗｷﾞｴｲｷﾞﾖｳ","ﾄｳﾎｳｲﾊﾞﾗｷﾞ","300-0051","08203","茨城県土浦市真鍋２丁目　真鍋２－２－２７","0298-22-0821","0298-22-0831","1","3","","1","203","","20131001","","20131001","13013"
"08504","04/15/2024 00:00:00","03/31/2026 00:00:00","0","itg43581","04/15/2024 12:06:07","PVU_EX_1400","itg43581","04/15/2024 12:06:07","PVU_EX_1400","アルフレッサ（株）茨城","アルフレッサ（株）茨城","アルフレッサ茨城","ＡＦ茨城","ｱﾙﾌﾚﾂｻ ｲﾊﾞﾗｷ","AF ｲﾊﾞﾗｷ","300-0841","08203","茨城県土浦市中　字中道８３４番地３","0000-00-0000","","1","3","","5","201","","19000101","","19000101","13149"
"40083","04/15/2024 00:00:00","03/31/2026 00:00:00","0","itg41755","04/15/2024 13:10:51","PVU_EX_1400","itg41755","04/15/2024 13:10:51","PVU_EX_1400","アルフレッサ（株）九州","アルフレッサ（株）九州","アルフレッサ九州","ＡＦ九州","ｱﾙﾌﾚﾂｻｷﾕｳｼﾕｳ","KK ｱﾙﾌﾚﾂｻｷ","812-0041","40132","福岡県福岡市博多区吉塚４丁目１１－３２","092-626-9011","092-626-9019","1","3","","1","950","160","20080101","","20080317","13149"
"09016","04/15/2024 00:00:00","12/31/9999 00:00:00","0","itg43581","04/15/2024 13:16:29","PVU_EX_1400","itg43581","04/15/2024 13:16:29","PVU_EX_1400","東邦薬品（株）薬粧事業部","東邦薬品（株）薬粧事業部","東邦薬品薬粧事業部","東邦薬粧","ﾄｳﾎｳﾔｸﾋﾝ ﾔｸｼﾖｳｼﾞｷﾞﾖｳ","ﾄｳﾎｳﾔｸｼﾖｳ","321-0911","09201","栃木県宇都宮市問屋町３４１３－５２","028-657-8070","028-657-8062","1","3","","","995","004","20081001","","20090310","13013"
"28022","04/15/2024 00:00:00","12/31/9999 00:00:00","0","itg41755","04/15/2024 13:22:32","PVU_EX_1400","itg41755","04/15/2024 13:22:32","PVU_EX_1400","（株）スズケン兵庫営業部","（株）スズケン兵庫営業部","スズケン兵庫営業部","Ｓ・兵庫","KK ｽｽﾞｹﾝ ﾋﾖｳｺﾞｴｲｷﾞﾖｳ","ｽｽﾞｹﾝﾋﾖｳｺﾞ","650-0045","28110","兵庫県神戸市中央区港島１丁目４　－２","0000-00-0000","","1","3","","5","383","","19990401","","19990309","23049"
"13162","04/15/2024 00:00:00","03/31/2026 00:00:00","0","itg43581","04/15/2024 13:22:34","PVU_EX_1400","itg43581","04/15/2024 13:22:34","PVU_EX_1400","（株）メディセオ首都圏","（株）メディセオ首都圏","メディセオ首都圏","ＭＣ首都圏","ﾒﾃﾞｲｾｵ ｼﾕﾄｹﾝｸﾞﾙ-ﾌﾟ","MCｼﾕﾄｹﾝ","101-0021","13101","東京都千代田区外神田３丁目３－３　―６","0000-00-0000","","1","3","","1","","","20091001","","20091001","28026"
"27086","04/15/2024 00:00:00","12/31/9999 00:00:00","0","itg41755","04/15/2024 13:23:09","PVU_EX_1400","itg41755","04/15/2024 13:23:09","PVU_EX_1400","東邦薬品（株）大阪営業部","東邦薬品（株）大阪営業部","東邦薬品大阪営業部","東邦大阪","ﾄｳﾎｳ KK ｵｵｻｶｴｲｷﾞﾖｳﾌﾞ","ﾄｳﾎｳｵｵｻｶ","557-0022","27122","大阪府大阪市西成区中開３丁目６－２９","06-4392-5611","","1","3","","1","371","","19000101","","19000101","13013"
"13164","04/15/2024 00:00:00","12/31/9999 00:00:00","0","itg43581","04/15/2024 13:23:38","PVU_EX_1400","itg43581","04/15/2024 13:23:38","PVU_EX_1400","（株）スズケン東京病院営業部","スズケン東京病院営業部","スズケン東京病院","Ｓ東京病院","ｽｽﾞｹﾝ ﾄｳｷﾖｳﾋﾞﾖｳｲﾝ","ｽｽﾞｹﾝﾄｳﾋﾞﾖ","101-0032","13101","東京都千代田区岩本町３丁目１１－６","0000-00-0000","","1","1","","1","203","","20101101","","20101012","23049"
"27074","04/15/2024 00:00:00","03/31/2026 00:00:00","0","itg41755","04/15/2024 13:23:46","PVU_EX_1400","itg41755","04/15/2024 13:23:46","PVU_EX_1400","（株）メディセオ大阪・紀和統括営業部","メディセオ大阪・紀和統括","メディセオ大阪・紀和","ＭＣ大・紀","ﾒﾃﾞｲｾｵ ｵｵｻｶ･ｷﾜ ﾄｳｶﾂ","MCｵｵｻｶ･ｷﾜ","531-0071","27127","大阪府大阪市北区中津６丁目","0000-00-0000","","1","3","","1","364","006","20091001","","20100928","28026"
"13165","04/15/2024 00:00:00","12/31/9999 00:00:00","0","itg43581","04/15/2024 13:24:10","PVU_EX_1400","itg43581","04/15/2024 13:24:10","PVU_EX_1400","（株）スズケン東京多摩営業部","スズケン東京多摩営業部","スズケン東京多摩","Ｓ東京多摩","ｽｽﾞｹﾝ ﾄｳｷﾖｳﾀﾏ","ｽｽﾞｹﾝﾄｳﾀﾏ","183-0035","13206","東京都府中市四谷６丁目１３－１０","0000-00-0000","","1","1","","1","203","","20101101","","20101012","23049"
"24890","04/15/2024 00:00:00","12/31/9999 00:00:00","0","itg41755","04/15/2024 13:24:28","PVU_EX_1400","itg41755","04/15/2024 13:24:28","PVU_EX_1400","東邦薬品（株）三重営業部","東邦薬品（株）三重営業部","東邦薬品三重営業部","東邦三重","ﾄｳﾎｳ  ﾐｴ","ﾄｳﾎｳ ﾐｴ","510-0064","24202","三重県四日市市新正１丁目１２－１２","0000-00-0000","","1","3","","1","105","023","20111001","","20110905","13013"
"24002","04/15/2024 00:00:00","12/31/9999 00:00:00","0","itg41755","04/15/2024 13:25:49","PVU_EX_1400","itg41755","04/15/2024 13:25:49","PVU_EX_1400","（株）スズケン三重営業部","（株）スズケン三重営業部","スズケン三重営業部","Ｓ・三重","KK ｽｽﾞｹﾝ ﾐｴｴｲｷﾞﾖｳﾌﾞ","ｽｽﾞｹﾝ ﾐｴ","514-0821","24201","三重県津市垂水７５０－２２","0000-00-0000","","1","3","","1","301","030","19000101","","19000101","23049"
"20023","04/15/2024 00:00:00","12/31/9999 00:00:00","0","itg41755","04/15/2024 13:29:22","PVU_EX_1400","itg41755","04/15/2024 13:29:22","PVU_EX_1400","東邦薬品（株）長野営業部","東邦薬品（株）長野営業部","東邦薬品長野営業部","東邦長野","ﾄｳﾎｳﾔｸﾋﾝ ﾅｶﾞﾉｴｲｷﾞﾖｳ","ﾄｳﾎｳﾅｶﾞﾉ","399-0702","20215","長野県塩尻市広丘野村１９８６","0263-53-3388","0263-53-3366","1","3","","1","324","","20131001","","20131021","13013"
"20022","04/15/2024 00:00:00","03/31/2026 00:00:00","0","itg41755","04/15/2024 13:32:10","PVU_EX_1400","itg41755","04/15/2024 13:32:10","PVU_EX_1400","（株）メディセオ甲信越統括営業部","メディセオ甲信越統括","メディセオ甲信越","ＭＣ甲信越","ﾒﾃﾞｲｾｵ ｺｳｼﾝｴﾂ ﾄｳｶﾂ","MCｺｳｼﾝｴﾂ","399-0033","20202","長野県松本市笹賀　大字笹賀７６００－５５","0000-00-0000","","1","3","","1","327","007","20091001","","20090917","28026"
"20010","04/15/2024 00:00:00","12/31/9999 00:00:00","0","itg41755","04/15/2024 13:32:38","PVU_EX_1400","itg41755","04/15/2024 13:32:38","PVU_EX_1400","（株）スズケン長野営業部","（株）スズケン長野営業部","スズケン長野営業部","Ｓ・長野","KK ｽｽﾞｹﾝ ﾅｶﾞﾉ ｴｲｷﾞﾖｳ","ｽｽﾞｹﾝﾅｶﾞﾉ","399-0716","20215","長野県塩尻市桟敷　大字桟敷２１２","0000-00-0000","","1","3","","1","322","041","19000101","","19000101","23049"
"20005","04/15/2024 00:00:00","12/31/9999 00:00:00","0","itg41755","04/15/2024 13:33:13","PVU_EX_1400","itg41755","04/15/2024 13:33:13","PVU_EX_1400","鍋林（株）","鍋林（株）","鍋林","鍋林","ﾅﾍﾞﾘﾝ KK","ﾅﾍﾞﾘﾝ","390-0833","20202","長野県松本市双葉８－１０","0000-00-0000","","1","3","","1","324","","19000101","","19000101","20005"
"19003","04/15/2024 00:00:00","12/31/9999 00:00:00","0","itg43581","04/15/2024 13:33:25","PVU_EX_1400","itg43581","04/15/2024 13:33:25","PVU_EX_1400","（株）スズケン甲府営業部","（株）スズケン甲府営業部","スズケン甲府営業部","Ｓ・甲府","KK ｽｽﾞｹﾝ ｺｳﾌ ｴｲｷﾞﾖｳ","ｽｽﾞｹﾝ ｺｳﾌ","409-3845","19214","山梨県中央市山之神","0000-00-0000","","1","3","","1","326","","19000101","","19000101","23049"
"20004","04/15/2024 00:00:00","12/31/9999 00:00:00","0","itg41755","04/15/2024 13:33:44","PVU_EX_1400","itg41755","04/15/2024 13:33:44","PVU_EX_1400","アルフレッサ（株）長野山梨","アルフレッサ（株）長野山梨","アルフレッサ長野山梨","ＡＦ長野山","ｱﾙﾌﾚﾂｻ ﾅｶﾞﾉ ﾔﾏﾅｼ","AFﾅｶﾞﾉﾔﾏﾅｼ","381-2217","20201","長野県長野市稲里町中央４丁目４－１２","026-283-6601","","1","1","","5","321","037","19000101","","19000101","13149"
"19011","04/15/2024 00:00:00","12/31/9999 00:00:00","0","itg43581","04/15/2024 13:34:16","PVU_EX_1400","itg43581","04/15/2024 13:34:16","PVU_EX_1400","東邦薬品（株）山梨営業部","東邦薬品（株）山梨営業部","東邦薬品山梨営業部","東邦山梨","ﾄｳﾎｳﾔｸﾋﾝ ﾔﾏﾅｼ","ﾄｳﾎｳﾔﾏﾅｼ","400-0047","19201","山梨県甲府市徳行４丁目４－１　３－３０","055-228-7211","055-228-1857","1","3","","1","323","","20081001","","20090310","13013"
"20001","04/15/2024 00:00:00","12/31/9999 00:00:00","0","itg41755","04/15/2024 13:34:29","PVU_EX_1400","itg41755","04/15/2024 13:34:29","PVU_EX_1400","岡野薬品（株）","岡野薬品（株）","岡野薬品","岡野","ｵｶﾉ ﾔｸﾋﾝ KK","ｵｶﾉ","390-0814","20202","長野県松本市本庄１丁目５－１４","0000-00-0000","","1","3","","","325","040","19000101","","19000101","20001"
"13013","07/23/2024 00:00:00","09/30/2025 00:00:00","0","itg45886","07/23/2024 11:21:12","PVU_EX_1400","itg45886","07/23/2024 11:21:12","PVU_EX_1400","東邦薬品（株）","東邦薬品（株）","東邦薬品","東邦","ﾄｳﾎｳ ﾔｸﾋﾝ KK","ﾄｳﾎｳ","155-0032","13112","東京都世田谷区代沢４丁目４３－１１","0000-00-0000","","1","1","","1","206","024","19000101","","19000101","13013"
"07004","10/16/2024 00:00:00","03/31/2026 00:00:00","0","itg04213","10/16/2024 11:36:36","PVU_EX_1400","itg04213","10/16/2024 11:36:36","PVU_EX_1400","東北アルフレッサ（株）","東北アルフレッサ（株）","東北アルフレッサ","東北Ａ","ﾄｳﾎｸｱﾙﾌﾚﾂｻ","ﾄｳﾎｸA","963-0547","07203","福島県郡山市喜久田町卸１丁目１２５－１３","0000-00-0000","","1","3","","5","306","017","19000101","","19000101","13149"
"40016","10/16/2024 00:00:00","12/31/9999 00:00:00","0","itg04213","10/16/2024 11:37:52","PVU_EX_1400","itg04213","10/16/2024 11:37:52","PVU_EX_1400","（株）アトル北九州営業部","（株）アトル北九州営業部","アトル北九州営業部","アトル北九","KK ｱﾄﾙ ｷﾀｷﾕｳｼﾕｳｴｲｷﾞ","ｱﾄﾙ ｷﾀｷﾕｳ","803-0815","40106","福岡県北九州市小倉北区原町２丁目２－５","093-571-3333","093-571-3331","1","3","","1","130","151","19000101","","19000101","28026"
"40024","10/16/2024 00:00:00","12/31/9999 00:00:00","0","itg04213","10/16/2024 11:38:34","PVU_EX_1400","itg04213","10/16/2024 11:38:34","PVU_EX_1400","（株）アステムＤＸ営業部","（株）アステムＤＸ営業部","アステムＤＸ営業部","ＡＳＤＸ","KK ｱｽﾃﾑDXｴｲｷﾞﾖｳﾌﾞ","ASDX","812-0000","40132","福岡県福岡市博多区","","","1","3","","1","","","20220406","","20220406","44001"
"47010","04/15/2024 00:00:00","12/31/9999 00:00:00","0","itg41755","04/15/2024 11:58:56","PVU_EX_1400","itg41755","04/15/2024 11:58:56","PVU_EX_1400","（株）アトル琉球営業部","（株）アトル琉球営業部","アトル琉球営業部","アトル琉球","KK ｱﾄﾙ ﾘﾕｳｷﾕｳ","ｱﾄﾙ ﾘﾕｳｷﾕｳ","901-1304","47348","沖縄県島尻郡与那原町東浜８２－１","098-882-8811","098-882-8821","1","3","","","940","143","20081201","","20081127","28026"
"09003","04/15/2024 00:00:00","12/31/9999 00:00:00","0","itg43581","04/15/2024 12:07:06","PVU_EX_1400","itg43581","04/15/2024 12:07:06","PVU_EX_1400","ナカノ薬品（株）","ナカノ薬品（株）","ナカノ薬品","ナカノ薬品","ﾅｶﾉ ﾔｸﾋﾝ KK","ﾅｶﾉ","326-0327","09202","栃木県足利市羽刈町７６３－１２","0000-00-0000","","1","1","","1","102","","19000101","","19000101","23049"
"09012","04/15/2024 00:00:00","12/31/9999 00:00:00","0","itg43581","04/15/2024 12:07:42","PVU_EX_1400","itg43581","04/15/2024 12:07:42","PVU_EX_1400","（株）バイタルネット栃木","（株）バイタルネット栃木","バイタルネット栃木","ＶＮ栃木","(ｶﾌﾞ)ﾊﾞｲﾀﾙﾈﾂﾄ ﾄﾁｷﾞ","ﾊﾞｲﾀﾙﾈﾂﾄﾄﾁ","321-0923","09201","栃木県宇都宮市下栗町６９９－４７","028-689-0161","","1","3","","5","104","","19000101","","19000101","04041"
"45001","04/15/2024 00:00:00","12/31/9999 00:00:00","0","itg41755","04/15/2024 13:10:13","PVU_EX_1400","itg41755","04/15/2024 13:10:13","PVU_EX_1400","（株）アステム宮崎営業部","（株）アステム宮崎営業部","アステム宮崎営業部","ＡＳ宮崎","KK ｱｽﾃﾑﾐﾔｻﾞｷｴｲｷﾞﾖｳﾌﾞ","ｱｽﾃﾑﾐﾔｻﾞｷ","880-0815","45201","宮崎県宮崎市江平町１丁目２－１","0985-24-3111","0985-28-9721","1","1","","1","810","150","19000101","","19000101","44001"
"09013","04/15/2024 00:00:00","12/31/9999 00:00:00","0","itg43581","04/15/2024 13:15:36","PVU_EX_1400","itg43581","04/15/2024 13:15:36","PVU_EX_1400","東邦薬品（株）栃木営業部","東邦薬品（株）栃木営業部","東邦薬品栃木営業部","東邦栃木","ﾄｳﾎｳﾔｸﾋﾝ ﾄﾁｷﾞｴｲｷﾞﾖｳ","ﾄｳﾎｳ ﾄﾁｷﾞ","321-0911","09201","栃木県宇都宮市問屋町３１７２－３３","0000-00-0000","","1","3","","1","103","004","19000101","","19000101","13013"
"13010","04/15/2024 00:00:00","12/31/9999 00:00:00","0","itg43581","04/15/2024 13:17:41","PVU_EX_1400","itg43581","04/15/2024 13:17:41","PVU_EX_1400","酒井薬品（株）","酒井薬品（株）","酒井薬品","酒井","ｻｶｲ ﾔｸﾋﾝ KK","ｻｶｲ","181-0014","13204","東京都三鷹市野崎１丁目１１－２２","0000-00-0000","","1","1","","1","205","022","19000101","","19000101","13013"
"35003","04/15/2024 00:00:00","12/31/9999 00:00:00","0","itg41755","04/15/2024 13:18:02","PVU_EX_1400","itg41755","04/15/2024 13:18:02","PVU_EX_1400","（株）アステム山口営業部","（株）アステム山口営業部","アステム山口営業部","ＡＳ山口","ｱｽﾃﾑ ﾔﾏｸﾞﾁｴｲｷﾞﾖｳﾌﾞ","ｱｽﾃﾑﾔﾏｸﾞﾁ","754-0012","35203","山口県山口市小郡船倉町２－１","0000-00-0000","","1","3","","1","022","042","19000101","","19000101","44001"
"13013","04/15/2024 00:00:00","07/22/2024 00:00:00","0","itg43581","04/15/2024 13:18:11","PVU_EX_1400","itg43581","04/15/2024 13:18:11","PVU_EX_1400","東邦薬品（株）","東邦薬品（株）","東邦薬品","東邦","ﾄｳﾎｳ ﾔｸﾋﾝ KK","ﾄｳﾎｳ","155-0032","13112","東京都世田谷区代沢５丁目２－１　財務経理部買掛チーム","0000-00-0000","","1","1","","1","206","024","19000101","","19000101","13013"
"13017","04/15/2024 00:00:00","03/31/2026 00:00:00","0","itg43581","04/15/2024 13:18:50","PVU_EX_1400","itg43581","04/15/2024 13:18:50","PVU_EX_1400","アルフレッサ（株）東京","アルフレッサ（株）東京","アルフレッサ東京","ＡＦ東京","ｱﾙﾌﾚﾂｻﾄｳｷﾖｳ","AF ﾄｳｷﾖｳ","101-0047","13101","東京都千代田区内神田１丁目１２－１","0000-00-0000","","1","1","","5","202","","19000101","","19000101","13149"
"13078","04/15/2024 00:00:00","12/31/9999 00:00:00","0","itg43581","04/15/2024 13:19:23","PVU_EX_1400","itg43581","04/15/2024 13:19:23","PVU_EX_1400","（株）バイタルネット東京","（株）バイタルネット東京","バイタルネット東京","ＶＮ東京","ﾊﾞｲﾀﾙﾈﾂﾄ ﾄｳｷﾖｳ","ﾊﾞｲﾀﾙﾈﾂﾄﾄｳ","154-0016","13112","東京都世田谷区弦巻１丁目１－１２","03-5433-4511","","1","3","","5","233","","20010101","","19980603","04041"
"13099","04/15/2024 00:00:00","12/31/9999 00:00:00","0","itg43581","04/15/2024 13:20:31","PVU_EX_1400","itg43581","04/15/2024 13:20:31","PVU_EX_1400","（株）マルタケ東京","（株）マルタケ東京","マルタケ東京支店","マルタケ東","KK ﾏﾙﾀｹ ﾄｳｷﾖｳｼﾃﾝ","ﾏﾙﾀｹ ﾄｳｷﾖｳ","104-0033","13102","東京都中央区新川２丁目２２－１　能登ビル","03-3297-8611","03-3297-8601","1","3","","","230","028","19000101","","19000101","15022"
"13161","04/15/2024 00:00:00","03/31/2026 00:00:00","0","itg43581","04/15/2024 13:22:04","PVU_EX_1400","itg43581","04/15/2024 13:22:04","PVU_EX_1400","（株）メディセオ試薬","（株）メディセオ試薬","メディセオ試薬","ＭＣ試薬","ﾒﾃﾞｲｾｵ ｼﾔｸ","MCｼﾔｸ","101-0021","13101","東京都千代田区外神田３丁目","0000-00-0000","","1","3","","","","","20091001","","20090917","28026"
"13163","04/15/2024 00:00:00","12/31/9999 00:00:00","0","itg43581","04/15/2024 13:23:08","PVU_EX_1400","itg43581","04/15/2024 13:23:08","PVU_EX_1400","（株）スズケン東京中央営業部","スズケン東京中央営業部","スズケン東京中央","Ｓ東京中央","ｽｽﾞｹﾝ ﾄｳｷﾖｳﾁﾕｳｵｳ","ｽｽﾞｹﾝﾄｳﾁﾕｳ","101-0026","13101","東京都千代田区神田佐久間河岸５９","0000-00-0000","","1","1","","1","203","","20101101","","20101012","23049"
"24012","04/15/2024 00:00:00","12/31/9999 00:00:00","0","itg41755","04/15/2024 13:25:03","PVU_EX_1400","itg41755","04/15/2024 13:25:03","PVU_EX_1400","アルフレッサ（株）三重","アルフレッサ（株）三重","アルフレッサ三重","ＡＦ三重","ｱﾙﾌﾚﾂｻ ﾐｴ","AF ﾐｴ","514-0001","24201","三重県津市江戸橋１丁目　１３１","0000-00-0000","","1","3","","5","303","","19981001","","19980924","13149"
"23052","04/15/2024 00:00:00","12/31/9999 00:00:00","0","itg41755","04/15/2024 13:26:36","PVU_EX_1400","itg41755","04/15/2024 13:26:36","PVU_EX_1400","アルフレッサ（株）愛知","アルフレッサ（株）愛知","アルフレッサ愛知","ＡＦ愛知","ｱﾙﾌﾚﾂｻ ｱｲﾁ","AF ｱｲﾁ","462-0844","23103","愛知県名古屋市北区清水４丁目１４－１８","0000-00-0000","","1","3","","5","105","","19981001","","19980924","13149"
"23049","04/15/2024 00:00:00","09/30/2025 00:00:00","0","itg41755","04/15/2024 13:27:49","PVU_EX_1400","itg41755","04/15/2024 13:27:49","PVU_EX_1400","（株）スズケン","（株）スズケン","（株）スズケン","スズケン","KK ｽｽﾞｹﾝ","ｽｽﾞｹﾝ","461-0015","23102","愛知県名古屋市東区東片端町１　ビジネスサポート仕入課","052-950-6304","","1","3","","","001","026","19980401","","19980325","23049"
"40079","10/16/2024 00:00:00","12/31/9999 00:00:00","0","itg04213","10/16/2024 11:39:14","PVU_EX_1400","itg04213","10/16/2024 11:39:14","PVU_EX_1400","（株）リードヘルスケア九州営業部","株）リードＨＣ九州営業部","リードＨＣ九州営業部","ＲＨＣ九州","KK ﾘ-ﾄﾞﾍﾙｽｹｱｷﾕｳｼﾕｳ","ﾘ-ﾄﾞｷﾕｳｼﾕｳ","819-0005","40135","福岡県福岡市西区内浜２丁目９－２３","","","1","3","","","","","20220406","","20220406","40059"
"10002","10/16/2024 00:00:00","12/31/9999 00:00:00","0","itg04213","10/16/2024 11:40:47","PVU_EX_1400","itg04213","10/16/2024 11:40:47","PVU_EX_1400","東邦薬品（株）群馬営業部","東邦薬品（株）群馬営業部","東邦薬品群馬営業部","東邦群馬","ﾄｳﾎｳﾔｸﾋﾝｸﾞﾝﾏｴｲｷﾞﾖｳ","ﾄｳﾎｳｸﾞﾝﾏ","370-0801","10202","群馬県高崎市上並榎町３７８","027-362-2122","","1","3","","1","303","","19000101","","19000101","13013"
"10018","10/16/2024 00:00:00","12/31/9999 00:00:00","0","itg04213","10/16/2024 11:41:55","PVU_EX_1400","itg04213","10/16/2024 11:41:55","PVU_EX_1400","アルフレッサ（株）群馬","アルフレッサ（株）群馬","アルフレッサ群馬","ＡＦ群馬","ｱﾙﾌﾚﾂｻｸﾞﾝﾏ","AF ｸﾞﾝﾏ","370-0071","10202","群馬県高崎市小八木町　群馬県高崎市小八木町３０９","027-364-7111","027-364-1168","1","3","","5","301","","20111001","","19990928","13149"
"15003","10/16/2024 00:00:00","12/31/9999 00:00:00","0","itg04213","10/16/2024 11:42:53","PVU_EX_1400","itg04213","10/16/2024 11:42:53","PVU_EX_1400","（株）マルタケ関越","（株）マルタケ関越","マルタケ","マルタケ","KK ﾏﾙﾀｹ ｶﾝｴﾂ","ﾏﾙﾀｹｶﾝｴﾂ","950-2031","15107","新潟県新潟市西区流通センター４丁目６－２","025-568-6311","025-268-6306","1","3","","1","333","","19000101","","19000101","15022"
"15013","10/16/2024 00:00:00","12/31/9999 00:00:00","0","itg04213","10/16/2024 11:43:42","PVU_EX_1400","itg04213","10/16/2024 11:43:42","PVU_EX_1400","東邦薬品（株）新潟営業部","東邦薬品（株）新潟営業部","東邦薬品新潟営業部","東邦新潟","ﾄｳﾎｳﾆｲｶﾞﾀｴｲｷﾞﾖｳﾌﾞ","ﾄｳﾎｳﾆｲｶﾞﾀ","950-0954","15103","新潟県新潟市中央区美咲町１丁目２３－２","025-285-8111","025-285-8593","1","3","","1","334","","20131001","","19900920","13013"
"15020","10/16/2024 00:00:00","12/31/9999 00:00:00","0","itg04213","10/16/2024 11:44:15","PVU_EX_1400","itg04213","10/16/2024 11:44:15","PVU_EX_1400","アルフレッサ（株）新潟","アルフレッサ（株）新潟","アルフレッサ新潟","ＡＦ新潟","ｱﾙﾌﾚﾂｻ ﾆｲｶﾞﾀ","AF ﾆｲｶﾞﾀ","950-0941","15103","新潟県新潟市中央区女池５丁目６－１０","025-281-3331","025-281-3120","1","3","","1","330","","19960201","","19960125","13149"
"13014","10/28/2024 00:00:00","09/11/2025 00:00:00","0","itg45886","10/28/2024 14:52:58","PVU_EX_1400","itg45886","10/28/2024 14:52:58","PVU_EX_1400","東邦薬品（株）","東邦薬品グループ","東邦薬品Ｇ","東邦","ﾄｳﾎｳ ﾔｸﾋﾝ KK","ﾄｳﾎｳ","155-0032","13112","東京都世田谷区代沢４丁目４３－１１","0000-00-0000","","1","1","","","","","","","20241028","13013"
"13015","11/01/2024 00:00:00","12/31/9999 00:00:00","0","itg45886","10/28/2024 15:07:57","PVU_EX_1400","itg45886","10/28/2024 15:07:57","PVU_EX_1400","東邦薬品（株）","東邦薬品（株）","東邦薬品","東邦","ﾄｳﾎｳ ﾔｸﾋﾝ KK","ﾄｳﾎｳ","155-0032","13112","東京都世田谷区代沢４丁目４３－１１","0000-00-0000","","1","1","","","","","","","20241101","13013"
"42102","11/01/2024 00:00:00","12/31/9999 00:00:00","0","itg42390","10/28/2024 16:06:22","PVU_EX_1400","itg42390","10/28/2024 16:06:22","PVU_EX_1400","（株）宮崎温仙堂商店","（株）宮崎温仙堂商店","宮崎温仙堂","宮崎温仙堂","KK ﾐﾔｻﾞｷ ｵﾝｾﾝﾄﾞｳ","ｵﾝｾﾝﾄﾞｳ","854-0014","42204","長崎県諫早市東小路町２－２８","0957-22-3350","","1","3","","","","","","","20241101","42002"
"41005","11/01/2024 00:00:00","09/11/2025 00:00:00","0","itg42390","10/28/2024 16:23:02","PVU_EX_1400","itg45886","11/07/2024 15:38:03","PVU_EX_1400","（株）アステム","フォレストグループ","フォレストＧ","アステム","KK ｱｽﾃﾑ","KK ｱｽﾃﾑ","841-0005","41203","佐賀県鳥栖市弥生が丘７丁目２９","0942-87-7311","0942-87-7313","1","1","","","","","","","20241101","44001"
"23048","11/01/2024 00:00:00","12/31/9999 00:00:00","0","itg39895","10/28/2024 16:25:35","PVU_EX_1400","itg39895","10/28/2024 16:39:29","PVU_EX_1400","（株）スズケン","（株）スズケン","（株）スズケン","スズケン","KK ｽｽﾞｹﾝ","ｽｽﾞｹﾝ","461-0015","23102","愛知県名古屋市東区東片端町１　ビジネスサポート仕入課","052-950-6304","","1","3","","","","","","","20241101","23049"
"23002","04/15/2024 00:00:00","12/31/9999 00:00:00","0","itg41755","04/15/2024 13:28:28","PVU_EX_1400","itg41755","04/15/2024 13:28:28","PVU_EX_1400","中北薬品（株）","中北薬品（株）","中北薬品","中北薬品","ﾅｶｷﾀ ﾔｸﾋﾝ","ﾅｶｷﾀ ﾔｸﾋﾝ","460-0002","23106","愛知県名古屋市中区丸の内３丁目５－１５　油伊ビル","0000-00-0000","","1","3","","5","104","022","19000101","","19000101","23002"
"10009","10/16/2024 00:00:00","12/31/9999 00:00:00","0","itg04213","10/16/2024 11:41:24","PVU_EX_1400","itg04213","10/16/2024 11:41:24","PVU_EX_1400","（株）スズケン群馬営業部","（株）スズケン群馬営業部","スズケン群馬営業部","Ｓ・群馬","KK ｽｽﾞｹﾝｸﾞﾝﾏｴｲｷﾞﾖｳﾌﾞ","KK ｽｽﾞｹﾝ ｸ","371-0846","10201","群馬県前橋市元総社町　３６８６－５","0000-00-0000","","1","3","","1","302","","19000101","","19000101","23049"
"27041","11/01/2024 00:00:00","09/11/2025 00:00:00","0","itg42390","10/28/2024 15:50:17","PVU_EX_1400","itg42390","10/28/2024 15:50:17","PVU_EX_1400","（株）ケーエスケー","ケーエスケー","ケーエスケー","ＫＳＫ大阪","ｹ-ｴｽｹ-","ｹ-ｴｽｹ-ｵｵｻｶ","540-0029","27128","大阪府大阪市中央区本町橋１－２０","06-6946-1352","06-6941-5400","1","3","","","","","","","20241101","27042"
"40044","11/01/2024 00:00:00","12/31/9999 00:00:00","0","itg42390","10/28/2024 16:01:39","PVU_EX_1400","itg42390","10/28/2024 16:01:39","PVU_EX_1400","（株）翔薬","（株）翔薬","翔薬","翔薬","KK ｼﾖｳﾔｸ","ｼﾖｳﾔｸ","812-0015","40132","福岡県福岡市博多区山王２丁目３－５","092-471-2200","","1","3","","","","","","","20241101","40004"
"01051","04/03/2025 00:00:00","12/31/9999 00:00:00","0","itg45886","04/03/2025 08:51:21","PVU_EX_1400","itg45886","04/03/2025 08:51:21","PVU_EX_1400","（株）メディセオ北海道東北統括営業部","メディセオ北海東北統括営業","メディセオ北海東北","ＭＣ北海東","ﾒﾃﾞｲｾｵ ﾎﾂｶｲﾄｳﾎｸ ﾄｳｶﾂ","MCﾎﾂｶｲﾄｳﾎｸ","060-0034","01101","北海道札幌市中央区北４条東８丁目３７４－１","011-210-8761","011-210-8770","1","1","","1","","","20091001","","20090917","28026"
"13147","11/01/2024 00:00:00","09/11/2025 00:00:00","0","itg39895","10/28/2024 16:06:12","PVU_EX_1400","itg39895","10/28/2024 16:06:12","PVU_EX_1400","アルフレッサ（株）","アルフレッサグループ","アルフレッサＧ","アルフレッ","ｱﾙﾌﾚﾂｻ KK","ｱﾙﾌﾚﾂｻ KK","101-0053","13101","東京都千代田区神田美土代町７　住友不動産神田ビル１４階","0000-00-0000","","1","1","","","","","","","20241101","13149"
"13148","11/01/2024 00:00:00","12/31/9999 00:00:00","0","itg39895","10/28/2024 16:10:31","PVU_EX_1400","itg39895","10/28/2024 16:10:31","PVU_EX_1400","アルフレッサ（株）","アルフレッサ（株）","アルフレッサ","アルフレッ","ｱﾙﾌﾚﾂｻ KK","ｱﾙﾌﾚﾂｻ KK","101-0053","13101","東京都千代田区神田美土代町７　住友不動産神田ビル１４階","0000-00-0000","","1","1","","","","","","","20241101","13149"
"08021","04/03/2025 00:00:00","12/31/9999 00:00:00","0","itg45886","04/03/2025 08:53:54","PVU_EX_1400","itg45886","04/03/2025 08:53:54","PVU_EX_1400","（株）メディセオ北関東統括営業部","メディセオ北関東統括営業部","メディセオ北関東統括","ＭＣ北関東","ﾒﾃﾞｲｾｵ ｷﾀｶﾝﾄｳ ﾄｳｶﾂ","MCｷﾀｶﾝﾄｳ","310-0836","08201","茨城県水戸市元吉田町","0000-00-0000","","1","3","","1","105","005","20091001","","20090917","28026"
"02017","04/16/2025 00:00:00","12/31/9999 00:00:00","0","itg04213","04/16/2025 11:44:46","PVU_EX_1400","itg04213","04/16/2025 11:44:46","PVU_EX_1400","（株）スズケン青森営業部","（株）スズケン青森営業部","スズケン青森営業部","Ｓ・青森","KKｽｽﾞｹﾝ ｱｵﾓﾘｴｲｷﾞﾖｳﾌﾞ","SZｱｵﾓﾘ","030-0911","02201","青森県青森市造道３丁目１５－１","0000-00-0000","","1","3","","5","251","500","19990601","","19990518","23049"
"02026","04/16/2025 00:00:00","03/31/2026 00:00:00","0","itg04283","04/16/2025 13:59:39","PVU_EX_1400","itg04283","04/16/2025 13:59:39","PVU_EX_1400","東北アルフレッサ（株）青森","東北アルフレッサ（株）青森","東北アルフレッサ青森","東北Ａ青森","ﾄｳﾎｸｱﾙﾌﾚﾂｻ ｱｵﾓﾘ","ﾄｳﾎｸAFｱｵﾓﾘ","030-0131","02201","青森県青森市問屋町２丁目１１－１４","0000-00-0000","","1","3","","5","301","600","20081001","","20080918","13149"
"07022","04/16/2025 00:00:00","12/31/9999 00:00:00","0","itg04283","04/16/2025 14:10:13","PVU_EX_1400","itg04283","04/16/2025 14:10:13","PVU_EX_1400","（株）バイタルネット福島","（株）バイタルネット福島","バイタルネット福島","ＶＮ福島","(ｶﾌﾞ)ﾊﾞｲﾀﾙﾈﾂﾄ ﾌｸｼﾏ","VNﾌｸｼﾏ","960-0000","07201","福島県福島市","0000-00-0000","","1","3","","5","116","001","20010101","","19990610","04041"
"07025","04/16/2025 00:00:00","12/31/9999 00:00:00","0","itg04283","04/16/2025 14:11:01","PVU_EX_1400","itg04283","04/16/2025 14:11:01","PVU_EX_1400","（株）スズケン福島営業部","（株）スズケン福島営業部","スズケン福島営業部","Ｓ・福島","KKｽｽﾞｹﾝﾌｸｼﾏｴｲｷﾞﾖｳﾌﾞ","SZﾌｸｼﾏ","960-8228","07201","福島県福島市松山町２８","024-525-1233","024-535-8467","1","3","","5","255","015","20001001","","20000927","23049"
"07028","04/16/2025 00:00:00","12/31/9999 00:00:00","0","itg04283","04/16/2025 14:11:30","PVU_EX_1400","itg04283","04/16/2025 14:11:30","PVU_EX_1400","東邦薬品（株）福島営業部","東邦薬品（株）福島営業部","東邦薬品福島営業部","東邦福島","ﾄｳﾎｳ ﾌｸｼﾏ ｴｲｷﾞﾖｳﾌﾞ","ﾄｳﾎｳ ﾌｸｼﾏ","960-8066","07201","福島県福島市矢剣町１９－５","0000-00-0000","","1","3","","1","156","002","20101001","","20100907","13013"
"14005","04/16/2025 00:00:00","12/31/9999 00:00:00","0","itg04283","04/16/2025 14:13:00","PVU_EX_1400","itg04283","04/16/2025 14:13:00","PVU_EX_1400","（株）スズケン横浜営業部","（株）スズケン横浜営業部","スズケン横浜営業部","Ｓ・横浜","KK ｽｽﾞｹﾝﾖｺﾊﾏｴｲｷﾞﾖｳﾌﾞ","ｽｽﾞｹﾝ ﾖｺﾊﾏ","221-0862","14102","神奈川県横浜市神奈川区三枚町　字西の脇５４－２","0000-00-0000","","1","1","","1","216","","19000101","","19000101","23049"
"14025","04/16/2025 00:00:00","12/31/9999 00:00:00","0","itg04283","04/16/2025 14:13:38","PVU_EX_1400","itg04283","04/16/2025 14:13:38","PVU_EX_1400","東邦薬品（株）神奈川営業部","東邦薬品（株）神奈川営業部","東邦薬品神奈川営業部","東邦神奈川","ﾄｳﾎｳ ﾔｸﾋﾝ KK ｶﾅｶﾞﾜ","ﾄｳﾎｳ ｶﾅｶﾞﾜ","226-0004","14113","神奈川県横浜市緑区鴨居町２４９０","0000-00-0000","","1","1","","1","220","","19000101","","19000101","13013"
"13159","11/01/2024 00:00:00","12/31/9999 00:00:00","0","itg39895","10/28/2024 16:15:05","PVU_EX_1400","itg39895","10/28/2024 16:15:05","PVU_EX_1400","（株）メディセオ","（株）メディセオ","（株）メディセオ","ＭＣ","ﾒﾃﾞｲｾｵ","ﾒﾃﾞｲｾｵ","135-0031","13108","東京都江東区佐賀２丁目","0000-00-0000","","1","3","","","","","","","20241101","28026"
"23047","11/01/2024 00:00:00","09/11/2025 00:00:00","0","itg39895","10/28/2024 16:19:42","PVU_EX_1400","itg39895","10/28/2024 16:19:42","PVU_EX_1400","（株）スズケン","スズケングループ","スズケンＧ","スズケン","KK ｽｽﾞｹﾝ","ｽｽﾞｹﾝ","461-0015","23102","愛知県名古屋市東区東片端町１　ビジネスサポート仕入課","052-950-6304","","1","3","","","","","","","20241101","23049"
"03005","04/16/2025 00:00:00","12/31/9999 00:00:00","0","itg04283","04/16/2025 14:00:54","PVU_EX_1400","itg04283","04/16/2025 14:00:54","PVU_EX_1400","（株）スズケン岩手","（株）スズケン岩手","スズケン岩手","ＳＺ岩手","KKｽｽﾞｹﾝ ｲﾜﾃ","SZｲﾜﾃ","020-0125","03201","岩手県盛岡市上堂４丁目５－１","019-641-3311","019-641-1230","1","3","","5","256","031","19000101","","19000101","23049"
"03027","04/16/2025 00:00:00","03/31/2026 00:00:00","0","itg04283","04/16/2025 14:02:02","PVU_EX_1400","itg04283","04/16/2025 14:02:02","PVU_EX_1400","東北アルフレッサ（株）岩手","東北アルフレッサ（株）岩手","東北アルフレッサ岩手","東北Ａ岩手","ﾄｳﾎｸｱﾙﾌﾚﾂｻ ｲﾜﾃ","ﾄｳﾎｸAｲﾜﾃ","020-0846","03201","岩手県盛岡市流通センター北１丁目４－７","0000-00-0000","","1","3","","5","302","040","20081001","","20080918","13149"
"04046","04/16/2025 00:00:00","03/31/2026 00:00:00","0","itg04283","04/16/2025 14:06:17","PVU_EX_1400","itg04283","04/16/2025 14:06:17","PVU_EX_1400","東北アルフレッサ（株）宮城","東北アルフレッサ（株）宮城","東北アルフレッサ宮城","東北Ａ宮城","ﾄｳﾎｸｱﾙﾌﾚﾂｻ ﾐﾔｷﾞ","ﾄｳﾎｸAﾐﾔｷﾞ","983-0828","04102","宮城県仙台市宮城野区岩切分台２丁目１１－２","0000-00-0000","","1","3","","5","303","020","20081001","","20080918","13149"
"05013","04/16/2025 00:00:00","12/31/9999 00:00:00","0","itg04283","04/16/2025 14:07:20","PVU_EX_1400","itg04283","04/16/2025 14:07:20","PVU_EX_1400","（株）スズケン秋田営業部","（株）スズケン秋田営業部","スズケン秋田営業部","Ｓ・秋田","KKｽｽﾞｹﾝｱｷﾀｴｲｷﾞﾖｳﾌﾞ","SZｱｷﾀ","010-0954","05201","秋田県秋田市山王沼田町６－５","018-867-8815","018-863-3212","1","3","","5","253","015","20040713","","20040712","23049"
"27004","04/16/2025 00:00:00","03/31/2026 00:00:00","0","itg04283","04/16/2025 14:35:19","PVU_EX_1400","itg04283","04/16/2025 14:35:19","PVU_EX_1400","アルフレッサ（株）大阪","アルフレッサ（株）大阪","アルフレッサ大阪","ＡＦ大阪","ｱﾙﾌﾚﾂｻ ｵｵｻｶ","AF ｵｵｻｶ","540-0033","27128","大阪府大阪市中央区石町２丁目２－９","0000-00-0000","","1","3","","5","361","001","19000101","","19000101","13149"
"28023","04/16/2025 00:00:00","12/31/9999 00:00:00","0","itg04283","04/16/2025 14:36:40","PVU_EX_1400","itg04283","04/16/2025 14:36:40","PVU_EX_1400","（株）ケーエスケー兵庫","（株）ケーエスケー兵庫","ケーエスケー兵庫","ＫＳＫ兵庫","ｹ-ｴｽｹ- ﾋﾖｳｺﾞ","ｹ-ｴｽｹ- ﾋﾖｳ","657-0845","28102","兵庫県神戸市灘区岩屋中町２丁目２－１","0000-00-0000","","1","3","","5","382","011","19991001","","19990908","27042"
"34012","04/16/2025 00:00:00","12/31/9999 00:00:00","0","itg04283","04/16/2025 14:38:55","PVU_EX_1400","itg04283","04/16/2025 14:38:55","PVU_EX_1400","（株）エバルス","（株）エバルス","エバルス","エバルス","KK ｴﾊﾞﾙｽ","KKｴﾊﾞﾙｽ","730-0022","34101","広島県広島市中区銀山町３－１　ひろしまハイビル２１　８Ｆ","082-544-8301","082-544-8350","1","3","","5","017","028","19000101","","19000101","28026"
"40001","04/16/2025 00:00:00","03/31/2026 00:00:00","0","itg04283","04/16/2025 14:39:56","PVU_EX_1400","itg04283","04/16/2025 14:39:56","PVU_EX_1400","（株）アトル福岡営業部","（株）アトル福岡営業部","アトル福岡営業部","アトル福岡","KK ｱﾄﾙ ﾌｸｵｶ","ｱﾄﾙﾌｸｵｶ","812-0897","40132","福岡県福岡市博多区半道橋２丁目２　－５１","092-451-8772","092-451-8839","1","3","","1","030","151","19000101","","19000101","28026"
"40004","04/16/2025 00:00:00","09/30/2025 00:00:00","0","itg04283","04/16/2025 14:41:16","PVU_EX_1400","itg04283","04/16/2025 14:41:16","PVU_EX_1400","（株）翔薬","（株）翔薬","（株）翔薬","翔薬","KK ｼﾖｳﾔｸ","ｼﾖｳﾔｸ","812-0015","40132","福岡県福岡市博多区山王２丁目３－５","092-471-2200","","1","3","","1","010","152","19000101","","19000101","40004"
"40014","04/16/2025 00:00:00","12/31/9999 00:00:00","0","itg04283","04/16/2025 14:41:52","PVU_EX_1400","itg04283","04/16/2025 14:41:52","PVU_EX_1400","（株）翔薬筑後営業部","（株）翔薬筑後営業部","翔薬筑後営業部","翔薬筑後","KKｼﾖｳﾔｸﾁｸｺﾞ","ｼﾖｳﾔｸﾁｸｺﾞ","830-0047","40203","福岡県久留米市津福本町４７０－１","0942-32-6285","0942-39-3462","1","3","","1","215","152","19000101","","19000101","40004"
"41001","04/16/2025 00:00:00","12/31/9999 00:00:00","0","itg04283","04/16/2025 14:43:10","PVU_EX_1400","itg04283","04/16/2025 14:43:10","PVU_EX_1400","（株）アステム佐賀筑後営業部","（株）アステム佐賀筑後営","アステム佐賀筑後営","ＡＳ佐筑","KK ｱｽﾃﾑ ｻｶﾞﾁｸｺﾞ","ASｻｶﾞﾁｸｺﾞ","845-0031","41208","佐賀県小城市三日月町堀江１７４１","0952-72-8000","0952-72-1843","1","3","","1","320","150","19000101","","19000101","44001"
"42004","04/16/2025 00:00:00","12/31/9999 00:00:00","0","itg04283","04/16/2025 14:46:14","PVU_EX_1400","itg04283","04/16/2025 14:46:14","PVU_EX_1400","（株）翔薬長崎営業部","（株）翔薬長崎営業部","翔薬長崎営業部","翔薬長崎","KK ｼﾖｳﾔｸ ﾅｶﾞｻｷ","ｼﾖｳﾔｸﾅｶﾞｻｷ","850-0823","42201","長崎県長崎市弥生町８－１８","0958-23-2121","","1","3","","1","410","152","19000101","","19000101","40004"
"42009","04/16/2025 00:00:00","12/31/9999 00:00:00","0","itg04283","04/16/2025 14:46:36","PVU_EX_1400","itg04283","04/16/2025 14:46:36","PVU_EX_1400","藤村薬品（株）","藤村薬品（株）","藤村薬品（株）","藤村薬品","ﾌｼﾞﾑﾗ ﾔｸﾋﾝ KK","ﾌｼﾞﾑﾗ ﾔｸﾋﾝ","851-0134","42201","長崎県長崎市田中町２０２２","0958-37-8331","","1","3","","1","430","047","19000101","","19000101","44001"
"13014","09/12/2025 00:00:00","12/31/9999 00:00:00","0","itg45886","09/12/2025 10:24:57","PVU_EX_1400","itg45886","09/12/2025 10:30:08","PVU_EX_1400","東邦薬品グループ","東邦薬品グループ","東邦薬品Ｇ","東邦Ｇ","ﾄｳﾎｳ ﾔｸﾋﾝ G","ﾄｳﾎｳ G","155-0032","13112","東京都世田谷区代沢４丁目４３－１１","0000-00-0000","","1","1","","","","","","","20241028","13013"
"41005","09/12/2025 00:00:00","12/31/9999 00:00:00","0","itg45886","09/12/2025 10:29:10","PVU_EX_1400","itg45886","09/12/2025 10:29:10","PVU_EX_1400","フォレストグループ","フォレストグループ","フォレストＧ","フォレスト","ﾌｫﾚｽﾄ G","ﾌｫﾚｽﾄ G","841-0005","41203","佐賀県鳥栖市弥生が丘７丁目２９","0942-87-7311","0942-87-7313","1","1","","","","","","","20241101","44001"
"43066","09/12/2025 00:00:00","12/31/9999 00:00:00","0","itg46273","09/12/2025 11:26:04","PVU_EX_1400","itg46273","09/12/2025 11:26:04","PVU_EX_1400","（株）新生堂","（株）新生堂","新生堂","新生堂","KK ｼﾝｾｲﾄﾞｳ","ｼﾝｾｲﾄﾞｳ","861-4101","43104","熊本県熊本市南区近見７丁目２－３０","0000-00-0000","","1","3","","","","","","","20250912","43006"
"44001","10/01/2025 00:00:00","12/31/9999 00:00:00","0","itg46273","09/12/2025 11:47:51","PVU_EX_1400","itg46273","09/12/2025 11:47:51","PVU_EX_1400","（株）アステム大分営業部","（株）アステム大分営業部","アステム大分営業部","ＡＳ大分","KK ｱｽﾃﾑ ｵｵｲﾀｴｲｷﾞﾖｳﾌﾞ","ｱｽﾃﾑ ｵｵｲﾀ","841-0005","41203","佐賀県鳥栖市弥生が丘７丁目２９","0942-87-7311","0942-87-7313","1","1","","1","710","150","19000101","","19000101","44001"
"04042","10/01/2025 00:00:00","12/31/9999 00:00:00","0","itg46273","09/12/2025 11:50:06","PVU_EX_1400","itg46273","09/12/2025 11:50:06","PVU_EX_1400","（株）バイタルネット本社","（株）バイタルネット本社","バイタルネット本社","ＶＮ本社","ﾊﾞｲﾀﾙﾈﾂﾄﾎﾝｼﾔ","VNﾎﾝｼﾔ","981-1223","04207","宮城県名取市下余田鹿島１０","022-384-4554","022-384-1123","1","3","","","551","001","20010101","","20001218","04041"
"43006","10/01/2025 00:00:00","12/31/9999 00:00:00","0","itg46273","09/16/2025 13:35:59","PVU_EX_1400","itg46273","09/16/2025 13:35:59","PVU_EX_1400","（株）新生堂","（株）新生堂","新生堂","新生堂","KK ｼﾝｾｲﾄﾞｳ","ｼﾝｾｲﾄﾞｳ","861-4101","43104","熊本県熊本市南区近見７丁目２－３０","0000-00-0000","","1","3","","1","630","142","19000101","","19000101","43006"
"04048","10/01/2025 00:00:00","12/31/9999 00:00:00","0","itg46273","09/16/2025 13:49:22","PVU_EX_1400","itg46273","09/16/2025 13:49:22","PVU_EX_1400","（株）メディセオ南東北統括営業部","メディセオ南東北統括営業部","メディセオ南東北統括","ＭＣ南東北","ﾒﾃﾞｲｾｵ ﾐﾅﾐﾄｳﾎｸﾄｳｶﾂ","MCﾐﾅﾐﾄｳｶﾂ","983-0034","04102","宮城県仙台市宮城野区扇町３丁目","0000-00-0000","","1","3","","1","351","","20091001","20190415","20090917","28026"
"05017","10/01/2025 00:00:00","12/31/9999 00:00:00","0","itg46273","09/16/2025 13:53:11","PVU_EX_1400","itg46273","09/16/2025 13:53:11","PVU_EX_1400","（株）メディセオ北東北統括営業部","メディセオ北東北統括営業部","メディセオ北東北統括","ＭＣ北東北","ﾒﾃﾞｲｾｵ ｷﾀﾄｳﾎｸﾄｳｶﾂ","MCｷﾀﾄｳｶﾂ","010-0061","05201","秋田県秋田市卸町４丁目","0000-00-0000","","1","3","","1","352","039","20091001","20190415","20090917","28026"
"01003","10/01/2025 00:00:00","12/31/9999 00:00:00","0","itg39895","09/16/2025 14:04:48","PVU_EX_1400","itg39895","09/16/2025 14:04:48","PVU_EX_1400","東邦薬品（株）北海道営業部","東邦薬品（株）北海道営業部","東邦薬品北海道営業部","東邦北海道","ﾄｳﾎｳﾔｸﾋﾝKK ﾎﾂｶｲﾄﾞｳ","ﾄｳﾎｳ ﾎﾂｶｲ","060-0005","01101","北海道札幌市中央区北５条西１５丁目","0000-00-0000","","1","1","","1","005","","19000101","","19000101","13013"
"12008","10/01/2025 00:00:00","12/31/9999 00:00:00","0","itg39895","09/16/2025 14:12:47","PVU_EX_1400","itg39895","09/16/2025 14:12:47","PVU_EX_1400","東邦薬品（株）千葉営業部","東邦薬品（株）千葉営業部","東邦薬品千葉営業部","東邦千葉","ﾄｳﾎｳ ﾔｸﾋﾝ KK ﾁﾊﾞ","ﾄｳﾎｳ ﾁﾊﾞ","263-0011","12103","千葉県千葉市稲毛区天台町　５－２１　－１５","043-254-2020","","1","1","","1","211","","19000101","","19000101","13013"
"23890","10/01/2025 00:00:00","12/31/9999 00:00:00","0","itg39895","09/16/2025 14:17:37","PVU_EX_1400","itg39895","09/16/2025 14:17:37","PVU_EX_1400","東邦薬品（株）愛知営業部","東邦薬品（株）愛知営業部","東邦薬品愛知営業部","東邦愛知","ﾄｳﾎｳ ｱｲﾁ","ﾄｳﾎｳ ｱｲﾁ","465-0092","23115","愛知県名古屋市名東区社台３丁目１２０","0000-00-0000","","1","3","","1","103","023","20111001","","20110905","13013"
"41006","11/01/2024 00:00:00","12/31/9999 00:00:00","0","itg42390","10/28/2024 16:28:50","PVU_EX_1400","itg42390","10/28/2024 16:28:50","PVU_EX_1400","（株）アステム","（株）アステム","アステム","アステム","KK ｱｽﾃﾑ","KK ｱｽﾃﾑ","841-0005","41203","佐賀県鳥栖市弥生が丘７丁目２９","0942-87-7311","0942-87-7313","1","1","","","","","","","20241101","44001"
"13983","04/03/2025 00:00:00","12/31/9999 00:00:00","0","itg19647","04/03/2025 13:42:09","PVU_EX_1400","itg19647","04/03/2025 13:42:09","PVU_EX_1400","アルフレッサヘルスケア（株）関東支社","アルフレッサＨＣ関東支社","アルフレッサＨＣ関東","アルフ関東","ｱﾙﾌﾚﾂｻﾍﾙｽｹｱｶﾝﾄｳ","ｱﾙﾌｶﾝﾄｳ","125-0061","13122","東京都葛飾区亀有５丁目１４－１","03-5673-2800","","1","2","","","","","20110907","","20110907","13012"
"01053","04/16/2025 00:00:00","12/31/9999 00:00:00","0","itg04213","04/16/2025 11:45:56","PVU_EX_1400","itg04213","04/16/2025 11:45:56","PVU_EX_1400","アルフレッサ（株）北海道","アルフレッサ（株）北海道","アルフレッサ北海道","ＡＦ北海道","ｱﾙﾌﾚﾂｻ ﾎﾂｶｲﾄﾞｳ","AF ﾎﾂｶｲﾄﾞｳ","063-0803","01107","北海道札幌市西区二十四軒３条４丁目１－１","0000-00-0000","","1","3","","1","010","","20110215","","20110128","13149"
"14034","04/16/2025 00:00:00","12/31/9999 00:00:00","0","itg04283","04/16/2025 14:14:47","PVU_EX_1400","itg04283","04/16/2025 14:14:47","PVU_EX_1400","（株）スズケン湘南営業部","（株）スズケン湘南営業部","スズケン湘南営業部","Ｓ・湘南","KKｽｽﾞｹﾝｼﾖｳﾅﾝｴｲｷﾞﾖｳﾌﾞ","ｽｽﾞｹﾝｼﾖｳﾅﾝ","243-0035","14212","神奈川県厚木市愛甲　字仲町１７１０－１","0462-27-6311","0462-27-6204","1","1","","1","217","","19960105","","19960125","23049"
"23047","09/12/2025 00:00:00","12/31/9999 00:00:00","0","itg45886","09/12/2025 10:26:44","PVU_EX_1400","itg45886","09/12/2025 10:26:44","PVU_EX_1400","スズケングループ","スズケングループ","スズケンＧ","スズケン","ｽｽﾞｹﾝ G","ｽｽﾞｹﾝ","461-0015","23102","愛知県名古屋市東区東片端町１　ビジネスサポート仕入課","052-950-6304","","1","3","","","","","","","20241101","23049"
"40004","10/01/2025 00:00:00","12/31/9999 00:00:00","0","itg46273","09/12/2025 11:42:03","PVU_EX_1400","itg46273","09/12/2025 11:42:03","PVU_EX_1400","（株）翔薬福岡営業部","（株）翔薬福岡営業部","翔薬福岡営業部","翔薬福岡","KK ｼﾖｳﾔｸ ﾌｸｵｶ","ｼﾖｳﾔｸﾌｸｵｶ","812-0015","40132","福岡県福岡市博多区山王２丁目３－５","092-471-2200","","1","3","","1","010","152","19000101","","19000101","40004"
"27042","10/01/2025 00:00:00","12/31/9999 00:00:00","0","itg46273","09/12/2025 11:52:25","PVU_EX_1400","itg46273","09/12/2025 11:52:25","PVU_EX_1400","（株）ケーエスケー大阪","（株）ケーエスケー大阪","ケーエスケー大阪","ＫＳＫ大阪","ｹ-ｴｽｹ- ｵｵｻｶ","ｹ-ｴｽｹ-ｵｵｻｶ","540-0029","27128","大阪府大阪市中央区本町橋１－２０","06-6946-1352","06-6941-5400","1","3","","5","368","008","19991001","","19990908","27042"
"11026","10/01/2025 00:00:00","12/31/9999 00:00:00","0","itg46273","09/16/2025 13:55:20","PVU_EX_1400","itg46273","09/16/2025 13:55:20","PVU_EX_1400","（株）メディセオ埼玉統括営業部","メディセオ埼玉統括営業部","メディセオ埼玉統括","ＭＣ埼玉","ﾒﾃﾞｲｾｵ ｻｲﾀﾏ ﾄｳｶﾂ","MCｻｲﾀﾏ","337-0004","11104","埼玉県さいたま市見沼区卸町１丁目","0000-00-0000","","1","3","","1","222","","20091001","","20100928","28026"
"21890","10/01/2025 00:00:00","12/31/9999 00:00:00","0","itg39895","09/16/2025 14:16:20","PVU_EX_1400","itg39895","09/16/2025 14:16:20","PVU_EX_1400","東邦薬品（株）岐阜営業部","東邦薬品（株）岐阜営業部","東邦薬品岐阜営業部","東邦岐阜","ﾄｳﾎｳ ｷﾞﾌ","ﾄｳﾎｳ ｷﾞﾌ","500-8283","21201","岐阜県岐阜市茜部野瀬１丁目６０","0000-00-0000","","1","3","","1","104","023","20111001","","20110905","13013"
"22890","10/01/2025 00:00:00","12/31/9999 00:00:00","0","itg39895","09/16/2025 14:16:58","PVU_EX_1400","itg39895","09/16/2025 14:16:58","PVU_EX_1400","東邦薬品（株）静岡営業部","東邦薬品（株）静岡営業部","東邦薬品静岡営業部","東邦静岡","ﾄｳﾎｳ ｼｽﾞｵｶ","ﾄｳﾎｳ ｼｽﾞｵｶ","422-8032","22102","静岡県静岡市駿河区有東２丁目２－２５","0000-00-0000","","1","3","","1","106","023","20111001","","20110905","13013"
"25008","10/01/2025 00:00:00","12/31/9999 00:00:00","0","itg39895","09/16/2025 14:18:50","PVU_EX_1400","itg39895","09/16/2025 14:18:50","PVU_EX_1400","東邦薬品（株）滋賀営業部","東邦薬品（株）滋賀営業部","東邦薬品滋賀","東邦滋賀","ﾄｳﾎｳ KK ｼｶﾞ","ﾄｳﾎｳｼｶﾞ","525-0047","25206","滋賀県草津市追分１丁目５－１８","077-569-4121","","1","3","","1","399","015","20170401","","20170510","13013"
"37021","10/01/2025 00:00:00","12/31/9999 00:00:00","0","itg39895","09/16/2025 14:23:08","PVU_EX_1400","itg39895","09/16/2025 14:23:08","PVU_EX_1400","（株）幸燿","（株）幸燿","幸燿","幸燿","KK ｺｳﾖｳ(ｲ)","ｺｳﾖｳ(ｲ)","761-8057","37201","香川県高松市田村町９４８","087-867-2525","087-865-6976","1","3","","1","002","043","20050502","","20050426","13013"
"25007","10/01/2025 00:00:00","12/31/9999 00:00:00","0","itg39895","09/16/2025 14:25:43","PVU_EX_1400","itg39895","09/16/2025 14:25:43","PVU_EX_1400","（株）大正堂","（株）大正堂","大正堂","大正堂","ﾀｲｼﾖｳﾄﾞｳ","ﾀｲｼﾖｳﾄﾞｳ","528-0028","25209","滋賀県甲賀市水口町城東３－３８","0748-65-3001","0748-65-3007","2","3","2","","090","090","20161001","","20160928","13013"
"43099","10/01/2025 00:00:00","12/31/9999 00:00:00","0","itg46273","09/16/2025 14:28:01","PVU_EX_1400","itg46273","09/16/2025 14:28:01","PVU_EX_1400","ツツミ化学","ツツミ化学","ツツミ化学","ツツミ","ﾂﾂﾐ ｶｶﾞｸ","ﾂﾂﾐ ｶｶﾞｸ","","43000","熊本県","0000-00-0000","","2","3","2","","","","19000101","","19000101","43006"
"17022","10/01/2025 00:00:00","12/31/9999 00:00:00","0","itg46273","09/16/2025 14:31:15","PVU_EX_1400","itg46273","09/16/2025 14:31:15","PVU_EX_1400","（株）メディセオ北陸統括営業部","メディセオ北陸統括営業部","メディセオ北陸統括","ＭＣ北陸","ﾒﾃﾞｲｾｵ ﾎｸﾘｸ ﾄｳｶﾂ","MCﾎｸﾘｸ","920-0806","17201","石川県金沢市神宮寺３丁目","0000-00-0000","","1","3","","1","398","014","20091001","20190415","20090917","28026"
"22024","10/01/2025 00:00:00","03/31/2026 00:00:00","0","itg39895","09/16/2025 14:34:14","PVU_EX_1400","itg39895","09/16/2025 14:34:14","PVU_EX_1400","アルフレッサ（株）静岡","アルフレッサ（株）静岡","アルフレッサ静岡","ＡＦ静岡","ｱﾙﾌﾚﾂｻ ｼｽﾞｵｶ","AF ｼｽﾞｵｶ","422-8027","22102","静岡県静岡市駿河区豊田３丁目８－６","0000-00-0000","","1","3","","5","205","","19981001","","19980925","13149"
"26008","10/01/2025 00:00:00","12/31/9999 00:00:00","0","itg39895","09/16/2025 14:35:58","PVU_EX_1400","itg39895","09/16/2025 14:35:58","PVU_EX_1400","アルフレッサ（株）京滋","アルフレッサ（株）京滋","アルフレッサ京滋","ＡＦ京滋","ｱﾙﾌﾚﾂｻ ｹｲｼﾞ","AF ｹｲｼﾞ","600-8483","26106","京都府京都市下京区東堀川通高辻上る吉水町　下ル五軒町　３８５","075-361-2111","075-365-0007","1","3","","5","391","005","19000101","","19000101","13149"
"29010","10/01/2025 00:00:00","12/31/9999 00:00:00","0","itg39895","09/16/2025 14:37:43","PVU_EX_1400","itg39895","09/16/2025 14:37:43","PVU_EX_1400","アルフレッサ奈良","アルフレッサ奈良","アルフレッサ奈良","ＡＦ奈良","ｱﾙﾌﾚﾂｻ ﾅﾗ","AF ﾅﾗ","630-8444","29201","奈良県奈良市今市町３　－６０　ー１","0000-00-0000","","1","3","","","362","002","19000101","","19000101","13149"
"11009","10/01/2025 00:00:00","03/31/2026 00:00:00","0","itg39895","09/16/2025 14:42:32","PVU_EX_1400","itg39895","09/16/2025 14:42:32","PVU_EX_1400","アルフレッサ（株）埼玉","アルフレッサ（株）埼玉","アルフレッサ埼玉","ＡＦ埼玉","ｱﾙﾌﾚﾂｻ ｻｲﾀﾏ","AF ｻｲﾀﾏ","331-0811","11102","埼玉県さいたま市北区吉野町１丁目１９－１０","0000-00-0000","","1","1","","5","223","","19000101","","19000101","13149"
"12010","10/01/2025 00:00:00","12/31/9999 00:00:00","0","itg39895","09/16/2025 14:43:09","PVU_EX_1400","itg39895","09/16/2025 14:43:09","PVU_EX_1400","アルフレッサ（株）千葉","アルフレッサ（株）千葉","アルフレッサ千葉","ＡＦ千葉","ｱﾙﾌﾚﾂｻ ﾁﾊﾞ","AF ﾁﾊﾞ","260-0843","12101","千葉県千葉市中央区末広３丁目１７－５","043-265-9690","","1","1","","5","208","","19000101","","19000101","13149"
"37001","10/01/2025 00:00:00","03/31/2026 00:00:00","0","itg39895","09/16/2025 14:46:21","PVU_EX_1400","itg39895","09/16/2025 14:46:21","PVU_EX_1400","四国アルフレッサ（株）","四国アルフレッサ（株）","四国アルフレッサ","四国ＡＦ","ｼｺｸｱﾙﾌﾚﾂｻ KK","ｼｺｸAF","760-0050","37201","香川県高松市亀井町４－２","087-832-0100","087-832-0050","1","3","","1","001","042","19000101","","19000101","13149"
"01001","10/01/2025 00:00:00","12/31/9999 00:00:00","0","itg39895","09/16/2025 14:52:46","PVU_EX_1400","itg39895","09/16/2025 14:52:46","PVU_EX_1400","（株）スズケン愛生舘営業部","（株）スズケン愛生舘営業部","スズケン愛生舘営業部","Ｓ・愛生舘","S･ｱｲｾｲｶﾝ ｴｲｷﾞﾖｳﾌﾞ","ｱｲｾｲｶﾝ","060-0906","01103","北海道札幌市東区北６条東３丁目　卸センター内","011-721-1161","011-704-5338","1","3","","5","001","001","19000101","","19000101","23049"
"11004","10/01/2025 00:00:00","12/31/9999 00:00:00","0","itg39895","09/16/2025 14:59:14","PVU_EX_1400","itg39895","09/16/2025 14:59:14","PVU_EX_1400","（株）スズケン埼玉営業部","（株）スズケン埼玉営業部","スズケン埼玉営業部","Ｓ・埼玉","KK ｽｽﾞｹﾝｻｲﾀﾏｴｲｷﾞﾖｳﾌﾞ","ｽｽﾞｹﾝ ｻｲﾀﾏ","331-0811","11102","埼玉県さいたま市北区吉野町２丁目２０４－１","0000-00-0000","","1","1","","1","224","","19000101","","19000101","23049"
"12004","10/01/2025 00:00:00","12/31/9999 00:00:00","0","itg39895","09/16/2025 14:59:47","PVU_EX_1400","itg39895","09/16/2025 14:59:47","PVU_EX_1400","（株）スズケン千葉営業部","（株）スズケン千葉営業部","スズケン千葉営業部","Ｓ・千葉","KK ｽｽﾞｹﾝ ﾁﾊﾞｴｲｷﾞﾖｳﾌﾞ","ｽｽﾞｹﾝ ﾁﾊﾞ","263-0024","12103","千葉県千葉市稲毛区穴川３丁目３－１７","043-254-4151","0472-54-3440","1","1","","1","209","","19000101","","19000101","23049"
"16005","10/01/2025 00:00:00","12/31/9999 00:00:00","0","itg39895","09/16/2025 15:03:34","PVU_EX_1400","itg39895","09/16/2025 15:03:34","PVU_EX_1400","（株）スズケン富山営業部","（株）スズケン富山営業部","スズケン富山営業部","Ｓ・富山","KK ｽｽﾞｹﾝ ﾄﾔﾏ ｴｲｷﾞﾖｳ","ｽｽﾞｹﾝ ﾄﾔﾏ","939-8214","16201","富山県富山市黒崎４５１－１","0000-00-0000","","1","3","","5","026","","19000101","","19000101","23049"
"17004","10/01/2025 00:00:00","12/31/9999 00:00:00","0","itg39895","09/16/2025 15:04:04","PVU_EX_1400","itg39895","09/16/2025 15:04:04","PVU_EX_1400","（株）スズケン金沢営業部","（株）スズケン金沢営業部","スズケン金沢営業部","Ｓ・金沢","KKｽｽﾞｹﾝ ｶﾅｻﾞﾜ ｴｲｷﾞﾖｳ","ｽｽﾞｹﾝ ｶﾅｻﾜ","920-0061","17201","石川県金沢市問屋町２丁目５０","0000-00-0000","","1","3","","5","023","","19000101","","19000101","23049"
"18009","10/01/2025 00:00:00","12/31/9999 00:00:00","0","itg39895","09/16/2025 15:04:34","PVU_EX_1400","itg39895","09/16/2025 15:04:34","PVU_EX_1400","（株）スズケン福井営業部","（株）スズケン福井営業部","スズケン福井営業部","Ｓ・福井","KK ｽｽﾞｹﾝ ﾌｸｲ ｴｲｷﾞﾖｳ","ｽｽﾞｹﾝ ﾌｸｲ","910-0851","18201","福井県福井市米松２丁目２０－１５","0000-00-0000","","1","3","","5","028","","19000101","","19000101","23049"
"23100","04/03/2025 00:00:00","12/31/9999 00:00:00","0","itg45886","04/03/2025 08:56:32","PVU_EX_1400","itg45886","04/03/2025 08:56:32","PVU_EX_1400","（株）メディセオ中部統括営業部","メディセオ中部統括営業部","メディセオ中部統括","ＭＣ中部","ﾒﾃﾞｲｾｵ ﾁﾕｳﾌﾞﾄｳｶﾂ","MCﾁﾕｳﾌﾞ","451-0051","23104","愛知県名古屋市西区則武新町３丁目","0000-00-0000","","1","3","","1","110","","20091001","","20100928","28026"
"40026","04/16/2025 00:00:00","12/31/9999 00:00:00","0","itg04283","04/16/2025 14:42:28","PVU_EX_1400","itg04283","04/16/2025 14:42:28","PVU_EX_1400","（株）アトル筑後営業部","（株）アトル筑後営業部","アトル筑後営業部","アトル筑後","KK ｱﾄﾙ ﾁｸｺﾞ","ｱﾄﾙ ﾁｸｺﾞ","839-0811","40203","福岡県久留米市山川神代１丁目１０－１８","0942-45-8451","0942-45-8444","1","3","","1","220","502","19000101","","19000101","28026"
"41002","04/16/2025 00:00:00","12/31/9999 00:00:00","0","itg04283","04/16/2025 14:43:43","PVU_EX_1400","itg04283","04/16/2025 14:43:43","PVU_EX_1400","（株）アトル西九州営業部","（株）アトル西九州営業部","アトル西九州営業部","アトル西九","KKｱﾄﾙ ﾆｼｷﾕｳｼﾕｳｴｲｷﾞﾖｳ","ｱﾄﾙ ﾆｼｷﾕｳ","840-0857","41201","佐賀県佐賀市鍋島町八戸３１４０","0952-29-7161","0952-24-2621","1","3","","1","350","151","20161001","","20161001","28026"
"41003","04/16/2025 00:00:00","12/31/9999 00:00:00","0","itg04283","04/16/2025 14:44:14","PVU_EX_1400","itg04283","04/16/2025 14:44:14","PVU_EX_1400","（株）翔薬佐賀営業部","（株）翔薬佐賀営業部","翔薬佐賀営業部","翔薬佐賀","KK ｼﾖｳﾔｸ ｻｶﾞ","ｼﾖｳﾔｸ ｻｶﾞ","849-0934","41201","佐賀県佐賀市開成６丁目１２－２５","0952-30-3211","","1","3","","1","310","152","19000101","","19000101","40004"
"45002","04/16/2025 00:00:00","12/31/9999 00:00:00","0","itg04283","04/16/2025 14:48:13","PVU_EX_1400","itg04283","04/16/2025 14:48:13","PVU_EX_1400","（株）アトル宮崎営業部","（株）アトル宮崎営業部","アトル宮崎営業部","アトル宮崎","KK ｱﾄﾙ ﾐﾔｻﾞｷ","ｱﾄﾙ ﾐﾔｻﾞｷ","880-0951","45201","宮崎県宮崎市大塚町倉ノ下３１３－１","0985-62-3321","0985-62-3321","1","3","","1","820","151","19000101","","19000101","28026"
"13147","09/12/2025 00:00:00","12/31/9999 00:00:00","0","itg45886","09/12/2025 10:25:50","PVU_EX_1400","itg45886","09/12/2025 10:25:50","PVU_EX_1400","アルフレッサグループ","アルフレッサグループ","アルフレッサＧ","アルフレッ","ｱﾙﾌﾚﾂｻ G","ｱﾙﾌﾚﾂｻ G","101-0053","13101","東京都千代田区神田美土代町７　住友不動産神田ビル１４階","0000-00-0000","","1","1","","","","","","","20241101","13149"
"26014","10/01/2025 00:00:00","12/31/9999 00:00:00","0","itg39895","09/16/2025 13:51:57","PVU_EX_1400","itg39895","09/16/2025 13:51:57","PVU_EX_1400","（株）ケーエスケー京滋","（株）ケーエスケー京滋","ケーエスケー京滋","ＫＳＫ京滋","ｹ-ｴｽｹ- ｹｲｼﾞ","ｹ-ｴｽｹ-ｹｲｼﾞ","604-0000","26104","京都府京都市中京区　東堀川通丸太町下ル７－７","0000-00-0000","","1","3","","5","395","","19991001","","19990908","27042"
"43011","10/01/2025 00:00:00","12/31/9999 00:00:00","0","itg39895","09/16/2025 14:50:10","PVU_EX_1400","itg45886","09/29/2025 11:40:59","PVU_EX_1400","（株）宮崎温仙堂商店熊本支店","（株）宮崎温仙堂商店熊本","宮崎温仙堂熊本支店","温仙堂熊本","KK ﾐﾔｻﾞｷｵﾝｾﾝﾄﾞｳ ｸﾏﾓﾄ","ｵﾝｾﾝﾄﾞｳｸﾏﾓ","862-0926","43102","熊本県熊本市東区保田窪３丁目１－１１","0000-00-0000","","1","3","","1","640","503","19000101","","19000101","13149"
"21004","10/01/2025 00:00:00","12/31/9999 00:00:00","0","itg39895","09/16/2025 15:05:06","PVU_EX_1400","itg39895","09/16/2025 15:05:06","PVU_EX_1400","（株）スズケン岐阜営業部","（株）スズケン岐阜営業部","スズケン岐阜営業部","Ｓ・岐阜","KK ｽｽﾞｹﾝ ｷﾞﾌｴｲｷﾞﾖｳﾌﾞ","ｽｽﾞｹﾝ ｷﾞﾌ","500-8357","21201","岐阜県岐阜市六条大溝３丁目４－１８","0000-00-0000","","1","3","","1","202","012","19000101","","19000101","23049"
"23003","10/01/2025 00:00:00","12/31/9999 00:00:00","0","itg39895","09/16/2025 15:06:08","PVU_EX_1400","itg39895","09/16/2025 15:06:08","PVU_EX_1400","（株）スズケン病院統轄部","（株）スズケン病院統轄部","スズケン病院統轄部","Ｓ病院統轄","KK ｽｽﾞｹﾝ ﾋﾞｮｳｲﾝﾄｳｶﾂﾌ","ﾋﾞｮｳｲﾝﾄｳｶﾂ","461-0015","23102","愛知県名古屋市東区東片端町８","052-954-2672","","1","1","","1","","","20230410","","20230410","23049"
"23009","10/01/2025 00:00:00","12/31/9999 00:00:00","0","itg39895","09/16/2025 15:06:36","PVU_EX_1400","itg39895","09/16/2025 15:06:36","PVU_EX_1400","（株）スズケン名古屋営業部","（株）スズケン名古屋営業部","スズケン名古屋営業部","Ｓ・名古屋","KK ｽｽﾞｹﾝ ﾅｺﾞﾔｴｲｷﾞﾖｳﾌ","ｽｽﾞｹﾝ ﾅｺﾞﾔ","461-0015","23102","愛知県名古屋市東区東片端町１","0000-00-0000","","1","3","","1","101","026","19000101","","19000101","23049"
"25002","10/01/2025 00:00:00","12/31/9999 00:00:00","0","itg39895","09/16/2025 15:07:33","PVU_EX_1400","itg39895","09/16/2025 15:07:33","PVU_EX_1400","（株）スズケン滋賀営業部","（株）スズケン滋賀営業部","スズケン滋賀営業部","Ｓ・滋賀","KK ｽｽﾞｹﾝ ｼｶﾞｴｲｷﾞﾖｳﾌﾞ","ｽｽﾞｹﾝ ｼｶﾞ","520-2271","25201","滋賀県大津市稲津１丁目４－４４","0775-46-3311","0775-46-3321","1","3","","5","394","","19000101","","19000101","23049"
"26011","10/01/2025 00:00:00","12/31/9999 00:00:00","0","itg39895","09/16/2025 15:08:00","PVU_EX_1400","itg39895","09/16/2025 15:08:00","PVU_EX_1400","（株）スズケン京都営業部","（株）スズケン京都営業部","スズケン京都営業部","Ｓ・京都","KK ｽｽﾞｹﾝ ｷﾖｳﾄｴｲｷﾞﾖｳ","ｽｽﾞｹﾝ ｷﾖｳﾄ","615-0054","26108","京都府京都市右京区西院月双町１８","075-313-3211","075-313-2141","1","3","","5","393","","19940720","","19940628","23049"
"27014","10/01/2025 00:00:00","12/31/9999 00:00:00","0","itg39895","09/16/2025 15:08:28","PVU_EX_1400","itg39895","09/16/2025 15:08:28","PVU_EX_1400","（株）スズケン大阪営業部","（株）スズケン大阪営業部","スズケン大阪営業部","Ｓ・大阪","KK ｽｽﾞｹﾝ ｵｵｻｶ ｴｲｷﾞﾖｳ","ｽｽﾞｹﾝ ｵｵｻｶ","541-0045","27128","大阪府大阪市中央区道修町１丁目７－１０　扶桑道修町ビル","0000-00-0000","","1","3","","5","365","008","19000101","","19000101","23049"
"29012","10/01/2025 00:00:00","12/31/9999 00:00:00","0","itg39895","09/16/2025 15:09:30","PVU_EX_1400","itg39895","09/16/2025 15:09:30","PVU_EX_1400","（株）スズケン奈良営業部","（株）スズケン奈良営業部","スズケン奈良営業部","Ｓ・奈良","KK ｽｽﾞｹﾝ ﾅﾗｴｲｷﾞﾖｳﾌﾞ","ｽｽﾞｹﾝ ﾅﾗ","630-8452","29201","奈良県奈良市北之庄西町２丁目１０－６","0000-00-0000","","1","3","","5","366","","19000101","","19000101","23049"
"30502","10/01/2025 00:00:00","12/31/9999 00:00:00","0","itg39895","09/16/2025 15:10:13","PVU_EX_1400","itg39895","09/16/2025 15:10:13","PVU_EX_1400","（株）スズケン和歌山営業部","（株）スズケン和歌山営業部","スズケン和歌山営業部","Ｓ・和歌山","KK ｽｽﾞｹﾝ ﾜｶﾔﾏｴｲｷﾞﾖｳ","ｽｽﾞｹﾝﾜｶﾔﾏ","640-8443","30201","和歌山県和歌山市延時　字立堀２５","0000-00-0000","","1","3","","5","367","","19000101","","19000101","23049"
"40010","10/01/2025 00:00:00","12/31/9999 00:00:00","0","itg39895","09/16/2025 15:14:04","PVU_EX_1400","itg39895","09/16/2025 15:14:04","PVU_EX_1400","（株）翔薬北九州営業部","（株）翔薬北九州営業部","翔薬北九州営業部","翔薬北九州","KK ｼﾖｳﾔｸ ｷﾀｷﾕｳｼﾕｳｼｼﾔ","ｼﾖｳﾔｸｷﾀｷﾕｳ","803-0836","40106","福岡県北九州市小倉北区中井４丁目１２－１８","093-571-1681","","1","3","","1","110","152","19000101","","19000101","40004"
"40007","10/01/2025 00:00:00","12/31/9999 00:00:00","0","itg46273","09/16/2025 15:17:56","PVU_EX_1400","itg46273","09/16/2025 15:17:56","PVU_EX_1400","（株）アステム筑後営業部","（株）アステム筑後営業部","アステム筑後営業部","ＡＳ筑後","KK ｱｽﾃﾑ ﾁｸｺﾞｴｲｷﾞﾖｳﾌﾞ","ASﾁｸｺﾞ","839-0801","40203","福岡県久留米市宮ノ陣３丁目７－６０","0942-32-1188","0942-31-7272","1","3","","1","210","150","19000101","","19000101","44001"
"44003","10/01/2025 00:00:00","12/31/9999 00:00:00","0","itg39895","09/16/2025 15:18:10","PVU_EX_1400","itg39895","09/16/2025 15:18:10","PVU_EX_1400","（株）翔薬大分営業部","（株）翔薬大分営業部","翔薬大分営業部","翔薬大分","KK ｼﾖｳﾔｸ ｵｵｲﾀ","ｼﾖｳﾔｸｵｵｲﾀ","870-0028","44201","大分県大分市新町１４－８","0000-00-0000","","1","3","","1","750","152","19000101","","19000101","40004"
"46005","10/01/2025 00:00:00","12/31/9999 00:00:00","0","itg39895","09/16/2025 15:19:50","PVU_EX_1400","itg39895","09/16/2025 15:19:50","PVU_EX_1400","（株）翔薬鹿児島営業部","（株）翔薬鹿児島営業部","翔薬鹿児島営業部","翔薬鹿児島","KK ｼﾖｳﾔｸ ｶｺﾞｼﾏ","ｼﾖｳﾔｸｶｺﾞｼﾏ","891-0123","46201","鹿児島県鹿児島市卸本町５－１９","0000-00-0000","","1","3","","1","910","152","19000101","","19000101","40004"
"41007","10/01/2025 00:00:00","12/31/9999 00:00:00","0","itg45886","09/29/2025 11:39:02","PVU_EX_1400","itg45886","09/29/2025 11:39:02","PVU_EX_1400","（株）宮崎温仙堂商店佐賀支店","（株）宮崎温仙堂商店佐賀","宮崎温仙堂佐賀支店","温仙堂佐賀","KK ﾐﾔｻﾞｷ ｵﾝｾﾝﾄﾞｳ ｻｶﾞ","ｵﾝｾﾝﾄﾞｳ ｻｶ","849-0912","41201","佐賀県佐賀市兵庫町瓦町１１０４","0000-00-0000","","1","3","","1","340","501","19000101","","19000101","13149"
"02027","04/16/2025 00:00:00","12/31/9999 00:00:00","0","itg04283","04/16/2025 14:00:10","PVU_EX_1400","itg04283","04/16/2025 14:00:10","PVU_EX_1400","東邦薬品（株）青森営業部","東邦薬品（株）青森営業部","東邦薬品青森営業部","東邦青森","ﾄｳﾎｳ ｱｵﾓﾘ ｴｲｷﾞﾖｳﾌﾞ","ﾄｳﾎｳ ｱｵﾓﾘ","030-0131","02201","青森県青森市問屋町１丁目１２　－１１","0000-00-0000","","1","3","","1","151","002","20101001","","20100907","13013"
"05016","04/16/2025 00:00:00","03/31/2026 00:00:00","0","itg04283","04/16/2025 14:08:00","PVU_EX_1400","itg04283","04/16/2025 14:08:00","PVU_EX_1400","東北アルフレッサ（株）秋田","東北アルフレッサ（株）秋田","東北アルフレッサ秋田","東北Ａ秋田","ﾄｳﾎｸｱﾙﾌﾚﾂｻ ｱｷﾀ","ﾄｳﾎｸAｱｷﾀ","010-0061","05201","秋田県秋田市卸町３丁目４　－３","0000-00-0000","","1","3","","5","304","050","20081001","","20080918","13149"
"43001","04/16/2025 00:00:00","12/31/9999 00:00:00","0","itg04283","04/16/2025 14:47:11","PVU_EX_1400","itg04283","04/16/2025 14:47:11","PVU_EX_1400","九州東邦（株）","九州東邦（株）","九州東邦","九州東邦","ｷﾕｳｼﾕｳﾄｳﾎｳKK","ｷﾕｳｼﾕｳﾄｳﾎｳ","860-0823","43101","熊本県熊本市中央区世安町　３５６","0000-00-0000","","1","3","","1","680","159","19000101","","19000101","13013"
"42002","10/01/2025 00:00:00","03/31/2026 00:00:00","0","itg46273","09/12/2025 11:54:28","PVU_EX_1400","itg45886","09/29/2025 11:36:36","PVU_EX_1400","（株）宮崎温仙堂商店長崎支店","（株）宮崎温仙堂商店長崎","宮崎温仙堂長崎支店","温仙堂長崎","KK ﾐﾔｻﾞｷｵﾝｾﾝﾄﾞｳﾅｶﾞｻｷ","ｵﾝｾﾝﾄﾞｳﾅｶﾞ","854-0014","42204","長崎県諫早市東小路町２－２８","0957-22-3350","","1","3","","1","420","500","19000101","","19000101","13149"
"21002","10/01/2025 00:00:00","12/31/9999 00:00:00","0","itg39895","09/16/2025 14:33:40","PVU_EX_1400","itg39895","09/16/2025 14:33:40","PVU_EX_1400","アルフレッサ（株）岐阜","アルフレッサ（株）岐阜","アルフレッサ岐阜","ＡＦ岐阜","ｱﾙﾌﾚﾂｻ ｷﾞﾌ","AF ｷﾞﾌ","500-8281","21201","岐阜県岐阜市東鶉２丁目１１５　－３","0000-00-0000","","1","3","","5","203","010","19000101","","19000101","13149"
"37010","10/28/2025 00:00:00","12/31/9999 00:00:00","0","itg04283","10/28/2025 16:27:51","PVU_EX_1400","itg04283","10/28/2025 16:27:51","PVU_EX_1400","（株）よんやく","（株）よんやく","よんやく","よんやく","KK ﾖﾝﾔｸ","ﾖﾝﾔｸ","791-1112","38201","愛媛県松山市南高井町　１８２８","089-990-4141","089-990-4170","1","3","","1","003","044","19991001","","19990917","37017"
"27041","12/25/2025 00:00:00","12/31/9999 00:00:00","0","itg45886","12/25/2025 13:41:37","PVU_EX_1400","itg45886","12/25/2025 13:41:37","PVU_EX_1400","（株）ケーエスケー","（株）ケーエスケー","ケーエスケー","ＫＳＫ","ｹ-ｴｽｹ-","ｹ-ｴｽｹ-","540-0029","27128","大阪府大阪市中央区本町橋１－２０","06-6946-1352","06-6941-5400","1","3","","","","","","","20241101","27042"
"42002","04/01/2026 00:00:00","12/31/9999 00:00:00","0","itg37786","02/16/2026 15:49:09","PVU_EX_1400","itg37786","02/16/2026 15:49:09","PVU_EX_1400","（株）宮崎温仙堂商店医薬事業部","（株）宮崎温仙堂商店医薬","宮崎温仙堂医薬事業部","宮崎温仙堂","ﾐﾔｻﾞｷｵﾝｾﾝﾄﾞｳ ｲﾔｸ","ｵﾝｾﾝﾄﾞｳ","854-0014","42204","長崎県諫早市東小路町２－２８","0957-22-3350","","1","3","","1","420","500","19000101","","19000101","13149"
"02026","04/01/2026 00:00:00","12/31/9999 00:00:00","0","itg37786","02/16/2026 15:56:07","PVU_EX_1400","itg37786","02/16/2026 15:56:07","PVU_EX_1400","東北アルフレッサ（株）青森営業部","東北アルフレッサ（株）青森","東北アルフレッサ青森","東北Ａ青森","ﾄｳﾎｸｱﾙﾌﾚﾂｻ ｱｵﾓﾘ","ﾄｳﾎｸAFｱｵﾓﾘ","030-0131","02201","青森県青森市問屋町２丁目１１－１４","0000-00-0000","","1","3","","5","301","600","20081001","","20080918","13149"
"03027","04/01/2026 00:00:00","12/31/9999 00:00:00","0","itg37786","02/16/2026 16:01:51","PVU_EX_1400","itg37786","02/16/2026 16:01:51","PVU_EX_1400","東北アルフレッサ（株）岩手営業部","東北アルフレッサ（株）岩手","東北アルフレッサ岩手","東北Ａ岩手","ﾄｳﾎｸｱﾙﾌﾚﾂｻ ｲﾜﾃ","ﾄｳﾎｸAFｲﾜﾃ","020-0846","03201","岩手県盛岡市流通センター北１丁目４－７","0000-00-0000","","1","3","","5","302","040","20081001","","20080918","13149"
"07004","04/01/2026 00:00:00","12/31/9999 00:00:00","0","itg37786","02/16/2026 16:36:16","PVU_EX_1400","itg36186","03/12/2026 15:35:42","PVU_EX_1400","東北アルフレッサ（株）","東北アルフレッサ（株）","東北アルフレッサ","東北Ａ","ﾄｳﾎｸｱﾙﾌﾚﾂｻ","ﾄｳﾎｸA","963-0547","07203","福島県郡山市喜久田町卸１丁目１２５－１３","0000-00-0000","","1","3","","5","306","017","19000101","","19000101","13149"
"07005","04/01/2026 00:00:00","12/31/9999 00:00:00","0","itg37786","02/16/2026 16:39:56","PVU_EX_1400","itg37786","02/16/2026 16:39:56","PVU_EX_1400","東北アルフレッサ（株）福島営業部","東北アルフレッサ（株）福島","東北アルフレッサ福島","東北Ａ福島","ﾄｳﾎｸｱﾙﾌﾚﾂｻ ﾌｸｼﾏ","ﾄｳﾎｸAﾌｸｼﾏ","963-0547","07203","福島県郡山市喜久田町卸１丁目１２５－１３","0000-00-0000","","1","3","","5","306","017","19000101","","20230418","13149"
"11009","04/01/2026 00:00:00","12/31/9999 00:00:00","0","itg37786","02/17/2026 16:28:13","PVU_EX_1400","itg37786","02/17/2026 16:28:13","PVU_EX_1400","アルフレッサ（株）首都圏営業本部","アルフレッサ首都圏","アルフレッサ首都圏","ＡＦ首都圏","ｱﾙﾌﾚﾂｻ ｼｭﾄｹﾝ","AF ｼｭﾄｹﾝ","101-0047","13101","東京都千代田区内神田１丁目１２－１　アルフレッサ神田ビル３階","0000-00-0000","","1","1","","5","223","","19000101","","19000101","13149"
"01001","01/01/2000 00:00:00","03/31/2013 00:00:00","0","ecld0918","03/29/2018 18:50:00","803001","ecld0918","03/29/2018 18:50:00","803001","（株）スズケン愛生舘営業部","（株）スズケン愛生舘営業部","Ｓ・愛生舘営業部","愛生舘","S･ｱｲｾｲｶﾝ ｴｲｷﾞﾖｳﾌﾞ","ｱｲｾｲｶﾝ","060-0906","01103005003","北海道札幌市東区北６条東３丁目卸センター内","011-721-1161","011-704-5338","1","3","","1","001","001","19000101","","19000101","23049"
"01001","04/01/2013 00:00:00","03/31/2016 00:00:00","0","ips00015","03/29/2018 18:50:00","803001","ips00015","03/29/2018 18:50:00","803001","（株）スズケン愛生舘営業部","（株）スズケン愛生舘営業部","Ｓ・愛生舘営業部","愛生舘","S･ｱｲｾｲｶﾝ ｴｲｷﾞﾖｳﾌﾞ","ｱｲｾｲｶﾝ","060-0906","01103005003","北海道札幌市東区北６条東３丁目卸センター内","011-721-1161","011-704-5338","1","3","","5","001","001","19000101","","19000101","23049"
"01001","04/01/2016 00:00:00","10/09/2019 00:00:00","0","ips00023","03/29/2018 18:50:00","803001","ips00023","03/29/2018 18:50:00","803001","（株）スズケン愛生舘営業部","（株）スズケン愛生舘営業部","スズケン愛生舘営業部","Ｓ・愛生舘","S･ｱｲｾｲｶﾝ ｴｲｷﾞﾖｳﾌﾞ","ｱｲｾｲｶﾝ","060-0906","01103005003","北海道札幌市東区北６条東３丁目卸センター内","011-721-1161","011-704-5338","1","3","","5","001","001","19000101","","19000101","23049"
"01003","01/01/2000 00:00:00","04/19/2018 00:00:00","0","ecld0918","03/29/2018 18:50:00","803001","ecld0918","03/29/2018 18:50:00","803001","東邦薬品（株）北海道営業部","東邦薬品（株）北海道営業部","東邦薬品北海道営業部","東邦北海道","ﾄｳﾎｳﾔｸﾋﾝKK ﾎﾂｶｲﾄﾞｳ","ﾄｳﾎｳ ﾎﾂｶｲ","060-0005","01101012015","北海道札幌市中央区北５条西１５丁目","0000-00-0000","","1","1","","1","005","","19000101","","19000101","13013"
"01005","01/01/2000 00:00:00","04/23/2018 00:00:00","0","ecld0918","03/29/2018 18:50:00","803001","ecld0918","03/29/2018 18:50:00","803001","（株）モロオ","（株）モロオ","モロオ","モロオ","KK ﾓﾛｵ","ﾓﾛｵ","060-0003","01101008015","北海道札幌市中央区北３条西１５丁目","011-618-2323","011-644-0394","1","3","","1","003","003","19000101","","19000101","01005"
"01020","01/01/2000 00:00:00","03/31/2016 00:00:00","0","ecl04960","03/29/2018 18:50:00","803001","ecl04960","03/29/2018 18:50:00","803001","株式会社　ほくやく","株式会社　ほくやく","株）ほくやく","ほくやく","KK ﾎｸﾔｸ","ﾎｸﾔｸ","060-0006","01101014016","北海道札幌市中央区北６条西１６丁目１番地５","011-611-1059","011-631-5125","1","3","","1","004","006","19990401","","19910304","01020"
"01020","04/01/2016 00:00:00","10/09/2019 00:00:00","0","ips00023","03/29/2018 18:50:00","803001","ips00023","03/29/2018 18:50:00","803001","株式会社　ほくやく","株式会社　ほくやく","ほくやく","ほくやく","KK ﾎｸﾔｸ","ﾎｸﾔｸ","060-0006","01101014016","北海道札幌市中央区北６条西１６丁目１番地５","011-611-1059","011-631-5125","1","3","","1","004","006","19990401","","19910304","01020"
"01029","01/01/2000 00:00:00","10/09/2019 00:00:00","0","ecl07870","03/29/2018 18:50:00","803001","ecl07870","03/29/2018 18:50:00","803001","北海道厚生連　医薬品課","北海道厚生連　医薬品課","厚生連　医薬品課","厚生連（医","ﾎﾂｶｲﾄﾞｳｺｳｾｲﾚﾝ ｲﾔｸﾋﾝｶ","ｺｳｾｲﾚﾝ ｲﾔｸ","060-0004","01101010001","北海道札幌市中央区北４条西１丁目","011-231-2111","","1","3","","","007","","19000101","","19000101","01029"
"01048","01/01/2000 00:00:00","10/08/2020 00:00:00","0","ecl04960    ","03/29/2018 18:50:00","803001","ecl04960    ","03/29/2018 18:50:00","803001","（株）井田両国堂札幌店","（株）井田両国堂札幌店","（株）井田札幌","井田札幌","KKｲﾀﾞﾘﾖｳｺﾞｸﾄﾞｳ","ｻﾂﾎﾟﾛ","004-0055","01108010001","北海道札幌市厚別区厚別中央５条１丁目７－１","011-890-1160","011-890-1165","3","3","","","","","20060901","","20060822","13803"
"01049","01/01/2000 00:00:00","03/31/2016 00:00:00","0","ecl04321","03/29/2018 18:50:00","803001","ecl04321","03/29/2018 18:50:00","803001","株）リードヘルスケア北海道","株）リードヘルスケア北海道","リードＨＣ北海道","ＲＨＣ北海","KK ﾘ-ﾄﾞﾍﾙｽｹｱﾎﾂｶｲﾄﾞｳ","ﾘ-ﾄﾞﾎﾂｶｲﾄﾞ","060-0011","01101019014","北海道札幌市中央区北１１条西１４丁目１番１号（株）ほくやく気付３階営業業務部","011-737-1059","011-716-1470","1","3","","","004","006","20080201","","20080227","13157"
"01049","04/01/2016 00:00:00","03/31/2017 00:00:00","0","ecl05317","03/29/2018 18:50:00","803001","ecl05317","03/29/2018 18:50:00","803001","株）リードヘルスケア札幌営業所","株）リードヘルスケア札幌","リードＨＣ札幌営業所","ＲＨＣ札幌","KK ﾘ-ﾄﾞﾍﾙｽｹｱｻﾂﾎﾟﾛ","ﾘ-ﾄﾞｻﾂﾎﾟﾛ","003-0021","01104048003","北海道札幌市白石区栄通３丁目３－２４太田ビル３階","011-859-5115","011-852-1123","1","3","","","004","006","20080201","","20080227","13157"
"01049","04/01/2017 00:00:00","05/24/2018 00:00:00","0","ecl05317","03/29/2018 18:50:00","803001","ecl05317","03/29/2018 18:50:00","803001","株）リードヘルスケア北日本営業部","株）リードヘルスケア北日本","リードＨＣ北日本","ＲＨＣ北日","KK ﾘ-ﾄﾞﾍﾙｽｹｱｷﾀﾆﾎﾝ","ﾘ-ﾄﾞｷﾀﾆﾎﾝ","003-0021","01104048003","北海道札幌市白石区栄通３丁目３－２４太田ビル３階","011-859-5115","011-852-1123","1","3","","","004","006","20080201","","20080227","13157"
"01050","01/01/2000 00:00:00","10/08/2020 00:00:00","0","ecl05053","03/29/2018 18:50:00","803001","ecl05053","03/29/2018 18:50:00","803001","（株）Ｐａｌｔａｃ北海道Ｒ","（株）Ｐａｌｔａｃ北海道Ｒ","Ｐａｌｔａｃ北海道Ｒ","ＰＴ北海道","ﾊﾟﾙﾀﾂｸKSﾎﾂｶｲﾄﾞﾄﾞｳ","PTﾎﾂｶｲﾄﾄﾞｳ","061-1274","01234007003","北海道北広島市大曲工業団地３丁目５－１","011-377-1313","011-377-1255","1","3","","","001","001","20090310","","20090310","01050"
"01051","01/01/2000 00:00:00","03/31/2013 00:00:00","0","ecld0918","03/29/2018 18:50:00","803001","ecld0918","03/29/2018 18:50:00","803001","メディセオ北海道統括営業部","メディセオ北海道統括営業部","メディセオ北海道統括","ＭＣ北海道","ﾒﾃﾞｲｾｵ ﾎﾂｶｲﾄﾞｳﾄｳｶﾂ","MCﾎﾂｶｲﾄﾞｳ","060-0034","01101011008","北海道札幌市中央区北４条東８丁目３７４－１","011-210-8761","011-210-8770","1","1","","5","","","20091001","","20090917","28026"
"01051","04/01/2013 00:00:00","03/31/2016 00:00:00","0","ips00015","03/29/2018 18:50:00","803001","ips00015","03/29/2018 18:50:00","803001","メディセオ北海道統括営業部","メディセオ北海道統括営業部","メディセオ北海道統括","ＭＣ北海道","ﾒﾃﾞｲｾｵ ﾎﾂｶｲﾄﾞｳﾄｳｶﾂ","MCﾎﾂｶｲﾄﾞｳ","060-0034","01101011008","北海道札幌市中央区北４条東８丁目３７４－１","011-210-8761","011-210-8770","1","1","","1","","","20091001","","20090917","28026"
"01051","04/01/2016 00:00:00","04/19/2018 00:00:00","0","ips00023","03/29/2018 18:50:00","803001","ips00023","03/29/2018 18:50:00","803001","（株）メディセオ北海道統括営業部","メディセオ北海道統括営業部","メディセオ北海道統括","ＭＣ北海道","ﾒﾃﾞｲｾｵ ﾎﾂｶｲﾄﾞｳﾄｳｶﾂ","MCﾎﾂｶｲﾄﾞｳ","060-0034","01101011008","北海道札幌市中央区北４条東８丁目３７４－１","011-210-8761","011-210-8770","1","1","","1","","","20091001","","20090917","28026"
"01053","01/01/2000 00:00:00","03/31/2016 00:00:00","0","ecl02796","03/29/2018 18:50:00","803001","ecl02796","03/29/2018 18:50:00","803001","恒和薬品　北海道","恒和薬品　北海道","恒和薬品　北海道","恒和北海道","ｺｳﾜ ﾔｸﾋﾝ ﾎﾂｶｲﾄﾞｳ","ｺｳﾜﾎﾂｶｲﾄﾞｳ","063-0803","01107025004","北海道札幌市西区二十四軒３条４丁目１－１","0000-00-0000","","1","3","","1","010","","20110215","","20110128","13149"
"01053","04/01/2016 00:00:00","04/19/2018 00:00:00","0","ips00023","03/29/2018 18:50:00","803001","ips00023","03/29/2018 18:50:00","803001","（株）恒和薬品北海道","（株）恒和薬品北海道","恒和薬品北海道","恒和北海道","ｺｳﾜ ﾔｸﾋﾝ ﾎﾂｶｲﾄﾞｳ","ｺｳﾜﾎﾂｶｲﾄﾞｳ","063-0803","01107025004","北海道札幌市西区二十四軒３条４丁目１－１","0000-00-0000","","1","3","","1","010","","20110215","","20110128","13149"
"01888","01/01/2000 00:00:00","02/28/2013 00:00:00","0","","03/29/2018 18:50:00","803001","","03/29/2018 18:50:00","803001","北海道の代理店","北海道の代理店","北海道の代理店","北・代理店","ﾎﾂｶｲﾄﾞｳﾉ ﾀﾞｲﾘﾃﾝ","ﾎﾂｶｲﾄﾞｳ","","00000000000","","0000-00-0000","","9","3","","","","","195105","","195105",""
"01888","03/01/2013 00:00:00","12/31/9999 00:00:00","0","ips00015","03/29/2018 18:50:00","803001","ips00015","03/29/2018 18:50:00","803001","北海道の代理店","北海道の代理店","北海道の代理店","北・代理店","ﾎﾂｶｲﾄﾞｳﾉ ﾀﾞｲﾘﾃﾝ","ﾎﾂｶｲﾄﾞｳ","","00000000000","","0000-00-0000","","9","3","","","","","19000101","","19000101",""
"01889","01/01/2000 00:00:00","12/31/9999 00:00:00","0","","03/29/2018 18:50:00","803001","","03/29/2018 18:50:00","803001","北海道の代理店","北海道の代理店","北海道の代理店","北・代理店","ﾎﾂｶｲﾄﾞｳﾉ ﾀﾞｲﾘﾃﾝ","ﾎﾂｶｲﾄﾞｳ","","00000000000","","0000-00-0000","","9","3","","","","","19000101","","19000101",""
"02001","01/01/2000 00:00:00","12/31/9999 00:00:00","0","ecld0918","03/29/2018 18:50:00","803001","ecld0918","03/29/2018 18:50:00","803001","（株）アスカム青森支店","（株）アスカム青森支店","アスカム青森支店","ＡＣ青森","KKｱｽｶﾑ ｱｵﾓﾘｼﾃﾝ","ACｱｵﾓﾘ","030-0131","02201076001","青森県青森市問屋町１丁目１２ー１１","0000-00-0000","","1","3","","1","107","002","19000101","","19000101","13013"
"02003","01/01/2000 00:00:00","09/30/2025 00:00:00","0","ecl07868","03/29/2018 18:50:00","803001","ecl07868","03/29/2018 18:50:00","803001","（株）ショウエ－","（株）ショウエ－","ショウエ－","ショウエ－","KK ｼﾖｳｴ-","ｼﾖｳｴ-","030-0841","02201024001","青森県青森市奥野１丁目６－２","0000-00-0000","","1","3","","1","401","043","19000101","","19000101","13013"
"02004","01/01/2000 00:00:00","09/30/2014 00:00:00","0","ecl07868","03/29/2018 18:50:00","803001","ecl07868","03/29/2018 18:50:00","803001","（株）小田島青森営業部","（株）小田島青森営業部","小田島青森営業部","小田島青森","KK ｵﾀﾞｼﾞﾏ ｱｵﾓﾘｴｲｷﾞﾖｳ","ｵﾀﾞｼﾞﾏｱｵﾓﾘ","030-0131","02201076002","青森県青森市問屋町２丁目１１ー１４","0000-00-0000","","1","3","","1","201","003","19000101","","19000101","13149"
"02004","10/01/2014 00:00:00","03/31/2016 00:00:00","0","ips00015","03/29/2018 18:50:00","803001","ips00015","03/29/2018 18:50:00","803001","（株）小田島青森営業部","（株）小田島青森営業部","小田島青森営業部","小田島青森","KK ｵﾀﾞｼﾞﾏ ｱｵﾓﾘｴｲｷﾞﾖｳ","ｵﾀﾞｼﾞﾏｱｵﾓﾘ","030-0131","02201076002","青森県青森市問屋町２丁目１１ー１４","0000-00-0000","","1","3","","5","201","003","19000101","","19000101","13149"
"02004","04/01/2016 00:00:00","09/30/2018 00:00:00","0","ips00023","03/29/2018 18:50:00","803001","ips00023","03/29/2018 18:50:00","803001","（株）小田島青森","（株）小田島青森","小田島青森","小田島青森","KK ｵﾀﾞｼﾞﾏ ｱｵﾓﾘｴｲｷﾞﾖｳ","ｵﾀﾞｼﾞﾏｱｵﾓﾘ","030-0131","02201076002","青森県青森市問屋町２丁目１１ー１４","0000-00-0000","","1","3","","5","201","003","19000101","","19000101","13149"
"02017","01/01/2000 00:00:00","04/14/2019 00:00:00","0","ecl07868","03/29/2018 18:50:00","803001","ecl07868","03/29/2018 18:50:00","803001","（株）スズケン青森営業部","（株）スズケン青森営業部","スズケン青森営業部","Ｓ・青森","KKｽｽﾞｹﾝ ｱｵﾓﾘｴｲｷﾞﾖｳﾌﾞ","SZｱｵﾓﾘ","030-0911","02201068003","青森県青森市造道３丁目１５－１","0000-00-0000","","1","3","","5","251","500","19990601","","19990518","23049"
"02018","01/01/2000 00:00:00","04/14/2019 00:00:00","0","ecl07868","03/29/2018 18:50:00","803001","ecl07868","03/29/2018 18:50:00","803001","（株）バイタルネット青森","（株）バイタルネット青森","バイタルネット青森","ＶＮ青森","(ｶﾌﾞ)ﾊﾞｲﾀﾙﾈﾂﾄ ｱｵﾓﾘ","VNｱｵﾓﾘ","038-0000","02201000000","青森県青森市","0000-00-0000","","1","3","","5","111","001","20010101","","19990610","04041"
"02026","01/01/2000 00:00:00","03/31/2016 00:00:00","0","ecl07868","03/29/2018 18:50:00","803001","ecl07868","03/29/2018 18:50:00","803001","恒和薬品　青森","恒和薬品　青森","恒和薬品　青森","恒和青森","ｺｳﾜﾔｸﾋﾝ ｱｵﾓﾘ","ｺｳﾜ ｱｵﾓﾘ","030-0131","02201076001","青森県青森市問屋町１丁目６－２０","0000-00-0000","","1","3","","1","301","600","20081001","","20080918","13149"
"02026","04/01/2016 00:00:00","09/30/2018 00:00:00","0","ips00023","03/29/2018 18:50:00","803001","ips00023","03/29/2018 18:50:00","803001","（株）恒和薬品青森","（株）恒和薬品青森","恒和薬品青森","恒和青森","ｺｳﾜﾔｸﾋﾝ ｱｵﾓﾘ","ｺｳﾜ ｱｵﾓﾘ","030-0131","02201076001","青森県青森市問屋町１丁目６－２０","0000-00-0000","","1","3","","1","301","600","20081001","","20080918","13149"
"02027","01/01/2000 00:00:00","03/31/2016 00:00:00","0","ecl07868","03/29/2018 18:50:00","803001","ecl07868","03/29/2018 18:50:00","803001","東邦薬品　青森営業部","東邦薬品　青森営業部","東邦　青森営業部","東邦　青森","ﾄｳﾎｳ ｱｵﾓﾘ ｴｲｷﾞﾖｳﾌﾞ","ﾄｳﾎｳ ｱｵﾓﾘ","030-0131","02201076001","青森県青森市問屋町１丁目１２ー１１","0000-00-0000","","1","3","","1","151","002","20101001","","20100907","13013"
"02027","04/01/2016 00:00:00","04/14/2019 00:00:00","0","ips00023","03/29/2018 18:50:00","803001","ips00023","03/29/2018 18:50:00","803001","東邦薬品（株）青森営業部","東邦薬品（株）青森営業部","東邦薬品青森営業部","東邦青森","ﾄｳﾎｳ ｱｵﾓﾘ ｴｲｷﾞﾖｳﾌﾞ","ﾄｳﾎｳ ｱｵﾓﾘ","030-0131","02201076001","青森県青森市問屋町１丁目１２ー１１","0000-00-0000","","1","3","","1","151","002","20101001","","20100907","13013"
"02888","01/01/2000 00:00:00","02/28/2013 00:00:00","0","","03/29/2018 18:50:00","803001","","03/29/2018 18:50:00","803001","青森の代理店","青森の代理店","青森の代理店","青・代理店","ｱｵﾓﾘﾉ ﾀﾞｲﾘﾃﾝ","ｱｵﾓﾘ","","00000000000","","0000-00-0000","","9","3","","","","","195105","","195105",""
"02888","03/01/2013 00:00:00","12/31/9999 00:00:00","0","ips00015","03/29/2018 18:50:00","803001","ips00015","03/29/2018 18:50:00","803001","青森の代理店","青森の代理店","青森の代理店","青・代理店","ｱｵﾓﾘﾉ ﾀﾞｲﾘﾃﾝ","ｱｵﾓﾘ","","00000000000","","0000-00-0000","","9","3","","","","","19000101","","19000101",""
"02889","01/01/2000 00:00:00","12/31/9999 00:00:00","0","","03/29/2018 18:50:00","803001","","03/29/2018 18:50:00","803001","青森の代理店","青森の代理店","青森の代理店","青・代理店","ｱｵﾓﾘﾉ ﾀﾞｲﾘﾃﾝ","ｱｵﾓﾘ","","00000000000","","0000-00-0000","","9","3","","","","","19000101","","19000101",""
"03002","01/01/2000 00:00:00","06/30/2013 00:00:00","0","ecl07708","03/29/2018 18:50:00","803001","ecl07708","03/29/2018 18:50:00","803001","（株）小田島","（株）小田島","小田島","小田島岩手","KK ｵﾀﾞｼﾞﾏ","ｵﾀﾞｼﾞﾏ","025-0311","03205014000","岩手県花巻市卸町６８","0000-00-0000","","1","3","","1","202","003","19000101","","19000101","13149"
"03002","07/01/2013 00:00:00","03/31/2016 00:00:00","0","ips00015","03/29/2018 18:50:00","803001","ips00015","03/29/2018 18:50:00","803001","（株）小田島","（株）小田島","小田島","小田島岩手","KK ｵﾀﾞｼﾞﾏ","ｵﾀﾞｼﾞﾏ","025-0311","03205014000","岩手県花巻市卸町６８","0000-00-0000","","1","3","","5","202","003","19000101","","19000101","13149"
"03002","04/01/2016 00:00:00","09/30/2018 00:00:00","0","ecl02796","03/29/2018 18:50:00","803001","ecl02796","03/29/2018 18:50:00","803001","（株）小田島","（株）小田島","小田島","小田島","KK ｵﾀﾞｼﾞﾏ","ｵﾀﾞｼﾞﾏ","025-0311","03205014000","岩手県花巻市卸町６８","0000-00-0000","","1","3","","5","202","003","19000101","","19000101","13149"
"03005","01/01/2000 00:00:00","04/14/2019 00:00:00","0","ecl07868","03/29/2018 18:50:00","803001","ecl07868","03/29/2018 18:50:00","803001","（株）スズケン岩手","（株）スズケン岩手","スズケン岩手","ＳＺ岩手","KKｽｽﾞｹﾝ ｲﾜﾃ","SZｲﾜﾃ","020-0125","03201027004","岩手県盛岡市上堂４丁目５－１","019-641-3311","019-641-1230","1","3","","5","256","031","19000101","","19000101","23049"
"03010","01/01/2000 00:00:00","09/30/2018 00:00:00","0","ecl07868","03/29/2018 18:50:00","803001","ecl07868","03/29/2018 18:50:00","803001","（株）佐藤薬局","（株）佐藤薬局","佐藤薬局","佐藤","ｻﾄｳ ﾔﾂｷﾖｸ","ｻﾄｳ","","00000000000","","0000-00-0000","","2","3","2","","601","036","19000101","","19000101","13149"
"03019","01/01/2000 00:00:00","04/14/2019 00:00:00","0","ecl07868","03/29/2018 18:50:00","803001","ecl07868","03/29/2018 18:50:00","803001","（株）バイタルネット岩手","（株）バイタルネット岩手","バイタルネット岩手","ＶＮ岩手","(ｶﾌﾞ)ﾊﾞｲﾀﾙﾈﾂﾄ ｲﾜﾃ","VNｲﾜﾃ","020-0000","03201000000","岩手県盛岡市","0000-00-0000","","1","3","","5","112","001","20010101","","20010101","04041"
"03025","01/01/2000 00:00:00","12/31/9999 00:00:00","0","ecld0918","03/29/2018 18:50:00","803001","ecld0918","03/29/2018 18:50:00","803001","（株）アスカム岩手支店","（株）アスカム岩手支店","アスカム岩手支店","ＡＣ岩手","KKｱｽｶﾑ ｲﾜﾃｼﾃﾝ","ACｲﾜﾃ","020-0891","03322022000","岩手県紫波郡矢巾町流通センター南三丁目４－１２","0000-00-0000","","1","3","","1","108","002","20001001","","20000914","13013"
"03027","01/01/2000 00:00:00","03/31/2016 00:00:00","0","ecl07868","03/29/2018 18:50:00","803001","ecl07868","03/29/2018 18:50:00","803001","恒和薬品　岩手","恒和薬品　岩手","恒和薬品　岩手","恒和岩手","ｺｳﾜﾔｸﾋﾝ ｲﾜﾃ","ｺｳﾜ ｲﾜﾃ","020-0891","03322022000","岩手県紫波郡矢巾町流通センター南１０－２","0000-00-0000","","1","3","","1","302","040","20081001","","20080918","13149"
"03027","04/01/2016 00:00:00","09/30/2018 00:00:00","0","ips00023","03/29/2018 18:50:00","803001","ips00023","03/29/2018 18:50:00","803001","（株）恒和薬品岩手","（株）恒和薬品岩手","恒和薬品岩手","恒和岩手","ｺｳﾜﾔｸﾋﾝ ｲﾜﾃ","ｺｳﾜ ｲﾜﾃ","020-0891","03322022000","岩手県紫波郡矢巾町流通センター南１０－２","0000-00-0000","","1","3","","1","302","040","20081001","","20080918","13149"
"03028","01/01/2000 00:00:00","10/31/2011 00:00:00","0","ecl07868","03/29/2018 18:50:00","803001","ecl07868","03/29/2018 18:50:00","803001","東邦薬品　岩手営業部","東邦薬品　岩手営業部","東邦　岩手営業部","東邦　岩手","ﾄｳﾎｳ ｲﾜﾃ ｴｲｷﾞﾖｳﾌﾞ","ﾄｳﾎｳ ｲﾜﾃ","020-0891","03322022000","岩手県紫波郡矢巾町流通センター南三丁目４－１２","0000-00-0000","","1","3","","1","152","002","20101001","","20100907","13013"
"03028","11/01/2011 00:00:00","03/31/2016 00:00:00","0","ecl07868","03/29/2018 18:50:00","803001","ecl07868","03/29/2018 18:50:00","803001","東邦薬品　岩手営業部","東邦薬品　岩手営業部","東邦　岩手営業部","東邦　岩手","ﾄｳﾎｳ ｲﾜﾃ ｴｲｷﾞﾖｳﾌﾞ","ﾄｳﾎｳ ｲﾜﾃ","020-0891","03322022000","岩手県紫波郡矢巾町流通センター南三丁目４－１２","0000-00-0000","","1","3","","1","153","002","20101001","","20100907","13013"
"03028","04/01/2016 00:00:00","04/14/2019 00:00:00","0","ips00023","03/29/2018 18:50:00","803001","ips00023","03/29/2018 18:50:00","803001","東邦薬品（株）岩手営業部","東邦薬品（株）岩手営業部","東邦薬品岩手営業部","東邦岩手","ﾄｳﾎｳ ｲﾜﾃ ｴｲｷﾞﾖｳﾌﾞ","ﾄｳﾎｳ ｲﾜﾃ","020-0891","03322022000","岩手県紫波郡矢巾町流通センター南三丁目４－１２","0000-00-0000","","1","3","","1","153","002","20101001","","20100907","13013"
"03888","01/01/2000 00:00:00","02/28/2013 00:00:00","0","","03/29/2018 18:50:00","803001","","03/29/2018 18:50:00","803001","岩手の代理店","岩手の代理店","岩手の代理店","岩・代理店","ｲﾜﾃﾉ ﾀﾞｲﾘﾃﾝ","ｲﾜﾃ","","00000000000","","0000-00-0000","","9","3","","","","","195105","","195105",""
"03888","03/01/2013 00:00:00","12/31/9999 00:00:00","0","ips00015","03/29/2018 18:50:00","803001","ips00015","03/29/2018 18:50:00","803001","岩手の代理店","岩手の代理店","岩手の代理店","岩・代理店","ｲﾜﾃﾉ ﾀﾞｲﾘﾃﾝ","ｲﾜﾃ","","00000000000","","0000-00-0000","","9","3","","","","","19000101","","19000101",""
"03889","01/01/2000 00:00:00","12/31/9999 00:00:00","0","","03/29/2018 18:50:00","803001","","03/29/2018 18:50:00","803001","岩手の代理店","岩手の代理店","岩手の代理店","岩・代理店","ｲﾜﾃﾉ ﾀﾞｲﾘﾃﾝ","ｲﾜﾃ","","00000000000","","0000-00-0000","","9","3","","","","","19000101","","19000101",""
"04001","01/01/2000 00:00:00","10/09/2019 00:00:00","0","ecl07868","03/29/2018 18:50:00","803001","ecl07868","03/29/2018 18:50:00","803001","（株）バイタルネット宮城","（株）バイタルネット宮城","バイタルネット宮城","ＶＮ宮城","(ｶﾌﾞ)ﾊﾞｲﾀﾙﾈﾂﾄ ﾐﾔｷﾞ","VNﾐﾔｷﾞ","980-0805","04101015000","宮城県仙台市青葉区大手町１－１","0000-00-0000","","1","3","","5","113","001","20010101","","20010101","04041"
"04002","01/01/2000 00:00:00","10/31/2013 00:00:00","0","ecl07868","03/29/2018 18:50:00","803001","ecl07868","03/29/2018 18:50:00","803001","（株）小田島宮城営業部","（株）小田島宮城営業部","小田島宮城営業部","小田島宮城","KK ｵﾀﾞｼﾞﾏ ﾐﾔｷﾞｴｲｷﾞﾖ","ｵﾀﾞｼﾏｾﾝﾀﾞｲ","980-0802","04101101000","宮城県仙台市青葉区二日町１４－２７","0000-00-0000","","1","3","","1","203","003","19000101","","19000101","13149"
"04002","11/01/2013 00:00:00","03/31/2016 00:00:00","0","ips00015","03/29/2018 18:50:00","803001","ips00015","03/29/2018 18:50:00","803001","（株）小田島宮城営業部","（株）小田島宮城営業部","小田島宮城営業部","小田島宮城","KK ｵﾀﾞｼﾞﾏ ﾐﾔｷﾞｴｲｷﾞﾖ","ｵﾀﾞｼﾏｾﾝﾀﾞｲ","980-0802","04101101000","宮城県仙台市青葉区二日町１４－２７","0000-00-0000","","1","3","","5","203","003","19000101","","19000101","13149"
"04002","04/01/2016 00:00:00","09/30/2018 00:00:00","0","ips00023","03/29/2018 18:50:00","803001","ips00023","03/29/2018 18:50:00","803001","（株）小田島宮城","（株）小田島宮城","小田島宮城","小田島宮城","KK ｵﾀﾞｼﾞﾏ ﾐﾔｷﾞｴｲｷﾞﾖ","ｵﾀﾞｼﾏｾﾝﾀﾞｲ","980-0802","04101101000","宮城県仙台市青葉区二日町１４－２７","0000-00-0000","","1","3","","5","203","003","19000101","","19000101","13149"
"04004","01/01/2000 00:00:00","12/31/9999 00:00:00","0","ecld0918","03/29/2018 18:50:00","803001","ecld0918","03/29/2018 18:50:00","803001","（株）アスカム宮城支店","（株）アスカム宮城支店","アスカム宮城支店","ＡＣ宮城","KK ｱｽｶﾑ ﾐﾔｷﾞｼﾃﾝ","ACﾐﾔｷﾞ","980-0801","04101048001","宮城県仙台市青葉区木町通１丁目３－７","0000-00-0000","","1","3","","1","109","002","19000101","","19000101","13013"
"04005","01/01/2000 00:00:00","10/31/2011 00:00:00","0","ecl04321","03/29/2018 18:50:00","803001","ecl04321","03/29/2018 18:50:00","803001","イワキ（株）仙台支店","イワキ（株）仙台支店","イワキ　　　仙台支店","イワキ仙台","ｲﾜｷ KK ｾﾝﾀﾞｲｼﾃﾝ","ｲﾜｷ ｾﾝﾀﾞｲ","983-0047","04102002000","宮城県仙台市宮城野区銀杏町１９ー８","0000-00-0000","","1","3","","","005","005","19000101","","19000101",""
"04005","11/01/2011 00:00:00","02/07/2019 00:00:00","0","ecl04321","03/29/2018 18:50:00","803001","ecl04321","03/29/2018 18:50:00","803001","イワキ（株）仙台支店","イワキ（株）仙台支店","イワキ　　　仙台支店","イワキ仙台","ｲﾜｷ KK ｾﾝﾀﾞｲｼﾃﾝ","ｲﾜｷ ｾﾝﾀﾞｲ","983-0047","04102002000","宮城県仙台市宮城野区銀杏町１９ー８","03-38817-3967","","1","3","","","005","005","19000101","20111130","19000101",""
"04014","01/01/2000 00:00:00","03/31/2016 00:00:00","0","ecl07868","03/29/2018 18:50:00","803001","ecl07868","03/29/2018 18:50:00","803001","（株）マルタケ仙台","（株）マルタケ仙台","マルタケ仙台","マルタケ仙","KK ﾏﾙﾀｹｾﾝﾀﾞｲ","ﾏﾙﾀｹｾﾝﾀﾞｲ","983-0035","04102061001","宮城県仙台市宮城野区日の出町１丁目６－３０","0000-00-0000","","1","3","","","501","011","19000101","","19000101","15022"
"04014","04/01/2016 00:00:00","10/09/2019 00:00:00","0","ips00023","03/29/2018 18:50:00","803001","ips00023","03/29/2018 18:50:00","803001","（株）マルタケ仙台","（株）マルタケ仙台","マルタケ仙台支店","マルタケ仙","KK ﾏﾙﾀｹｾﾝﾀﾞｲ","ﾏﾙﾀｹｾﾝﾀﾞｲ","983-0035","04102061001","宮城県仙台市宮城野区日の出町１丁目６－３０","022-284-8611","","1","3","","","501","011","19000101","","19000101","15022"
"04019","01/01/2000 00:00:00","12/31/9999 00:00:00","0","ecld0918","03/29/2018 18:50:00","803001","ecld0918","03/29/2018 18:50:00","803001","純正化学メディカル事業所","純正化学メディカル事業所","純正化学メディカル","純正化学","ｼﾞﾕﾝｾｲｶｶﾞｸﾒﾃﾞｲｶﾙ","ｼﾞﾕﾝｾｲｶｶﾞｸ","984-0015","04103016001","宮城県仙台市若林区卸町１丁目２－７","022-283-8245","","2","3","2","","","","19930401","","19930225",""
"04020","01/01/2000 00:00:00","10/31/2012 00:00:00","0","ecld0918","03/29/2018 18:50:00","803001","ecld0918","03/29/2018 18:50:00","803001","小泉薬品（株）","小泉薬品（株）","小泉薬品","小泉","ｺｲｽﾞﾐ ﾔｸﾋﾝ","ｺｲｽﾞﾐ","","00000000000","","022-237-0371","","2","3","2","","013","013","19000101","","19000101",""
"04020","11/01/2012 00:00:00","09/30/2020 00:00:00","0","ecl04321","03/29/2018 18:50:00","803001","ecl04321","03/29/2018 18:50:00","803001","小泉薬品（株）","小泉薬品（株）","小泉薬品","小泉","ｺｲｽﾞﾐ ﾔｸﾋﾝ","ｺｲｽﾞﾐ","984-0015","04103016001","宮城県仙台市若林区卸町１丁目３－４－５","022-237-0371","","2","3","2","","013","013","19000101","20121121","19000101",""
"04030","01/01/2000 00:00:00","10/31/2012 00:00:00","0","ecl04321","03/29/2018 18:50:00","803001","ecl04321","03/29/2018 18:50:00","803001","（株）Ｐａｌｔａｃ東北支社","（株）Ｐａｌｔａｃ東北支社","Ｐａｌｔａｃ東北支社","ＰＴ東北","ﾊﾟﾙﾀﾂｸKSﾄｳﾎｸ","PTﾄｳﾎｸ","989-2421","04211018000","宮城県岩沼市下野郷字中野馬場３４１","0000-00-0000","","1","2","","","999","","19990201","","19990121","04049"
"04030","11/01/2012 00:00:00","10/08/2020 00:00:00","0","ecl04321","03/29/2018 18:50:00","803001","ecl04321","03/29/2018 18:50:00","803001","（株）Ｐａｌｔａｃ東北支社","（株）Ｐａｌｔａｃ東北支社","Ｐａｌｔａｃ東北支社","ＰＴ東北","ﾊﾟﾙﾀﾂｸKSﾄｳﾎｸ","PTﾄｳﾎｸ","989-2421","04211018000","宮城県岩沼市下野郷字中野馬場３４１","03-3817-3967","","1","2","","","999","","19990201","","19990121","04049"
"04040","01/01/2000 00:00:00","12/31/9999 00:00:00","0","ecl04187","03/29/2018 18:50:00","803001","ecl04187","03/29/2018 18:50:00","803001","（株）アスカム","（株）アスカム","アスカム","アスカム","KKｱｽｶﾑ","ｱｽｶﾑ","980-0801","04101048001","宮城県仙台市青葉区木町通１丁目３－７","0000-00-0000","","1","3","","","002","002","20001001","","20000925","13013"
"04041","01/01/2000 00:00:00","10/08/2020 00:00:00","0","ecl04187","03/29/2018 18:50:00","803001","ecl04187","03/29/2018 18:50:00","803001","（株）バイタルネット","（株）バイタルネット","バイタルネット","バイタルＮ","ﾊﾞｲﾀﾙﾈﾂﾄKK","ﾊﾞｲﾀﾙﾈﾂﾄKK","980-0805","04101015000","宮城県仙台市青葉区大手町１－１","0000-00-0000","","1","3","","","001","001","20010101","","20001214","04041"
"04042","01/01/2000 00:00:00","04/14/2019 00:00:00","0","ecl07708","03/29/2018 18:50:00","803001","ecl07708","03/29/2018 18:50:00","803001","バイタルネット","バイタルネット","バイタルネット","ＶＮ本部","ﾊﾞｲﾀﾙﾈﾂﾄKK","ﾊﾞｲﾀﾙﾈﾂﾄKK","981-1223","04207011000","宮城県名取市下余田字鹿島１０","022-384-4554","022-384-1123","1","3","","","551","001","20010101","","20001218","04041"
"04044","01/01/2000 00:00:00","10/31/2012 00:00:00","0","ecl05053","03/29/2018 18:50:00","803001","ecl05053","03/29/2018 18:50:00","803001","（株）リードヘルスケア東北","（株）リードヘルスケア東北","リードＨＣ東北","ＲＨＣ東北","ﾘ-ﾄﾞﾍﾙｽｹｱﾄｳﾎｸ","ﾘ-ﾄﾞﾍﾙｽｹｱ","981-1223","04207011000","宮城県名取市下余田鹿島１０","022-266-2979","022-266-7386","1","3","","","139","001","20050615","","20050615","04044"
"04044","11/01/2012 00:00:00","08/15/2018 00:00:00","0","ecl04321","03/29/2018 18:50:00","803001","ecl04321","03/29/2018 18:50:00","803001","（株）リードヘルスケア東北","（株）リードヘルスケア東北","リードＨＣ東北","ＲＨＣ東北","ﾘ-ﾄﾞﾍﾙｽｹｱﾄｳﾎｸ","ﾘ-ﾄﾞﾍﾙｽｹｱ","981-1225","04207001001","宮城県名取市飯野坂１丁目１－３","022-381-4020","022-266-7386","1","3","","","139","001","20050615","","20050615","04044"
"04045","01/01/2000 00:00:00","10/31/2011 00:00:00","0","ecl04321","03/29/2018 18:50:00","803001","ecl04321","03/29/2018 18:50:00","803001","（株）Ｐａｌｔａｃ東北","（株）Ｐａｌｔａｃ東北","Ｐａｌｔａｃ東北","ＰＴ東北","ﾊﾟﾙﾀﾂｸﾄｳﾎｸｼｼﾔ","ﾊﾟﾙﾄｳﾎｸｼｼﾔ","989-2421","04211018000","宮城県岩沼市下野郷字中野馬場３４－１","0000-00-0000","","1","3","","","","","20060920","","20060920",""
"04045","11/01/2011 00:00:00","04/14/2020 00:00:00","0","ecl04321","03/29/2018 18:50:00","803001","ecl04321","03/29/2018 18:50:00","803001","（株）Ｐａｌｔａｃ東北","（株）Ｐａｌｔａｃ東北","Ｐａｌｔａｃ東北","ＰＴ東北","ﾊﾟﾙﾀﾂｸﾄｳﾎｸｼｼﾔ","ﾊﾟﾙﾄｳﾎｸｼｼﾔ","989-2421","04211018000","宮城県岩沼市下野郷字中野馬場３４－１","03-3817-3967","","1","3","","","","","20060920","20111129","20060920",""
"04046","01/01/2000 00:00:00","03/31/2016 00:00:00","0","ecl07868","03/29/2018 18:50:00","803001","ecl07868","03/29/2018 18:50:00","803001","恒和薬品　宮城","恒和薬品　宮城","恒和薬品　宮城","恒和宮城","ｺｳﾜﾔｸﾋﾝ ﾐﾔｷﾞ","ｺｳﾜ ﾐﾔｷﾞ","981-3117","04105006000","宮城県仙台市泉区市名坂５０－２","0000-00-0000","","1","3","","1","303","020","20081001","","20080918","13149"
"04046","04/01/2016 00:00:00","09/30/2018 00:00:00","0","ips00023","03/29/2018 18:50:00","803001","ips00023","03/29/2018 18:50:00","803001","（株）恒和薬品宮城","（株）恒和薬品宮城","恒和薬品宮城","恒和宮城","ｺｳﾜﾔｸﾋﾝ ﾐﾔｷﾞ","ｺｳﾜ ﾐﾔｷﾞ","981-3117","04105006000","宮城県仙台市泉区市名坂５０－２","0000-00-0000","","1","3","","1","303","020","20081001","","20080918","13149"
"04048","01/01/2000 00:00:00","03/31/2013 00:00:00","0","ecl07868","03/29/2018 18:50:00","803001","ecl07868","03/29/2018 18:50:00","803001","メディセオ南東北統括営業部","メディセオ南東北統括営業部","メディセオ南東北統括","ＭＣ南東北","ﾒﾃﾞｲｾｵ ﾐﾅﾐﾄｳﾎｸﾄｳｶﾂ","MCﾐﾅﾐﾄｳｶﾂ","983-0034","04102005003","宮城県仙台市宮城野区扇町３丁目","0000-00-0000","","1","3","","5","351","","20091001","","20090917","28026"
"04048","04/01/2013 00:00:00","03/31/2016 00:00:00","0","ips00015","03/29/2018 18:50:00","803001","ips00015","03/29/2018 18:50:00","803001","メディセオ南東北統括営業部","メディセオ南東北統括営業部","メディセオ南東北統括","ＭＣ南東北","ﾒﾃﾞｲｾｵ ﾐﾅﾐﾄｳﾎｸﾄｳｶﾂ","MCﾐﾅﾐﾄｳｶﾂ","983-0034","04102005003","宮城県仙台市宮城野区扇町３丁目","0000-00-0000","","1","3","","1","351","","20091001","","20090917","28026"
"04048","04/01/2016 00:00:00","04/14/2019 00:00:00","0","ips00023","03/29/2018 18:50:00","803001","ips00023","03/29/2018 18:50:00","803001","（株）メディセオ南東北統括営業部","メディセオ南東北統括営業部","メディセオ南東北統括","ＭＣ南東北","ﾒﾃﾞｲｾｵ ﾐﾅﾐﾄｳﾎｸﾄｳｶﾂ","MCﾐﾅﾐﾄｳｶﾂ","983-0034","04102005003","宮城県仙台市宮城野区扇町３丁目","0000-00-0000","","1","3","","1","351","","20091001","","20090917","28026"
"04050","01/01/2000 00:00:00","10/31/2012 00:00:00","0","ecl04321","03/29/2018 18:50:00","803001","ecl04321","03/29/2018 18:50:00","803001","（株）リードＨＣ　新東北","（株）リードＨＣ　新東北","リードＨＣ新東北","ＲＨＣ新東","ﾘ-ﾄﾞﾍﾙｽｹｱｼﾝﾄｳﾎｸ","ﾘ-ﾄﾞﾍﾙｽｹｱ","981-1223","04207011000","宮城県名取市下余田鹿島１０","022-384-4554","022-384-1123","1","3","","","139","001","20091224","","20091224","40059"
"04050","11/01/2012 00:00:00","03/31/2015 00:00:00","0","ecl04321","03/29/2018 18:50:00","803001","ecl04321","03/29/2018 18:50:00","803001","（株）リードＨＣ　新東北","（株）リードＨＣ　新東北","リードＨＣ新東北","ＲＨＣ新東","ﾘ-ﾄﾞﾍﾙｽｹｱｼﾝﾄｳﾎｸ","ﾘ-ﾄﾞﾍﾙｽｹｱ","981-1225","04207001001","宮城県名取市飯野坂１丁目１－３","022-384-4554","022-384-1123","1","3","","","139","001","20091224","","20091224","40059"
"04050","04/01/2015 00:00:00","03/31/2017 00:00:00","0","ecl05317","03/29/2018 18:50:00","803001","ecl05317","03/29/2018 18:50:00","803001","（株）リードＨＣ　東日本営業部","（株）リードＨＣ　東日本","リードＨＣ東日本","ＲＨＣ東日","ﾘ-ﾄﾞﾍﾙｽｹｱﾋｶﾞｼﾆﾎﾝ","ﾘ-ﾄﾞﾋｶﾞｼﾆﾎ","981-1225","04207001001","宮城県名取市飯野坂１丁目１－３","022-384-4554","022-384-1123","1","3","","","139","001","20091224","","20091224","40059"
"04050","04/01/2017 00:00:00","04/19/2018 00:00:00","0","ecl05317","03/29/2018 18:50:00","803001","ecl05317","03/29/2018 18:50:00","803001","（株）リードヘルスケア関東営業部","（株）リードヘルスケア関東","リードＨＣ関東営業部","ＲＨＣ関東","ﾘ-ﾄﾞﾍﾙｽｹｱｶﾝﾄｳｴｲｷﾞﾖｳﾌ","ﾘ-ﾄﾞｶﾝﾄｳ","103-0013","13102022002","東京都中央区日本橋人形町２丁目１３－９ＦＯＲＥＣＡＳＴ人形町３階","03-5614-5130","022-384-1123","1","3","","","139","001","20091224","","20091224","40059"
"04051","01/01/2000 00:00:00","03/31/2016 00:00:00","0","ecl07868","03/29/2018 18:50:00","803001","ecl07868","03/29/2018 18:50:00","803001","東邦薬品　宮城営業部","東邦薬品　宮城営業部","東邦　宮城営業部","東邦　宮城","ﾄｳﾎｳ ﾐﾔｷﾞ ｴｲｷﾞﾖｳﾌﾞ","ﾄｳﾎｳ ﾐﾔｷﾞ","980-0801","04101048001","宮城県仙台市青葉区木町通１丁目３－７","0000-00-0000","","1","3","","1","154","002","20101001","","20100907","13013"
"04051","04/01/2016 00:00:00","10/09/2019 00:00:00","0","ips00023","03/29/2018 18:50:00","803001","ips00023","03/29/2018 18:50:00","803001","東邦薬品（株）宮城営業部","東邦薬品（株）宮城営業部","東邦薬品宮城営業部","東邦宮城","ﾄｳﾎｳ ﾐﾔｷﾞ ｴｲｷﾞﾖｳﾌﾞ","ﾄｳﾎｳ ﾐﾔｷﾞ","980-0801","04101048001","宮城県仙台市青葉区木町通１丁目３－７","0000-00-0000","","1","3","","1","154","002","20101001","","20100907","13013"
"04504","01/01/2000 00:00:00","10/09/2019 00:00:00","0","ecl07868","03/29/2018 18:50:00","803001","ecl07868","03/29/2018 18:50:00","803001","（株）スズケン仙台営業部","（株）スズケン仙台営業部","スズケン仙台営業部","Ｓ・仙台","KKｽｽﾞｹﾝｾﾝﾀﾞｲｴｲｷﾞﾖｳﾌﾞ","SZｾﾝﾀﾞｲ","982-0251","04104058000","宮城県仙台市太白区茂庭字人来田西７６","022-281-1811","022-281-5963","1","3","","5","252","015","19000101","","19000101","23049"
"04888","01/01/2000 00:00:00","02/28/2013 00:00:00","0","","03/29/2018 18:50:00","803001","","03/29/2018 18:50:00","803001","宮城の代理店","宮城の代理店","宮城の代理店","宮・代理店","ﾐﾔｷﾞﾉ ﾀﾞｲﾘﾃﾝ","ﾐﾔｷﾞ","","00000000000","","0000-00-0000","","9","3","","","","","195105","","195105",""
"04888","03/01/2013 00:00:00","12/31/9999 00:00:00","0","ips00015","03/29/2018 18:50:00","803001","ips00015","03/29/2018 18:50:00","803001","宮城の代理店","宮城の代理店","宮城の代理店","宮・代理店","ﾐﾔｷﾞﾉ ﾀﾞｲﾘﾃﾝ","ﾐﾔｷﾞ","","00000000000","","0000-00-0000","","9","3","","","","","19000101","","19000101",""
"04889","01/01/2000 00:00:00","12/31/9999 00:00:00","0","","03/29/2018 18:50:00","803001","","03/29/2018 18:50:00","803001","宮城の代理店","宮城の代理店","宮城の代理店","宮・代理店","ﾐﾔｷﾞﾉ ﾀﾞｲﾘﾃﾝ","ﾐﾔｷﾞ","","00000000000","","0000-00-0000","","9","3","","","","","19000101","","19000101",""
"04890","01/01/2000 00:00:00","08/31/2012 00:00:00","0","ecl05317","03/29/2018 18:50:00","803001","ecl05317","03/29/2018 18:50:00","803001","アルフレッサヘルスケア（株）東北支社","アルフレッサＨＣ東北支社","アルフレッサＨＣ東北","アルフ東北","ｱﾙﾌﾚﾂｻﾍﾙｽｹｱﾄｳﾎｸ","ｱﾙﾌﾄｳﾎｸｼｼﾔ","981-3133","04105005001","宮城県仙台市泉区泉中央１丁目２８ー２２","0000-00-0000","","1","2","","","237","","20110907","","20110907","13012"
"04890","09/01/2012 00:00:00","03/31/2013 00:00:00","0","ecl05317","03/29/2018 18:50:00","803001","ecl05317","03/29/2018 18:50:00","803001","アルフレッサヘルスケア（株）東北支社","アルフレッサＨＣ東北支社","アルフレッサＨＣ東北","アルフ東北","ｱﾙﾌﾚﾂｻﾍﾙｽｹﾄｳﾎｸ","ｱﾙﾌﾄｳﾎｸ","981-3133","04105005001","宮城県仙台市泉区泉中央１丁目２８－２２","022-772-6383","022-772-6386","1","2","","","237","","20111001","","20111001","13012"
"04890","04/01/2013 00:00:00","10/08/2020 00:00:00","0","ecl05317","03/29/2018 18:50:00","803001","ecl05317","03/29/2018 18:50:00","803001","アルフレッサヘルスケア（株）北海道東北支社","アルフレッサＨＣ北海道東北","アルフレッサＨＣ北東","アルフ東北","ｱﾙﾌﾚﾂｻﾍﾙｽｹﾎﾂｶｲﾄｳﾎｸ","ｱﾙﾌﾎﾂｶｲﾄﾞｳ","981-3133","04105005001","宮城県仙台市泉区泉中央１丁目２８－２２","022-772-6383","022-772-6386","1","2","","","237","","20111001","","20111001","13012"
"05003","01/01/2000 00:00:00","03/31/2016 00:00:00","0","ecl07868","03/29/2018 18:50:00","803001","ecl07868","03/29/2018 18:50:00","803001","（株）小田島秋田営業部","（株）小田島秋田営業部","小田島秋田営業部","小田島秋田","KK ｵﾀﾞｼﾞﾏ ｱｷﾀｴｲｷﾞﾖｳﾌ","ﾞﾀﾞｼﾞﾏｱｷﾀ","010-0061","05201060003","秋田県秋田市卸町３丁目４－３","0000-00-0000","","1","3","","5","204","003","20110401","","20110401","13149"
"05003","04/01/2016 00:00:00","09/30/2018 00:00:00","0","ips00023","03/29/2018 18:50:00","803001","ips00023","03/29/2018 18:50:00","803001","（株）小田島秋田","（株）小田島秋田","小田島秋田","小田島秋田","KK ｵﾀﾞｼﾞﾏ ｱｷﾀｴｲｷﾞﾖｳﾌ","ﾞﾀﾞｼﾞﾏｱｷﾀ","010-0061","05201060003","秋田県秋田市卸町３丁目４－３","0000-00-0000","","1","3","","5","204","003","20110401","","20110401","13149"
"05007","01/01/2000 00:00:00","04/14/2019 00:00:00","0","ecl07868","03/29/2018 18:50:00","803001","ecl07868","03/29/2018 18:50:00","803001","（株）バイタルネット秋田","（株）バイタルネット秋田","バイタルネット秋田","ＶＮ秋田","(ｶﾌﾞ)ﾊﾞｲﾀﾙﾈﾂﾄ ｱｷﾀ","VNｱｷﾀ","010-0000","05201000000","秋田県秋田市","0000-00-0000","","1","3","","5","114","001","20010101","","19990610","04041"
"05013","01/01/2000 00:00:00","04/14/2019 00:00:00","0","ecl07868","03/29/2018 18:50:00","803001","ecl07868","03/29/2018 18:50:00","803001","（株）スズケン秋田営業部","（株）スズケン秋田営業部","スズケン秋田営業部","Ｓ・秋田","KKｽｽﾞｹﾝｱｷﾀｴｲｷﾞﾖｳﾌﾞ","SZｱｷﾀ","010-0954","05201122000","秋田県秋田市山王沼田町６－５","018-867-8815","018-863-3212","1","3","","5","253","015","20040713","","20040712","23049"
"05016","01/01/2000 00:00:00","03/31/2016 00:00:00","0","ecl07868","03/29/2018 18:50:00","803001","ecl07868","03/29/2018 18:50:00","803001","恒和薬品　秋田","恒和薬品　秋田","恒和薬品　秋田","恒和秋田","ｺｳﾜﾔｸﾋﾝ ｱｵﾓﾘ","ｺｳﾜ ｱｷﾀ","010-1612","05201033000","秋田県秋田市新屋豊町３－２１","0000-00-0000","","1","3","","1","304","050","20081001","","20080918","13149"
"05016","04/01/2016 00:00:00","09/30/2018 00:00:00","0","ips00023","03/29/2018 18:50:00","803001","ips00023","03/29/2018 18:50:00","803001","（株）恒和薬品秋田","（株）恒和薬品秋田","恒和薬品秋田","恒和秋田","ｺｳﾜﾔｸﾋﾝ ｱｵﾓﾘ","ｺｳﾜ ｱｷﾀ","010-1612","05201033000","秋田県秋田市新屋豊町３－２１","0000-00-0000","","1","3","","1","304","050","20081001","","20080918","13149"
"05017","01/01/2000 00:00:00","03/31/2013 00:00:00","0","ecl07868","03/29/2018 18:50:00","803001","ecl07868","03/29/2018 18:50:00","803001","メディセオ北東北統括営業部","メディセオ北東北統括営業部","メディセオ北東北統括","ＭＣ北東北","ﾒﾃﾞｲｾｵ ｷﾀﾄｳﾎｸﾄｳｶﾂ","MCｷﾀﾄｳｶﾂ","010-0061","05201060004","秋田県秋田市卸町４丁目","0000-00-0000","","1","3","","5","352","039","20091001","","20090917","28026"
"05017","04/01/2013 00:00:00","03/31/2016 00:00:00","0","ips00015","03/29/2018 18:50:00","803001","ips00015","03/29/2018 18:50:00","803001","メディセオ北東北統括営業部","メディセオ北東北統括営業部","メディセオ北東北統括","ＭＣ北東北","ﾒﾃﾞｲｾｵ ｷﾀﾄｳﾎｸﾄｳｶﾂ","MCｷﾀﾄｳｶﾂ","010-0061","05201060004","秋田県秋田市卸町４丁目","0000-00-0000","","1","3","","1","352","039","20091001","","20090917","28026"
"05017","04/01/2016 00:00:00","04/14/2019 00:00:00","0","ips00023","03/29/2018 18:50:00","803001","ips00023","03/29/2018 18:50:00","803001","（株）メディセオ北東北統括営業部","メディセオ北東北統括営業部","メディセオ北東北統括","ＭＣ北東北","ﾒﾃﾞｲｾｵ ｷﾀﾄｳﾎｸﾄｳｶﾂ","MCｷﾀﾄｳｶﾂ","010-0061","05201060004","秋田県秋田市卸町４丁目","0000-00-0000","","1","3","","1","352","039","20091001","","20090917","28026"
"05018","01/01/2000 00:00:00","10/31/2011 00:00:00","0","ecl07868","03/29/2018 18:50:00","803001","ecl07868","03/29/2018 18:50:00","803001","東邦薬品　秋田営業部","東邦薬品　秋田営業部","東邦　秋田営業部","東邦　秋田","ﾄｳﾎｳ ｱｷﾀ ｴｲｷﾞﾖｳﾌﾞ","ﾄｳﾎｳ ｱｷﾀ","010-0941","05201095000","秋田県秋田市川尻町字大川反２３３－１３０","0000-00-0000","","1","3","","1","153","010","20101001","","20100907","13013"
"05018","11/01/2011 00:00:00","03/31/2016 00:00:00","0","ecl07868","03/29/2018 18:50:00","803001","ecl07868","03/29/2018 18:50:00","803001","東邦薬品　秋田営業部","東邦薬品　秋田営業部","東邦　秋田営業部","東邦　秋田","ﾄｳﾎｳ ｱｷﾀ ｴｲｷﾞﾖｳﾌﾞ","ﾄｳﾎｳ ｱｷﾀ","010-0941","05201095000","秋田県秋田市川尻町字大川反２３３－１３０","0000-00-0000","","1","3","","1","152","010","20101001","","20100907","13013"
"05018","04/01/2016 00:00:00","04/14/2019 00:00:00","0","ips00023","03/29/2018 18:50:00","803001","ips00023","03/29/2018 18:50:00","803001","東邦薬品（株）秋田営業部","東邦薬品（株）秋田営業部","東邦薬品秋田営業部","東邦秋田","ﾄｳﾎｳ ｱｷﾀ ｴｲｷﾞﾖｳﾌﾞ","ﾄｳﾎｳ ｱｷﾀ","010-0941","05201095000","秋田県秋田市川尻町字大川反２３３－１３０","0000-00-0000","","1","3","","1","152","010","20101001","","20100907","13013"
"05888","01/01/2000 00:00:00","02/28/2013 00:00:00","0","","03/29/2018 18:50:00","803001","","03/29/2018 18:50:00","803001","秋田の代理店","秋田の代理店","秋田の代理店","秋・代理店","ｱｷﾀﾉ ﾀﾞｲﾘﾃﾝ","ｱｷﾀ","","00000000000","","0000-00-0000","","9","3","","","","","195105","","195105",""
"05888","03/01/2013 00:00:00","12/31/9999 00:00:00","0","ips00015","03/29/2018 18:50:00","803001","ips00015","03/29/2018 18:50:00","803001","秋田の代理店","秋田の代理店","秋田の代理店","秋・代理店","ｱｷﾀﾉ ﾀﾞｲﾘﾃﾝ","ｱｷﾀ","","00000000000","","0000-00-0000","","9","3","","","","","19000101","","19000101",""
"05889","01/01/2000 00:00:00","12/31/9999 00:00:00","0","","03/29/2018 18:50:00","803001","","03/29/2018 18:50:00","803001","秋田の代理店","秋田の代理店","秋田の代理店","秋・代理店","ｱｷﾀﾉ ﾀﾞｲﾘﾃﾝ","ｱｷﾀ","","00000000000","","0000-00-0000","","9","3","","","","","19000101","","19000101",""
"06002","01/01/2000 00:00:00","12/31/9999 00:00:00","0","ecld0918","03/29/2018 18:50:00","803001","ecld0918","03/29/2018 18:50:00","803001","（株）アスカム山形支店","（株）アスカム山形支店","アスカム山形支店","ＡＣ山形","KKｱｽｶﾑ ﾔﾏｶﾞﾀｼﾃﾝ","ACﾔﾏｶﾞﾀ","990-0071","06201324003","山形県山形市流通センター３丁目５－２","0000-00-0000","","1","3","","1","110","002","19000101","","19000101","13013"
"06007","01/01/2000 00:00:00","03/31/2016 00:00:00","0","ecl07868","03/29/2018 18:50:00","803001","ecl07868","03/29/2018 18:50:00","803001","（株）マルタケ山形","（株）マルタケ山形","マルタケ山形","マルタケ山","KK ﾏﾙﾀｹ ﾔﾏｶﾞﾀ","ﾏﾙﾀｹ ﾔﾏｶﾞﾀ","990-2323","06201112001","山形県山形市桜田東１丁目１－５７","0000-00-0000","","1","3","","","502","028","19000101","","19000101","15022"
"06007","04/01/2016 00:00:00","04/14/2020 00:00:00","0","ips00023","03/29/2018 18:50:00","803001","ips00023","03/29/2018 18:50:00","803001","（株）マルタケ山形","（株）マルタケ山形","マルタケ山形支店","マルタケ山","KK ﾏﾙﾀｹ ﾔﾏｶﾞﾀ","ﾏﾙﾀｹ ﾔﾏｶﾞﾀ","990-2323","06201112001","山形県山形市桜田東１丁目１－５７","023-641-7666","","1","3","","","502","028","19000101","","19000101","15022"
"06010","01/01/2000 00:00:00","04/14/2020 00:00:00","0","ecl07868","03/29/2018 18:50:00","803001","ecl07868","03/29/2018 18:50:00","803001","（株）バイタルネット山形","（株）バイタルネット山形","バイタルネット山形","ＶＮ山形","(ｶﾌﾞ)ﾊﾞｲﾀﾙﾈﾂﾄ ﾔﾏｶﾞﾀ","VNﾔﾏｶﾞﾀ","990-0000","06201000000","山形県山形市","0000-00-0000","","1","3","","5","115","001","20010101","","19990610","04041"
"06014","01/01/2000 00:00:00","04/14/2020 00:00:00","0","ecl07868","03/29/2018 18:50:00","803001","ecl07868","03/29/2018 18:50:00","803001","（株）スズケン山形営業部","（株）スズケン山形営業部","スズケン山形営業部","Ｓ・山形","KKｽｽﾞｹﾝﾔﾏｶﾞﾀｴｲｷﾞﾖｳﾌﾞ","SZﾔﾏｶﾞﾀ","990-0071","06201324003","山形県山形市流通センター３丁目１３－４","023-627-6711","023-634-0281","1","3","","1","254","","20011101","","20011029","23049"
"06015","01/01/2000 00:00:00","03/31/2016 00:00:00","0","ecl07868","03/29/2018 18:50:00","803001","ecl07868","03/29/2018 18:50:00","803001","恒和薬品　山形","恒和薬品　山形","恒和薬品　山形","恒和山形","ｺｳﾜﾔｸﾋﾝ ﾔﾏｶﾞﾀ","ｺｳﾜ ﾔﾏｶﾞﾀ","990-2251","06201164002","山形県山形市立谷川２丁目４８５－１４","0000-00-0000","","1","3","","1","305","030","20081001","","20080918","13149"
"06015","04/01/2016 00:00:00","09/30/2018 00:00:00","0","ips00023","03/29/2018 18:50:00","803001","ips00023","03/29/2018 18:50:00","803001","（株）恒和薬品山形","（株）恒和薬品山形","恒和薬品山形","恒和山形","ｺｳﾜﾔｸﾋﾝ ﾔﾏｶﾞﾀ","ｺｳﾜ ﾔﾏｶﾞﾀ","990-2251","06201164002","山形県山形市立谷川２丁目４８５－１４","0000-00-0000","","1","3","","1","305","030","20081001","","20080918","13149"
"06016","01/01/2000 00:00:00","10/31/2011 00:00:00","0","ecl07868","03/29/2018 18:50:00","803001","ecl07868","03/29/2018 18:50:00","803001","東邦薬品　山形営業部","東邦薬品　山形営業部","東邦　山形営業部","東邦　山形","ﾄｳﾎｳ ﾔﾏｶﾞﾀ ｴｲｷﾞﾖｳﾌﾞ","ﾄｳﾎｳ ﾔﾏｶﾞﾀ","990-0071","06201324003","山形県山形市流通センター３丁目５－２","0000-00-0000","","1","3","","1","150","002","20101001","","20100907","13013"
"06016","11/01/2011 00:00:00","03/31/2016 00:00:00","0","ecl07868","03/29/2018 18:50:00","803001","ecl07868","03/29/2018 18:50:00","803001","東邦薬品　山形営業部","東邦薬品　山形営業部","東邦　山形営業部","東邦　山形","ﾄｳﾎｳ ﾔﾏｶﾞﾀ ｴｲｷﾞﾖｳﾌﾞ","ﾄｳﾎｳ ﾔﾏｶﾞﾀ","990-0071","06201324003","山形県山形市流通センター３丁目５－２","0000-00-0000","","1","3","","1","155","002","20101001","","20100907","13013"
"06016","04/01/2016 00:00:00","04/14/2020 00:00:00","0","ips00023","03/29/2018 18:50:00","803001","ips00023","03/29/2018 18:50:00","803001","東邦薬品（株）山形営業部","東邦薬品（株）山形営業部","東邦薬品山形営業部","東邦山形","ﾄｳﾎｳ ﾔﾏｶﾞﾀ ｴｲｷﾞﾖｳﾌﾞ","ﾄｳﾎｳ ﾔﾏｶﾞﾀ","990-0071","06201324003","山形県山形市流通センター３丁目５－２","0000-00-0000","","1","3","","1","155","002","20101001","","20100907","13013"
"06888","01/01/2000 00:00:00","02/28/2013 00:00:00","0","","03/29/2018 18:50:00","803001","","03/29/2018 18:50:00","803001","山形の代理店","山形の代理店","山形の代理店","山・代理店","ﾔﾏｶﾞﾀﾉ ﾀﾞｲﾘﾃﾝ","ﾔﾏｶﾞﾀ","","00000000000","","0000-00-0000","","9","3","","","","","195105","","195105",""
"06888","03/01/2013 00:00:00","12/31/9999 00:00:00","0","ips00015","03/29/2018 18:50:00","803001","ips00015","03/29/2018 18:50:00","803001","山形の代理店","山形の代理店","山形の代理店","山・代理店","ﾔﾏｶﾞﾀﾉ ﾀﾞｲﾘﾃﾝ","ﾔﾏｶﾞﾀ","","00000000000","","0000-00-0000","","9","3","","","","","19000101","","19000101",""
"06889","01/01/2000 00:00:00","12/31/9999 00:00:00","0","","03/29/2018 18:50:00","803001","","03/29/2018 18:50:00","803001","山形の代理店","山形の代理店","山形の代理店","山・代理店","ﾔﾏｶﾞﾀﾉ ﾀﾞｲﾘﾃﾝ","ﾔﾏｶﾞﾀ","","00000000000","","0000-00-0000","","9","3","","","","","19000101","","19000101",""
"07001","01/01/2000 00:00:00","12/31/9999 00:00:00","0","ecld0918","03/29/2018 18:50:00","803001","ecld0918","03/29/2018 18:50:00","803001","（株）アスカム福島支店","（株）アスカム福島支店","アスカム福島支店","ＡＣ福島","KK ｱｽｶﾑ ﾌｸｼﾏｼﾃﾝ","ACﾌｸｼﾏ","960-8066","07201181000","福島県福島市矢剣町１９－５","0000-00-0000","","1","3","","1","111","002","19000101","","19000101","13013"
"07004","01/01/2000 00:00:00","03/31/2016 00:00:00","0","ecl07708","03/29/2018 18:50:00","803001","ecl07708","03/29/2018 18:50:00","803001","（株）恒和薬品","（株）恒和薬品","恒和薬品","恒和福島","KK ｺｳﾜ ﾔｸﾋﾝ ﾌｸｼﾏ","ｺｳﾜﾔｸﾋﾝ","963-0547","07203072001","福島県郡山市喜久田町卸１丁目４６ー１","0000-00-0000","","1","3","","1","306","017","19000101","","19000101","13149"
"07004","04/01/2016 00:00:00","09/30/2018 00:00:00","0","ecl02796","03/29/2018 18:50:00","803001","ecl02796","03/29/2018 18:50:00","803001","（株）恒和薬品","（株）恒和薬品","恒和薬品","恒和薬品","KK ｺｳﾜ ﾔｸﾋﾝ ﾌｸｼﾏ","ｺｳﾜﾔｸﾋﾝ","963-0547","07203072001","福島県郡山市喜久田町卸１丁目４６ー１","0000-00-0000","","1","3","","1","306","017","19000101","","19000101","13149"
"07020","01/01/2000 00:00:00","09/30/2014 00:00:00","0","ecl07868","03/29/2018 18:50:00","803001","ecl07868","03/29/2018 18:50:00","803001","（株）小田島福島営業部","（株）小田島福島営業部","小田島福島営業部","小田島福島","KK ｵﾀﾞｼﾞﾏ ﾌｸｼﾏｴｲｷﾞﾖｳ","ｵﾀﾞｼﾞﾏﾌｸｼﾏ","960-0102","07201039000","福島県福島市鎌田字卸町１９－３","0000-00-0000","","1","3","","1","205","003","19000101","","19000101","13149"
"07020","10/01/2014 00:00:00","03/31/2016 00:00:00","0","ips00015","03/29/2018 18:50:00","803001","ips00015","03/29/2018 18:50:00","803001","（株）小田島福島営業部","（株）小田島福島営業部","小田島福島営業部","小田島福島","KK ｵﾀﾞｼﾞﾏ ﾌｸｼﾏｴｲｷﾞﾖｳ","ｵﾀﾞｼﾞﾏﾌｸｼﾏ","960-0102","07201039000","福島県福島市鎌田字卸町１９－３","0000-00-0000","","1","3","","5","205","003","19000101","","19000101","13149"
"07020","04/01/2016 00:00:00","09/30/2018 00:00:00","0","ips00023","03/29/2018 18:50:00","803001","ips00023","03/29/2018 18:50:00","803001","（株）小田島福島","（株）小田島福島","小田島福島","小田島福島","KK ｵﾀﾞｼﾞﾏ ﾌｸｼﾏｴｲｷﾞﾖｳ","ｵﾀﾞｼﾞﾏﾌｸｼﾏ","960-0102","07201039000","福島県福島市鎌田字卸町１９－３","0000-00-0000","","1","3","","5","205","003","19000101","","19000101","13149"
"07022","01/01/2000 00:00:00","04/14/2020 00:00:00","0","ecl07868","03/29/2018 18:50:00","803001","ecl07868","03/29/2018 18:50:00","803001","（株）バイタルネット福島","（株）バイタルネット福島","バイタルネット福島","ＶＮ福島","(ｶﾌﾞ)ﾊﾞｲﾀﾙﾈﾂﾄ ﾌｸｼﾏ","VNﾌｸｼﾏ","960-0000","07201000000","福島県福島市","0000-00-0000","","1","3","","5","116","001","20010101","","19990610","04041"
"07025","01/01/2000 00:00:00","04/14/2020 00:00:00","0","ecl07868","03/29/2018 18:50:00","803001","ecl07868","03/29/2018 18:50:00","803001","（株）スズケン福島営業部","（株）スズケン福島営業部","スズケン福島営業部","Ｓ・福島","KKｽｽﾞｹﾝﾌｸｼﾏｴｲｷﾞﾖｳﾌﾞ","SZﾌｸｼﾏ","960-8228","07201159000","福島県福島市松山町２８番地","024-525-1233","024-535-8467","1","3","","5","255","015","20001001","","20000927","23049"
"07027","01/01/2000 00:00:00","10/31/2012 00:00:00","0","ecl04321","03/29/2018 18:50:00","803001","ecl04321","03/29/2018 18:50:00","803001","シーエス薬品（株）東北営業","シーエス薬品（株）東北営業","シーエス東北営業部","ＣＳ東北","ｼ-ｴｽﾔｸﾋﾝ ﾄｳﾎｸｴｲｷﾞﾖｳ","ｼ-ｴｽ ﾄｳﾎｸ","963-0547","07203072001","福島県郡山市喜久田町卸１丁目１２５－１３番地","0000-00-0000","","1","3","","","017","017","20050926","","20050926",""
"07027","11/01/2012 00:00:00","02/07/2019 00:00:00","0","ecl04321","03/29/2018 18:50:00","803001","ecl04321","03/29/2018 18:50:00","803001","シーエス薬品（株）東北営業","シーエス薬品（株）東北営業","シーエス東北営業部","ＣＳ東北","ｼ-ｴｽﾔｸﾋﾝ ﾄｳﾎｸｴｲｷﾞﾖｳ","ｼ-ｴｽ ﾄｳﾎｸ","963-0547","07203072001","福島県郡山市喜久田町卸１丁目１２５－１３番地","03-3817-3967","","1","3","","","017","017","20050926","","20050926",""
"07028","01/01/2000 00:00:00","03/31/2016 00:00:00","0","ecl07868","03/29/2018 18:50:00","803001","ecl07868","03/29/2018 18:50:00","803001","東邦薬品　福島営業部","東邦薬品　福島営業部","東邦　福島営業部","東邦　福島","ﾄｳﾎｳ ﾌｸｼﾏ ｴｲｷﾞﾖｳﾌﾞ","ﾄｳﾎｳ ﾌｸｼﾏ","960-8066","07201181000","福島県福島市矢剣町１９－５","0000-00-0000","","1","3","","1","156","002","20101001","","20100907","13013"
"07028","04/01/2016 00:00:00","04/14/2020 00:00:00","0","ips00023","03/29/2018 18:50:00","803001","ips00023","03/29/2018 18:50:00","803001","東邦薬品（株）福島営業部","東邦薬品（株）福島営業部","東邦薬品福島営業部","東邦福島","ﾄｳﾎｳ ﾌｸｼﾏ ｴｲｷﾞﾖｳﾌﾞ","ﾄｳﾎｳ ﾌｸｼﾏ","960-8066","07201181000","福島県福島市矢剣町１９－５","0000-00-0000","","1","3","","1","156","002","20101001","","20100907","13013"
"07031","10/01/2017 00:00:00","06/28/2018 00:00:00","0","ecl07868","03/29/2018 18:50:00","803001","ecl07868","03/29/2018 18:50:00","803001","（株）杏栄薬品","（株）杏栄薬品","（株）杏栄薬品","（株）杏栄","ｷﾖｳｴｲﾔｸﾋﾝ","ｷﾖｳｴｲ","965-0052","07202107000","福島県会津若松市町北町大字始字深町５５番地４","0242-23-1313","0242-23-1314","2","3","2","","420","","20171002","","20171002",""
"07888","01/01/2000 00:00:00","02/28/2013 00:00:00","0","","03/29/2018 18:50:00","803001","","03/29/2018 18:50:00","803001","福島の代理店","福島の代理店","福島の代理店","福・代理店","ﾌｸｼﾏﾉ ﾀﾞｲﾘﾃﾝ","ﾌｸｼﾏ","","00000000000","","0000-00-0000","","9","3","","","","","195105","","195105",""
"07888","03/01/2013 00:00:00","12/31/9999 00:00:00","0","ips00015","03/29/2018 18:50:00","803001","ips00015","03/29/2018 18:50:00","803001","福島の代理店","福島の代理店","福島の代理店","福・代理店","ﾌｸｼﾏﾉ ﾀﾞｲﾘﾃﾝ","ﾌｸｼﾏ","","00000000000","","0000-00-0000","","9","3","","","","","19000101","","19000101",""
"07889","01/01/2000 00:00:00","12/31/9999 00:00:00","0","","03/29/2018 18:50:00","803001","","03/29/2018 18:50:00","803001","福島の代理店","福島の代理店","福島の代理店","福・代理店","ﾌｸｼﾏﾉ ﾀﾞｲﾘﾃﾝ","ﾌｸｼﾏ","","00000000000","","0000-00-0000","","9","3","","","","","19000101","","19000101",""
"08007","01/01/2000 00:00:00","02/07/2019 00:00:00","0","ecl06616","03/29/2018 18:50:00","803001","ecl06616","03/29/2018 18:50:00","803001","岩渕薬品（株）水戸店","岩渕薬品（株）水戸店","岩渕薬品　　　水戸","岩渕水戸","ｲﾜﾌﾞﾁ ﾔｸﾋﾝ KK ﾐﾄﾃﾝ","ｲﾜﾌﾞﾁ ﾐﾄ","310-0845","08201118000","茨城県水戸市吉沢町１６６ー２","0000-00-0000","","1","3","","","318","","19000101","","19000101","12001"
"08010","01/01/2000 00:00:00","11/30/2011 00:00:00","0","ecld0918","03/29/2018 18:50:00","803001","ecld0918","03/29/2018 18:50:00","803001","（株）スズケン茨城営業部","（株）スズケン茨城営業部","スズケン茨城営業部","Ｓ・茨城","KK ｽｽﾞｹﾝ ｲﾊﾞﾗｷ","KK ｽｽﾞｹﾝ ｲ","310-0913","08201102000","茨城県水戸市見川町２１３１番地の１１５","0000-00-0000","","1","3","","1","317","","19000101","","19000101","23049"
"08010","12/01/2011 00:00:00","04/14/2020 00:00:00","0","ecld0918","03/29/2018 18:50:00","803001","ecld0918","03/29/2018 18:50:00","803001","（株）スズケン茨城営業部","（株）スズケン茨城営業部","スズケン茨城営業部","Ｓ・茨城","KK ｽｽﾞｹﾝ ｲﾊﾞﾗｷ","KK ｽｽﾞｹﾝ ｲ","310-0913","08201102000","茨城県水戸市見川町２１３１番地の１１５","0000-00-0000","","1","3","","1","202","","19000101","","19000101","23049"
"08021","01/01/2000 00:00:00","11/30/2011 00:00:00","0","ecld0918","03/29/2018 18:50:00","803001","ecld0918","03/29/2018 18:50:00","803001","メディセオ北関東統括営業部","メディセオ北関東統括営業部","メディセオ北関東統括","ＭＣ北関東","ﾒﾃﾞｲｾｵ ｷﾀｶﾝﾄｳﾄｳｶﾂ","MCｷﾀｶﾝﾄｳ","310-0836","08201111000","茨城県水戸市元吉田町","0000-00-0000","","1","3","","5","313","005","20091001","","20090917","28026"
"08021","12/01/2011 00:00:00","03/31/2013 00:00:00","0","ecld0918","03/29/2018 18:50:00","803001","ecld0918","03/29/2018 18:50:00","803001","メディセオ北関東統括営業部","メディセオ北関東統括営業部","メディセオ北関東統括","ＭＣ北関東","ﾒﾃﾞｲｾｵ ｷﾀｶﾝﾄｳﾄｳｶﾂ","MCｷﾀｶﾝﾄｳ","310-0836","08201111000","茨城県水戸市元吉田町","0000-00-0000","","1","3","","5","105","005","20091001","","20090917","28026"
"08021","04/01/2013 00:00:00","03/31/2016 00:00:00","0","ips00015","03/29/2018 18:50:00","803001","ips00015","03/29/2018 18:50:00","803001","メディセオ北関東統括営業部","メディセオ北関東統括営業部","メディセオ北関東統括","ＭＣ北関東","ﾒﾃﾞｲｾｵ ｷﾀｶﾝﾄｳﾄｳｶﾂ","MCｷﾀｶﾝﾄｳ","310-0836","08201111000","茨城県水戸市元吉田町","0000-00-0000","","1","3","","1","105","005","20091001","","20090917","28026"
"08021","04/01/2016 00:00:00","04/07/2019 00:00:00","0","ips00023","03/29/2018 18:50:00","803001","ips00023","03/29/2018 18:50:00","803001","（株）メディセオ北関東統括営業部","メディセオ北関東統括営業部","メディセオ北関東統括","ＭＣ北関東","ﾒﾃﾞｲｾｵ ｷﾀｶﾝﾄｳﾄｳｶﾂ","MCｷﾀｶﾝﾄｳ","310-0836","08201111000","茨城県水戸市元吉田町","0000-00-0000","","1","3","","1","105","005","20091001","","20090917","28026"
"08095","01/01/2000 00:00:00","11/30/2011 00:00:00","0","ecld0918","03/29/2018 18:50:00","803001","ecld0918","03/29/2018 18:50:00","803001","山口東邦株式会社","山口東邦株式会社","山口東邦株式会社","山口東邦","ﾔﾏｸﾞﾁﾄｳﾎｳｶﾌﾞｼｷｶﾞｲｼﾔ","ﾔﾏｸﾞﾁﾄｳﾎｳ","300-0051","08203083002","茨城県土浦市真鍋２丁目真鍋２－２－２７","0298-22-0821","0298-22-0831","1","3","","5","319","","20021001","","20021001","13013"
"08095","12/01/2011 00:00:00","09/30/2013 00:00:00","0","ecld0918","03/29/2018 18:50:00","803001","ecld0918","03/29/2018 18:50:00","803001","山口東邦株式会社","山口東邦株式会社","山口東邦株式会社","山口東邦","ﾔﾏｸﾞﾁﾄｳﾎｳｶﾌﾞｼｷｶﾞｲｼﾔ","ﾔﾏｸﾞﾁﾄｳﾎｳ","300-0051","08203083002","茨城県土浦市真鍋２丁目真鍋２－２－２７","0298-22-0821","0298-22-0831","1","3","","5","203","","20021001","","20021001","13013"
"08095","10/01/2013 00:00:00","10/31/2013 00:00:00","0","ecl02796","03/29/2018 18:50:00","803001","ecl02796","03/29/2018 18:50:00","803001","東邦薬品　茨城営業部","東邦薬品　茨城営業部","東邦薬品　茨城営業部","東邦茨城","ﾄｳﾎｳﾔｸﾋﾝｲﾊﾞﾗｷﾞｴｲｷﾞﾖｳ","ﾄｳﾎｳｲﾊﾞﾗｷﾞ","300-0051","08203083002","茨城県土浦市真鍋２丁目真鍋２－２－２７","0298-22-0821","0298-22-0831","1","3","","5","203","","20131001","","20131001","13013"
"08095","11/01/2013 00:00:00","03/31/2016 00:00:00","0","ecl02796","03/29/2018 18:50:00","803001","ecl02796","03/29/2018 18:50:00","803001","東邦薬品　茨城営業部","東邦薬品　茨城営業部","東邦薬品　茨城営業部","東邦茨城","ﾄｳﾎｳﾔｸﾋﾝｲﾊﾞﾗｷﾞｴｲｷﾞﾖｳ","ﾄｳﾎｳｲﾊﾞﾗｷﾞ","300-0051","08203083002","茨城県土浦市真鍋２丁目真鍋２－２－２７","0298-22-0821","0298-22-0831","1","3","","1","203","","20131001","","20131001","13013"
"08095","04/01/2016 00:00:00","04/14/2020 00:00:00","0","ips00023","03/29/2018 18:50:00","803001","ips00023","03/29/2018 18:50:00","803001","東邦薬品（株）茨城営業部","東邦薬品（株）茨城営業部","東邦薬品茨城営業部","東邦茨城","ﾄｳﾎｳﾔｸﾋﾝｲﾊﾞﾗｷﾞｴｲｷﾞﾖｳ","ﾄｳﾎｳｲﾊﾞﾗｷﾞ","300-0051","08203083002","茨城県土浦市真鍋２丁目真鍋２－２－２７","0298-22-0821","0298-22-0831","1","3","","1","203","","20131001","","20131001","13013"
"08504","01/01/2000 00:00:00","11/30/2011 00:00:00","0","ecld0918","03/29/2018 18:50:00","803001","ecld0918","03/29/2018 18:50:00","803001","アルフレッサ茨城","アルフレッサ茨城","アルフレッサ茨城","ＡＬ茨城","ｱﾙﾌﾚﾂｻ ｲﾊﾞﾗｷ","AL ｲﾊﾞﾗｷ","300-0841","08203157000","茨城県土浦市中字中道８３４番地３","0000-00-0000","","1","3","","5","316","","19000101","","19000101","13149"
"08504","12/01/2011 00:00:00","02/28/2013 00:00:00","0","ecld0918","03/29/2018 18:50:00","803001","ecld0918","03/29/2018 18:50:00","803001","アルフレッサ茨城","アルフレッサ茨城","アルフレッサ茨城","ＡＬ茨城","ｱﾙﾌﾚﾂｻ ｲﾊﾞﾗｷ","AL ｲﾊﾞﾗｷ","300-0841","08203157000","茨城県土浦市中字中道８３４番地３","0000-00-0000","","1","3","","5","201","","19000101","","19000101","13149"
"08504","03/01/2013 00:00:00","03/31/2016 00:00:00","0","ips00025","03/29/2018 18:50:00","803001","ips00025","03/29/2018 18:50:00","803001","アルフレッサ茨城","アルフレッサ茨城","アルフレッサ茨城","ＡＦ茨城","ｱﾙﾌﾚﾂｻ ｲﾊﾞﾗｷ","AF ｲﾊﾞﾗｷ","300-0841","08203157000","茨城県土浦市中字中道８３４番地３","0000-00-0000","","1","3","","5","201","","19000101","","19000101","13149"
"08504","04/01/2016 00:00:00","04/14/2020 00:00:00","0","ips00023","03/29/2018 18:50:00","803001","ips00023","03/29/2018 18:50:00","803001","アルフレッサ（株）茨城","アルフレッサ（株）茨城","アルフレッサ茨城","ＡＦ茨城","ｱﾙﾌﾚﾂｻ ｲﾊﾞﾗｷ","AF ｲﾊﾞﾗｷ","300-0841","08203157000","茨城県土浦市中字中道８３４番地３","0000-00-0000","","1","3","","5","201","","19000101","","19000101","13149"
"08888","01/01/2000 00:00:00","12/31/9999 00:00:00","0","ecl04742","03/29/2018 18:50:00","803001","ecl04742","03/29/2018 18:50:00","803001","茨城の代理店","茨城の代理店","茨城の代理店","茨・代理店","ｲﾊﾞﾗｷﾞ ﾉ ﾀﾞｲﾘﾃﾝ","ｲﾊﾞﾗｷﾞ","","00000000000","","0000-00-0000","","9","3","","","","","19000101","","19000101",""
"08889","01/01/2000 00:00:00","12/31/9999 00:00:00","0","ecl04742","03/29/2018 18:50:00","803001","ecl04742","03/29/2018 18:50:00","803001","茨城の代理店","茨城の代理店","茨城の代理店","茨・代理店","ｲﾊﾞﾗｷﾞﾉ ﾀﾞｲﾘﾃﾝ","ｲﾊﾞﾗｷﾞ","","00000000000","","0000-00-0000","","9","3","","","","","19000101","","19000101",""
"09003","01/01/2000 00:00:00","11/30/2011 00:00:00","0","ecl07708","03/29/2018 18:50:00","803001","ecl07708","03/29/2018 18:50:00","803001","ナカノ薬品（株）","ナカノ薬品（株）","ナカノ薬品","ナカノ薬品","ﾅｶﾉ ﾔｸﾋﾝ KK","ﾅｶﾉ","326-0327","09202080000","栃木県足利市羽刈町７６３－１２","0000-00-0000","","1","1","","1","310","","19000101","","19000101","23049"
"09003","12/01/2011 00:00:00","04/14/2020 00:00:00","0","ecl07708","03/29/2018 18:50:00","803001","ecl07708","03/29/2018 18:50:00","803001","ナカノ薬品（株）","ナカノ薬品（株）","ナカノ薬品","ナカノ薬品","ﾅｶﾉ ﾔｸﾋﾝ KK","ﾅｶﾉ","326-0327","09202080000","栃木県足利市羽刈町７６３－１２","0000-00-0000","","1","1","","1","102","","19000101","","19000101","23049"
"09012","01/01/2000 00:00:00","11/30/2011 00:00:00","0","ecld0918","03/29/2018 18:50:00","803001","ecld0918","03/29/2018 18:50:00","803001","（株）バイタルネット栃木","（株）バイタルネット栃木","バイタルネット栃木","バイタル栃","(ｶﾌﾞ)ﾊﾞｲﾀﾙﾈﾂﾄ ﾄﾁｷﾞ","ﾊﾞｲﾀﾙﾈﾂﾄﾄﾁ","321-0923","09201082000","栃木県宇都宮市下栗町６９９－４７","0000-00-0000","","1","3","","1","312","","19000101","","19000101","04041"
"09012","12/01/2011 00:00:00","03/31/2013 00:00:00","0","ecld0918","03/29/2018 18:50:00","803001","ecld0918","03/29/2018 18:50:00","803001","（株）バイタルネット栃木","（株）バイタルネット栃木","バイタルネット栃木","バイタル栃","(ｶﾌﾞ)ﾊﾞｲﾀﾙﾈﾂﾄ ﾄﾁｷﾞ","ﾊﾞｲﾀﾙﾈﾂﾄﾄﾁ","321-0923","09201082000","栃木県宇都宮市下栗町６９９－４７","0000-00-0000","","1","3","","1","104","","19000101","","19000101","04041"
"09012","04/01/2013 00:00:00","03/31/2016 00:00:00","0","ips00015","03/29/2018 18:50:00","803001","ips00015","03/29/2018 18:50:00","803001","（株）バイタルネット栃木","（株）バイタルネット栃木","バイタルネット栃木","バイタル栃","(ｶﾌﾞ)ﾊﾞｲﾀﾙﾈﾂﾄ ﾄﾁｷﾞ","ﾊﾞｲﾀﾙﾈﾂﾄﾄﾁ","321-0923","09201082000","栃木県宇都宮市下栗町６９９－４７","0000-00-0000","","1","3","","5","104","","19000101","","19000101","04041"
"09012","04/01/2016 00:00:00","04/14/2020 00:00:00","0","ips00023","03/29/2018 18:50:00","803001","ips00023","03/29/2018 18:50:00","803001","（株）バイタルネット栃木","（株）バイタルネット栃木","バイタルネット栃木","ＶＮ栃木","(ｶﾌﾞ)ﾊﾞｲﾀﾙﾈﾂﾄ ﾄﾁｷﾞ","ﾊﾞｲﾀﾙﾈﾂﾄﾄﾁ","321-0923","09201082000","栃木県宇都宮市下栗町６９９－４７","028-689-0161","","1","3","","5","104","","19000101","","19000101","04041"
"09013","01/01/2000 00:00:00","11/30/2011 00:00:00","0","ecld0918","03/29/2018 18:50:00","803001","ecld0918","03/29/2018 18:50:00","803001","東邦薬品　栃木営業部","東邦薬品　栃木営業部","東邦薬品　栃木営業部","東邦栃木","ﾄｳﾎｳﾔｸﾋﾝ ﾄﾁｷﾞｴｲｷﾞﾖｳ","ﾄｳﾎｳ ﾄﾁｷﾞ","321-0911","09201130000","栃木県宇都宮市問屋町３１７２－３３","0000-00-0000","","1","3","","1","311","004","19000101","","19000101","13013"
"09013","12/01/2011 00:00:00","02/28/2013 00:00:00","0","ecld0918","03/29/2018 18:50:00","803001","ecld0918","03/29/2018 18:50:00","803001","東邦薬品　栃木営業部","東邦薬品　栃木営業部","東邦薬品　栃木営業部","東邦栃木","ﾄｳﾎｳﾔｸﾋﾝ ﾄﾁｷﾞｴｲｷﾞﾖｳ","ﾄｳﾎｳ ﾄﾁｷﾞ","321-0911","09201130000","栃木県宇都宮市問屋町３１７２－３３","0000-00-0000","","1","3","","1","103","004","19000101","","19000101","13013"
"09013","03/01/2013 00:00:00","03/31/2016 00:00:00","0","ips00025","03/29/2018 18:50:00","803001","ips00025","03/29/2018 18:50:00","803001","東邦薬品　栃木営業部","東邦薬品　栃木営業部","東邦薬品　栃木営業部","東邦　栃木","ﾄｳﾎｳﾔｸﾋﾝ ﾄﾁｷﾞｴｲｷﾞﾖｳ","ﾄｳﾎｳ ﾄﾁｷﾞ","321-0911","09201130000","栃木県宇都宮市問屋町３１７２－３３","0000-00-0000","","1","3","","1","103","004","19000101","","19000101","13013"
"09013","04/01/2016 00:00:00","04/14/2020 00:00:00","0","ips00023","03/29/2018 18:50:00","803001","ips00023","03/29/2018 18:50:00","803001","東邦薬品（株）栃木営業部","東邦薬品（株）栃木営業部","東邦薬品栃木営業部","東邦栃木","ﾄｳﾎｳﾔｸﾋﾝ ﾄﾁｷﾞｴｲｷﾞﾖｳ","ﾄｳﾎｳ ﾄﾁｷﾞ","321-0911","09201130000","栃木県宇都宮市問屋町３１７２－３３","0000-00-0000","","1","3","","1","103","004","19000101","","19000101","13013"
"09015","01/01/2000 00:00:00","11/30/2011 00:00:00","0","ecld0918","03/29/2018 18:50:00","803001","ecld0918","03/29/2018 18:50:00","803001","アルフレッサ栃木","アルフレッサ栃木","アルフレッサ栃木","ＡＬ栃木","ｱﾙﾌﾚﾂｻ ﾄﾁｷﾞ","AL ﾄﾁｷﾞ","320-0851","09201118000","栃木県宇都宮市鶴田町１３１０－２","0000-00-0000","","1","3","","5","309","","19000101","","19000101","13149"
"09015","12/01/2011 00:00:00","02/28/2013 00:00:00","0","ecld0918","03/29/2018 18:50:00","803001","ecld0918","03/29/2018 18:50:00","803001","アルフレッサ栃木","アルフレッサ栃木","アルフレッサ栃木","ＡＬ栃木","ｱﾙﾌﾚﾂｻ ﾄﾁｷﾞ","AL ﾄﾁｷﾞ","320-0851","09201118000","栃木県宇都宮市鶴田町１３１０－２","0000-00-0000","","1","3","","5","101","","19000101","","19000101","13149"
"09015","03/01/2013 00:00:00","03/31/2016 00:00:00","0","ips00025","03/29/2018 18:50:00","803001","ips00025","03/29/2018 18:50:00","803001","アルフレッサ栃木","アルフレッサ栃木","アルフレッサ栃木","ＡＦ栃木","ｱﾙﾌﾚﾂｻ ﾄﾁｷﾞ","AF ﾄﾁｷﾞ","320-0851","09201118000","栃木県宇都宮市鶴田町１３１０－２","0000-00-0000","","1","3","","5","101","","19000101","","19000101","13149"
"09015","04/01/2016 00:00:00","04/14/2020 00:00:00","0","ips00023","03/29/2018 18:50:00","803001","ips00023","03/29/2018 18:50:00","803001","アルフレッサ（株）栃木","アルフレッサ（株）栃木","アルフレッサ栃木","ＡＦ栃木","ｱﾙﾌﾚﾂｻ ﾄﾁｷﾞ","AF ﾄﾁｷﾞ","320-0851","09201118000","栃木県宇都宮市鶴田町１３１０－２","0000-00-0000","","1","3","","5","101","","19000101","","19000101","13149"
"09016","01/01/2000 00:00:00","03/31/2016 00:00:00","0","ecl03890","03/29/2018 18:50:00","803001","ecl03890","03/29/2018 18:50:00","803001","東邦薬品　薬粧事業部","東邦薬品　薬粧事業部","東邦薬品　薬粧事業部","東邦薬粧","ﾄｳﾎｳﾔｸﾋﾝ ﾔｸｼﾖｳｼﾞｷﾞﾖｳ","ﾄｳﾎｳﾔｸｼﾖｳ","321-0911","09201130000","栃木県宇都宮市問屋町３４１３－５２","028-657-8070","028-657-8062","1","3","","","995","004","20081001","","20090310","13013"
"09016","04/01/2016 00:00:00","10/08/2020 00:00:00","0","ips00023","03/29/2018 18:50:00","803001","ips00023","03/29/2018 18:50:00","803001","東邦薬品（株）薬粧事業部","東邦薬品（株）薬粧事業部","東邦薬品薬粧事業部","東邦薬粧","ﾄｳﾎｳﾔｸﾋﾝ ﾔｸｼﾖｳｼﾞｷﾞﾖｳ","ﾄｳﾎｳﾔｸｼﾖｳ","321-0911","09201130000","栃木県宇都宮市問屋町３４１３－５２","028-657-8070","028-657-8062","1","3","","","995","004","20081001","","20090310","13013"
"09888","01/01/2000 00:00:00","12/31/9999 00:00:00","0","ecl04742","03/29/2018 18:50:00","803001","ecl04742","03/29/2018 18:50:00","803001","栃木の代理店","栃木の代理店","栃木の代理店","栃・代理店","ﾄﾁｷﾞ ﾉ ﾀﾞｲﾘﾃﾝ","ﾄﾁｷﾞ","","00000000000","","0000-00-0000","","9","3","","","","","19000101","","19000101",""
"09889","01/01/2000 00:00:00","12/31/9999 00:00:00","0","ecld0913","03/29/2018 18:50:00","803001","ecld0913","03/29/2018 18:50:00","803001","栃木の代理店","栃木の代理店","栃木の代理店","栃・代理店","ﾄﾁｷﾞﾉ ﾀﾞｲﾘﾃﾝ","ﾄﾁｷﾞ","","00000000000","","0000-00-0000","","9","3","","","","","19000101","","19000101",""
"10002","01/01/2000 00:00:00","11/30/2011 00:00:00","0","ecld0918","03/29/2018 18:50:00","803001","ecld0918","03/29/2018 18:50:00","803001","小川東邦株式会社","小川東邦株式会社","小川東邦","小川東邦","ｵｶﾞﾜﾄｳﾎｳ(ｶﾌﾞ)","ｵｶﾞﾜﾄｳﾎｳ(ｶ","370-0801","10202033000","群馬県高崎市上並榎町３７８","0000-00-0000","","1","3","","1","304","","19000101","","19000101","13013"
"10002","12/01/2011 00:00:00","09/30/2013 00:00:00","0","ecld0918","03/29/2018 18:50:00","803001","ecld0918","03/29/2018 18:50:00","803001","小川東邦株式会社","小川東邦株式会社","小川東邦","小川東邦","ｵｶﾞﾜﾄｳﾎｳ(ｶﾌﾞ)","ｵｶﾞﾜﾄｳﾎｳ(ｶ","370-0801","10202033000","群馬県高崎市上並榎町３７８","0000-00-0000","","1","3","","1","303","","19000101","","19000101","13013"
"10002","10/01/2013 00:00:00","03/31/2016 00:00:00","0","ecl02796","03/29/2018 18:50:00","803001","ecl02796","03/29/2018 18:50:00","803001","東邦薬品　群馬営業部","東邦薬品　群馬営業部","東邦薬品　群馬営業部","東邦群馬","ﾄｳﾎｳﾔｸﾋﾝｸﾞﾝﾏｴｲｷﾞﾖｳ","ﾄｳﾎｳｸﾞﾝﾏ","370-0801","10202033000","群馬県高崎市上並榎町３７８","027-362-2122","","1","3","","1","303","","19000101","","19000101","13013"
"10002","04/01/2016 00:00:00","04/14/2019 00:00:00","0","ips00023","03/29/2018 18:50:00","803001","ips00023","03/29/2018 18:50:00","803001","東邦薬品（株）群馬営業部","東邦薬品（株）群馬営業部","東邦薬品群馬営業部","東邦群馬","ﾄｳﾎｳﾔｸﾋﾝｸﾞﾝﾏｴｲｷﾞﾖｳ","ﾄｳﾎｳｸﾞﾝﾏ","370-0801","10202033000","群馬県高崎市上並榎町３７８","027-362-2122","","1","3","","1","303","","19000101","","19000101","13013"
"10008","01/01/2000 00:00:00","02/07/2019 00:00:00","0","ecl04321","03/29/2018 18:50:00","803001","ecl04321","03/29/2018 18:50:00","803001","（株）Ｐａｌｔａｃ春日部","（株）Ｐａｌｔａｃ春日部","Ｐａｌｔａｃ春日部","ＰＴ春日部","KK ﾊﾟﾙﾀﾂｸｶｽｶﾍﾞ","ﾊﾟﾙｶｽｶﾍﾞ","344-0003","11214087000","埼玉県春日部市新川字上手１４５－１","048-754-2923","048-761-1196","1","3","","","","","19000101","","19000101","10008"
"10009","01/01/2000 00:00:00","11/30/2011 00:00:00","0","ecld0918","03/29/2018 18:50:00","803001","ecld0918","03/29/2018 18:50:00","803001","（株）スズケン群馬営業部","（株）スズケン群馬営業部","スズケン群馬","Ｓ・群馬","KK ｽｽﾞｹﾝｸﾞﾝﾏｴｲｷﾞﾖｳﾌﾞ","KK ｽｽﾞｹﾝ ｸ","371-0846","10201132000","群馬県前橋市元総社町３６８６－５","0000-00-0000","","1","3","","1","303","","19000101","","19000101","23049"
"10009","12/01/2011 00:00:00","03/31/2016 00:00:00","0","ecld0918","03/29/2018 18:50:00","803001","ecld0918","03/29/2018 18:50:00","803001","（株）スズケン群馬営業部","（株）スズケン群馬営業部","スズケン群馬","Ｓ・群馬","KK ｽｽﾞｹﾝｸﾞﾝﾏｴｲｷﾞﾖｳﾌﾞ","KK ｽｽﾞｹﾝ ｸ","371-0846","10201132000","群馬県前橋市元総社町３６８６－５","0000-00-0000","","1","3","","1","302","","19000101","","19000101","23049"
"10009","04/01/2016 00:00:00","04/14/2019 00:00:00","0","ips00023","03/29/2018 18:50:00","803001","ips00023","03/29/2018 18:50:00","803001","（株）スズケン群馬営業部","（株）スズケン群馬営業部","スズケン群馬営業部","Ｓ・群馬","KK ｽｽﾞｹﾝｸﾞﾝﾏｴｲｷﾞﾖｳﾌﾞ","KK ｽｽﾞｹﾝ ｸ","371-0846","10201132000","群馬県前橋市元総社町３６８６－５","0000-00-0000","","1","3","","1","302","","19000101","","19000101","23049"
"10018","01/01/2000 00:00:00","09/30/2011 00:00:00","0","ecl04291","03/29/2018 18:50:00","803001","ecl04291","03/29/2018 18:50:00","803001","安藤株式会社","安藤株式会社","安藤（株）","安藤・医","ｱﾝﾄﾞｳKK","ｱﾝﾄﾞｳKK","370-0071","10202047000","群馬県高崎市小八木町群馬県高崎市小八木町３０９","027-364-7111","027-364-1168","1","3","","1","302","","19991001","","19990928","13149"
"10018","10/01/2011 00:00:00","11/30/2011 00:00:00","0","ecl02796","03/29/2018 18:50:00","803001","ecl02796","03/29/2018 18:50:00","803001","アルフレッサ群馬","アルフレッサ群馬","アルフレッサ群馬","ＡＬ群馬","ｱﾙﾌﾚﾂｻｸﾞﾝﾏ","ALｸﾞﾝﾏ","370-0071","10202047000","群馬県高崎市小八木町群馬県高崎市小八木町３０９","027-364-7111","027-364-1168","1","3","","5","302","","20111001","","19990928","13149"
"10018","12/01/2011 00:00:00","02/28/2013 00:00:00","0","ecl02796","03/29/2018 18:50:00","803001","ecl02796","03/29/2018 18:50:00","803001","アルフレッサ群馬","アルフレッサ群馬","アルフレッサ群馬","ＡＬ群馬","ｱﾙﾌﾚﾂｻｸﾞﾝﾏ","ALｸﾞﾝﾏ","370-0071","10202047000","群馬県高崎市小八木町群馬県高崎市小八木町３０９","027-364-7111","027-364-1168","1","3","","5","301","","20111001","","19990928","13149"
"10018","03/01/2013 00:00:00","03/31/2016 00:00:00","0","ips00025","03/29/2018 18:50:00","803001","ips00025","03/29/2018 18:50:00","803001","アルフレッサ群馬","アルフレッサ群馬","アルフレッサ群馬","ＡＦ群馬","ｱﾙﾌﾚﾂｻｸﾞﾝﾏ","AF ｸﾞﾝﾏ","370-0071","10202047000","群馬県高崎市小八木町群馬県高崎市小八木町３０９","027-364-7111","027-364-1168","1","3","","5","301","","20111001","","19990928","13149"
"10018","04/01/2016 00:00:00","04/14/2019 00:00:00","0","ips00023","03/29/2018 18:50:00","803001","ips00023","03/29/2018 18:50:00","803001","アルフレッサ（株）群馬","アルフレッサ（株）群馬","アルフレッサ群馬","ＡＦ群馬","ｱﾙﾌﾚﾂｻｸﾞﾝﾏ","AF ｸﾞﾝﾏ","370-0071","10202047000","群馬県高崎市小八木町群馬県高崎市小八木町３０９","027-364-7111","027-364-1168","1","3","","5","301","","20111001","","19990928","13149"
"10022","01/01/2000 00:00:00","10/31/2016 00:00:00","0","ecl04321","03/29/2018 18:50:00","803001","ecl04321","03/29/2018 18:50:00","803001","（株）Ｐａｌｔａｃ関東支社","（株）Ｐａｌｔａｃ関東支社","Ｐａｌｔａｃ関東支社","ＰＴ関東","KK ﾊﾟﾙﾀﾂｸｶﾝﾄｳｼｼﾔ","ﾊﾟﾙｶﾝﾄｳ","374-0072","10207010000","群馬県館林市大新田町６１－１","0276-74-2526","0276-74-8696","1","3","","","","","20060922","","20060922","10023"
"10022","11/01/2016 00:00:00","10/08/2020 00:00:00","0","ecl05317","03/29/2018 18:50:00","803001","ecl05317","03/29/2018 18:50:00","803001","（株）ＰＡＬＴＡＣ東京支社　第二営業部","（株）ＰＡＬＴＡＣ東京第二","ＰＡＬＴＡＣ東京第二","ＰＴ東京二","KK ﾊﾟﾙﾀﾂｸﾄｳｷﾖｳﾀﾞｲﾆ","ﾊﾟﾙﾄｳｷﾖｳﾆ","115-0044","13117005001","東京都北区赤羽南１丁目２０番１号","03-6367-7904","03-6367-7924","1","3","","","","","20060922","","20060922","10023"
"10023","01/01/2000 00:00:00","10/31/2016 00:00:00","0","ecl04321","03/29/2018 18:50:00","803001","ecl04321","03/29/2018 18:50:00","803001","（株）Ｐａｌｔａｃ関東支社","（株）Ｐａｌｔａｃ関東支社","Ｐａｌｔａｃ関東支社","ＰＴ関東","KK ﾊﾟﾙﾀﾂｸｶﾝﾄｳｼｼﾔ","ﾊﾟﾙｶﾝﾄｳｼｼﾔ","374-0072","10207010000","群馬県館林市大新田町６１－１","0276-80-2000","0276-80-2001","1","3","","","","","20060922","","20061220",""
"10023","11/01/2016 00:00:00","10/08/2020 00:00:00","0","ecl05317","03/29/2018 18:50:00","803001","ecl05317","03/29/2018 18:50:00","803001","（株）ＰＡＬＴＡＣ東京支社　第二営業部","（株）ＰＡＬＴＡＣ東京第二","ＰＡＬＴＡＣ東京第二","ＰＴ東京二","KK ﾊﾟﾙﾀﾂｸﾄｳｷﾖｳﾀﾞｲﾆ","ﾊﾟﾙﾄｳｷﾖｳﾆ","115-0044","13117005001","東京都北区赤羽南１丁目２０番１号","03-6367-7904","03-6367-7924","1","3","","","","","20060922","","20061220",""
"10024","01/01/2000 00:00:00","11/30/2011 00:00:00","0","ecld0918","03/29/2018 18:50:00","803001","ecld0918","03/29/2018 18:50:00","803001","（株）須江薬品","（株）須江薬品","須江薬品","須江薬品","ｽｴﾔｸﾋﾝ","ｽｴﾔｸﾋﾝ","379-2311","10212019000","群馬県みどり市笠懸町阿左美２８３３－１","0277-76-6711","0277-76-6745","1","3","","1","306","","20081101","","20090310","13013"
"10024","12/01/2011 00:00:00","02/07/2019 00:00:00","0","ecld0918","03/29/2018 18:50:00","803001","ecld0918","03/29/2018 18:50:00","803001","（株）須江薬品","（株）須江薬品","須江薬品","須江薬品","ｽｴﾔｸﾋﾝ","ｽｴﾔｸﾋﾝ","379-2311","10212019000","群馬県みどり市笠懸町阿左美２８３３－１","0277-76-6711","0277-76-6745","1","3","","1","304","","20081101","","20090310","13013"
"10888","01/01/2000 00:00:00","12/31/9999 00:00:00","0","ecl04742","03/29/2018 18:50:00","803001","ecl04742","03/29/2018 18:50:00","803001","群馬の代理店","群馬の代理店","群馬の代理店","群・代理店","ｸﾞﾝﾏ ﾉ ﾀﾞｲﾘﾃﾝ","ｸﾞﾝﾏ","","00000000000","","0000-00-0000","","9","3","","","","","19000101","","19000101",""
"10889","01/01/2000 00:00:00","12/31/9999 00:00:00","0","ecl04742","03/29/2018 18:50:00","803001","ecl04742","03/29/2018 18:50:00","803001","群馬の代理店","群馬の代理店","群馬の代理店","群・代理店","ｸﾞﾝﾏﾉ ﾀﾞｲﾘﾃﾝ","ｸﾞﾝﾏ","","00000000000","","0000-00-0000","","9","3","","","","","19000101","","19000101",""
"11004","01/01/2000 00:00:00","10/31/2013 00:00:00","0","ecl07868","03/29/2018 18:50:00","803001","ecl07868","03/29/2018 18:50:00","803001","（株）スズケン埼玉営業部","（株）スズケン埼玉営業部","スズケン埼玉営業部","Ｓ・埼玉","KK ｽｽﾞｹﾝｻｲﾀﾏｴｲｷﾞﾖｳﾌﾞ","ｽｽﾞｹﾝ ｻｲﾀﾏ","331-0811","11102022002","埼玉県さいたま市北区吉野町２丁目２０４－１","0000-00-0000","","1","1","","1","224","","19000101","","19000101","23049"
"11004","11/01/2013 00:00:00","09/30/2015 00:00:00","0","ips00015","03/29/2018 18:50:00","803001","ips00015","03/29/2018 18:50:00","803001","（株）スズケン埼玉営業部","（株）スズケン埼玉営業部","スズケン埼玉営業部","Ｓ・埼玉","KK ｽｽﾞｹﾝｻｲﾀﾏｴｲｷﾞﾖｳﾌﾞ","ｽｽﾞｹﾝ ｻｲﾀﾏ","331-0811","11102022002","埼玉県さいたま市北区吉野町２丁目２０４－１","0000-00-0000","","1","1","","5","224","","19000101","","19000101","23049"
"11004","10/01/2015 00:00:00","04/19/2018 00:00:00","0","ips00015","03/29/2018 18:50:00","803001","ips00015","03/29/2018 18:50:00","803001","（株）スズケン埼玉営業部","（株）スズケン埼玉営業部","スズケン埼玉営業部","Ｓ・埼玉","KK ｽｽﾞｹﾝｻｲﾀﾏｴｲｷﾞﾖｳﾌﾞ","ｽｽﾞｹﾝ ｻｲﾀﾏ","331-0811","11102022002","埼玉県さいたま市北区吉野町２丁目２０４－１","0000-00-0000","","1","1","","1","224","","19000101","","19000101","23049"
"11008","01/01/2000 00:00:00","02/28/2013 00:00:00","0","ecld0918","03/29/2018 18:50:00","803001","ecld0918","03/29/2018 18:50:00","803001","東邦薬品（株）埼玉","東邦薬品（株）埼玉","東邦薬品　　　埼玉","東邦埼玉","ﾄｳﾎｳ ﾔｸﾋﾝ KK ｻｲﾀﾏ","ﾄｳﾎｳ ｻｲﾀﾏ","336-0936","11109014001","埼玉県さいたま市緑区太田窪１丁目３－８","0000-00-0000","","1","1","","1","226","","19000101","","19000101","13013"
"11008","03/01/2013 00:00:00","03/31/2016 00:00:00","0","ips00025","03/29/2018 18:50:00","803001","ips00025","03/29/2018 18:50:00","803001","東邦薬品（株）埼玉","東邦薬品（株）埼玉","東邦薬品　　　埼玉","東邦　埼玉","ﾄｳﾎｳ ﾔｸﾋﾝ KK ｻｲﾀﾏ","ﾄｳﾎｳ ｻｲﾀﾏ","336-0936","11109014001","埼玉県さいたま市緑区太田窪１丁目３－８","0000-00-0000","","1","1","","1","226","","19000101","","19000101","13013"
"11008","04/01/2016 00:00:00","04/19/2018 00:00:00","0","ips00023","03/29/2018 18:50:00","803001","ips00023","03/29/2018 18:50:00","803001","東邦薬品（株）埼玉営業部","東邦薬品（株）埼玉営業部","東邦薬品埼玉営業部","東邦埼玉","ﾄｳﾎｳ ﾔｸﾋﾝ KK ｻｲﾀﾏ","ﾄｳﾎｳ ｻｲﾀﾏ","336-0936","11109014001","埼玉県さいたま市緑区太田窪１丁目３－８","0000-00-0000","","1","1","","1","226","","19000101","","19000101","13013"
"11009","01/01/2000 00:00:00","02/28/2013 00:00:00","0","ecld0918","03/29/2018 18:50:00","803001","ecld0918","03/29/2018 18:50:00","803001","アルフレッサ埼玉","アルフレッサ埼玉","アルフレッサ埼玉","ＡＬ埼玉","ｱﾙﾌﾚﾂｻ ｻｲﾀﾏ","AL ｻｲﾀﾏ","331-0811","11102022001","埼玉県さいたま市北区吉野町１丁目１９－１０","0000-00-0000","","1","1","","5","223","","19000101","","19000101","13149"
"11009","03/01/2013 00:00:00","03/31/2016 00:00:00","0","ips00025","03/29/2018 18:50:00","803001","ips00025","03/29/2018 18:50:00","803001","アルフレッサ埼玉","アルフレッサ埼玉","アルフレッサ埼玉","ＡＦ埼玉","ｱﾙﾌﾚﾂｻ ｻｲﾀﾏ","AF ｻｲﾀﾏ","331-0811","11102022001","埼玉県さいたま市北区吉野町１丁目１９－１０","0000-00-0000","","1","1","","5","223","","19000101","","19000101","13149"
"11009","04/01/2016 00:00:00","04/23/2018 00:00:00","0","ips00023","03/29/2018 18:50:00","803001","ips00023","03/29/2018 18:50:00","803001","アルフレッサ（株）埼玉","アルフレッサ（株）埼玉","アルフレッサ埼玉","ＡＦ埼玉","ｱﾙﾌﾚﾂｻ ｻｲﾀﾏ","AF ｻｲﾀﾏ","331-0811","11102022001","埼玉県さいたま市北区吉野町１丁目１９－１０","0000-00-0000","","1","1","","5","223","","19000101","","19000101","13149"
"11022","01/01/2000 00:00:00","02/07/2019 00:00:00","0","ecl04321","03/29/2018 18:50:00","803001","ecl04321","03/29/2018 18:50:00","803001","シーエス薬品（株）北関東営","シーエス薬品（株）北関東営","シーエス北関東営業部","ＣＳ北関東","ｼ-ｴｽｷﾀｶﾝﾄｳｴｲｷﾞﾖｳﾌﾞ","ｼ-ｴｽｷﾀｶﾝﾄｳ","360-0024","11202049002","埼玉県熊谷市問屋町２丁目５－２","048-528-0011","048-528-0015","1","3","","","","","20060704","","20060705",""
"11024","01/01/2000 00:00:00","02/07/2019 00:00:00","0","ecld0918","03/29/2018 18:50:00","803001","ecld0918","03/29/2018 18:50:00","803001","（株）カクサン","（株）カクサン","カクサン","カクサン","KKｶｸｻﾝ","ｶｸｻﾝ","367-0051","11211040003","埼玉県本庄市本庄３丁目１－２１","0495-22-5251","0495-24-3155","1","1","","","229","","20080601","","20080612",""
"11026","01/01/2000 00:00:00","03/31/2013 00:00:00","0","ecl02796","03/29/2018 18:50:00","803001","ecl02796","03/29/2018 18:50:00","803001","メディセオ埼玉統括営業部","メディセオ埼玉統括営業部","メディセオ埼玉統括","ＭＣ埼玉","ﾒﾃﾞｲｾｵ ｻｲﾀﾏ ﾄｳｶﾂ","MCｻｲﾀﾏ","337-0004","11104003001","埼玉県さいたま市見沼区卸町１丁目","0000-00-0000","","1","3","","5","222","","20091001","","20100928","28026"
"11026","04/01/2013 00:00:00","03/31/2016 00:00:00","0","ips00015","03/29/2018 18:50:00","803001","ips00015","03/29/2018 18:50:00","803001","メディセオ埼玉統括営業部","メディセオ埼玉統括営業部","メディセオ埼玉統括","ＭＣ埼玉","ﾒﾃﾞｲｾｵ ｻｲﾀﾏ ﾄｳｶﾂ","MCｻｲﾀﾏ","337-0004","11104003001","埼玉県さいたま市見沼区卸町１丁目","0000-00-0000","","1","3","","1","222","","20091001","","20100928","28026"
"11026","04/01/2016 00:00:00","03/31/2017 00:00:00","0","ips00023","03/29/2018 18:50:00","803001","ips00023","03/29/2018 18:50:00","803001","（株）メディセオ埼玉統括営業部","メディセオ埼玉統括営業部","メディセオ埼玉統括","ＭＣ埼玉","ﾒﾃﾞｲｾｵ ｻｲﾀﾏ ﾄｳｶﾂ","MCｻｲﾀﾏ","337-0004","11104003001","埼玉県さいたま市見沼区卸町１丁目","0000-00-0000","","1","3","","1","222","","20091001","","20100928","28026"
"11026","04/01/2017 00:00:00","04/19/2018 00:00:00","0","ecl07868","03/29/2018 18:50:00","803001","ecl07868","03/29/2018 18:50:00","803001","（株）メディセオ南関東統括営業部","メディセオ南関東統括営業部","メディセオ南関東統括","ＭＣ南関東","ﾒﾃﾞｲｾｵ ﾐﾅﾐｶﾝﾄｳ ﾄｳｶﾂ","MCﾐﾅﾐｶﾝﾄｳ","337-0004","11104003001","埼玉県さいたま市見沼区卸町１丁目","0000-00-0000","","1","3","","1","222","","20091001","","20100928","28026"
"11111","01/01/2000 00:00:00","12/31/2012 00:00:00","0","ips00015","03/29/2018 18:50:00","803001","ips00015","03/29/2018 18:50:00","803001","架空の代理店１","架空の代理店１","架空の代理店１","架空１","ｶｸｳﾉﾀﾞｲﾘﾃﾝ","ｶｸｳﾉﾀﾞｲﾘﾃﾝ","010-0951","05201118006","秋田県秋田市山王６丁目番地","03-9999-9999","03-9999-9999","9","3","","","","","20000101","","20000101",""
"11111","01/01/2013 00:00:00","12/31/9999 00:00:00","0","ips00015","03/29/2018 18:50:00","803001","ips00015","03/29/2018 18:50:00","803001","実績振替用","実績振替用","実績振替用","実績振替用","ｼﾞﾂｾｷﾌﾘｶｴﾖｳ","ｼﾞﾂｾｷﾌﾘｶｴ","010-0951","05201118006","秋田県秋田市山王６丁目番地","03-9999-9999","03-9999-9999","9","3","","","","","20000101","","20000101",""
"11888","01/01/2000 00:00:00","12/31/9999 00:00:00","0","ecl04742","03/29/2018 18:50:00","803001","ecl04742","03/29/2018 18:50:00","803001","埼玉の代理店","埼玉の代理店","埼玉の代理店","埼・代理店","ｻｲﾀﾏ ﾉ ﾀﾞｲﾘﾃﾝ","ｻｲﾀﾏ","","00000000000","","0000-00-0000","","9","3","","","","","19000101","","19000101",""
"11889","01/01/2000 00:00:00","12/31/9999 00:00:00","0","ecl04742","03/29/2018 18:50:00","803001","ecl04742","03/29/2018 18:50:00","803001","埼玉の代理店","埼玉の代理店","埼玉の代理店","埼・代理店","ｻｲﾀﾏﾉ ﾀﾞｲﾘﾃﾝ","ｻｲﾀﾏ","","00000000000","","0000-00-0000","","9","3","","","","","19000101","","19000101",""
"11890","01/01/2000 00:00:00","02/07/2019 00:00:00","0","ecl05317","03/29/2018 18:50:00","803001","ecl05317","03/29/2018 18:50:00","803001","アルフレッサヘルスケア（株）関東支社","アルフレッサＨＣ関東支社","アルフレッサＨＣ関東","アルフ関東","ｱﾙﾌﾚﾂｻﾍﾙｽｹｱｶﾝﾄｳ","ｱﾙﾌｶﾝﾄｳ","360-0024","11202049002","埼玉県熊谷市問屋町２丁目５番２号","048-528-0011","","1","2","","","","","20110907","","20110907","13012"
"12001","01/01/2000 00:00:00","04/14/2019 00:00:00","0","ecl05573","03/29/2018 18:50:00","803001","ecl05573","03/29/2018 18:50:00","803001","岩渕薬品（株）","岩渕薬品（株）","岩渕薬品","岩渕","ｲﾜﾌﾞﾁ ﾔｸﾋﾝ KK","ｲﾜﾌﾞﾁ","284-0033","12228015001","千葉県四街道市鷹の台１丁目５","043-236-7707","043-236-6007","1","3","","1","210","014","19000101","","19000101","12001"
"12004","01/01/2000 00:00:00","04/14/2019 00:00:00","0","ecl07868","03/29/2018 18:50:00","803001","ecl07868","03/29/2018 18:50:00","803001","（株）スズケン千葉営業部","（株）スズケン千葉営業部","スズケン千葉営業部","Ｓ・千葉","KK ｽｽﾞｹﾝ ﾁﾊﾞｴｲｷﾞﾖｳﾌﾞ","ｽｽﾞｹﾝ ﾁﾊﾞ","263-0024","12103001003","千葉県千葉市稲毛区穴川３丁目３－１７","043-254-4151","0472-54-3440","1","1","","1","209","","19000101","","19000101","23049"
"12008","01/01/2000 00:00:00","02/28/2013 00:00:00","0","ecld0918","03/29/2018 18:50:00","803001","ecld0918","03/29/2018 18:50:00","803001","東邦薬品（株）千葉","東邦薬品（株）千葉","東邦薬品　　　千葉","東邦千葉","ﾄｳﾎｳ ﾔｸﾋﾝ KK ﾁﾊﾞ","ﾄｳﾎｳ ﾁﾊﾞ","263-0011","12103021000","千葉県千葉市稲毛区天台町５－２１－１５","043-254-2020","","1","1","","1","211","","19000101","","19000101","13013"
"12008","03/01/2013 00:00:00","03/31/2016 00:00:00","0","ips00025","03/29/2018 18:50:00","803001","ips00025","03/29/2018 18:50:00","803001","東邦薬品（株）千葉","東邦薬品（株）千葉","東邦薬品　　　千葉","東邦　千葉","ﾄｳﾎｳ ﾔｸﾋﾝ KK ﾁﾊﾞ","ﾄｳﾎｳ ﾁﾊﾞ","263-0011","12103021000","千葉県千葉市稲毛区天台町５－２１－１５","043-254-2020","","1","1","","1","211","","19000101","","19000101","13013"
"12008","04/01/2016 00:00:00","04/14/2019 00:00:00","0","ips00023","03/29/2018 18:50:00","803001","ips00023","03/29/2018 18:50:00","803001","東邦薬品（株）千葉営業部","東邦薬品（株）千葉営業部","東邦薬品千葉営業部","東邦千葉","ﾄｳﾎｳ ﾔｸﾋﾝ KK ﾁﾊﾞ","ﾄｳﾎｳ ﾁﾊﾞ","263-0011","12103021000","千葉県千葉市稲毛区天台町５－２１－１５","043-254-2020","","1","1","","1","211","","19000101","","19000101","13013"
"12010","01/01/2000 00:00:00","02/28/2013 00:00:00","0","ecld0918","03/29/2018 18:50:00","803001","ecld0918","03/29/2018 18:50:00","803001","アルフレッサ千葉","アルフレッサ千葉","アルフレッサ千葉","ＡＬ千葉","ｱﾙﾌﾚﾂｻ ﾁﾊﾞ","AL ﾁﾊﾞ","260-0843","12101030003","千葉県千葉市中央区末広３丁目１７－５","043-265-9690","","1","1","","5","208","","19000101","","19000101","13149"
"12010","03/01/2013 00:00:00","03/31/2016 00:00:00","0","ips00025","03/29/2018 18:50:00","803001","ips00025","03/29/2018 18:50:00","803001","アルフレッサ千葉","アルフレッサ千葉","アルフレッサ千葉","ＡＦ千葉","ｱﾙﾌﾚﾂｻ ﾁﾊﾞ","AF ﾁﾊﾞ","260-0843","12101030003","千葉県千葉市中央区末広３丁目１７－５","043-265-9690","","1","1","","5","208","","19000101","","19000101","13149"
"12010","04/01/2016 00:00:00","04/14/2019 00:00:00","0","ips00023","03/29/2018 18:50:00","803001","ips00023","03/29/2018 18:50:00","803001","アルフレッサ（株）千葉","アルフレッサ（株）千葉","アルフレッサ千葉","ＡＦ千葉","ｱﾙﾌﾚﾂｻ ﾁﾊﾞ","AF ﾁﾊﾞ","260-0843","12101030003","千葉県千葉市中央区末広３丁目１７－５","043-265-9690","","1","1","","5","208","","19000101","","19000101","13149"
"40001","04/24/2018 00:00:00","04/15/2025 00:00:00","0","itg04213","04/24/2018 13:48:27","PVU_EX_1400","itg04213","04/24/2018 13:48:27","PVU_EX_1400","（株）アトル福岡営業部","（株）アトル福岡営業部","アトル福岡営業部","アトル福岡","KK ｱﾄﾙ ﾌｸｵｶ","ｱﾄﾙﾌｸｵｶ","812-0897","40132061002","福岡県福岡市博多区半道橋２丁目２－５１　","092-451-8772","092-451-8839","1","3","","1","030","151","19000101","","19000101","28026"
"40026","04/24/2018 00:00:00","04/15/2025 00:00:00","0","itg04213","04/24/2018 13:50:53","PVU_EX_1400","itg04213","04/24/2018 13:50:53","PVU_EX_1400","（株）アトル筑後営業部","（株）アトル筑後営業部","アトル筑後営業部","アトル筑後","KK ｱﾄﾙ ﾁｸｺﾞ","ｱﾄﾙ ﾁｸｺﾞ","839-0811","40203071001","福岡県久留米市山川神代１丁目１０－１８　","0942-45-8451","0942-45-8444","1","3","","1","220","502","19000101","","19000101","28026"
"43004","04/24/2018 00:00:00","12/31/9999 00:00:00","0","itg04213","04/24/2018 13:52:51","PVU_EX_1400","itg04213","04/24/2018 13:52:51","PVU_EX_1400","（株）アトル熊本営業部","（株）アトル熊本営業部","アトル熊本営業部","アトル熊本","KK ｱﾄﾙ ｸﾏﾓﾄ","ｱﾄﾙ ｸﾏﾓﾄ","862-0967","43104109001","熊本県熊本市南区流通団地１丁目１０－２　","096-377-2711","096-378-4300","1","3","","1","620","151","19000101","","19000101","28026"
"43023","04/24/2018 00:00:00","09/30/2025 00:00:00","0","itg04213","04/24/2018 13:54:37","PVU_EX_1400","itg04213","04/24/2018 13:54:37","PVU_EX_1400","（株）翔薬熊本営業部","（株）翔薬熊本営業部","翔薬熊本営業部","翔薬熊本","KK ｼﾖｳﾔｸ ｸﾏﾓﾄ","ｼﾖｳﾔｸ ｸﾏﾓﾄ","862-0962","43104053002","熊本県熊本市南区田迎２丁目１２－２８　","096-370-3411","096-370-3412","1","3","","1","650","153","20070101","","20061219","40004"
"14001","05/08/2018 00:00:00","12/31/9999 00:00:00","0","itg04213","05/08/2018 15:13:25","PVU_EX_1400","itg04213","05/08/2018 15:42:19","PVU_EX_1400","神奈川東和薬品株式会社","神奈川東和薬品株式会社","神奈川東和薬品","神奈川東和","ｶﾅｶﾞﾜﾄｳﾜﾔｸﾋﾝ ｶﾌﾞ","ｶﾅｶﾞﾜﾄｳﾜ","253-0101","14321005000","神奈川県高座郡寒川町倉見１０４７－４　","0467-74-7091","0467-74-7094","1","1","","","","","20180508","","20180508",""
"23001","05/08/2018 00:00:00","12/31/9999 00:00:00","0","itg04213","05/08/2018 15:32:10","PVU_EX_1400","itg04213","05/08/2018 15:39:49","PVU_EX_1400","株式会社東海メディエイト","株式会社東海メディエイト","東海メディエイト","東海メディ","ｶﾌﾞｼｷｶｲｼﾔﾄｳｶｲﾒﾃﾞｲｴｲﾄ","ﾄｳｶｲﾒﾃﾞｲ","461-0001","23102005002","愛知県名古屋市東区泉２丁目２６－２　","052-931-9195","052-931-9019","1","1","","","","","20180508","","20180508",""
"37017","05/21/2018 00:00:00","12/31/9999 00:00:00","0","itg04213","05/21/2018 11:08:12","PVU_EX_1400","itg04213","05/21/2018 11:08:12","PVU_EX_1400","四国薬業（株）","四国薬業（株）","四国薬業（株）","四国薬業","ｼｺｸﾔｸｷﾞﾖｳ KK","ｼｺｸﾔｸｷﾞﾖｳ","791-1112","38201243000","愛媛県松山市南高井町１８２８　","089-990-4175","089-990-4176","1","3","","","003","044","20041001","","20040902","37017"
"01049","05/25/2018 00:00:00","03/10/2019 00:00:00","0","itg04213","05/25/2018 11:00:25","PVU_EX_1400","itg04213","05/25/2018 11:03:48","PVU_EX_1400","（株）リードヘルスケア北海道営業部","株）リードヘルスケア北海道","リードＨＣ北海道営業","ＲＨＣ北海","KK ﾘ-ﾄﾞﾍﾙｽｹｱﾎﾂｶｲﾄﾞｳ","ﾘ-ﾄﾞﾎﾂｶｲﾄﾞ","003-0021","01104048003","北海道札幌市白石区栄通３丁目３－２４　太田ビル３階","011-859-5115","011-852-1123","1","3","","","004","006","20080201","","20080227","13157"
"40080","05/25/2018 00:00:00","03/11/2019 00:00:00","0","itg04213","05/25/2018 11:12:06","PVU_EX_1400","itg04213","05/25/2018 11:21:34","PVU_EX_1400","（株）リードヘルスケア広域量販部","株）リードヘルスケア広域量","リードＨＣ広域量販部","ＲＨＣ広量","KK ﾘ-ﾄﾞﾍﾙｽｹｱｺｳｲｷﾘﾖｳﾊ","ﾘｰﾄﾞｺｳｲｷﾘﾖ","800-0215","40107018000","福岡県北九州市小倉南区上曽根新町１３－１　","093-473-0321","093-475-0250","1","3","","","","103","19910401","","20050406",""
"01053","07/01/2018 00:00:00","07/01/2018 00:00:00","0","itg04213","06/22/2018 14:50:41","PVU_EX_1400","itg04213","06/22/2018 14:50:41","PVU_EX_1400","アルフレッサ（株）北海道","アルフレッサ（株）北海道","アルフレッサ北海道","ＡＦ北海道","ｱﾙﾌﾚﾂｻ ﾎﾂｶｲﾄﾞｳ","AF ﾎﾂｶｲﾄﾞｳ","063-0803","01107025004","北海道札幌市西区二十四軒３条４丁目１－１　","0000-00-0000","","1","3","","1","010","","20110215","","20110128","13149"
"07031","06/29/2018 00:00:00","02/07/2019 00:00:00","0","itg04213","06/29/2018 13:14:25","PVU_EX_1400","itg04213","06/29/2018 13:14:25","PVU_EX_1400","（株）杏栄薬品","（株）杏栄薬品","（株）杏栄薬品","（株）杏栄","ｷﾖｳｴｲﾔｸﾋﾝ","ｷﾖｳｴｲ","965-0052","07202107116","福島県会津若松市町北町大字始字深町５５－４　","0242-23-1313","0242-23-1314","2","3","2","","420","","20171002","","20171002","13013"
"01053","07/02/2018 00:00:00","04/15/2025 00:00:00","0","itg04213","07/02/2018 09:06:37","PVU_EX_1400","itg04213","07/02/2018 09:13:19","PVU_EX_1400","アルフレッサ（株）北海道","アルフレッサ（株）北海道","アルフレッサ北海道","ＡＦ北海道","ｱﾙﾌﾚﾂｻ ﾎﾂｶｲﾄﾞｳ","AF ﾎﾂｶｲﾄﾞｳ","063-0803","01107025004","北海道札幌市西区二十四軒３条４丁目１－１　","0000-00-0000","","1","3","","1","010","","20110215","","20110128","13149"
"04044","08/16/2018 00:00:00","03/11/2019 00:00:00","0","itg04213","08/16/2018 12:27:14","PVU_EX_1400","itg04213","08/16/2018 12:27:14","PVU_EX_1400","（株）リードヘルスケア東北","（株）リードヘルスケア東北","リードＨＣ東北","ＲＨＣ東北","ﾘ-ﾄﾞﾍﾙｽｹｱﾄｳﾎｸ","ﾘ-ﾄﾞﾍﾙｽｹｱ","981-1225","04207001001","宮城県名取市飯野坂１丁目１－３　","022-381-4020","022-266-7386","1","3","","","139","001","20050615","","20050615","04044"
"43001","09/11/2018 00:00:00","04/15/2025 00:00:00","0","itg04213","09/11/2018 15:43:48","PVU_EX_1400","itg04213","09/11/2018 15:43:48","PVU_EX_1400","九州東邦（株）","九州東邦（株）","九州東邦","九州東邦","ｷﾕｳｼﾕｳﾄｳﾎｳKK","ｷﾕｳｼﾕｳﾄｳﾎｳ","860-0823","43101108000","熊本県熊本市中央区世安町３５６　","0000-00-0000","","1","3","","1","680","159","19000101","","19000101","13013"
"02026","10/01/2018 00:00:00","04/15/2025 00:00:00","0","itg04213","09/13/2018 15:51:04","PVU_EX_1400","itg04213","09/13/2018 15:51:04","PVU_EX_1400","東北アルフレッサ（株）青森","東北アルフレッサ（株）青森","東北アルフレッサ青森","東北Ａ青森","ﾄｳﾎｸｱﾙﾌﾚﾂｻ ｱｵﾓﾘ","ﾄｳﾎｸAFｱｵﾓﾘ","030-0131","02201076002","青森県青森市問屋町２丁目１１－１４　","0000-00-0000","","1","3","","5","301","600","20081001","","20080918","13149"
"05016","10/01/2018 00:00:00","04/15/2025 00:00:00","0","itg04213","09/13/2018 16:07:03","PVU_EX_1400","itg04213","09/13/2018 16:07:03","PVU_EX_1400","東北アルフレッサ（株）秋田","東北アルフレッサ（株）秋田","東北アルフレッサ秋田","東北Ａ秋田","ﾄｳﾎｸｱﾙﾌﾚﾂｻ ｱｷﾀ","ﾄｳﾎｸAｱｷﾀ","010-0061","05201060003","秋田県秋田市卸町３丁目４－３　","0000-00-0000","","1","3","","5","304","050","20081001","","20080918","13149"
"04002","10/01/2018 00:00:00","12/31/9999 00:00:00","0","itg04213","09/13/2018 16:19:19","PVU_EX_1400","itg04213","09/13/2018 16:19:19","PVU_EX_1400","（株）小田島宮城","（株）小田島宮城","小田島宮城","小田島宮城","KK ｵﾀﾞｼﾞﾏ ﾐﾔｷﾞｴｲｷﾞﾖ","ｵﾀﾞｼﾏｾﾝﾀﾞｲ","980-0802","04101101000","宮城県仙台市青葉区二日町１４－２７　","0000-00-0000","","1","3","","5","203","003","19000101","20180930","19000101","13149"
"05003","10/01/2018 00:00:00","12/31/9999 00:00:00","0","itg04213","09/13/2018 16:19:50","PVU_EX_1400","itg04213","09/13/2018 16:19:50","PVU_EX_1400","（株）小田島秋田","（株）小田島秋田","小田島秋田","小田島秋田","KK ｵﾀﾞｼﾞﾏ ｱｷﾀｴｲｷﾞﾖｳﾌ","ﾞﾀﾞｼﾞﾏｱｷﾀ","010-0061","05201060003","秋田県秋田市卸町３丁目４－３　","0000-00-0000","","1","3","","5","204","003","20110401","20180930","20110401","13149"
"03010","10/01/2018 00:00:00","12/31/9999 00:00:00","0","itg04213","09/14/2018 09:38:56","PVU_EX_1400","itg04213","09/14/2018 09:38:56","PVU_EX_1400","（株）佐藤薬局","（株）佐藤薬局","佐藤薬局","佐藤","ｻﾄｳ ﾔﾂｷﾖｸ","ｻﾄｳ","024-0094","03206046001","岩手県北上市本通り１丁目８－３３　","0000-00-0000","","2","3","2","","601","036","19000101","","19000101","13149"
"16021","10/01/2018 00:00:00","04/04/2022 00:00:00","0","itg04213","09/25/2018 13:16:57","PVU_EX_1400","itg04213","09/27/2018 16:22:06","PVU_EX_1400","北陸東邦株式会社","北陸東邦株式会社","北陸東邦株式会社","北陸東邦","ﾎｸﾘｸﾄｳﾎｳｶﾌﾞｼｷｶｲｼﾔ","ﾎｸﾘｸﾄｳﾎｳ","930-0992","16201199000","富山県富山市新庄町４４－５　","076-424-9421","","1","3","","1","900","900","20170401","","20170323","13013"
"40010","10/02/2018 00:00:00","09/30/2025 00:00:00","0","itg04213","10/02/2018 13:44:51","PVU_EX_1400","itg04213","10/02/2018 13:44:51","PVU_EX_1400","（株）翔薬北九州営業部","（株）翔薬北九州営業部","翔薬北九州営業部","翔薬北九州","KK ｼﾖｳﾔｸ ｷﾀｷﾕｳｼﾕｳｼｼﾔ","ｼﾖｳﾔｸｷﾀｷﾕｳ","803-0836","40106083004","福岡県北九州市小倉北区中井４丁目１２－１８　","093-571-1681","","1","3","","1","110","152","19000101","","19000101","40004"
"44003","10/02/2018 00:00:00","09/30/2025 00:00:00","0","itg04213","10/02/2018 14:13:44","PVU_EX_1400","itg04213","10/02/2018 14:13:44","PVU_EX_1400","（株）翔薬大分営業部","（株）翔薬大分営業部","翔薬大分営業部","翔薬大分","KK ｼﾖｳﾔｸ ｵｵｲﾀ","ｼﾖｳﾔｸｵｵｲﾀ","870-0028","44201106000","大分県大分市新町１４－８　","0000-00-0000","","1","3","","1","750","152","19000101","","19000101","40004"
"40083","10/03/2018 00:00:00","04/14/2024 00:00:00","0","itg04213","10/03/2018 16:55:26","PVU_EX_1400","itg04213","10/03/2018 16:55:26","PVU_EX_1400","アルフレッサ（株）九州","アルフレッサ（株）九州","アルフレッサ九州","ＡＦ九州","ｱﾙﾌﾚﾂｻｷﾕｳｼﾕｳ","KK ｱﾙﾌﾚﾂｻｷ","812-0041","40132078004","福岡県福岡市博多区吉塚４丁目１１－３２　","092-626-9011","092-626-9019","1","3","","1","950","160","20080101","","20080317","13149"
"14016","12/03/2018 00:00:00","12/31/9999 00:00:00","0","itg04213","12/03/2018 15:09:33","PVU_EX_1400","itg04213","12/03/2018 15:09:33","PVU_EX_1400","中北薬品（株）","中北薬品（株）","中北薬品","中北薬品","ﾅｶｷﾀ ﾔｸﾋﾝ KK","ﾅｶｷﾀ","243-0024","14212045000","神奈川県厚木市長沼　字北耕地２４５ー６流通団地","0000-00-0000","","1","3","","1","221","028","19000101","20181202","19000101","23002"
"11024","02/08/2019 00:00:00","12/31/9999 00:00:00","0","itg40916","02/08/2019 09:38:30","PVU_EX_1400","itg40916","02/08/2019 09:38:30","PVU_EX_1400","（株）カクサン","（株）カクサン","カクサン","カクサン","KKｶｸｻﾝ","ｶｸｻﾝ","367-0051","11211040003","埼玉県本庄市本庄３丁目１－２１　","0495-22-5251","0495-24-3155","1","1","","","229","","20080601","20190208","20080612",""
"11890","02/08/2019 00:00:00","12/31/9999 00:00:00","0","itg40916","02/08/2019 10:06:03","PVU_EX_1400","itg40916","02/08/2019 10:06:03","PVU_EX_1400","アルフレッサヘルスケア（株）関東支社","アルフレッサＨＣ関東支社","アルフレッサＨＣ関東","アルフ関東","ｱﾙﾌﾚﾂｻﾍﾙｽｹｱｶﾝﾄｳ","ｱﾙﾌｶﾝﾄｳ","360-0024","11202049002","埼玉県熊谷市問屋町２丁目５－２　","048-528-0011","","1","2","","","","","20110907","20190208","20110907","13012"
"13985","02/08/2019 00:00:00","12/31/9999 00:00:00","0","itg40916","02/08/2019 10:10:54","PVU_EX_1400","itg40916","02/08/2019 10:10:54","PVU_EX_1400","アルフレッサヘルスケア（株）広域第二支社","アルフレッサＨＣ広域第二","アルフレッサ広域第二","アルフ広二","ｱﾙﾌﾚﾂｻﾍﾙｽｹｱｺｳｲｷﾆ","ｱﾙﾌｺｲｷﾆ","103-0023","13102029003","東京都中央区日本橋本町３丁目１１－５　","03-3639-6287","","1","2","","","","","20110907","20190208","20110909","13012"
"24004","02/08/2019 00:00:00","12/31/9999 00:00:00","0","itg40916","02/08/2019 10:15:14","PVU_EX_1400","itg40916","02/08/2019 10:15:14","PVU_EX_1400","丹平中田（株）東海営業部","丹平中田（株）東海営業部","丹平中田　東海","丹平中田","ﾀﾝﾍﾟｲ ﾅｶﾀ KK","ﾀﾝﾍﾟｲ ﾅｶﾀ","464-0008","23101113001","愛知県名古屋市千種区宮根台１丁目４－５　","03-3817-3967","","1","3","","","","","19000101","20121121","19000101",""
"27001","02/08/2019 00:00:00","12/31/9999 00:00:00","0","itg40916","02/08/2019 10:16:34","PVU_EX_1400","itg40916","02/08/2019 10:16:34","PVU_EX_1400","丹平中田（株）西日本営業部","丹平中田（株）西日本営業部","丹平中田　西日本","丹平中田","ﾀﾝﾍﾟｲ ﾅｶﾀ KK","ﾀﾝﾍﾟｲ ﾅｶﾀ","541-0046","27128057001","大阪府大阪市中央区平野町１丁目７－８　","03-3817-3967","","1","3","","","999","015","19000101","20121121","19000101",""
"07031","02/08/2019 00:00:00","12/31/9999 00:00:00","0","itg40916","02/08/2019 10:27:49","PVU_EX_1400","itg40916","02/08/2019 10:27:49","PVU_EX_1400","（株）杏栄薬品","（株）杏栄薬品","（株）杏栄薬品","（株）杏栄","ｷﾖｳｴｲﾔｸﾋﾝ","ｷﾖｳｴｲ","965-0052","07202107116","福島県会津若松市町北町大字始字深町５５－４　","0242-23-1313","0242-23-1314","2","3","","","420","","20171002","20190208","20171002","13013"
"10024","02/08/2019 00:00:00","12/31/9999 00:00:00","0","itg40916","02/08/2019 10:31:29","PVU_EX_1400","itg40916","02/08/2019 10:31:29","PVU_EX_1400","（株）須江薬品","（株）須江薬品","須江薬品","須江薬品","ｽｴﾔｸﾋﾝ","ｽｴﾔｸﾋﾝ","379-2311","10212019000","群馬県みどり市笠懸町阿左美２８３３－１　","0277-76-6711","0277-76-6745","1","3","","1","304","","20081101","20190208","20090310","13013"
"46027","02/08/2019 00:00:00","12/31/9999 00:00:00","0","itg40916","02/08/2019 10:50:01","PVU_EX_1400","itg40916","02/08/2019 10:50:01","PVU_EX_1400","共創未来鹿児島薬品（株）","共創未来鹿児島薬品（株）","共創未来鹿児島","共創鹿児島","ｷﾖｳｿｳﾐﾗｲ ｶｺﾞｼﾏ","ｷﾖｳｿｳｶｺﾞｼﾏ","892-0802","46201047000","鹿児島県鹿児島市清水町１－１　","099-248-0105","099-248-6405","2","3","","","983","","20170501","20190208","20170525","13013"
"15006","02/08/2019 00:00:00","12/31/9999 00:00:00","0","itg40916","02/08/2019 10:57:41","PVU_EX_1400","itg40916","02/08/2019 10:57:41","PVU_EX_1400","（株）井上誠昌堂　新潟","（株）井上誠昌堂　新潟","井上誠昌堂　新潟","井上新潟","KKｲﾉｳｴｾｲｼﾖｳﾄﾞｳ ﾆｲｶﾞﾀ","ｲﾉｳｴ ﾆｲｶﾞﾀ","950-1134","15104005000","新潟県新潟市江南区天野１２４５　","0000-00-0000","","1","3","","","335","034","19000101","20190208","19000101",""
"16001","02/08/2019 00:00:00","12/31/9999 00:00:00","0","itg40916","02/08/2019 10:59:40","PVU_EX_1400","itg40916","02/08/2019 10:59:40","PVU_EX_1400","（株）井上誠昌堂","（株）井上誠昌堂","井上誠昌堂","井上","KK ｲﾉｳｴ ｾｲｼﾖｳﾄﾞｳ","ｲﾉｳｴ","933-0344","16202095000","富山県高岡市笹川２６００　","0000-00-0000","","1","3","","","027","001","19000101","20190208","19000101",""
"23075","02/08/2019 00:00:00","12/31/9999 00:00:00","0","itg40916","02/08/2019 15:40:45","PVU_EX_1400","itg40916","02/08/2019 15:40:45","PVU_EX_1400","株）スズケン西日本営業部東","株）スズケン西日本営業部東","スズケン西日本　東海","スズケン西","ｽｽﾞｹﾝﾆｼﾆﾎﾝｴｲｷﾞﾖｳﾄｳｶｲ","ｽｽﾞｹﾝﾆｼﾆﾎﾝ","461-0015","23102032000","愛知県名古屋市東区東片端町１　","052-953-7498","052-953-6331","1","3","","","102","028","20001205","20190208","20001205",""
"13153","02/08/2019 00:00:00","12/31/9999 00:00:00","0","itg40916","02/08/2019 15:53:18","PVU_EX_1400","itg40916","02/08/2019 15:53:18","PVU_EX_1400","シ－エス薬品（株）関東営業","シ－エス薬品（株）関東営業","シーエス関東営業部","ＣＳ関東営","ｼ-ｴｽｶﾝﾄｳｴｲｷﾞﾖｳ","ｼ-ｴｽｶﾝﾄｳ","125-0061","13122007005","東京都葛飾区亀有５丁目１４－１　","03-3817-3967","","1","3","","","238","","20050627","20190208","20050627",""
"27068","02/08/2019 00:00:00","12/31/9999 00:00:00","0","itg40916","02/08/2019 15:57:19","PVU_EX_1400","itg40916","02/08/2019 15:57:19","PVU_EX_1400","シーエス薬品（株）関西営業","シーエス薬品（株）関西営業","シーエス関西営業部","ＣＳ関西","ｼ-ｴｽﾔｸﾋﾝｶﾝｻｲｴｲｷﾞﾖｳﾌﾞ","ｼ-ｴｽｶﾝｻｲ","573-0066","27210006000","大阪府枚方市伊加賀西町５２－１　","03-3817-3967","","1","3","","","","","20060705","20190208","20060705",""
"40084","02/08/2019 00:00:00","12/31/9999 00:00:00","0","itg40916","02/08/2019 16:00:27","PVU_EX_1400","itg40916","02/08/2019 16:00:27","PVU_EX_1400","シーエス薬品（株）九州営業","シーエス薬品（株）九州営業","シーエス薬品九州営業","シーエス九","ｼ-ｴｽﾔｸﾋﾝ ｷﾕｳｼﾕｳｴｲｷﾞﾖ","ｼ-ｴｽｷﾕｳｼﾕｳ","811-2232","40343022003","福岡県糟屋郡志免町別府西３丁目３－１０　","092-931-2210","092-931-2220","1","3","","","060","121","20091228","20190208","20091228",""
"43014","02/08/2019 00:00:00","12/31/9999 00:00:00","0","itg40916","02/08/2019 16:21:36","PVU_EX_1400","itg40916","02/08/2019 16:21:36","PVU_EX_1400","（株）ＰＡＬＴＡＣ熊本","（株）ＰＡＬＴＡＣ熊本","ＰＡＬＴＡＣ熊本","ＰＴ熊本","KK ﾊﾟﾙﾀﾂｸｸﾏﾓﾄｼﾃﾝ","ﾊﾟﾙﾀﾂｸｸﾏ","861-8011","43102021000","熊本県熊本市東区鹿帰瀬町４６３－１８　","096-312-1106","","1","3","","","","006","19911001","20190208","19910913","40076"
"47008","02/08/2019 00:00:00","12/31/9999 00:00:00","0","itg40916","02/08/2019 16:27:42","PVU_EX_1400","itg40916","02/08/2019 16:27:42","PVU_EX_1400","（株）Ｐａｌｔａｃ沖縄支店","（株）Ｐａｌｔａｃ沖縄支店","Ｐａｌｔａｃ沖縄支店","ＰＴ沖縄","KK ﾊﾟﾙ ｵｷﾅﾜｼﾃﾝ","ﾊﾟﾙ ｵｷﾅﾜﾅ","901-2123","47208004002","沖縄県浦添市西洲２丁目１－１　","098-879-2277","098-879-4582","1","3","","","","","20010720","20190208","20080411","40076"
"35002","02/08/2019 00:00:00","12/31/9999 00:00:00","0","itg40916","02/08/2019 16:51:59","PVU_EX_1400","itg40916","02/08/2019 16:51:59","PVU_EX_1400","常盤薬品（株）","常盤薬品（株）","常盤薬品","常盤","ﾄｷﾜ ﾔｸﾋﾝ KK","ﾄｷﾜ","759-0204","35202046000","山口県宇部市大字妻崎開作８６０－１　","0836-41-6111","0836-44-6000","1","3","","","190","143","19000101","20190208","19000101","13149"
"40003","02/12/2019 00:00:00","12/31/9999 00:00:00","0","itg40916","02/12/2019 09:32:19","PVU_EX_1400","itg40916","02/12/2019 09:32:19","PVU_EX_1400","富田薬品（株）福岡支店","富田薬品（株）福岡支店","富田薬品　福岡支店","富田福岡","ﾄﾐﾀ ﾔｸﾋﾝ KK ﾌｸｵｶﾃﾝ","ﾄﾐﾀ ﾌｸｵｶ","812-0895","40132041002","福岡県福岡市博多区竹下２丁目３－３５　","092-431-8811","","1","3","","1","060","122","19000101","20190212","19000101","43002"
"42017","02/12/2019 00:00:00","12/31/9999 00:00:00","0","itg40916","02/12/2019 09:34:24","PVU_EX_1400","itg40916","02/12/2019 09:34:24","PVU_EX_1400","富田薬品（株）長崎支店","富田薬品（株）長崎支店","富田薬品　長崎支店","富田長崎","ﾄﾐﾀﾔｸﾋﾝ KK ﾅｶﾞｻｷｼﾃﾝ","ﾄﾐﾀ ﾅｶﾞｻｷ","854-0036","42204056000","長崎県諫早市長野町１４９５－１　","0000-00-0000","","1","3","","1","450","123","19000101","20190212","19000101","43002"
"44014","02/12/2019 00:00:00","12/31/9999 00:00:00","0","itg40916","02/12/2019 09:35:56","PVU_EX_1400","itg40916","02/12/2019 09:35:56","PVU_EX_1400","富田薬品（株）大分支店","富田薬品（株）大分支店","富田薬品　大分","富田大分","ﾄﾐﾀ ﾔｸﾋﾝ KK ｵｵｲﾀｼﾃﾝ","ﾄﾐﾀ ｵｵｲﾀ","870-0116","44201145000","大分県大分市大字常行　字川辺４２７－２","0975-23-5600","0975-23-3710","1","3","","1","760","127","19950501","20190212","19950425","43002"
"13217","03/01/2019 00:00:00","12/31/9999 00:00:00","0","itg04213","02/15/2019 13:50:35","PVU_EX_1400","itg04213","02/15/2019 14:14:31","PVU_EX_1400","セコムメディファーマ株式会社","セコムメディファーマ（株）","ＳＭＰ","ＳＭＰ","ｴｽｴﾑﾋﾟ-","ｴｽｴﾑﾋﾟ-","150-0001","13113014001","東京都渋谷区神宮前１丁目５－１　セコム本社ビル１４階","03-5775-8158","03-5775-9005","1","1","","","","","20190301","","20190301","13217"
"13201","03/01/2019 00:00:00","10/08/2019 00:00:00","0","itg04213","02/15/2019 13:58:13","PVU_EX_1400","itg04213","02/15/2019 13:58:13","PVU_EX_1400","社会医療法人北斗会　メデックス","医）北斗会メデックス","ＢＢＯＳ１","ＢＢＯＳ１","ﾋﾞ-ﾎﾞｽ1","ﾋﾞ-ﾎﾞｽ1","561-0803","27203037001","大阪府豊中市城山町１丁目９－１　","06-6865-1203","","1","1","","","","","20171001","","20171004","13201"
"01049","03/11/2019 00:00:00","12/31/9999 00:00:00","0","itg04213","03/11/2019 09:21:41","PVU_EX_1400","itg04213","03/11/2019 09:21:41","PVU_EX_1400","（株）リードヘルスケア北海道営業部","株）リードヘルスケア北海道","リードＨＣ北海道営業","ＲＨＣ北海","KK ﾘ-ﾄﾞﾍﾙｽｹｱﾎﾂｶｲﾄﾞｳ","ﾘ-ﾄﾞﾎﾂｶｲﾄﾞ","003-0021","01104048003","北海道札幌市白石区栄通３丁目３－２４　太田ビル３階","011-859-5115","011-852-1123","1","3","","","004","006","20080201","","20080227","40059"
"04044","03/12/2019 00:00:00","12/31/9999 00:00:00","0","itg04213","03/12/2019 15:20:15","PVU_EX_1400","itg04213","03/12/2019 15:20:15","PVU_EX_1400","（株）リードヘルスケア東北","（株）リードヘルスケア東北","リードＨＣ東北","ＲＨＣ東北","ﾘ-ﾄﾞﾍﾙｽｹｱﾄｳﾎｸ","ﾘ-ﾄﾞﾍﾙｽｹｱ","981-1225","04207001001","宮城県名取市飯野坂１丁目１－３　","022-381-4020","022-266-7386","1","3","","","139","001","20050615","","20050615","40059"
"04005","02/08/2019 00:00:00","12/31/9999 00:00:00","0","itg40916","02/08/2019 10:03:59","PVU_EX_1400","itg40916","02/08/2019 10:03:59","PVU_EX_1400","イワキ（株）仙台支店","イワキ（株）仙台支店","イワキ　　　仙台支店","イワキ仙台","ｲﾜｷ KK ｾﾝﾀﾞｲｼﾃﾝ","ｲﾜｷ ｾﾝﾀﾞｲ","983-0047","04102002000","宮城県仙台市宮城野区銀杏町１９－８　","03-38817-3967","","1","3","","","005","005","19000101","20111130","19000101",""
"13982","02/08/2019 00:00:00","12/31/9999 00:00:00","0","itg40916","02/08/2019 10:07:37","PVU_EX_1400","itg40916","02/08/2019 10:07:37","PVU_EX_1400","丹平中田（株）新","丹平中田（株）新","丹平中田新","丹平中田新","ﾀﾝﾍﾟｲ ﾅｶﾀ KKｼﾝ","ﾀﾝﾍﾟｲ ﾅｶﾀｼ","103-0023","13102029003","東京都中央区日本橋本町３丁目１１－５　マルサンビル","0000-00-0000","","1","2","","","237","","20110811","20190208","20110811",""
"13986","02/08/2019 00:00:00","12/31/9999 00:00:00","0","itg40916","02/08/2019 10:13:37","PVU_EX_1400","itg40916","02/08/2019 10:13:37","PVU_EX_1400","アルフレッサヘルスケア（株）広域第三支社","アルフレッサＨＣ広域第三","アルフレッサ広域第三","アルフ広三","ｱﾙﾌﾚﾂｻﾍﾙｽｹｱｺｳｲｷｻﾝ","ｱﾙﾌｺｳｲｷｻﾝ","103-0023","13102029003","東京都中央区日本橋本町３丁目１１－５　","03-3639-6287","","1","2","","","","","20110907","20190208","20110909","13012"
"30017","02/08/2019 00:00:00","12/31/9999 00:00:00","0","itg40916","02/08/2019 10:39:18","PVU_EX_1400","itg40916","02/08/2019 10:39:18","PVU_EX_1400","（株）ナカヤマ","（株）ナカヤマ","（株）ナカヤマ","ナカヤマ","KKﾅｶﾔﾏ","ﾅｶﾔﾏ","640-8316","30201008000","和歌山県和歌山市有家８８－８　","073-471-5294","","2","3","","","375","","20160201","20190208","20160205","13013"
"34044","02/08/2019 00:00:00","12/31/9999 00:00:00","0","itg40916","02/08/2019 10:41:01","PVU_EX_1400","itg40916","02/08/2019 10:41:01","PVU_EX_1400","共創未来広島薬品（株）","共創未来広島薬品（株）","共創未来広島","共創広島","ｷﾖｳｿｳﾐﾗｲ ﾋﾛｼﾏ","ｷﾖｳｿｳﾋﾛｼﾏ","739-0032","34212082000","広島県東広島市西条町森近９５２－１　","082-420-2122","082-425-2002","2","3","","","390","","20170501","20190208","20170525","13013"
"35022","02/08/2019 00:00:00","12/31/9999 00:00:00","0","itg40916","02/08/2019 10:42:32","PVU_EX_1400","itg40916","02/08/2019 10:42:32","PVU_EX_1400","共創未来山口薬品（株）","共創未来山口薬品（株）","共創未来山口","共創山口","ｷﾖｳｿｳﾐﾗｲ ﾔﾏｸﾞﾁ","ｷﾖｳｿｳﾔﾏｸﾞﾁ","743-0021","35210002005","山口県光市浅江５丁目１６－１１　","0833-71-2649","","2","3","","","380","","20170101","20190208","20161226","13013"
"40090","02/08/2019 00:00:00","12/31/9999 00:00:00","0","itg40916","02/08/2019 10:44:13","PVU_EX_1400","itg40916","02/08/2019 10:44:13","PVU_EX_1400","共創未来福岡薬品（株）","共創未来福岡薬品（株）","共創未来福岡","共創福岡","ｷﾖｳｿｳﾐﾗｲ ﾌｸｵｶ","ｷﾖｳｿｳﾌｸｵｶ","800-0208","40107089001","福岡県北九州市小倉南区沼本町１丁目１０－２　","093-472-2727","093-473-5471","2","3","","","980","","20170501","20190208","20170525","13013"
"43024","02/08/2019 00:00:00","12/31/9999 00:00:00","0","itg40916","02/08/2019 10:45:50","PVU_EX_1400","itg40916","02/08/2019 10:45:50","PVU_EX_1400","共創未来熊本薬品（株）","共創未来熊本薬品（株）","共創未来熊本","共創熊本","ｷﾖｳｿｳﾐﾗｲ ｸﾏﾓﾄ","ｷﾖｳｿｳｸﾏﾓﾄ","861-8037","43102050001","熊本県熊本市東区長嶺西１丁目１０－３７　","096-382-3309","096-382-3359","2","3","","","981","","20170501","20190208","20170525","13013"
"44018","02/08/2019 00:00:00","12/31/9999 00:00:00","0","itg40916","02/08/2019 10:47:42","PVU_EX_1400","itg40916","02/08/2019 10:47:42","PVU_EX_1400","共創未来大分薬品（株）","共創未来大分薬品（株）","共創未来大分","共創大分","ｷﾖｳｿｳﾐﾗｲ ｵｵｲﾀ","ｷﾖｳｿｳｵｵｲﾀ","874-0910","44202005009","大分県別府市石垣西９丁目１－３０　","0977-24-6611","0977-24-6613","2","3","","","982","","20170501","20190208","20170525","13013"
"47016","02/08/2019 00:00:00","12/31/9999 00:00:00","0","itg40916","02/08/2019 10:51:51","PVU_EX_1400","itg40916","02/08/2019 10:51:51","PVU_EX_1400","共創未来沖縄薬品（株）","共創未来沖縄薬品（株）","共創未来沖縄","共創沖縄","ｷﾖｳｿｳﾐﾗｲ ｵｷﾅﾜ","ｷﾖｳｿｳｵｷﾅﾜ","901-2132","47208003003","沖縄県浦添市伊祖３丁目１０－３　","098-875-3272","098-876-6880","2","3","","","984","","20170501","20190208","20170525","13013"
"42019","02/08/2019 00:00:00","12/31/9999 00:00:00","0","itg40916","02/08/2019 10:54:26","PVU_EX_1400","itg40916","02/08/2019 10:54:26","PVU_EX_1400","（株）アトル長崎営業部","（株）アトル長崎営業部","アトル長崎営業部","アトル長崎","KK ｱﾄﾙ ﾅｶﾞｻｷ","ｱﾄﾙ ﾅｶﾞｻｷ","850-0936","42201189000","長崎県長崎市浪の平町４－２３　","0958-22-0303","0958-22-0304","1","3","","1","440","151","19960405","20190208","19960405","28026"
"20017","02/08/2019 00:00:00","12/31/9999 00:00:00","0","itg40916","02/08/2019 11:03:16","PVU_EX_1400","itg40916","02/08/2019 11:03:16","PVU_EX_1400","（株）アデックス","（株）アデックス","（株）アデックス","アデックス","KK.ｱﾃﾞﾂｸｽ","ｱﾃﾞﾂｸｽ","399-0032","20202091000","長野県松本市大字芳川村井町９４５－４　","0263-27-7878","0263-25-6126","1","2","","","999","","19961001","20190208","19960905","23002"
"07027","02/08/2019 00:00:00","12/31/9999 00:00:00","0","itg40916","02/08/2019 15:48:42","PVU_EX_1400","itg40916","02/08/2019 15:48:42","PVU_EX_1400","シーエス薬品（株）東北営業","シーエス薬品（株）東北営業","シーエス東北営業部","ＣＳ東北","ｼ-ｴｽﾔｸﾋﾝ ﾄｳﾎｸｴｲｷﾞﾖｳ","ｼ-ｴｽ ﾄｳﾎｸ","963-0547","07203072001","福島県郡山市喜久田町卸１丁目１２５－１３　","03-3817-3967","","1","3","","","017","017","20050926","20190208","20050926",""
"15029","02/08/2019 00:00:00","12/31/9999 00:00:00","0","itg40916","02/08/2019 16:12:13","PVU_EX_1400","itg40916","02/08/2019 16:12:13","PVU_EX_1400","（株）ＰＡＬＴＡＣ新潟支店","（株）ＰＡＬＴＡＣ新潟支店","ＰＡＬＴＡＣ新潟支店","ＰＴ新潟","KK ﾊﾟﾙﾀﾂｸﾆｲｶﾞﾀ","ﾊﾟﾙﾆｲｶﾞﾀ","954-0076","15211079000","新潟県見附市新幸町５－３　","0258-61-2346","0258-61-2377","1","3","","","","","20081028","20190208","20081028",""
"40047","02/08/2019 00:00:00","12/31/9999 00:00:00","0","itg40916","02/08/2019 16:14:00","PVU_EX_1400","itg40916","02/08/2019 16:14:00","PVU_EX_1400","（株）ＰＡＬＴＡＣ北九州","（株）ＰＡＬＴＡＣ北九州","ＰＡＬＴＡＣ北九州","ＰＴ北九州","KK ﾊﾟﾙﾀﾂｸHCｷﾀｷﾕｳｼﾕｳ","ﾊﾟﾙｷﾀｷﾕｳｼﾕ","804-0065","40105019000","福岡県北九州市戸畑区新川町３－５０２　","093-882-6900","","1","3","","","","003","19911001","20190208","19910912","40076"
"42018","02/08/2019 00:00:00","12/31/9999 00:00:00","0","itg40916","02/08/2019 16:17:10","PVU_EX_1400","itg40916","02/08/2019 16:17:10","PVU_EX_1400","（株）ＰＡＬＴＡＣ長崎","（株）ＰＡＬＴＡＣ長崎","ＰＡＬＴＡＣ長崎","ＰＴ長崎","KK ﾊﾟﾙﾀﾂｸﾅｶﾞｻｷｴｲｷﾞ","ﾊﾟﾙﾅｶﾞｻｷ","850-0823","42201294000","長崎県長崎市弥生町８－１８　","0942-72-1133","","1","3","","","","005","19911001","20190208","19910912","40076"
"44013","02/08/2019 00:00:00","12/31/9999 00:00:00","0","itg40916","02/08/2019 16:22:53","PVU_EX_1400","itg40916","02/08/2019 16:22:53","PVU_EX_1400","（株）Ｐａｌｔａｃ大分","（株）Ｐａｌｔａｃ大分","Ｐａｌｔａｃ大分","ＰＴ大分","ﾊﾟﾙﾀﾂｸｵｵｲﾀｼﾃﾝ","ﾊﾟﾙﾀｸｵｵｲ","870-0856","44201182000","大分県大分市大字畑中　字田尻畑８３５－１","0975-44-6131","0975-46-4096","1","3","","","","007","19950401","20190208","19950322","40076"
"45008","02/08/2019 00:00:00","12/31/9999 00:00:00","0","itg40916","02/08/2019 16:24:08","PVU_EX_1400","itg40916","02/08/2019 16:24:08","PVU_EX_1400","（株）ＰＡＬＴＡＣ　宮崎","（株）ＰＡＬＴＡＣ宮崎","ＰＡＬＴＡＣ　宮崎","ＰＴ宮崎","KK ﾊﾟﾙﾀﾂｸﾐﾔｻﾞｷｴｲｷﾞ","ﾊﾟﾙﾐﾔｻﾞｷ","880-0925","45201142000","宮崎県宮崎市大字本郷北方２７１６－６　","0985-63-0236","","1","3","","","","008","19911001","20190208","19910913",""
"46015","02/08/2019 00:00:00","12/31/9999 00:00:00","0","itg40916","02/08/2019 16:25:44","PVU_EX_1400","itg40916","02/08/2019 16:25:44","PVU_EX_1400","（株）Ｐａｌｔａｃ鹿児島","（株）Ｐａｌｔａｃ鹿児島","Ｐａｌｔａｃ鹿児島","ＰＴ鹿児島","KK ﾊﾟﾙﾀﾂｸｶｺﾞｼﾏｼﾃﾝ","ﾊﾟﾙｶｺﾞｼﾏ","891-1305","46201187000","鹿児島県鹿児島市宮之浦町２９４１－２６　","099-246-9160","","1","3","","","","009","19911001","20190208","19910913","40076"
"40080","03/12/2019 00:00:00","04/06/2021 00:00:00","0","itg04213","03/12/2019 15:21:06","PVU_EX_1400","itg04213","03/12/2019 15:21:06","PVU_EX_1400","（株）リードヘルスケア広域量販部","株）リードヘルスケア広域量","リードＨＣ広域量販部","ＲＨＣ広量","KK ﾘ-ﾄﾞﾍﾙｽｹｱｺｳｲｷﾘﾖｳﾊ","ﾘｰﾄﾞｺｳｲｷﾘﾖ","800-0215","40107018000","福岡県北九州市小倉南区上曽根新町１３－１　","093-473-0321","093-475-0250","1","3","","","","103","19910401","","20050406","40059"
"37011","04/04/2019 00:00:00","04/09/2019 00:00:00","0","itg04213","04/04/2019 15:43:59","PVU_EX_1400","itg04213","04/04/2019 15:46:29","PVU_EX_1400","（株）よんやく治験販売用","（株）よんやく治験販売用","よんやく治験販売用","よんやく治","KK ﾖﾝﾔｸ ﾁｹﾝﾊﾝﾊﾞｲﾖｳ","ﾖﾝﾔｸ ﾁｹﾝ","791-1112","38201243000","愛媛県松山市南高井町１８２８　","089-990-4141","089-990-4170","1","1","","","","","20190401","","20190404","37017"
"01051","04/08/2019 00:00:00","04/02/2025 00:00:00","0","itg36186","04/08/2019 14:23:17","PVU_EX_1400","itg36186","04/08/2019 14:23:17","PVU_EX_1400","（株）メディセオ北海道東北支社","メディセオ北海道東北支社","メディセオ北海道東北","ＭＣ北海東","ﾒﾃﾞｲｾｵ ﾎﾂｶｲﾄﾞｳﾄｳﾎｸ","MCﾎﾂｶｲﾄｳﾎｸ","060-0034","01101011008","北海道札幌市中央区北４条東８丁目３７４－１　","011-210-8761","011-210-8770","1","1","","1","","","20091001","","20090917","28026"
"23100","04/08/2019 00:00:00","04/02/2025 00:00:00","0","itg36186","04/08/2019 14:28:22","PVU_EX_1400","itg36186","04/08/2019 14:28:22","PVU_EX_1400","（株）メディセオ中部支社","メディセオ中部支社","メディセオ中部","ＭＣ中部","ﾒﾃﾞｲｾｵ ﾁﾕｳﾌﾞｼｼﾔ","MCﾁﾕｳﾌﾞ","451-0051","23104060003","愛知県名古屋市西区則武新町３丁目　","0000-00-0000","","1","3","","1","110","","20091001","","20100928","28026"
"13181","04/09/2019 00:00:00","12/31/9999 00:00:00","0","itg36186","04/09/2019 14:51:18","PVU_EX_1400","itg36186","04/09/2019 14:51:18","PVU_EX_1400","（株）リードＨＣ　首都圏営業部","（株）リードＨＣ　首都圏","リードＨＣ首都圏","ＲＨＣ首都","ﾘ-ﾄﾞﾍﾙｽｹｱｼﾕﾄｹﾝｴｲｷﾞﾖｳ","ﾘ-ﾄﾞｼﾕﾄｹﾝ","103-0013","13102022002","東京都中央区日本橋人形町２丁目１３－９　","03-5614-5130","03-3249-3850","1","3","","","","","20130930","","20130926","40059"
"13983","02/08/2019 00:00:00","04/02/2025 00:00:00","0","itg40916","02/08/2019 10:20:50","PVU_EX_1400","itg40916","02/08/2019 10:20:50","PVU_EX_1400","アルフレッサヘルスケア（株）東京支社","アルフレッサＨＣ東京支社","アルフレッサＨＣ東京","アルフ東京","ｱﾙﾌﾚﾂｻﾍﾙｽｹｱﾄｳｷﾖｳ","ｱﾙﾌﾄｳｷﾖｳ","125-0061","13122007005","東京都葛飾区亀有５丁目１４－１　","03-5673-2800","","1","2","","","","","20110907","","20110907","13012"
"23017","02/08/2019 00:00:00","12/31/9999 00:00:00","0","itg40916","02/08/2019 15:55:03","PVU_EX_1400","itg40916","02/08/2019 15:55:03","PVU_EX_1400","シーエス薬品（株）","シーエス薬品（株）","シーエス薬品（株）","シーエス薬","ｼ-ｴｽ ﾔｸﾋﾝ ｶﾌﾞｼｷｶﾞｲｼﾔ","ｼ-ｴｽﾔｸﾋﾝ","460-0002","23106023003","愛知県名古屋市中区丸の内３丁目２－２６　","03-3817-3967","","1","2","","","108","027","19000101","20190208","19000101","13149"
"45009","02/12/2019 00:00:00","12/31/9999 00:00:00","0","itg40916","02/12/2019 09:37:26","PVU_EX_1400","itg40916","02/12/2019 09:37:26","PVU_EX_1400","富田薬品（株）宮崎支店","富田薬品（株）宮崎支店","富田薬品　宮崎","富田宮崎","ﾄﾐﾀ ﾔｸﾋﾝ KK ﾐﾔｻﾞｷｼﾃﾝ","ﾄﾐﾀ ﾐﾔｻﾞｷ","880-0055","45201153000","宮崎県宮崎市南花ケ島町２２－１　","0985-24-3231","0985-29-6357","1","3","","1","840","128","19950501","20190212","19950425","43002"
"34031","02/12/2019 00:00:00","12/31/9999 00:00:00","0","itg40916","02/12/2019 09:40:25","PVU_EX_1400","itg40916","02/12/2019 09:40:25","PVU_EX_1400","（株）Ｐａｌｔａｃ広島","（株）Ｐａｌｔａｃ広島","Ｐａｌｔａｃ広島","ＰＴ広島","KKﾊﾟﾙﾀﾂｸ ﾋﾛｼﾏｼﾃﾝ","ﾊﾟﾙﾋﾛｼﾏ","733-0833","34104034005","広島県広島市西区商工センター５丁目２－３　","082-278-2727","085-277-2530","1","3","","","","","20011001","20111125","20011003",""
"08021","04/08/2019 00:00:00","04/14/2024 00:00:00","0","itg36186","04/08/2019 14:25:12","PVU_EX_1400","itg36186","04/08/2019 14:25:12","PVU_EX_1400","（株）メディセオ北関東支社","メディセオ北関東支社","メディセオ北関東","ＭＣ北関東","ﾒﾃﾞｲｾｵ ｷﾀｶﾝﾄｳ ｼｼﾔ","MCｷﾀｶﾝﾄｳ","310-0836","08201111000","茨城県水戸市元吉田町　","0000-00-0000","","1","3","","1","105","005","20091001","","20090917","28026"
"11026","04/08/2019 00:00:00","09/30/2025 00:00:00","0","itg36186","04/08/2019 14:26:24","PVU_EX_1400","itg36186","04/08/2019 14:26:24","PVU_EX_1400","（株）メディセオ埼玉統括営業部","メディセオ埼玉統括営業部","メディセオ埼玉統括","ＭＣ埼玉","ﾒﾃﾞｲｾｵ ｻｲﾀﾏ ﾄｳｶﾂ","MCｻｲﾀﾏ","337-0004","11104003001","埼玉県さいたま市見沼区卸町１丁目　","0000-00-0000","","1","3","","1","222","","20091001","","20100928","28026"
"37011","04/10/2019 00:00:00","12/31/9999 00:00:00","0","itg04213","04/10/2019 09:01:59","PVU_EX_1400","itg04213","04/10/2019 09:01:59","PVU_EX_1400","（株）よんやくその他","（株）よんやくその他","よんやくその他","よんやく他","KK ﾖﾝﾔｸ ｿﾉﾀ","ﾖﾝﾔｸ ｿﾉﾀ","791-1112","38201243000","愛媛県松山市南高井町１８２８　","089-990-4141","089-990-4170","1","1","","","","","20190401","","20190404","37017"
"40890","04/12/2019 00:00:00","12/31/9999 00:00:00","0","itg36186","04/12/2019 14:03:33","PVU_EX_1400","itg36186","04/12/2019 14:03:33","PVU_EX_1400","アルフレッサヘルスケア（株）九州沖縄支社","アルフレッサＨＣ九州沖縄","アルフレッサＨＣ九沖","アルフ九沖","ｱﾙﾌﾚﾂｻHCｷﾕｳｼﾕｳｵｷﾅﾜ","ｱﾙﾌｷﾕｳ ｵｷ","811-2232","40343022003","福岡県糟屋郡志免町別府西３丁目３－１０　","092-931-2211","","1","2","","","","","20110907","","20110907","13012"
"02018","04/15/2019 00:00:00","04/15/2025 00:00:00","0","itg04213","04/15/2019 11:55:01","PVU_EX_1400","itg04213","04/15/2019 11:55:01","PVU_EX_1400","（株）バイタルネット青森","（株）バイタルネット青森","バイタルネット青森","ＶＮ青森","(ｶﾌﾞ)ﾊﾞｲﾀﾙﾈﾂﾄ ｱｵﾓﾘ","VNｱｵﾓﾘ","038-0000","02201000000","青森県青森市　","0000-00-0000","","1","3","","5","111","001","20010101","","19990610","04041"
"03019","04/15/2019 00:00:00","04/15/2025 00:00:00","0","itg04213","04/15/2019 11:55:41","PVU_EX_1400","itg04213","04/15/2019 11:55:41","PVU_EX_1400","（株）バイタルネット岩手","（株）バイタルネット岩手","バイタルネット岩手","ＶＮ岩手","(ｶﾌﾞ)ﾊﾞｲﾀﾙﾈﾂﾄ ｲﾜﾃ","VNｲﾜﾃ","020-0000","03201000000","岩手県盛岡市　","0000-00-0000","","1","3","","5","112","001","20010101","","20010101","04041"
"15002","04/15/2019 00:00:00","10/15/2024 00:00:00","0","itg04213","04/15/2019 11:58:52","PVU_EX_1400","itg04213","04/15/2019 11:58:52","PVU_EX_1400","（株）バイタルネット新潟","（株）バイタルネット新潟","バイタルネット新潟","ＶＮ新潟","KK ﾊﾞｲﾀﾙﾈﾂﾄ ﾆｲｶﾞﾀ","ﾊﾞｲﾀﾙﾈﾂﾄﾆｲ","950-2027","15107047000","新潟県新潟市西区小新大通３７９９－１　","025-234-1111","","1","3","","1","332","030","20010101","","20010101","04041"
"10002","04/15/2019 00:00:00","10/15/2024 00:00:00","0","itg04213","04/15/2019 12:35:25","PVU_EX_1400","itg04213","04/15/2019 12:35:25","PVU_EX_1400","東邦薬品（株）群馬営業部","東邦薬品（株）群馬営業部","東邦薬品群馬営業部","東邦群馬","ﾄｳﾎｳﾔｸﾋﾝｸﾞﾝﾏｴｲｷﾞﾖｳ","ﾄｳﾎｳｸﾞﾝﾏ","370-0801","10202033000","群馬県高崎市上並榎町３７８　","027-362-2122","","1","3","","1","303","","19000101","","19000101","13013"
"26024","04/15/2019 00:00:00","09/30/2025 00:00:00","0","itg04213","04/15/2019 12:41:22","PVU_EX_1400","itg04213","04/15/2019 12:41:22","PVU_EX_1400","東邦薬品（株）京都営業部","東邦薬品（株）京都営業部","東邦薬品京都","東邦京都","ﾄｳﾎｳ KK ｷﾖｳﾄ","ﾄｳﾎｳｷﾖｳﾄ","612-8412","26109203000","京都府京都市伏見区竹田中川原町３７７　","075-646-1211","","1","3","","1","398","014","20170401","","20170510","13013"
"47011","04/15/2019 00:00:00","04/14/2024 00:00:00","0","itg04213","04/15/2019 12:45:27","PVU_EX_1400","itg04213","04/15/2019 12:45:27","PVU_EX_1400","沖縄東邦（株）","沖縄東邦（株）","沖縄東邦","沖縄東邦","ｵｷﾅﾜ ﾄｳﾎｳ KK","ｵｷﾅﾜﾄｳﾎｳ","903-0117","47329005000","沖縄県中頭郡西原町字翁長８３４　","098-946-6000","098-946-1040","1","1","","","690","170","20100701","","20100708","13013"
"10018","04/15/2019 00:00:00","10/15/2024 00:00:00","0","itg04213","04/15/2019 12:53:48","PVU_EX_1400","itg04213","04/15/2019 12:53:48","PVU_EX_1400","アルフレッサ（株）群馬","アルフレッサ（株）群馬","アルフレッサ群馬","ＡＦ群馬","ｱﾙﾌﾚﾂｻｸﾞﾝﾏ","AF ｸﾞﾝﾏ","370-0071","10202047000","群馬県高崎市小八木町　群馬県高崎市小八木町３０９","027-364-7111","027-364-1168","1","3","","5","301","","20111001","","19990928","13149"
"21002","04/15/2019 00:00:00","09/30/2025 00:00:00","0","itg04213","04/15/2019 12:56:24","PVU_EX_1400","itg04213","04/15/2019 12:56:24","PVU_EX_1400","アルフレッサ（株）岐阜","アルフレッサ（株）岐阜","アルフレッサ岐阜","ＡＦ岐阜","ｱﾙﾌﾚﾂｻ ｷﾞﾌ","AF ｷﾞﾌ","500-8281","21201571002","岐阜県岐阜市東鶉２丁目１１５－３　","0000-00-0000","","1","3","","5","203","010","19000101","","19000101","13149"
"26008","04/15/2019 00:00:00","09/30/2025 00:00:00","0","itg04213","04/15/2019 13:01:01","PVU_EX_1400","itg04213","04/15/2019 13:01:01","PVU_EX_1400","アルフレッサ（株）京滋","アルフレッサ（株）京滋","アルフレッサ京滋","ＡＦ京滋","ｱﾙﾌﾚﾂｻ ｹｲｼﾞ","AF ｹｲｼﾞ","600-8483","26106508902","京都府京都市下京区東堀川通高辻上る吉水町　下ル五軒町　３８５","075-361-2111","075-365-0007","1","3","","5","391","005","19000101","","19000101","13149"
"15003","04/15/2019 00:00:00","10/15/2024 00:00:00","0","itg04213","04/15/2019 13:04:24","PVU_EX_1400","itg04213","04/15/2019 13:04:24","PVU_EX_1400","（株）マルタケ関越","（株）マルタケ関越","マルタケ","マルタケ","KK ﾏﾙﾀｹ ｶﾝｴﾂ","ﾏﾙﾀｹｶﾝｴﾂ","950-2031","15107118004","新潟県新潟市西区流通センター４丁目６－２　","025-568-6311","025-268-6306","1","3","","1","333","","19000101","","19000101","15022"
"15022","04/15/2019 00:00:00","11/30/2023 00:00:00","0","itg04213","04/15/2019 13:05:12","PVU_EX_1400","itg04213","04/15/2019 13:05:12","PVU_EX_1400","株式会社マルタケ","株式会社マルタケ","（株）マルタケ","マルタケ","KK ﾏﾙﾀｹ","ﾏﾙﾀｹ","950-2031","15107118004","新潟県新潟市西区流通センター４丁目６－２　","025-568-6311","025-268-6306","1","3","","","","","19990401","","19990309","15022"
"23002","04/15/2019 00:00:00","04/14/2024 00:00:00","0","itg04213","04/15/2019 13:05:57","PVU_EX_1400","itg04213","04/15/2019 13:05:57","PVU_EX_1400","中北薬品（株）","中北薬品（株）","中北薬品","中北薬品","ﾅｶｷﾀ ﾔｸﾋﾝ","ﾅｶｷﾀ ﾔｸﾋﾝ","460-0002","23106023003","愛知県名古屋市中区丸の内３丁目５－１５　油伊ビル","0000-00-0000","","1","3","","5","104","022","19000101","","19000101","23002"
"02017","04/15/2019 00:00:00","04/15/2025 00:00:00","0","itg04213","04/15/2019 13:06:37","PVU_EX_1400","itg04213","04/15/2019 13:06:37","PVU_EX_1400","（株）スズケン青森営業部","（株）スズケン青森営業部","スズケン青森営業部","Ｓ・青森","KKｽｽﾞｹﾝ ｱｵﾓﾘｴｲｷﾞﾖｳﾌﾞ","SZｱｵﾓﾘ","030-0911","02201068003","青森県青森市造道３丁目１５－１　","0000-00-0000","","1","3","","5","251","500","19990601","","19990518","23049"
"03005","04/15/2019 00:00:00","04/15/2025 00:00:00","0","itg04213","04/15/2019 13:07:07","PVU_EX_1400","itg04213","04/15/2019 13:07:07","PVU_EX_1400","（株）スズケン岩手","（株）スズケン岩手","スズケン岩手","ＳＺ岩手","KKｽｽﾞｹﾝ ｲﾜﾃ","SZｲﾜﾃ","020-0125","03201027004","岩手県盛岡市上堂４丁目５－１　","019-641-3311","019-641-1230","1","3","","5","256","031","19000101","","19000101","23049"
"05013","04/15/2019 00:00:00","04/15/2025 00:00:00","0","itg04213","04/15/2019 13:07:31","PVU_EX_1400","itg04213","04/15/2019 13:07:31","PVU_EX_1400","（株）スズケン秋田営業部","（株）スズケン秋田営業部","スズケン秋田営業部","Ｓ・秋田","KKｽｽﾞｹﾝｱｷﾀｴｲｷﾞﾖｳﾌﾞ","SZｱｷﾀ","010-0954","05201122000","秋田県秋田市山王沼田町６－５　","018-867-8815","018-863-3212","1","3","","5","253","015","20040713","","20040712","23049"
"12004","04/15/2019 00:00:00","09/30/2025 00:00:00","0","itg04213","04/15/2019 13:09:07","PVU_EX_1400","itg04213","04/15/2019 13:09:07","PVU_EX_1400","（株）スズケン千葉営業部","（株）スズケン千葉営業部","スズケン千葉営業部","Ｓ・千葉","KK ｽｽﾞｹﾝ ﾁﾊﾞｴｲｷﾞﾖｳﾌﾞ","ｽｽﾞｹﾝ ﾁﾊﾞ","263-0024","12103001003","千葉県千葉市稲毛区穴川３丁目３－１７　","043-254-4151","0472-54-3440","1","1","","1","209","","19000101","","19000101","23049"
"11022","02/08/2019 00:00:00","12/31/9999 00:00:00","0","itg40916","02/08/2019 15:51:19","PVU_EX_1400","itg40916","02/08/2019 15:51:19","PVU_EX_1400","シーエス薬品（株）北関東営","シーエス薬品（株）北関東営","シーエス北関東営業部","ＣＳ北関東","ｼ-ｴｽｷﾀｶﾝﾄｳｴｲｷﾞﾖｳﾌﾞ","ｼ-ｴｽｷﾀｶﾝﾄｳ","360-0024","11202049002","埼玉県熊谷市問屋町２丁目５－２　","048-528-0011","048-528-0015","1","3","","","","","20060704","20190208","20060705",""
"41010","02/08/2019 00:00:00","12/31/9999 00:00:00","0","itg40916","02/08/2019 16:15:50","PVU_EX_1400","itg40916","02/08/2019 16:15:50","PVU_EX_1400","（株）ＰＡＬＴＡＣ佐賀","（株）ＰＡＬＴＡＣ佐賀","ＰＡＬＴＡＣ佐賀","ＰＴ佐賀","KK ﾊﾟﾙﾀﾂｸｻｶﾞｼﾃﾝ","ﾊﾟCｻｶﾞｴｲ","845-0022","41208029000","佐賀県小城市三日月町久米２５２３－１　","093-882-6900","","1","3","","","","004","19911001","20190208","19910912",""
"29005","02/08/2019 00:00:00","12/31/9999 00:00:00","0","itg40916","02/08/2019 16:32:44","PVU_EX_1400","itg40916","02/08/2019 16:32:44","PVU_EX_1400","（株）神田大薬局","（株）神田大薬局","神田大薬局","神田","KK ｶﾝﾀﾞﾀﾞｲ ﾔﾂｷﾖｸ","ｶﾝﾀﾞﾀﾞｲ","632-0004","29204004000","奈良県天理市櫟本町２４００　","0743-65-0086","","1","3","","","999","999","20120201","20190208","20120201",""
"34019","02/08/2019 00:00:00","12/31/9999 00:00:00","0","itg40916","02/08/2019 16:34:04","PVU_EX_1400","itg40916","02/08/2019 16:34:04","PVU_EX_1400","（株）健翔","（株）健翔","（株）健翔","健翔","KK ｹﾝｼﾖｳ","KKｹﾝｼﾖｳ","738-0202","34213047000","広島県廿日市市峠　字権現２４５番地６８","0829-40-0200","0829-74-3055","1","3","","","","","19990901","20190208","19990830",""
"46001","02/12/2019 00:00:00","12/31/9999 00:00:00","0","itg40916","02/12/2019 09:38:45","PVU_EX_1400","itg40916","02/12/2019 09:38:45","PVU_EX_1400","富田薬品（株）鹿児島店","富田薬品（株）鹿児島店","富田薬品　鹿児島支店","富田鹿児島","ﾄﾐﾀ ﾔｸﾋﾝ KK ｶｺﾞｼﾏﾃﾝ","ﾄﾐﾀ ｶｺﾞｼﾏ","890-0072","46201059000","鹿児島県鹿児島市新栄町５－１０　","099-257-6511","","1","3","","1","940","129","19000101","20190212","19000101","43002"
"12001","04/15/2019 00:00:00","12/31/9999 00:00:00","0","itg04213","04/15/2019 11:59:52","PVU_EX_1400","itg04213","04/15/2019 11:59:52","PVU_EX_1400","岩渕薬品（株）","岩渕薬品（株）","岩渕薬品","岩渕","ｲﾜﾌﾞﾁ ﾔｸﾋﾝ KK","ｲﾜﾌﾞﾁ","284-0033","12228015001","千葉県四街道市鷹の台１丁目５　","043-236-7707","043-236-6007","1","3","","1","210","014","19000101","","19000101","12001"
"24012","04/15/2019 00:00:00","04/14/2024 00:00:00","0","itg04213","04/15/2019 13:00:14","PVU_EX_1400","itg04213","04/15/2019 13:00:14","PVU_EX_1400","アルフレッサ（株）三重","アルフレッサ（株）三重","アルフレッサ三重","ＡＦ三重","ｱﾙﾌﾚﾂｻ ﾐｴ","AF ﾐｴ","514-0001","24201014001","三重県津市江戸橋１丁目１３１　","0000-00-0000","","1","3","","5","303","","19981001","","19980924","13149"
"15012","04/15/2019 00:00:00","10/15/2024 00:00:00","0","itg04213","04/15/2019 13:12:24","PVU_EX_1400","itg04213","04/15/2019 13:12:24","PVU_EX_1400","（株）スズケン新潟営業部","（株）スズケン新潟営業部","スズケン新潟営業部","Ｓ・新潟","KK ｽｽﾞｹﾝ ﾆｲｶﾞﾀｴｲｷﾞﾖｳ","ｽｽﾞｹﾝﾆｲｶﾞﾀ","950-2031","15107118002","新潟県新潟市西区流通センター２丁目２－５　","0000-00-0000","","1","1","","1","331","","19000101","","19000101","23049"
"21004","04/15/2019 00:00:00","09/30/2025 00:00:00","0","itg04213","04/15/2019 13:12:57","PVU_EX_1400","itg04213","04/15/2019 13:12:57","PVU_EX_1400","（株）スズケン岐阜営業部","（株）スズケン岐阜営業部","スズケン岐阜営業部","Ｓ・岐阜","KK ｽｽﾞｹﾝ ｷﾞﾌｴｲｷﾞﾖｳﾌﾞ","ｽｽﾞｹﾝ ｷﾞﾌ","500-8357","21201737003","岐阜県岐阜市六条大溝３丁目４－１８　","0000-00-0000","","1","3","","1","202","012","19000101","","19000101","23049"
"22002","04/15/2019 00:00:00","09/30/2025 00:00:00","0","itg04213","04/15/2019 13:13:24","PVU_EX_1400","itg04213","04/15/2019 13:13:24","PVU_EX_1400","（株）スズケン静岡営業部","（株）スズケン静岡営業部","スズケン静岡営業部","Ｓ・静岡","KK ｽｽﾞｹﾝ ｼｽﾞｵｶｴｲｷﾞﾖｳ","ｽｽﾞｹﾝｼｽﾞｵｶ","422-8008","22102023000","静岡県静岡市駿河区栗原１９３－１　","0000-00-0000","","1","3","","1","401","014","19000101","","19000101","23049"
"24002","04/15/2019 00:00:00","04/14/2024 00:00:00","0","itg04213","04/15/2019 13:13:48","PVU_EX_1400","itg04213","04/15/2019 13:13:48","PVU_EX_1400","（株）スズケン三重営業部","（株）スズケン三重営業部","スズケン三重営業部","Ｓ・三重","KK ｽｽﾞｹﾝ ﾐｴｴｲｷﾞﾖｳﾌﾞ","ｽｽﾞｹﾝ ﾐｴ","514-0821","24201236000","三重県津市垂水７５０－２２　","0000-00-0000","","1","3","","1","301","030","19000101","","19000101","23049"
"26014","04/15/2019 00:00:00","09/30/2025 00:00:00","0","itg04213","04/15/2019 13:19:54","PVU_EX_1400","itg04213","04/15/2019 13:19:54","PVU_EX_1400","（株）ケーエスケー京滋","（株）ケーエスケー京滋","ケーエスケー京滋","ＫＳＫ京滋","ｹ-ｴｽｹ- ｹｲｼﾞ","ｹ-ｴｽｹ-ｹｲｼﾞ","604-0000","26104000000","京都府京都市中京区　東堀川通丸太町下ル７－７","0000-00-0000","","1","3","","5","395","","19991001","","19990908","27042"
"04048","04/15/2019 00:00:00","09/30/2025 00:00:00","0","itg04213","04/15/2019 13:24:53","PVU_EX_1400","itg04213","04/15/2019 13:24:53","PVU_EX_1400","（株）メディセオ南東北統括営業部","メディセオ南東北統括営業部","メディセオ南東北統括","ＭＣ南東北","ﾒﾃﾞｲｾｵ ﾐﾅﾐﾄｳﾎｸﾄｳｶﾂ","MCﾐﾅﾐﾄｳｶﾂ","983-0034","04102005003","宮城県仙台市宮城野区扇町３丁目　","0000-00-0000","","1","3","","1","351","","20091001","20190415","20090917","28026"
"05017","04/15/2019 00:00:00","09/30/2025 00:00:00","0","itg04213","04/15/2019 13:25:58","PVU_EX_1400","itg04213","04/15/2019 13:25:58","PVU_EX_1400","（株）メディセオ北東北統括営業部","メディセオ北東北統括営業部","メディセオ北東北統括","ＭＣ北東北","ﾒﾃﾞｲｾｵ ｷﾀﾄｳﾎｸﾄｳｶﾂ","MCｷﾀﾄｳｶﾂ","010-0061","05201060004","秋田県秋田市卸町４丁目　","0000-00-0000","","1","3","","1","352","039","20091001","20190415","20090917","28026"
"13180","04/15/2019 00:00:00","09/30/2025 00:00:00","0","itg04213","04/15/2019 13:29:54","PVU_EX_1400","itg04213","04/15/2019 13:29:54","PVU_EX_1400","（株）メディセオ南東京統括営業部","メディセオ南東京統括営業部","メディセオ南東京統括","ＭＣ南東京","ﾒﾃﾞｲｾｵﾐﾅﾐﾄｳｷﾖｳ","ﾒﾃﾞｲｾｵﾐﾅﾐﾄ","213-0022","14134017000","神奈川県川崎市高津区千年１２００－１　","044-740-8089","","1","3","","1","202","","20130701","20190415","20130627","28026"
"17022","04/15/2019 00:00:00","09/30/2025 00:00:00","0","itg04213","04/15/2019 13:31:12","PVU_EX_1400","itg04213","04/15/2019 13:31:12","PVU_EX_1400","（株）メディセオ北陸統括営業部","メディセオ北陸統括営業部","メディセオ北陸統括","ＭＣ北陸","ﾒﾃﾞｲｾｵ ﾎｸﾘｸ ﾄｳｶﾂ","MCﾎｸﾘｸ","920-0806","17201231003","石川県金沢市神宮寺３丁目　","0000-00-0000","","1","3","","1","398","014","20091001","20190415","20090917","28026"
"28036","04/15/2019 00:00:00","04/14/2024 00:00:00","0","itg04213","04/15/2019 13:32:49","PVU_EX_1400","itg04213","04/15/2019 13:32:49","PVU_EX_1400","（株）メディセオ兵庫統括営業部","メディセオ兵庫統括営業部","メディセオ兵庫統括","ＭＣ兵庫","ﾒﾃﾞｲｾｵ ﾋﾖｳｺﾞ ﾄｳｶﾂ","MCﾋﾖｳｺﾞ","650-0003","28110073002","兵庫県神戸市中央区山本通２丁目　","0000-00-0000","","1","3","","1","381","006","20091001","","20090917","28026"
"41002","04/15/2019 00:00:00","04/21/2020 00:00:00","0","itg04213","04/15/2019 13:34:16","PVU_EX_1400","itg04213","04/15/2019 13:34:16","PVU_EX_1400","（株）アトル佐賀長崎営業部","（株）アトル佐賀長崎営業部","アトル佐賀長崎営業部","アトル佐長","KK ｱﾄﾙ ｻｶﾞﾅｶﾞｻｷ","ｱﾄﾙ ｻｶﾞﾅｶﾞ","840-0857","41201053104","佐賀県佐賀市鍋島町大字八戸３１４０　","0952-29-7161","0952-24-2621","1","3","","1","350","151","20161001","","20161001","28026"
"40004","04/15/2019 00:00:00","04/04/2022 00:00:00","0","itg04213","04/15/2019 13:36:50","PVU_EX_1400","itg04213","04/15/2019 13:36:50","PVU_EX_1400","株式会社翔薬","株式会社翔薬","翔薬","翔薬","KK ｼﾖｳﾔｸ","ｼﾖｳﾔｸ","812-0015","40132028002","福岡県福岡市博多区山王２丁目３－５　","092-471-2200","","1","3","","1","010","152","19000101","","19000101","40004"
"40014","04/15/2019 00:00:00","04/15/2025 00:00:00","0","itg04213","04/15/2019 13:37:20","PVU_EX_1400","itg04213","04/15/2019 13:37:20","PVU_EX_1400","（株）翔薬筑後営業部","（株）翔薬筑後営業部","翔薬筑後営業部","翔薬筑後","KKｼﾖｳﾔｸﾁｸｺﾞ","ｼﾖｳﾔｸﾁｸｺﾞ","830-0047","40203032000","福岡県久留米市津福本町４７０－１　","0942-32-6285","0942-39-3462","1","3","","1","215","152","19000101","","19000101","40004"
"41003","04/15/2019 00:00:00","04/15/2025 00:00:00","0","itg04213","04/15/2019 13:37:52","PVU_EX_1400","itg04213","04/15/2019 13:37:52","PVU_EX_1400","（株）翔薬佐賀営業部","（株）翔薬佐賀営業部","翔薬佐賀営業部","翔薬佐賀","KK ｼﾖｳﾔｸ ｻｶﾞ","ｼﾖｳﾔｸ ｻｶﾞ","849-0934","41201012006","佐賀県佐賀市開成６丁目１２－２５　","0952-30-3211","","1","3","","1","310","152","19000101","","19000101","40004"
"42004","04/15/2019 00:00:00","04/15/2025 00:00:00","0","itg04213","04/15/2019 13:38:24","PVU_EX_1400","itg04213","04/15/2019 13:38:24","PVU_EX_1400","（株）翔薬長崎営業部","（株）翔薬長崎営業部","翔薬長崎営業部","翔薬長崎","KK ｼﾖｳﾔｸ ﾅｶﾞｻｷ","ｼﾖｳﾔｸﾅｶﾞｻｷ","850-0823","42201294000","長崎県長崎市弥生町８－１８　","0958-23-2121","","1","3","","1","410","152","19000101","","19000101","40004"
"45012","04/15/2019 00:00:00","04/15/2025 00:00:00","0","itg04213","04/15/2019 13:39:22","PVU_EX_1400","itg04213","04/15/2019 13:39:22","PVU_EX_1400","（株）翔薬宮崎営業部","（株）翔薬宮崎営業部","翔薬宮崎営業部","翔薬宮崎","KK ｼﾖｳﾔｸ ﾐﾔｻﾞｷ","ｼﾖｳﾔｸﾐﾔｻﾞｷ","880-0951","45201031129","宮崎県宮崎市大塚町流合５０７８－２　","0000-00-0000","","1","3","","1","825","152","20001001","","20000913","40004"
"41007","04/15/2019 00:00:00","04/15/2025 00:00:00","0","itg04213","04/15/2019 13:40:51","PVU_EX_1400","itg04213","04/15/2019 13:40:51","PVU_EX_1400","（株）宮崎温仙堂商店佐賀支店","（株）宮崎温仙堂商店佐賀","宮崎温仙堂佐賀支店","温仙堂佐賀","KK ﾐﾔｻﾞｷ ｵﾝｾﾝﾄﾞｳ ｻｶﾞ","ｵﾝｾﾝﾄﾞｳ ｻｶ","849-0912","41201064101","佐賀県佐賀市兵庫町大字瓦町１１０４　","0000-00-0000","","1","3","","1","340","501","19000101","","19000101","42002"
"40018","02/12/2019 00:00:00","12/31/9999 00:00:00","0","itg40916","02/12/2019 09:41:44","PVU_EX_1400","itg40916","02/12/2019 09:41:44","PVU_EX_1400","（株）Ｐａｌｔａｃ九州営業","（株）Ｐａｌｔａｃ九州営業","Ｐａｌｔａｃ九州営業","ＰＴ九州営","KK ﾊﾟﾙ ｷﾕｳｼﾕｳ ｴｲｷﾞﾖｳ","ﾊﾟﾙ ｷﾕｳ ｴｲ","838-0121","40216009000","福岡県小郡市上岩田　","03-3817-3967","","1","3","","","","","19000101","20111125","19000101",""
"12008","04/15/2019 00:00:00","09/30/2025 00:00:00","0","itg04213","04/15/2019 12:36:28","PVU_EX_1400","itg04213","04/15/2019 12:36:28","PVU_EX_1400","東邦薬品（株）千葉営業部","東邦薬品（株）千葉営業部","東邦薬品千葉営業部","東邦千葉","ﾄｳﾎｳ ﾔｸﾋﾝ KK ﾁﾊﾞ","ﾄｳﾎｳ ﾁﾊﾞ","263-0011","12103021000","千葉県千葉市稲毛区天台町５－２１　－１５","043-254-2020","","1","1","","1","211","","19000101","","19000101","13013"
"25007","04/15/2019 00:00:00","09/30/2025 00:00:00","0","itg04213","04/15/2019 12:40:28","PVU_EX_1400","itg04213","04/15/2019 12:40:28","PVU_EX_1400","（株）大正堂","（株）大正堂","大正堂","大正堂","ﾀｲｼﾖｳﾄﾞｳ","ﾀｲｼﾖｳﾄﾞｳ","528-0028","25209110000","滋賀県甲賀市水口町城東３－３８　","0748-65-3001","0748-65-3007","2","3","2","","090","090","20161001","","20160928","13013"
"27086","04/15/2019 00:00:00","04/14/2024 00:00:00","0","itg04213","04/15/2019 12:41:52","PVU_EX_1400","itg04213","04/15/2019 12:41:52","PVU_EX_1400","東邦薬品（株）大阪営業部","東邦薬品（株）大阪営業部","東邦薬品大阪営業部","東邦大阪","ﾄｳﾎｳ KK ｵｵｻｶｴｲｷﾞﾖｳﾌﾞ","ﾄｳﾎｳｵｵｻｶ","557-0022","27122025003","大阪府大阪市西成区中開３丁目６－２９　","06-4392-5611","","1","3","","1","371","","19000101","","19000101","13013"
"28037","04/15/2019 00:00:00","04/14/2024 00:00:00","0","itg04213","04/15/2019 12:42:14","PVU_EX_1400","itg04213","04/15/2019 12:42:14","PVU_EX_1400","東邦薬品（株）兵庫営業部","東邦薬品（株）兵庫営業部","東邦薬品兵庫","東邦兵庫","ﾄｳﾎｳ KKﾋﾖｳｺﾞ","ﾄｳﾎｳﾋﾖｳｺﾞ","663-8132","28204243001","兵庫県西宮市東鳴尾町１丁目６－２０　","0798-44-0411","","1","3","","1","384","007","20170401","","20170510","13013"
"40007","04/15/2019 00:00:00","09/30/2025 00:00:00","0","itg04213","04/15/2019 13:42:59","PVU_EX_1400","itg04213","04/15/2019 13:42:59","PVU_EX_1400","（株）アステム筑後営業部","（株）アステム筑後営業部","アステム筑後営業部","ＡＳ筑後","KK ｱｽﾃﾑ ﾁｸｺﾞｴｲｷﾞﾖｳﾌﾞ","ASﾁｸｺﾞ","839-0801","40203098003","福岡県久留米市宮ノ陣３丁目７－６０　","0942-32-1188","0942-31-7272","1","3","","1","210","150","19000101","","19000101","44001"
"42009","04/15/2019 00:00:00","04/04/2022 00:00:00","0","itg04213","04/15/2019 13:44:00","PVU_EX_1400","itg04213","04/15/2019 13:44:00","PVU_EX_1400","藤村薬品株式会社","藤村薬品株式会社","藤村薬品","藤村薬品","ﾌｼﾞﾑﾗ ﾔｸﾋﾝ KK","ﾌｼﾞﾑﾗ ﾔｸﾋﾝ","851-0134","42201163000","長崎県長崎市田中町２０２２　","0958-37-8331","","1","3","","1","430","047","19000101","","19000101","44001"
"45001","04/15/2019 00:00:00","04/14/2024 00:00:00","0","itg04213","04/15/2019 13:45:59","PVU_EX_1400","itg04213","04/15/2019 13:45:59","PVU_EX_1400","（株）アステム宮崎営業部","（株）アステム宮崎営業部","アステム宮崎営業部","ＡＳ宮崎","KK ｱｽﾃﾑﾐﾔｻﾞｷｴｲｷﾞﾖｳﾌﾞ","ｱｽﾃﾑﾐﾔｻﾞｷ","880-0815","45201024001","宮崎県宮崎市江平町１丁目２－１　","0985-24-3111","0985-28-9721","1","1","","1","810","150","19000101","","19000101","44001"
"47002","04/15/2019 00:00:00","04/14/2024 00:00:00","0","itg04213","04/15/2019 13:46:32","PVU_EX_1400","itg04213","04/15/2019 13:46:32","PVU_EX_1400","（株）ダイコー沖縄","（株）ダイコー沖縄","ダイコー沖縄","ダイコー沖","KK ﾀﾞｲｺ- ｵｷﾅﾜ","ﾀﾞｲｺ- ｵｷﾅﾜ","901-2223","47205013007","沖縄県宜野湾市大山７丁目９－２　","098-890-2111","098-890-2171","1","3","","1","520","141","19000101","","19000101","44001"
"13001","05/08/2019 00:00:00","12/31/9999 00:00:00","0","itg40916","05/08/2019 10:46:14","PVU_EX_1400","itg40916","05/08/2019 12:05:12","PVU_EX_1400","株式会社メッツ","株式会社メッツ","（株）メッツ","メッツ","ｶﾌﾞｼｷｶﾞｲｼｬﾒｯﾂ","ﾒｯﾂ","120-0036","13121049000","東京都足立区千住仲町１－７　","03-3888-8445","03-3888-8443","1","3","","","001","","20190508","","20190508",""
"16002","05/16/2019 00:00:00","12/31/9999 00:00:00","0","itg40916","05/16/2019 15:23:28","PVU_EX_1400","itg40916","05/16/2019 15:23:28","PVU_EX_1400","日医工株式会社","日医工株式会社","日医工（株）","日医工","ﾆﾁｲｺｳｶﾌﾞｼｷｶﾞｲｼﾔ","ﾆﾁｲｺｳ","930-0083","16201218001","富山県富山市総曲輪１丁目６－２１　","076-432-2121","076-443-1666","1","3","","","001","","20190516","","20190516",""
"27194","10/08/2019 00:00:00","12/31/9999 00:00:00","0","itg19647","10/08/2019 11:33:21","PVU_EX_1400","itg19647","10/08/2019 11:33:21","PVU_EX_1400","社会医療法人北斗会ネオメデックス","医）北斗会ネオメデックス","ＭＤＸ","ＭＤＸ","ｴﾑﾃﾞｨｰｴｯｸｽ","ｴﾑﾃﾞｨｰｴｯｸｽ","561-0803","27203037001","大阪府豊中市城山町１丁目９－４　芝蘭荘１号館１０２号室","06-6865-1251","","1","1","","","","","20191001","","20191008","27194"
"13201","10/09/2019 00:00:00","12/31/9999 00:00:00","0","itg19647","10/09/2019 10:14:11","PVU_EX_1400","itg19647","10/09/2019 10:14:11","PVU_EX_1400","社会医療法人北斗会　メデックス","医）北斗会メデックス","ＢＢＯＳ１","ＢＢＯＳ１","ﾋﾞ-ﾎﾞｽ1","ﾋﾞ-ﾎﾞｽ1","561-0803","27203037001","大阪府豊中市城山町１丁目９－１　","06-6865-1203","","1","1","","","","","20171001","20190930","20171004","13201"
"01001","10/10/2019 00:00:00","09/30/2025 00:00:00","0","itg40916","10/10/2019 09:34:03","PVU_EX_1400","itg40916","10/10/2019 09:34:03","PVU_EX_1400","（株）スズケン愛生舘営業部","（株）スズケン愛生舘営業部","スズケン愛生舘営業部","Ｓ・愛生舘","S･ｱｲｾｲｶﾝ ｴｲｷﾞﾖｳﾌﾞ","ｱｲｾｲｶﾝ","060-0906","01103005003","北海道札幌市東区北６条東３丁目　卸センター内","011-721-1161","011-704-5338","1","3","","5","001","001","19000101","","19000101","23049"
"01020","10/10/2019 00:00:00","04/04/2022 00:00:00","0","itg40916","10/10/2019 09:36:20","PVU_EX_1400","itg40916","10/10/2019 09:36:20","PVU_EX_1400","株式会社　ほくやく","株式会社　ほくやく","ほくやく","ほくやく","KK ﾎｸﾔｸ","ﾎｸﾔｸ","060-0006","01101014016","北海道札幌市中央区北６条西１６丁目１－５　","011-611-1059","011-631-5125","1","3","","1","004","006","19990401","","19910304","01020"
"01029","10/10/2019 00:00:00","12/31/9999 00:00:00","0","itg40916","10/10/2019 09:37:18","PVU_EX_1400","itg40916","10/10/2019 09:37:18","PVU_EX_1400","北海道厚生連　医薬品課","北海道厚生連　医薬品課","厚生連　医薬品課","厚生連（医","ﾎﾂｶｲﾄﾞｳｺｳｾｲﾚﾝ ｲﾔｸﾋﾝｶ","ｺｳｾｲﾚﾝ ｲﾔｸ","060-0004","01101010001","北海道札幌市中央区北４条西１丁目　","011-231-2111","","1","3","","","007","","19000101","","19000101","01029"
"04014","10/10/2019 00:00:00","04/14/2024 00:00:00","0","itg40916","10/10/2019 09:42:11","PVU_EX_1400","itg40916","10/10/2019 09:42:11","PVU_EX_1400","（株）マルタケ仙台","（株）マルタケ仙台","マルタケ仙台支店","マルタケ仙","KK ﾏﾙﾀｹｾﾝﾀﾞｲ","ﾏﾙﾀｹｾﾝﾀﾞｲ","983-0035","04102061001","宮城県仙台市宮城野区日の出町１丁目６－３０　","022-284-8611","","1","3","","","501","011","19000101","","19000101","15022"
"04051","10/10/2019 00:00:00","04/14/2024 00:00:00","0","itg40916","10/10/2019 09:44:23","PVU_EX_1400","itg40916","10/10/2019 09:44:23","PVU_EX_1400","東邦薬品（株）宮城営業部","東邦薬品（株）宮城営業部","東邦薬品宮城営業部","東邦宮城","ﾄｳﾎｳ ﾐﾔｷﾞ ｴｲｷﾞﾖｳﾌﾞ","ﾄｳﾎｳ ﾐﾔｷﾞ","980-0801","04101048001","宮城県仙台市青葉区木町通１丁目３－７　","0000-00-0000","","1","3","","1","154","002","20101001","","20100907","13013"
"04504","10/10/2019 00:00:00","04/14/2024 00:00:00","0","itg40916","10/10/2019 09:45:34","PVU_EX_1400","itg40916","10/10/2019 09:45:34","PVU_EX_1400","（株）スズケン仙台営業部","（株）スズケン仙台営業部","スズケン仙台営業部","Ｓ・仙台","KKｽｽﾞｹﾝｾﾝﾀﾞｲｴｲｷﾞﾖｳﾌﾞ","SZｾﾝﾀﾞｲ","982-0251","04104058159","宮城県仙台市太白区茂庭字人来田西７６　","022-281-1811","022-281-5963","1","3","","5","252","015","19000101","","19000101","23049"
"46026","10/10/2019 00:00:00","12/31/9999 00:00:00","0","itg40916","10/10/2019 11:35:29","PVU_EX_1400","itg40916","10/10/2019 11:35:29","PVU_EX_1400","（株）トミタＨＣ第三支店","（株）トミタＨＣ第三支店","トミタＨＣ第三支店","トミタ第三","ﾄﾐﾀﾍﾙｽｹｱ ﾀﾞｲｻﾝｼﾃﾝ","ﾄﾐﾀ ﾀﾞｲｻﾝ","890-0072","46201059000","鹿児島県鹿児島市新栄町５－１０　","099-257-6511","099-259-0111","1","3","","","960","125","20051221","20111129","20051221",""
"20022","12/13/2019 00:00:00","04/14/2024 00:00:00","0","itg19647","12/13/2019 10:53:44","PVU_EX_1400","itg19647","12/13/2019 10:53:44","PVU_EX_1400","（株）メディセオ甲信越統括営業部","メディセオ甲信越統括","メディセオ甲信越","ＭＣ甲信越","ﾒﾃﾞｲｾｵ ｺｳｼﾝｴﾂ ﾄｳｶﾂ","MCｺｳｼﾝｴﾂ","399-0033","20202035000","長野県松本市大字笹賀　大字笹賀７６００―５５","0000-00-0000","","1","3","","1","327","007","20091001","","20090917","28026"
"14889","02/21/2020 00:00:00","12/31/9999 00:00:00","0","itg19647","02/21/2020 10:45:40","PVU_EX_1400","itg19647","02/21/2020 10:45:40","PVU_EX_1400","神奈川の代理店","神奈川の代理店","神奈川の代理店","神・代理店","ｶﾅｶﾞﾜﾉ ﾀﾞｲﾘﾃﾝ","ｶﾅｶﾞﾜ","000-0000","14000000000","神奈川県　","0000-00-0000","","9","3","","","","","19000101","","19000101",""
"04045","04/15/2020 00:00:00","12/31/9999 00:00:00","0","itg35320","04/15/2020 09:26:10","PVU_EX_1400","itg35320","04/15/2020 09:26:10","PVU_EX_1400","（株）Ｐａｌｔａｃ東北","（株）Ｐａｌｔａｃ東北","Ｐａｌｔａｃ東北","ＰＴ東北","ﾊﾟﾙﾀﾂｸﾄｳﾎｸｼｼﾔ","ﾊﾟﾙﾄｳﾎｸｼｼﾔ","989-2421","04211018165","宮城県岩沼市下野郷字中野馬場３４－１　","03-3817-3967","","1","3","","","","","20060920","20111129","20060920",""
"08010","04/15/2020 00:00:00","04/14/2024 00:00:00","0","itg35320","04/15/2020 13:02:54","PVU_EX_1400","itg35320","04/15/2020 13:02:54","PVU_EX_1400","（株）スズケン茨城営業部","（株）スズケン茨城営業部","スズケン茨城営業部","Ｓ・茨城","KK ｽｽﾞｹﾝ ｲﾊﾞﾗｷ","KK ｽｽﾞｹﾝ ｲ","310-0913","08201102000","茨城県水戸市見川町２１３１－１１５　","0000-00-0000","","1","3","","1","202","","19000101","","19000101","23049"
"25002","04/15/2019 00:00:00","09/30/2025 00:00:00","0","itg04213","04/15/2019 13:15:51","PVU_EX_1400","itg04213","04/15/2019 13:15:51","PVU_EX_1400","（株）スズケン滋賀営業部","（株）スズケン滋賀営業部","スズケン滋賀営業部","Ｓ・滋賀","KK ｽｽﾞｹﾝ ｼｶﾞｴｲｷﾞﾖｳﾌﾞ","ｽｽﾞｹﾝ ｼｶﾞ","520-2271","25201028001","滋賀県大津市稲津１丁目４－４４　","0775-46-3311","0775-46-3321","1","3","","5","394","","19000101","","19000101","23049"
"26011","04/15/2019 00:00:00","09/30/2025 00:00:00","0","itg04213","04/15/2019 13:17:53","PVU_EX_1400","itg04213","04/15/2019 13:17:53","PVU_EX_1400","（株）スズケン京都営業部","（株）スズケン京都営業部","スズケン京都営業部","Ｓ・京都","KK ｽｽﾞｹﾝ ｷﾖｳﾄｴｲｷﾞﾖｳ","ｽｽﾞｹﾝ ｷﾖｳﾄ","615-0054","26108213000","京都府京都市右京区西院月双町１８　","075-313-3211","075-313-2141","1","3","","5","393","","19940720","","19940628","23049"
"28022","04/15/2019 00:00:00","04/14/2024 00:00:00","0","itg04213","04/15/2019 13:18:21","PVU_EX_1400","itg04213","04/15/2019 13:18:21","PVU_EX_1400","（株）スズケン兵庫営業部","（株）スズケン兵庫営業部","スズケン兵庫営業部","Ｓ・兵庫","KK ｽｽﾞｹﾝ ﾋﾖｳｺﾞｴｲｷﾞﾖｳ","ｽｽﾞｹﾝﾋﾖｳｺﾞ","650-0045","28110065001","兵庫県神戸市中央区港島１丁目４－２　","0000-00-0000","","1","3","","5","383","","19990401","","19990309","23049"
"45002","04/15/2019 00:00:00","04/15/2025 00:00:00","0","itg04213","04/15/2019 13:35:20","PVU_EX_1400","itg04213","04/15/2019 13:35:20","PVU_EX_1400","（株）アトル宮崎営業部","（株）アトル宮崎営業部","アトル宮崎営業部","アトル宮崎","KK ｱﾄﾙ ﾐﾔｻﾞｷ","ｱﾄﾙ ﾐﾔｻﾞｷ","880-0951","45201031113","宮崎県宮崎市大塚町倉ノ下３１３－１　","0985-62-3321","0985-62-3321","1","3","","1","820","151","19000101","","19000101","28026"
"47010","04/15/2019 00:00:00","10/11/2022 00:00:00","0","itg04213","04/15/2019 13:35:57","PVU_EX_1400","itg04213","04/15/2019 13:35:57","PVU_EX_1400","（株）アトル沖縄営業部","（株）アトル沖縄営業部","アトル沖縄営業部","アトル沖縄","KK ｱﾄﾙ","ｱﾄﾙ","901-1304","47348004000","沖縄県島尻郡与那原町字東浜８２－１　","098-882-8811","098-882-8821","1","3","","","940","143","20081201","","20081127","28026"
"42001","04/15/2019 00:00:00","04/04/2022 00:00:00","0","itg04213","04/15/2019 13:40:01","PVU_EX_1400","itg04213","04/15/2019 13:40:01","PVU_EX_1400","東七株式会社","東七株式会社","東七","東七","ﾄｳｼﾁ","ﾄｳｼﾁ","857-0134","42202102004","長崎県佐世保市瀬戸越４丁目１３１８－１　","0956-41-0777","","1","3","","","460","145","19000101","","19000101","42001"
"42002","04/15/2019 00:00:00","04/15/2025 00:00:00","0","itg04213","04/15/2019 13:41:24","PVU_EX_1400","itg04213","04/15/2019 13:41:24","PVU_EX_1400","（株）宮崎温仙堂商店","（株）宮崎温仙堂商店","宮崎温仙堂","宮崎温仙堂","KK ﾐﾔｻﾞｷ ｵﾝｾﾝﾄﾞｳ","ｵﾝｾﾝﾄﾞｳ","854-0014","42204062000","長崎県諫早市東小路町２－２８　","0957-22-3350","","1","3","","1","420","500","19000101","","19000101","42002"
"41001","04/15/2019 00:00:00","04/06/2022 00:00:00","0","itg04213","04/15/2019 13:43:23","PVU_EX_1400","itg04213","04/15/2019 13:43:23","PVU_EX_1400","（株）アステム佐賀営業部","（株）アステム佐賀営業部","アステム佐賀営業部","ＡＳ佐賀","KK ｱｽﾃﾑ ｻｶﾞｴｲｷﾞﾖｳﾌﾞ","ｱｽﾃﾑ ｻｶﾞ","845-0031","41208033000","佐賀県小城市三日月町堀江１７４１　","0952-72-8000","0952-72-1843","1","3","","1","320","150","19000101","","19000101","44001"
"04001","10/10/2019 00:00:00","04/14/2024 00:00:00","0","itg40916","10/10/2019 09:41:02","PVU_EX_1400","itg40916","10/10/2019 09:41:02","PVU_EX_1400","（株）バイタルネット宮城","（株）バイタルネット宮城","バイタルネット宮城","ＶＮ宮城","(ｶﾌﾞ)ﾊﾞｲﾀﾙﾈﾂﾄ ﾐﾔｷﾞ","VNﾐﾔｷﾞ","980-0805","04101015000","宮城県仙台市青葉区大手町１－１　","0000-00-0000","","1","3","","5","113","001","20010101","","20010101","04041"
"38010","10/10/2019 00:00:00","09/30/2025 00:00:00","0","itg40916","10/10/2019 11:17:59","PVU_EX_1400","itg40916","10/10/2019 11:17:59","PVU_EX_1400","（株）アスティス","（株）アスティス","アスティス","アスティス","KK ｱｽﾃｲｽ","KK ｱｽﾃｲｽ","792-0893","38205055000","愛媛県新居浜市多喜浜６７－１７３　","0897-46-2500","0897-46-0350","1","3","","1","004","045","20000401","","19911127","23049"
"34037","10/10/2019 00:00:00","12/31/9999 00:00:00","0","itg40916","10/10/2019 11:28:45","PVU_EX_1400","itg40916","10/10/2019 11:28:45","PVU_EX_1400","（株）Ｐａｌｔａｃ中国支社","（株）Ｐａｌｔａｃ中国支社","Ｐａｌｔａｃ中国支社","ＰＴ中国","KKﾊﾟﾙﾀﾂｸ ﾁﾕｳｺﾞｸｼｼﾔ","ﾊﾟﾙﾁﾕｳｺﾞｸ","733-0833","34104034005","広島県広島市西区商工センター５丁目２－３　","082-278-2727","085-277-2530","1","3","","","","","20060914","","20060914","34038"
"06007","04/15/2020 00:00:00","04/14/2024 00:00:00","0","itg35320","04/15/2020 11:55:27","PVU_EX_1400","itg35320","04/15/2020 11:55:27","PVU_EX_1400","（株）マルタケ山形","（株）マルタケ山形","マルタケ山形支店","マルタケ山","KK ﾏﾙﾀｹ ﾔﾏｶﾞﾀ","ﾏﾙﾀｹ ﾔﾏｶﾞﾀ","990-2323","06201112001","山形県山形市桜田東１丁目１－５７　","023-641-7666","","1","3","","","502","028","19000101","","19000101","15022"
"06014","04/15/2020 00:00:00","04/14/2024 00:00:00","0","itg35320","04/15/2020 11:57:31","PVU_EX_1400","itg35320","04/15/2020 11:57:31","PVU_EX_1400","（株）スズケン山形営業部","（株）スズケン山形営業部","スズケン山形営業部","Ｓ・山形","KKｽｽﾞｹﾝﾔﾏｶﾞﾀｴｲｷﾞﾖｳﾌﾞ","SZﾔﾏｶﾞﾀ","990-0071","06201324003","山形県山形市流通センター３丁目１３－４　","023-627-6711","023-634-0281","1","3","","1","254","","20011101","","20011029","23049"
"08095","04/15/2020 00:00:00","04/14/2024 00:00:00","0","itg35320","04/15/2020 13:04:44","PVU_EX_1400","itg35320","04/15/2020 13:04:44","PVU_EX_1400","東邦薬品（株）茨城営業部","東邦薬品（株）茨城営業部","東邦薬品茨城営業部","東邦茨城","ﾄｳﾎｳﾔｸﾋﾝｲﾊﾞﾗｷﾞｴｲｷﾞﾖｳ","ﾄｳﾎｳｲﾊﾞﾗｷﾞ","300-0051","08203083002","茨城県土浦市真鍋２丁目　真鍋２－２－２７","0298-22-0821","0298-22-0831","1","3","","1","203","","20131001","","20131001","13013"
"46005","04/15/2020 00:00:00","09/30/2025 00:00:00","0","itg35320","04/15/2020 14:25:49","PVU_EX_1400","itg35320","04/15/2020 14:25:49","PVU_EX_1400","（株）翔薬鹿児島営業部","（株）翔薬鹿児島営業部","翔薬鹿児島営業部","翔薬鹿児島","KK ｼﾖｳﾔｸ ｶｺﾞｼﾏ","ｼﾖｳﾔｸｶｺﾞｼﾏ","891-0123","46201018000","鹿児島県鹿児島市卸本町５－１９　","0000-00-0000","","1","3","","1","910","152","19000101","","19000101","40004"
"41002","04/22/2020 00:00:00","04/15/2025 00:00:00","0","itg19647","04/22/2020 08:30:54","PVU_EX_1400","itg19647","04/22/2020 08:30:54","PVU_EX_1400","（株）アトル西九州営業部","（株）アトル西九州営業部","アトル西九州営業部","アトル西九","KKｱﾄﾙ ﾆｼｷﾕｳｼﾕｳｴｲｷﾞﾖｳ","ｱﾄﾙ ﾆｼｷﾕｳ","840-0857","41201053104","佐賀県佐賀市鍋島町大字八戸３１４０　","0952-29-7161","0952-24-2621","1","3","","1","350","151","20161001","","20161001","28026"
"04020","10/01/2020 00:00:00","12/31/9999 00:00:00","0","itg04213","09/30/2020 14:30:24","PVU_EX_1400","itg04213","09/30/2020 14:30:24","PVU_EX_1400","小泉薬品（株）","小泉薬品（株）","小泉薬品","小泉","ｺｲｽﾞﾐ ﾔｸﾋﾝ","ｺｲｽﾞﾐ","984-0015","04103016001","宮城県仙台市若林区卸町１丁目３－４　－５","022-237-0371","","2","3","2","","013","013","19000101","20121121","19000101",""
"01048","10/09/2020 00:00:00","01/13/2021 00:00:00","0","itg04213","10/09/2020 13:06:43","PVU_EX_1400","itg04213","10/09/2020 13:06:43","PVU_EX_1400","（株）井田両国堂札幌店","（株）井田両国堂札幌店","（株）井田札幌","井田札幌","KKｲﾀﾞﾘﾖｳｺﾞｸﾄﾞｳ","ｻﾂﾎﾟﾛ","004-0055","01108010001","北海道札幌市厚別区厚別中央５条１丁目７－１　","011-890-1160","011-890-1165","3","3","","","","","20060901","","20060822","13803"
"04041","10/09/2020 00:00:00","04/04/2022 00:00:00","0","itg04213","10/09/2020 13:10:58","PVU_EX_1400","itg04213","10/09/2020 13:10:58","PVU_EX_1400","（株）バイタルネット","（株）バイタルネット","バイタルネット","バイタルＮ","ﾊﾞｲﾀﾙﾈﾂﾄKK","ﾊﾞｲﾀﾙﾈﾂﾄKK","980-0805","04101015000","宮城県仙台市青葉区大手町１－１　","0000-00-0000","","1","3","","","001","001","20010101","","20001214","04041"
"04890","10/09/2020 00:00:00","12/31/9999 00:00:00","0","itg04213","10/09/2020 13:14:15","PVU_EX_1400","itg04213","10/09/2020 13:14:15","PVU_EX_1400","アルフレッサヘルスケア（株）北海道東北支社","アルフレッサＨＣ北海道東北","アルフレッサＨＣ北東","アルフ東北","ｱﾙﾌﾚﾂｻﾍﾙｽｹﾎﾂｶｲﾄｳﾎｸ","ｱﾙﾌﾎﾂｶｲﾄﾞｳ","981-3133","04105005001","宮城県仙台市泉区泉中央１丁目２８－２２　","022-772-6383","022-772-6386","1","2","","","237","","20111001","","20111001","13012"
"14059","10/09/2020 00:00:00","12/31/9999 00:00:00","0","itg04213","10/09/2020 13:26:28","PVU_EX_1400","itg04213","10/09/2020 13:26:28","PVU_EX_1400","アルフレッサヘルスケア（株）神奈川甲信越支社","アルフレッサＨＣ神甲支社","アルフレッサＨＣ神甲","アルフ神甲","ｱﾙﾌﾚﾂｻﾍﾙｽｹｱｶﾅｺｳ","ｱﾙﾌｶﾅｺｳ","221-0801","14102020001","神奈川県横浜市神奈川区神大寺１丁目１２－１１　","045-413-2296","045-413-2295","1","2","","","","","20171001","","20171003","13012"
"34039","01/08/2021 00:00:00","01/13/2021 00:00:00","0","itg19647","01/08/2021 10:07:04","PVU_EX_1400","itg19647","01/08/2021 10:07:04","PVU_EX_1400","（株）井田両国堂　広島店","（株）井田両国堂　広島店","井田両国堂　広島店","井田　広島","KK ｲﾀﾞﾘﾖｳｺﾞｸﾄﾞｳ ﾋﾛｼﾏ","ｲﾀﾞ ﾋﾛｼﾏ","733-0036","34104013004","広島県広島市西区観音新町４丁目６－１６　ＭＦＬＰ広島１－２０３","082-503-3100","","3","3","","","","","20210108","","20210108","13803"
"27091","01/14/2021 00:00:00","12/31/9999 00:00:00","0","itg36186","01/14/2021 15:39:04","PVU_EX_1400","itg36186","01/14/2021 15:41:53","PVU_EX_1400","（株）井田両国堂　千里店","（株）井田両国堂　千里店","井田両国堂　千里店","井田　千里","ｲﾀﾞﾘﾖｳｺﾞｸﾄﾞｳ ｾﾝﾘ","ｲﾀﾞ ｾﾝﾘ","567-0057","27211095005","大阪府茨木市豊川５丁目５５５－１　佐川急便千里ＳＲＣ内　６階","072-643-4111","072-643-1444","3","3","","","","","20151111","","20151111","13803"
"04006","01/15/2021 00:00:00","12/31/9999 00:00:00","0","itg36186","01/15/2021 13:54:29","PVU_EX_1400","itg36186","01/15/2021 13:54:29","PVU_EX_1400","（株）井田両国堂　仙台店","（株）井田両国堂　仙台店","井田両国堂　仙台店","井田　仙台","ｲﾀﾞﾘﾖｳｺﾞｸﾄﾞｳ ｾﾝﾀﾞｲ","ｲﾀﾞ ｾﾝﾀﾞｲ","983-0013","04102044154","宮城県仙台市宮城野区中野字柳原２６－１７　仙台ナカノセンター内","022-388-8072","","3","3","","","","","20210115","","20210115","13803"
"47001","04/15/2019 00:00:00","04/14/2024 00:00:00","0","itg04213","04/15/2019 13:19:12","PVU_EX_1400","itg04213","04/15/2019 13:19:12","PVU_EX_1400","（株）スズケン沖縄薬品","（株）スズケン沖縄薬品","スズケン沖縄薬品","Ｓ沖縄薬品","KK ｽｽﾞｹﾝ ｵｷﾅﾜ","ｽｽﾞｹﾝ ｵｷﾅﾜ","901-1105","47350001000","沖縄県島尻郡南風原町字新川４３６－１　","098-835-6363","098-835-6767","1","3","","1","510","140","19000101","","19000101","23049"
"12037","04/15/2019 00:00:00","09/30/2025 00:00:00","0","itg04213","04/15/2019 13:27:24","PVU_EX_1400","itg04213","04/15/2019 13:27:24","PVU_EX_1400","（株）メディセオ千葉統括営業部","メディセオ千葉統括営業部","メディセオ千葉統括","ＭＣ千葉","ﾒﾃﾞｲｾｵ ﾁﾊﾞ ﾄｳｶﾂ","MCﾁﾊﾞ","260-0025","12101043000","千葉県千葉市中央区問屋町　","0000-00-0000","","1","3","","1","207","","20091001","","20090917","28026"
"27074","04/15/2019 00:00:00","04/14/2024 00:00:00","0","itg04213","04/15/2019 13:32:24","PVU_EX_1400","itg04213","04/15/2019 13:32:24","PVU_EX_1400","（株）メディセオ大阪・紀和統括営業部","メディセオ大阪・紀和統括","メディセオ大阪・紀和","ＭＣ大・紀","ﾒﾃﾞｲｾｵ ｵｵｻｶ･ｷﾜ ﾄｳｶﾂ","MCｵｵｻｶ･ｷﾜ","531-0071","27127036006","大阪府大阪市北区中津６丁目　","0000-00-0000","","1","3","","1","364","006","20091001","","20100928","28026"
"35019","10/10/2019 00:00:00","12/31/9999 00:00:00","0","itg40916","10/10/2019 11:29:36","PVU_EX_1400","itg40916","10/10/2019 11:29:36","PVU_EX_1400","（株）リードＨＣ中国営業部","（株）リードＨＣ中国営業部","リードＨＣ中国営業部","ＲＨＣ中国","ﾘ-ﾄﾞﾍﾙｽｹｱﾁﾕｳｺﾞｸ","RHCﾁﾕｳｺﾞｸ","731-3167","34105039006","広島県広島市安佐南区大塚西６丁目７－１３　","082-849-6377","082-848-9326","1","3","","","025","041","20100617","","20100617","40059"
"07022","04/15/2020 00:00:00","04/15/2025 00:00:00","0","itg35320","04/15/2020 13:15:56","PVU_EX_1400","itg35320","04/15/2020 13:15:56","PVU_EX_1400","（株）バイタルネット福島","（株）バイタルネット福島","バイタルネット福島","ＶＮ福島","(ｶﾌﾞ)ﾊﾞｲﾀﾙﾈﾂﾄ ﾌｸｼﾏ","VNﾌｸｼﾏ","960-0000","07201000000","福島県福島市　","0000-00-0000","","1","3","","5","116","001","20010101","","19990610","04041"
"09012","04/15/2020 00:00:00","04/14/2024 00:00:00","0","itg35320","04/15/2020 13:19:56","PVU_EX_1400","itg35320","04/15/2020 13:19:56","PVU_EX_1400","（株）バイタルネット栃木","（株）バイタルネット栃木","バイタルネット栃木","ＶＮ栃木","(ｶﾌﾞ)ﾊﾞｲﾀﾙﾈﾂﾄ ﾄﾁｷﾞ","ﾊﾞｲﾀﾙﾈﾂﾄﾄﾁ","321-0923","09201082000","栃木県宇都宮市下栗町６９９－４７　","028-689-0161","","1","3","","5","104","","19000101","","19000101","04041"
"10022","10/09/2020 00:00:00","12/31/9999 00:00:00","0","itg04213","10/09/2020 13:15:48","PVU_EX_1400","itg04213","10/09/2020 13:15:48","PVU_EX_1400","（株）ＰＡＬＴＡＣ東京支社　第二営業部","（株）ＰＡＬＴＡＣ東京第二","ＰＡＬＴＡＣ東京第二","ＰＴ東京二","KK ﾊﾟﾙﾀﾂｸﾄｳｷﾖｳﾀﾞｲﾆ","ﾊﾟﾙﾄｳｷﾖｳﾆ","115-0044","13117005001","東京都北区赤羽南１丁目２０－１　","03-6367-7904","03-6367-7924","1","3","","","","","20060922","","20060922","10023"
"14053","10/09/2020 00:00:00","12/31/9999 00:00:00","0","itg04213","10/09/2020 13:25:58","PVU_EX_1400","itg04213","10/09/2020 13:25:58","PVU_EX_1400","（株）Ｐａｌｔａｃ横浜支社","（株）Ｐａｌｔａｃ横浜支社","Ｐａｌｔａｃ横浜支社","ＰＴ横浜","KK.ﾊﾟﾙﾀﾂｸﾖｺﾊﾏｼｼﾔ","KK.ﾊﾟﾙﾖｺﾊﾏ","252-0012","14216015002","神奈川県座間市広野台２丁目１０－１１　","046-252-2203","046-252-2211","1","3","","","","","19981001","","20060922","14053"
"23525","01/14/2021 00:00:00","12/31/9999 00:00:00","0","itg36186","01/14/2021 15:43:58","PVU_EX_1400","itg36186","01/14/2021 15:54:19","PVU_EX_1400","（株）井田両国堂　名古屋","（株）井田両国堂　名古屋","井田両国堂　名古屋","井田名古屋","ｲﾀﾞﾘﾖｳｺﾞｸﾄﾞｳ ﾅｺﾞﾔ","ｲﾀﾞ ﾅｺﾞﾔ","465-0045","23115056000","愛知県名古屋市名東区姫若町４０　佐川急便名東ＳＲＣ３Ｆ","052-705-6422","","3","3","","","","","19000101","","19000101","13803"
"34039","01/14/2021 00:00:00","12/31/9999 00:00:00","0","itg36186","01/14/2021 15:45:51","PVU_EX_1400","itg36186","01/14/2021 15:45:51","PVU_EX_1400","（株）井田両国堂　広島店","（株）井田両国堂　広島店","井田両国堂　広島店","井田　広島","ｲﾀﾞﾘﾖｳｺﾞｸﾄﾞｳ ﾋﾛｼﾏ","ｲﾀﾞ ﾋﾛｼﾏ","733-0036","34104013004","広島県広島市西区観音新町４丁目６－１６　ＭＦＬＰ広島１－２０３","082-503-3100","","3","3","","","","","20210108","","20210108","13803"
"40054","01/14/2021 00:00:00","12/31/9999 00:00:00","0","itg36186","01/14/2021 15:47:20","PVU_EX_1400","itg36186","01/14/2021 15:48:38","PVU_EX_1400","（株）井田両国堂　福岡店","（株）井田両国堂　福岡店","井田両国堂　福岡店","井田　福岡","ｲﾀﾞﾘﾖｳｺﾞｸﾄﾞｳ ﾌｸｵｶ","ｲﾀﾞ ﾌｸｵｶ","811-2315","40349018004","福岡県糟屋郡粕屋町甲仲原４丁目４－１　佐川急便ロジ３Ｆ","092-931-7272","092-931-7273","3","3","","","","","19970401","","19970326","13803"
"40080","04/07/2021 00:00:00","12/31/9999 00:00:00","0","itg36186","04/07/2021 13:55:56","PVU_EX_1400","itg36186","04/07/2021 13:55:56","PVU_EX_1400","（株）リードヘルスケア広域営業部","株）リードヘルスケア広域営","リードＨＣ広域営業部","ＲＨＣ広営","KK ﾘ-ﾄﾞﾍﾙｽｹｱｺｳｲｷｴｲｷﾞ","ﾘｰﾄﾞｺｳｲｷｴｲ","800-0215","40107018000","福岡県北九州市小倉南区上曽根新町１３－１　","093-473-0321","093-475-0250","1","3","","","","103","19910401","","20050406","40059"
"01020","04/05/2022 00:00:00","12/31/9999 00:00:00","0","itg19647","04/05/2022 15:50:06","PVU_EX_1400","itg19647","04/05/2022 15:50:06","PVU_EX_1400","（株）ほくやく","（株）ほくやく","（株）ほくやく","ほくやく","KK ﾎｸﾔｸ","ﾎｸﾔｸ","060-0006","01101014016","北海道札幌市中央区北６条西１６丁目１－５　","011-611-1059","011-631-5125","1","3","","1","004","006","19990401","","19910304","01020"
"04041","04/05/2022 00:00:00","09/30/2025 00:00:00","0","itg19647","04/05/2022 15:56:50","PVU_EX_1400","itg19647","04/05/2022 15:56:50","PVU_EX_1400","（株）バイタルネット","（株）バイタルネット","（株）バイタルネット","バイタルＮ","ﾊﾞｲﾀﾙﾈﾂﾄKK","ﾊﾞｲﾀﾙﾈﾂﾄKK","980-0805","04101015000","宮城県仙台市青葉区大手町１－１　","0000-00-0000","","1","3","","","001","001","20010101","","20001214","04041"
"13160","04/05/2022 00:00:00","04/14/2024 00:00:00","0","itg19647","04/05/2022 16:05:04","PVU_EX_1400","itg19647","04/05/2022 16:05:04","PVU_EX_1400","（株）メディセオ","（株）メディセオ","（株）メディセオ","ＭＣ","ﾒﾃﾞｲｾｵ","ﾒﾃﾞｲｾｵ","135-0031","13108014002","東京都江東区佐賀２丁目　","0000-00-0000","","1","3","","1","201","","20091001","","20090917","28026"
"42009","04/05/2022 00:00:00","04/15/2025 00:00:00","0","itg19647","04/05/2022 16:07:44","PVU_EX_1400","itg19647","04/05/2022 16:07:44","PVU_EX_1400","藤村薬品（株）","藤村薬品（株）","藤村薬品（株）","藤村薬品","ﾌｼﾞﾑﾗ ﾔｸﾋﾝ KK","ﾌｼﾞﾑﾗ ﾔｸﾋﾝ","851-0134","42201163000","長崎県長崎市田中町２０２２　","0958-37-8331","","1","3","","1","430","047","19000101","","19000101","44001"
"28026","04/05/2022 00:00:00","12/31/9999 00:00:00","0","itg19647","04/05/2022 16:13:12","PVU_EX_1400","itg19647","04/05/2022 16:13:12","PVU_EX_1400","メディパルＨＤ","メディパルＨＤ","メディパルＨＤ","ＭＣ","KK ﾒﾃﾞｲｾｵ","ﾒﾃﾞｲｾｵ","650-0003","28110073002","兵庫県神戸市中央区山本通２丁目１４－１　買掛管理Ｇ","078-230-5208","078-230-5782","1","3","","","381","007","20000401","","20000323","28026"
"40024","04/06/2022 00:00:00","10/15/2024 00:00:00","0","itg36186","04/06/2022 16:26:34","PVU_EX_1400","itg36186","04/06/2022 16:26:34","PVU_EX_1400","（株）アステムＤＸ営業部","（株）アステムＤＸ営業部","アステムＤＸ営業部","ＡＳＤＸ","KK ｱｽﾃﾑDXｴｲｷﾞﾖｳﾌﾞ","ASDX","812-0000","40132000000","福岡県福岡市博多区　","","","1","3","","1","","","20220406","","20220406","44001"
"41001","04/07/2022 00:00:00","04/15/2025 00:00:00","0","itg36186","04/07/2022 07:38:25","PVU_EX_1400","itg36186","04/07/2022 07:38:25","PVU_EX_1400","（株）アステム佐賀筑後営業部","（株）アステム佐賀筑後営","アステム佐賀筑後営","ＡＳ佐筑","KK ｱｽﾃﾑ ｻｶﾞﾁｸｺﾞ","ASｻｶﾞﾁｸｺﾞ","845-0031","41208033000","佐賀県小城市三日月町堀江１７４１　","0952-72-8000","0952-72-1843","1","3","","1","320","150","19000101","","19000101","44001"
"13149","04/25/2022 00:00:00","04/14/2024 00:00:00","0","itg19647","04/25/2022 13:06:36","PVU_EX_1400","itg19647","04/25/2022 13:06:36","PVU_EX_1400","アルフレッサ（株）","アルフレッサ（株）","アルフレッサ（株）","アルフレッ","ｱﾙﾌﾚﾂｻ KK","ｱﾙﾌﾚﾂｻ KK","101-0053","13101034000","東京都千代田区神田美土代町７　住友不動産神田ビル１４階","0000-00-0000","","1","1","","","202","","20041001","","20040902","13149"
"13002","04/25/2022 00:00:00","12/31/9999 00:00:00","0","itg19647","04/25/2022 15:53:45","PVU_EX_1400","itg19647","04/25/2022 15:53:45","PVU_EX_1400","ＥＡファーマの代理店","ＥＡファーマの代理店","ＥＡファーマの代理店","ＥＡ代理店","EAﾌｧｰﾏﾉﾀﾞｲﾘﾃﾝ","EAﾉﾀﾞｲﾘﾃﾝ","104-0042","13102002002","東京都中央区入船２丁目１－１　","","","9","3","","","","","20220425","","20220425",""
"40002","10/06/2022 00:00:00","04/14/2024 00:00:00","0","itg19647","10/06/2022 14:02:04","PVU_EX_1400","itg19647","10/06/2022 14:02:04","PVU_EX_1400","（株）アトル福岡病院営業部","（株）アトル福岡病院営業部","アトル福岡病院","アトル福病","KK ｱﾄﾙ ﾌｸｵｶﾋﾞﾖｳｲﾝ","ｱﾄﾙﾌｸｵｶﾋﾞﾖ","812-0897","40132061002","福岡県福岡市博多区半道橋２丁目２－５１　","","","1","3","","1","","","20221001","","20221006","28026"
"47010","10/12/2022 00:00:00","04/14/2024 00:00:00","0","itg39895","10/12/2022 09:40:58","PVU_EX_1400","itg39895","10/12/2022 09:40:58","PVU_EX_1400","（株）アトル琉球営業部","（株）アトル琉球営業部","アトル琉球営業部","アトル琉球","KK ｱﾄﾙ ﾘﾕｳｷﾕｳ","ｱﾄﾙ ﾘﾕｳｷﾕｳ","901-1304","47348004000","沖縄県島尻郡与那原町字東浜８２－１　","098-882-8811","098-882-8821","1","3","","","940","143","20081201","","20081127","28026"
"23003","04/10/2023 00:00:00","09/30/2025 00:00:00","0","itg45886","04/10/2023 11:00:12","PVU_EX_1400","itg45886","04/10/2023 11:00:12","PVU_EX_1400","（株）スズケン病院統轄部","（株）スズケン病院統轄部","スズケン病院統轄部","Ｓ病院統轄","KK ｽｽﾞｹﾝ ﾋﾞｮｳｲﾝﾄｳｶﾂﾌ","ﾋﾞｮｳｲﾝﾄｳｶﾂ","461-0015","23102032000","愛知県名古屋市東区東片端町８　","052-954-2672","","1","1","","1","","","20230410","","20230410","23049"
"12033","01/01/2000 00:00:00","10/31/2016 00:00:00","0","ecl04321","03/29/2018 18:50:00","803001","ecl04321","03/29/2018 18:50:00","803001","（株）Ｐａｌｔａｃ東京支１","（株）Ｐａｌｔａｃ東京支１","Ｐａｌｔａｃ東京１","ＰＴ東京","ﾊﾟﾙﾀﾂｸﾄｳｷﾖｳｼｼﾔ","ﾊﾟﾙﾄｳｷﾖ","279-0032","12227007000","千葉県浦安市千鳥","047-305-7211","047-305-7212","1","3","","","","","20030916","","20030924","12035"
"12033","11/01/2016 00:00:00","10/08/2020 00:00:00","0","ecl05317","03/29/2018 18:50:00","803001","ecl05317","03/29/2018 18:50:00","803001","（株）ＰＡＬＴＡＣ東京支社　第一営業部","（株）ＰＡＬＴＡＣ東京第一","ＰＡＬＴＡＣ東京第一","ＰＴ東京一","ﾊﾟﾙﾀﾂｸﾄｳｷﾖｳﾀﾞｲｲﾁ","ﾊﾟﾙﾄｳｷﾖｳｲﾁ","115-0044","13117005001","東京都北区赤羽南１丁目２０番１号","03-6367-7904","03-6367-7924","1","3","","","","","20030916","","20030924","12035"
"12037","01/01/2000 00:00:00","03/31/2013 00:00:00","0","ecld0918","03/29/2018 18:50:00","803001","ecld0918","03/29/2018 18:50:00","803001","メディセオ千葉統括営業部","メディセオ千葉統括営業部","メディセオ千葉統括","ＭＣ千葉","ﾒﾃﾞｲｾｵ ﾁﾊﾞ ﾄｳｶﾂ","MCﾁﾊﾞ","260-0025","12101043000","千葉県千葉市中央区問屋町","0000-00-0000","","1","3","","5","207","","20091001","","20090917","28026"
"12037","04/01/2013 00:00:00","03/31/2016 00:00:00","0","ips00015","03/29/2018 18:50:00","803001","ips00015","03/29/2018 18:50:00","803001","メディセオ千葉統括営業部","メディセオ千葉統括営業部","メディセオ千葉統括","ＭＣ千葉","ﾒﾃﾞｲｾｵ ﾁﾊﾞ ﾄｳｶﾂ","MCﾁﾊﾞ","260-0025","12101043000","千葉県千葉市中央区問屋町","0000-00-0000","","1","3","","1","207","","20091001","","20090917","28026"
"12037","04/01/2016 00:00:00","04/14/2019 00:00:00","0","ips00023","03/29/2018 18:50:00","803001","ips00023","03/29/2018 18:50:00","803001","（株）メディセオ千葉統括営業部","メディセオ千葉統括営業部","メディセオ千葉統括","ＭＣ千葉","ﾒﾃﾞｲｾｵ ﾁﾊﾞ ﾄｳｶﾂ","MCﾁﾊﾞ","260-0025","12101043000","千葉県千葉市中央区問屋町","0000-00-0000","","1","3","","1","207","","20091001","","20090917","28026"
"12888","01/01/2000 00:00:00","12/31/9999 00:00:00","0","ecl04742","03/29/2018 18:50:00","803001","ecl04742","03/29/2018 18:50:00","803001","千葉の代理店","千葉の代理店","千葉の代理店","千・代理店","ﾁﾊﾞ ﾉ ﾀﾞｲﾘﾃﾝ","ﾁﾊﾞ","","00000000000","","0000-00-0000","","9","3","","","","","19000101","","19000101",""
"12889","01/01/2000 00:00:00","12/31/9999 00:00:00","0","ecl04742","03/29/2018 18:50:00","803001","ecl04742","03/29/2018 18:50:00","803001","千葉の代理店","千葉の代理店","千葉の代理店","千・代理店","ﾁﾊﾞﾉ ﾀﾞｲﾘﾃﾝ","ﾁﾊﾞ","","00000000000","","0000-00-0000","","9","3","","","","","19000101","","19000101",""
"13003","01/01/2000 00:00:00","04/19/2018 00:00:00","0","ecld0918","03/29/2018 18:50:00","803001","ecld0918","03/29/2018 18:50:00","803001","イワキ株式会社","イワキ株式会社","イワキ","イワキ","ｲﾜｷ KK","ｲﾜｷ","114-0003","13117023007","東京都北区豊島７丁目７－３０－１７","0000-00-0000","","1","2","","","236","003","19000101","","19000101","13003"
"13010","01/01/2000 00:00:00","04/14/2020 00:00:00","0","ecld0918","03/29/2018 18:50:00","803001","ecld0918","03/29/2018 18:50:00","803001","酒井薬品（株）","酒井薬品（株）","酒井薬品","酒井","ｻｶｲ ﾔｸﾋﾝ KK","ｻｶｲ","181-0014","13204010001","東京都三鷹市野崎１丁目１１－２２","0000-00-0000","","1","1","","1","205","022","19000101","","19000101","13013"
"13012","01/01/2000 00:00:00","09/30/2011 00:00:00","0","ecl06595","03/29/2018 18:50:00","803001","ecl06595","03/29/2018 18:50:00","803001","丹平中田（株）","丹平中田（株）","丹平中田","丹平中田","ﾀﾝﾍﾟｲ ﾅｶﾀ KK","ﾀﾝﾍﾟｲ ﾅｶﾀ","103-0023","13102029003","東京都中央区日本橋本町３丁目１１番５号　マルサンビル","0000-00-0000","","1","2","","","237","","19000101","","19000101","13012"
"13012","10/01/2011 00:00:00","10/08/2020 00:00:00","0","ecl05317","03/29/2018 18:50:00","803001","ecl05317","03/29/2018 18:50:00","803001","アルフレッサヘルスケア（株）","アルフレッサヘルスケア（株","アルフレッサヘルスケ","アルフＨＣ","ｱﾙﾌﾚﾂｻﾍﾙｽｹｱ","ｱﾙﾌﾚﾂｻHC","103-0023","13102029003","東京都中央区日本橋本町３丁目１１番５号　マルサンビル","03-3639-6286","","1","2","","","237","","19000101","","19000101","13012"
"13013","01/01/2000 00:00:00","03/31/2016 00:00:00","0","ecld0918","03/29/2018 18:50:00","803001","ecld0918","03/29/2018 18:50:00","803001","東邦薬品（株）","東邦薬品（株）","東邦薬品","東邦","ﾄｳﾎｳ ﾔｸﾋﾝ KK","ﾄｳﾎｳ","155-0032","13112038005","東京都世田谷区代沢５丁目２－１財務経理部買掛チーム","0000-00-0000","","1","1","","1","206","024","19000101","","19000101","13013"
"13013","04/01/2016 00:00:00","04/30/2016 00:00:00","0","ecl07585","03/29/2018 18:50:00","803001","ecl07585","03/29/2018 18:50:00","803001","東邦薬品（株）","東邦薬品（株）","東邦薬品","東邦東京","ﾄｳﾎｳ ﾔｸﾋﾝ KK","ﾄｳﾎｳ","155-0032","13112038005","東京都世田谷区代沢５丁目２－１財務経理部買掛チーム","0000-00-0000","","1","1","","1","206","024","19000101","","19000101","13013"
"13013","05/01/2016 00:00:00","04/14/2019 00:00:00","0","ecl07585","03/29/2018 18:50:00","803001","ecl07585","03/29/2018 18:50:00","803001","東邦薬品（株）","東邦薬品（株）","東邦薬品","東邦","ﾄｳﾎｳ ﾔｸﾋﾝ KK","ﾄｳﾎｳ","155-0032","13112038005","東京都世田谷区代沢５丁目２－１財務経理部買掛チーム","0000-00-0000","","1","1","","1","206","024","19000101","","19000101","13013"
"13017","01/01/2000 00:00:00","02/28/2013 00:00:00","0","ecld0918","03/29/2018 18:50:00","803001","ecld0918","03/29/2018 18:50:00","803001","アルフレッサ東京","アルフレッサ東京","アルフレッサ東京","ＡＬ東京","ｱﾙﾌﾚﾂｻﾄｳｷﾖｳ","AL ﾄｳｷﾖｳ","101-0047","13101004001","東京都千代田区内神田１丁目１２－１","0000-00-0000","","1","1","","5","202","","19000101","","19000101","13149"
"13017","03/01/2013 00:00:00","03/31/2016 00:00:00","0","ips00025","03/29/2018 18:50:00","803001","ips00025","03/29/2018 18:50:00","803001","アルフレッサ東京","アルフレッサ東京","アルフレッサ東京","ＡＦ東京","ｱﾙﾌﾚﾂｻﾄｳｷﾖｳ","AF ﾄｳｷﾖｳ","101-0047","13101004001","東京都千代田区内神田１丁目１２－１","0000-00-0000","","1","1","","5","202","","19000101","","19000101","13149"
"13017","04/01/2016 00:00:00","04/23/2018 00:00:00","0","ips00023","03/29/2018 18:50:00","803001","ips00023","03/29/2018 18:50:00","803001","アルフレッサ（株）東京","アルフレッサ（株）東京","アルフレッサ東京","ＡＦ東京","ｱﾙﾌﾚﾂｻﾄｳｷﾖｳ","AF ﾄｳｷﾖｳ","101-0047","13101004001","東京都千代田区内神田１丁目１２－１","0000-00-0000","","1","1","","5","202","","19000101","","19000101","13149"
"13038","01/01/2000 00:00:00","10/08/2020 00:00:00","0","ecl04321","03/29/2018 18:50:00","803001","ecl04321","03/29/2018 18:50:00","803001","森川産業株式会社","森川産業株式会社","森川産業","森川産業","ﾓﾘｶﾜｻﾝｷﾞﾖｳ KK","ﾓﾘｶﾜｻﾝｷﾞﾖｳ","101-0032","13101003002","東京都千代田区岩本町２丁目１番１６号","03-3866-8236","03-3864-4318","3","3","","","","","19900801","","19900718","13038"
"13049","01/01/2000 00:00:00","03/31/2017 00:00:00","0","ecl07868","03/29/2018 18:50:00","803001","ecl07868","03/29/2018 18:50:00","803001","エーディア株式会社","エーディア株式会社","エーディア（株）","エーディア","ｴ-ﾃﾞｲｱ ｶﾌﾞｼｷｶｲｼﾔ","ｴ-ﾃﾞｲｱ","101-0032","13101003001","東京都千代田区岩本町１丁目１０－６　ＴＭＭビル","03-3851-3271","03-3864-5644","1","3","","","001","","19910301","","19910227",""
"13049","04/01/2017 00:00:00","12/31/9999 00:00:00","0","ecl07868","03/29/2018 18:50:00","803001","ecl07868","03/29/2018 18:50:00","803001","積水メディカル株式会社","積水メディカル株式会社","積水メディカル（株）","積水メディ","ｾｷｽｲﾒﾃﾞｲｶﾙｶﾌﾞｼｷｶｲｼﾔ","ｾｷｽｲ","103-0027","13102012002","東京都中央区日本橋２丁目１－３　アーバンネット日本橋ビル","03-3272-0689","","1","3","","","001","","19910301","","19910227",""
"13078","01/01/2000 00:00:00","09/30/2011 00:00:00","0","ecld0918","03/29/2018 18:50:00","803001","ecld0918","03/29/2018 18:50:00","803001","（株）バイタルネット・東京","（株）バイタルネット・東京","バイタルネット・東京","バイタル東","(ｶﾌﾞ)ﾊﾞｲﾀﾙﾈﾂﾄ･ﾄｳｷﾖｳ","ﾊﾞｲﾀﾙﾈﾂﾄﾄｳ","154-0016","13112046001","東京都世田谷区弦巻１丁目１－１２","0000-00-0000","","1","3","","1","233","","20010101","","19980603","04041"
"13078","10/01/2011 00:00:00","03/31/2013 00:00:00","0","ecl07868","03/29/2018 18:50:00","803001","ecl07868","03/29/2018 18:50:00","803001","バイタルネット東京営業部","バイタルネット東京営業部","バイタルネット東京","バイタル東","ﾊﾞｲﾀﾙﾈﾂﾄ ﾄｳｷﾖｳ","ﾊﾞｲﾀﾙﾈﾂﾄﾄｳ","154-0016","13112046001","東京都世田谷区弦巻１丁目１－１２","0000-00-0000","","1","3","","1","233","","20010101","","19980603","04041"
"13078","04/01/2013 00:00:00","03/31/2016 00:00:00","0","ips00015","03/29/2018 18:50:00","803001","ips00015","03/29/2018 18:50:00","803001","バイタルネット東京営業部","バイタルネット東京営業部","バイタルネット東京","バイタル東","ﾊﾞｲﾀﾙﾈﾂﾄ ﾄｳｷﾖｳ","ﾊﾞｲﾀﾙﾈﾂﾄﾄｳ","154-0016","13112046001","東京都世田谷区弦巻１丁目１－１２","0000-00-0000","","1","3","","5","233","","20010101","","19980603","04041"
"13078","04/01/2016 00:00:00","04/19/2018 00:00:00","0","ips00023","03/29/2018 18:50:00","803001","ips00023","03/29/2018 18:50:00","803001","（株）バイタルネット東京","（株）バイタルネット東京","バイタルネット東京","ＶＮ東京","ﾊﾞｲﾀﾙﾈﾂﾄ ﾄｳｷﾖｳ","ﾊﾞｲﾀﾙﾈﾂﾄﾄｳ","154-0016","13112046001","東京都世田谷区弦巻１丁目１－１２","03-5433-4511","","1","3","","5","233","","20010101","","19980603","04041"
"13093","01/01/2000 00:00:00","12/31/9999 00:00:00","0","ecl04904","03/29/2018 18:50:00","803001","ecl04904","03/29/2018 18:50:00","803001","中央物産株式会社","中央物産株式会社","中央物産（株）","中央物産","ﾁﾕｳｵｳﾌﾞﾂｻﾝKK","ﾁﾕｳｵｳﾌﾞﾂｻﾝ","107-0062","13103026002","東京都港区南青山２丁目２－３　買掛管理グループ","03-3796-5082","03-3401-0493","3","3","","","","","19991001","","19990924","13093"
"13099","01/01/2000 00:00:00","03/31/2016 00:00:00","0","ecl05573","03/29/2018 18:50:00","803001","ecl05573","03/29/2018 18:50:00","803001","（株）マルタケ東京支店","（株）マルタケ東京支店","（株）マルタケ東京支","マルタケ東","KK ﾏﾙﾀｹ ﾄｳｷﾖｳｼﾃﾝ","ﾏﾙﾀｹ ﾄｳｷﾖｳ","104-0033","13102006002","東京都中央区新川２丁目２２－１　能登ビル","03-3297-8611","03-3297-8601","1","3","","","230","028","19000101","","19000101","15022"
"13099","04/01/2016 00:00:00","04/14/2024 00:00:00","0","ips00023","03/29/2018 18:50:00","803001","ips00023","03/29/2018 18:50:00","803001","（株）マルタケ東京","（株）マルタケ東京","マルタケ東京支店","マルタケ東","KK ﾏﾙﾀｹ ﾄｳｷﾖｳｼﾃﾝ","ﾏﾙﾀｹ ﾄｳｷﾖｳ","104-0033","13102006002","東京都中央区新川２丁目２２－１　能登ビル","03-3297-8611","03-3297-8601","1","3","","","230","028","19000101","","19000101","15022"
"13149","01/01/2000 00:00:00","04/23/2018 00:00:00","0","ecld0918","03/29/2018 18:50:00","803001","ecld0918","03/29/2018 18:50:00","803001","アルフレッサ（株）","アルフレッサ（株）","アルフレッサ（株）","アルフレッ","ｱﾙﾌﾚﾂｻ KK","ｱﾙﾌﾚﾂｻ KK","101-0053","13101034000","東京都千代田区神田美土代町７番地住友不動産神田ビル１４階","0000-00-0000","","1","1","","","202","","20041001","","20040902","13149"
"13153","01/01/2000 00:00:00","10/31/2012 00:00:00","0","ecl04321","03/29/2018 18:50:00","803001","ecl04321","03/29/2018 18:50:00","803001","シ－エス薬品（株）関東営業","シ－エス薬品（株）関東営業","シーエス関東営業部","ＣＳ関東営","ｼ-ｴｽｶﾝﾄｳｴｲｷﾞﾖｳ","ｼ-ｴｽｶﾝﾄｳ","125-0061","13122007005","東京都葛飾区亀有５丁目１４－１","0000-00-0000","","1","3","","","238","","20050627","","20050627",""
"13153","11/01/2012 00:00:00","02/07/2019 00:00:00","0","ecl04321","03/29/2018 18:50:00","803001","ecl04321","03/29/2018 18:50:00","803001","シ－エス薬品（株）関東営業","シ－エス薬品（株）関東営業","シーエス関東営業部","ＣＳ関東営","ｼ-ｴｽｶﾝﾄｳｴｲｷﾞﾖｳ","ｼ-ｴｽｶﾝﾄｳ","125-0061","13122007005","東京都葛飾区亀有５丁目１４－１","03-3817-3967","","1","3","","","238","","20050627","","20050627",""
"13157","01/01/2000 00:00:00","10/08/2020 00:00:00","0","ecl04321","03/29/2018 18:50:00","803001","ecl04321","03/29/2018 18:50:00","803001","株式会社　大木","株式会社　大木","（株）大木","大木","KK ｵｵｷ","ｵｵｷ","112-0013","13105002002","東京都文京区音羽２丁目１ー４","0000-00-0000","","1","2","","","234","001","20080808","","20080808","13157"
"13160","01/01/2000 00:00:00","03/31/2013 00:00:00","0","ecl07708","03/29/2018 18:50:00","803001","ecl07708","03/29/2018 18:50:00","803001","メディセオ","メディセオ","メディセオ","ＭＣ東京","ﾒﾃﾞｲｾｵ","ﾒﾃﾞｲｾｵ","135-0031","13108014002","東京都江東区佐賀２丁目","0000-00-0000","","1","3","","5","201","","20091001","","20090917","28026"
"13160","04/01/2013 00:00:00","03/31/2016 00:00:00","0","ips00015","03/29/2018 18:50:00","803001","ips00015","03/29/2018 18:50:00","803001","メディセオ","メディセオ","メディセオ","ＭＣ東京","ﾒﾃﾞｲｾｵ","ﾒﾃﾞｲｾｵ","135-0031","13108014002","東京都江東区佐賀２丁目","0000-00-0000","","1","3","","1","201","","20091001","","20090917","28026"
"13160","04/01/2016 00:00:00","04/19/2018 00:00:00","0","ecl07585","03/29/2018 18:50:00","803001","ecl07585","03/29/2018 18:50:00","803001","（株）メディセオ","メディセオ","メディセオ","ＭＣ","ﾒﾃﾞｲｾｵ","ﾒﾃﾞｲｾｵ","135-0031","13108014002","東京都江東区佐賀２丁目","0000-00-0000","","1","3","","1","201","","20091001","","20090917","28026"
"13161","01/01/2000 00:00:00","03/31/2016 00:00:00","0","ecl04291","03/29/2018 18:50:00","803001","ecl04291","03/29/2018 18:50:00","803001","メディセオ　試薬","メディセオ　試薬","メディセオ　試薬","ＭＣ試薬","ﾒﾃﾞｲｾｵ ｼﾔｸ","MCｼﾔｸ","101-0021","13101044003","東京都千代田区外神田３丁目","0000-00-0000","","1","3","","","","","20091001","","20090917","28026"
"13161","04/01/2016 00:00:00","04/19/2018 00:00:00","0","ips00023","03/29/2018 18:50:00","803001","ips00023","03/29/2018 18:50:00","803001","（株）メディセオ試薬","（株）メディセオ試薬","メディセオ試薬","ＭＣ試薬","ﾒﾃﾞｲｾｵ ｼﾔｸ","MCｼﾔｸ","101-0021","13101044003","東京都千代田区外神田３丁目","0000-00-0000","","1","3","","","","","20091001","","20090917","28026"
"13162","01/01/2000 00:00:00","03/31/2013 00:00:00","0","ecld0918","03/29/2018 18:50:00","803001","ecld0918","03/29/2018 18:50:00","803001","メディセオ　首都圏Ｇ","メディセオ　首都圏Ｇ","メディセオ　首都圏Ｇ","ＭＣ首都圏","ﾒﾃﾞｲｾｵ ｼﾕﾄｹﾝｸﾞﾙ-ﾌﾟ","MCｼﾕﾄｹﾝ","101-0021","13101044003","東京都千代田区外神田３丁目３―３―６","0000-00-0000","","1","3","","5","","","20091001","","20091001","28026"
"13162","04/01/2013 00:00:00","03/31/2016 00:00:00","0","ips00015","03/29/2018 18:50:00","803001","ips00015","03/29/2018 18:50:00","803001","メディセオ　首都圏Ｇ","メディセオ　首都圏Ｇ","メディセオ　首都圏Ｇ","ＭＣ首都圏","ﾒﾃﾞｲｾｵ ｼﾕﾄｹﾝｸﾞﾙ-ﾌﾟ","MCｼﾕﾄｹﾝ","101-0021","13101044003","東京都千代田区外神田３丁目３―３―６","0000-00-0000","","1","3","","1","","","20091001","","20091001","28026"
"13162","04/01/2016 00:00:00","04/19/2018 00:00:00","0","ips00023","03/29/2018 18:50:00","803001","ips00023","03/29/2018 18:50:00","803001","（株）メディセオ首都圏","（株）メディセオ首都圏","メディセオ首都圏","ＭＣ首都圏","ﾒﾃﾞｲｾｵ ｼﾕﾄｹﾝｸﾞﾙ-ﾌﾟ","MCｼﾕﾄｹﾝ","101-0021","13101044003","東京都千代田区外神田３丁目３―３―６","0000-00-0000","","1","3","","1","","","20091001","","20091001","28026"
"13163","01/01/2000 00:00:00","03/31/2016 00:00:00","0","ecl02796","03/29/2018 18:50:00","803001","ecl02796","03/29/2018 18:50:00","803001","スズケン　東京中央営業部","スズケン　東京中央営業部","スズケン　東京中央","Ｓ東京中央","ｽｽﾞｹﾝ ﾄｳｷﾖｳﾁﾕｳｵｳ","ｽｽﾞｹﾝﾄｳﾁﾕｳ","101-0026","13101017000","東京都千代田区神田佐久間河岸５９","0000-00-0000","","1","1","","1","203","","20101101","","20101012","23049"
"13163","04/01/2016 00:00:00","04/14/2019 00:00:00","0","ips00023","03/29/2018 18:50:00","803001","ips00023","03/29/2018 18:50:00","803001","（株）スズケン東京中央営業部","スズケン東京中央営業部","スズケン東京中央","Ｓ東京中央","ｽｽﾞｹﾝ ﾄｳｷﾖｳﾁﾕｳｵｳ","ｽｽﾞｹﾝﾄｳﾁﾕｳ","101-0026","13101017000","東京都千代田区神田佐久間河岸５９","0000-00-0000","","1","1","","1","203","","20101101","","20101012","23049"
"13164","01/01/2000 00:00:00","03/31/2016 00:00:00","0","ecl07868","03/29/2018 18:50:00","803001","ecl07868","03/29/2018 18:50:00","803001","スズケン　東京病院営業部","スズケン　東京病院営業部","スズケン　東京病院","Ｓ東京病院","ｽｽﾞｹﾝ ﾄｳｷﾖｳﾋﾞﾖｳｲﾝ","ｽｽﾞｹﾝﾄｳﾋﾞﾖ","101-0032","13101003003","東京都千代田区岩本町３丁目１１－６","0000-00-0000","","1","1","","1","203","","20101101","","20101012","23049"
"13164","04/01/2016 00:00:00","04/14/2019 00:00:00","0","ips00023","03/29/2018 18:50:00","803001","ips00023","03/29/2018 18:50:00","803001","（株）スズケン東京病院営業部","スズケン東京病院営業部","スズケン東京病院","Ｓ東京病院","ｽｽﾞｹﾝ ﾄｳｷﾖｳﾋﾞﾖｳｲﾝ","ｽｽﾞｹﾝﾄｳﾋﾞﾖ","101-0032","13101003003","東京都千代田区岩本町３丁目１１－６","0000-00-0000","","1","1","","1","203","","20101101","","20101012","23049"
"13165","01/01/2000 00:00:00","03/31/2016 00:00:00","0","ecl07868","03/29/2018 18:50:00","803001","ecl07868","03/29/2018 18:50:00","803001","スズケン　東京多摩営業部","スズケン　東京多摩営業部","スズケン　東京多摩","Ｓ東京多摩","ｽｽﾞｹﾝ ﾄｳｷﾖｳﾀﾏ","ｽｽﾞｹﾝﾄｳﾀﾏ","183-0035","13206037006","東京都府中市四谷６丁目１３－１０","0000-00-0000","","1","1","","1","203","","20101101","","20101012","23049"
"13165","04/01/2016 00:00:00","04/19/2018 00:00:00","0","ips00023","03/29/2018 18:50:00","803001","ips00023","03/29/2018 18:50:00","803001","（株）スズケン東京多摩営業部","スズケン東京多摩営業部","スズケン東京多摩","Ｓ東京多摩","ｽｽﾞｹﾝ ﾄｳｷﾖｳﾀﾏ","ｽｽﾞｹﾝﾄｳﾀﾏ","183-0035","13206037006","東京都府中市四谷６丁目１３－１０","0000-00-0000","","1","1","","1","203","","20101101","","20101012","23049"
"13180","07/01/2013 00:00:00","03/31/2016 00:00:00","0","ecl02796","03/29/2018 18:50:00","803001","ecl02796","03/29/2018 18:50:00","803001","メディセオ南東京統括営業部","メディセオ南東京統括営業部","メディセオ南東京統括","ＭＣ南東京","ﾒﾃﾞｲｾｵﾐﾅﾐﾄｳｷﾖｳ","ﾒﾃﾞｲｾｵﾐﾅﾐﾄ","213-0022","14134017000","神奈川県川崎市高津区千年１２００－１","044-740-8089","","1","3","","1","202","","20130701","","20130627","28026"
"13180","04/01/2016 00:00:00","04/19/2018 00:00:00","0","ips00023","03/29/2018 18:50:00","803001","ips00023","03/29/2018 18:50:00","803001","（株）メディセオ南東京統括営業部","メディセオ南東京統括営業部","メディセオ南東京統括","ＭＣ南東京","ﾒﾃﾞｲｾｵﾐﾅﾐﾄｳｷﾖｳ","ﾒﾃﾞｲｾｵﾐﾅﾐﾄ","213-0022","14134017000","神奈川県川崎市高津区千年１２００－１","044-740-8089","","1","3","","1","202","","20130701","","20130627","28026"
"13181","09/01/2013 00:00:00","03/31/2015 00:00:00","0","ecl05317","03/29/2018 18:50:00","803001","ecl05317","03/29/2018 18:50:00","803001","（株）リードＨＣ　関東営業部","（株）リードＨＣ　関東","リードＨＣ関東","ＲＨＣ関東","ﾘ-ﾄﾞﾍﾙｽｹｱｶﾝﾄｳ","ﾘ-ﾄﾞﾍﾙｽｹｱ","103-0013","13102022002","東京都中央区日本橋人形町２丁目１３－９","03-5614-5130","","1","3","","","","","20130930","","20130926","40059"
"13181","04/01/2015 00:00:00","04/08/2019 00:00:00","0","ecl05317","03/29/2018 18:50:00","803001","ecl05317","03/29/2018 18:50:00","803001","（株）リードＨＣ　広域第二営業部","（株）リードＨＣ　広域第二","リードＨＣ広域第二","ＲＨＣ広２","ﾘ-ﾄﾞﾍﾙｽｹｱｺｳｲｷﾀﾞｲﾆ","ﾘ-ﾄﾞｺｳｲｷ2","103-0013","13102022002","東京都中央区日本橋人形町２丁目１３－９","03-5614-5130","03-3249-3850","1","3","","","","","20130930","","20130926","40059"
"13193","09/01/2016 00:00:00","12/31/2016 00:00:00","0","ecl07060","03/29/2018 18:50:00","803001","ecl07060","03/29/2018 18:50:00","803001","代理店（稼動テスト）","代理店（稼動テスト）","稼動テスト","稼動テスト","ﾃｽﾄ","ﾃｽﾄ","105-0011","13103012002","東京都港区芝公園２丁目６－１５　黒龍芝公園ビル６階","03-5425-6900","","1","1","","","","","20160920","","20160920","13193"
"13193","01/01/2017 00:00:00","12/31/9999 00:00:00","0","ecl07060","03/29/2018 18:50:00","803001","ecl07060","03/29/2018 18:50:00","803001","株式会社　全老健共済会","全老健共済会","全老健共済会","全老健共済","ｾﾞﾝﾛｳｹﾝｷﾖｳｻｲｶｲ","ｾﾞﾝﾛｳｹﾝｷﾖｳ","105-0011","13103012002","東京都港区芝公園２丁目６－１５　黒龍芝公園ビル６階","03-5425-6900","","1","1","","","","","20160920","","20160920","13193"
"13200","09/01/2017 00:00:00","12/31/9999 00:00:00","0","ecl04750","03/29/2018 18:50:00","803001","ecl04750","03/29/2018 18:50:00","803001","ＨＳ","ＨＳ","ＨＳ","ＨＳ","ｴｲﾁｴｽ","ｴｲﾁｴｽ","162-0812","13104066000","東京都新宿区西五軒町１３－１","03-3817-5000","","1","1","","","","","20170920","","20170920",""
"13201","10/01/2017 00:00:00","10/31/2017 00:00:00","0","ecl07652","03/29/2018 18:50:00","803001","ecl07652","03/29/2018 18:50:00","803001","社会医療法人北斗会　メデックス","医）北斗会メデックス","ＢＢＯＳ１","ＢＢＯＳ１","ﾋﾞ-ﾎﾞｽ1","ﾋﾞ-ﾎﾞｽ1","162-0812","13104066000","東京都新宿区西五軒町１３－１","03-5228-7117","","1","1","","","","","20171001","","20171004","13201"
"13201","11/01/2017 00:00:00","02/28/2019 00:00:00","0","ecl06861","03/29/2018 18:50:00","803001","ecl06861","03/29/2018 18:50:00","803001","社会医療法人北斗会　メデックス","医）北斗会メデックス","ＢＢＯＳ１","ＢＢＯＳ１","ﾋﾞ-ﾎﾞｽ1","ﾋﾞ-ﾎﾞｽ1","561-0803","27203037001","大阪府豊中市城山町１丁目９－１","06-6865-1203","","1","1","","","","","20171001","","20171004","13201"
"13777","01/01/2000 00:00:00","12/31/9999 00:00:00","0","eclbatch","03/29/2018 18:50:00","803001","eclbatch","03/29/2018 18:50:00","803001","自衛隊本部","自衛隊本部","自衛隊本部","自衛隊本部","ｼﾞｴｲﾀｲﾎﾝﾌﾞ","ｼﾞｴｲﾀｲﾎﾝﾌﾞ","104-0028","13102037002","東京都中央区八重洲２丁目７－１５","0000-00-0000","","1","1","","","","","20030911","","20030916",""
"13803","01/01/2000 00:00:00","10/08/2020 00:00:00","0","ecl04321","03/29/2018 18:50:00","803001","ecl04321","03/29/2018 18:50:00","803001","（株）井田両国堂","（株）井田両国堂","井田両国堂","井田両国堂","KK ｲﾀﾞ ﾘﾖｳｺﾞｸﾄﾞｳ","ｲﾀﾞﾘﾖｳｺﾞｸ","111-0053","13106003001","東京都台東区浅草橋１丁目９ー１３　大手町建物浅草橋駅前ビル　５階","03-3866-9631","03-3866-9638","3","3","","","","","19000101","","19000101","13803"
"13888","01/01/2000 00:00:00","12/31/9999 00:00:00","0","","03/29/2018 18:50:00","803001","","03/29/2018 18:50:00","803001","東京の代理店","東京の代理店","東京の代理店","東京","ﾄｳｷﾖｳﾉ ﾀﾞｲﾘﾃﾝ","ﾄｳｷﾖｳ","","00000000000","","0000-00-0000","","9","3","","","","","19000101","","19000101",""
"13889","01/01/2000 00:00:00","12/31/9999 00:00:00","0","","03/29/2018 18:50:00","803001","","03/29/2018 18:50:00","803001","東京の代理店","東京の代理店","東京の代理店","東・代理店","ﾄｳｷﾖｳﾉ ﾀﾞｲﾘﾃﾝ","ﾄｳｷﾖｳ","","00000000000","","0000-00-0000","","9","3","","","","","19000101","","19000101",""
"13982","01/01/2000 00:00:00","02/07/2019 00:00:00","0","ecl05317","03/29/2018 18:50:00","803001","ecl05317","03/29/2018 18:50:00","803001","丹平中田（株）新","丹平中田（株）新","丹平中田新","丹平中田新","ﾀﾝﾍﾟｲ ﾅｶﾀ KKｼﾝ","ﾀﾝﾍﾟｲ ﾅｶﾀｼ","103-0023","13102029003","東京都中央区日本橋本町３丁目１１番５号　マルサンビル","0000-00-0000","","1","2","","","237","","20110811","","20110811",""
"13983","01/01/2000 00:00:00","02/07/2019 00:00:00","0","ips00015","03/29/2018 18:50:00","803001","ips00015","03/29/2018 18:50:00","803001","アルフレッサヘルスケア（株）東京支社","アルフレッサＨＣ東京支社","アルフレッサＨＣ東京","アルフ東京","ｱﾙﾌﾚﾂｻﾍﾙｽｹｱﾄｳｷﾖｳ","ｱﾙﾌﾄｳｷﾖｳ","125-0061","13122007005","東京都葛飾区亀有５丁目１４番１号","03-5673-2800","","1","2","","","","","20110907","","20110907","13012"
"13984","01/01/2000 00:00:00","03/31/2017 00:00:00","0","ecl04321","03/29/2018 18:50:00","803001","ecl04321","03/29/2018 18:50:00","803001","アルフレッサヘルスケア（株）広域第一支社","アルフレッサＨＣ広域第一","アルフレッサ広域第一","アルフ広一","ｱﾙﾌﾚﾂｻﾍﾙｽｹｱｺｳｲｷｲﾁ","ｱﾙﾌｺｲｷｲﾁ","125-0061","13122007005","東京都葛飾区亀有５丁目１４番１号","03-5673-2800","","1","2","","","","","20110907","","20110907","13012"
"13984","04/01/2017 00:00:00","10/08/2020 00:00:00","0","ecl05317","03/29/2018 18:50:00","803001","ecl05317","03/29/2018 18:50:00","803001","アルフレッサヘルスケア（株）広域支社","アルフレッサＨＣ広域支社","アルフレッサ広域支社","アルフ広域","ｱﾙﾌﾚﾂｻﾍﾙｽｹｱｺｳｲｷｼｼﾔ","ｱﾙﾌｺｳｲｷ","125-0061","13122007005","東京都葛飾区亀有５丁目１４番１号","03-5673-2800","","1","2","","","","","20110907","","20110907","13012"
"13985","01/01/2000 00:00:00","02/07/2019 00:00:00","0","ecl05317","03/29/2018 18:50:00","803001","ecl05317","03/29/2018 18:50:00","803001","アルフレッサヘルスケア（株）広域第二支社","アルフレッサＨＣ広域第二","アルフレッサ広域第二","アルフ広二","ｱﾙﾌﾚﾂｻﾍﾙｽｹｱｺｳｲｷﾆ","ｱﾙﾌｺｲｷﾆ","103-0023","13102029003","東京都中央区日本橋本町３丁目１１－５","03-3639-6287","","1","2","","","","","20110907","","20110909","13012"
"13986","01/01/2000 00:00:00","02/07/2019 00:00:00","0","ecl04321","03/29/2018 18:50:00","803001","ecl04321","03/29/2018 18:50:00","803001","アルフレッサヘルスケア（株）広域第三支社","アルフレッサＨＣ広域第三","アルフレッサ広域第三","アルフ広三","ｱﾙﾌﾚﾂｻﾍﾙｽｹｱｺｳｲｷｻﾝ","ｱﾙﾌｺｳｲｷｻﾝ","103-0023","13102029003","東京都中央区日本橋本町３丁目１１ー５","03-3639-6287","","1","2","","","","","20110907","","20110909","13012"
"13990","01/01/2014 00:00:00","12/31/9999 00:00:00","0","ips00015","03/29/2018 18:50:00","803001","ips00015","03/29/2018 18:50:00","803001","ＤＣＢ販路統計代理店","ＤＣＢ販路統計代理店","ＤＣＢ販路代理店","ＤＣＢ販路","DCBﾊﾝﾛﾀﾞｲﾘﾃﾝ","DCBﾊﾝﾛ","112-0002","13105004004","東京都文京区小石川４丁目","0000-00-0000","","9","3","","","","","20140204","","20140130",""
"14005","01/01/2000 00:00:00","04/19/2018 00:00:00","0","ecl07868","03/29/2018 18:50:00","803001","ecl07868","03/29/2018 18:50:00","803001","（株）スズケン横浜営業部","（株）スズケン横浜営業部","スズケン横浜営業部","Ｓ・横浜","KK ｽｽﾞｹﾝﾖｺﾊﾏｴｲｷﾞﾖｳﾌﾞ","ｽｽﾞｹﾝ ﾖｺﾊﾏ","221-0862","14102030000","神奈川県横浜市神奈川区三枚町字西の脇５４ー２","0000-00-0000","","1","1","","1","216","","19000101","","19000101","23049"
"14016","01/01/2000 00:00:00","12/02/2018 00:00:00","0","ecld0918","03/29/2018 18:50:00","803001","ecld0918","03/29/2018 18:50:00","803001","中北薬品（株）","中北薬品（株）","中北薬品","中北薬品","ﾅｶｷﾀ ﾔｸﾋﾝ KK","ﾅｶｷﾀ","243-0024","14212045000","神奈川県厚木市長沼字北耕地２４５ー６流通団地","0000-00-0000","","1","3","","1","221","028","19000101","","19000101","23002"
"14025","01/01/2000 00:00:00","03/31/2016 00:00:00","0","ecld0918","03/29/2018 18:50:00","803001","ecld0918","03/29/2018 18:50:00","803001","東邦薬品（株）神奈川","東邦薬品（株）神奈川","東邦薬品　　　神奈川","東邦神奈川","ﾄｳﾎｳ ﾔｸﾋﾝ KK ｶﾅｶﾞﾜ","ﾄｳﾎｳ ｶﾅｶﾞﾜ","226-0004","14113005000","神奈川県横浜市緑区鴨居町２４９０","0000-00-0000","","1","1","","1","220","","19000101","","19000101","13013"
"14025","04/01/2016 00:00:00","04/14/2020 00:00:00","0","ips00023","03/29/2018 18:50:00","803001","ips00023","03/29/2018 18:50:00","803001","東邦薬品（株）神奈川営業部","東邦薬品（株）神奈川営業部","東邦薬品神奈川営業部","東邦神奈川","ﾄｳﾎｳ ﾔｸﾋﾝ KK ｶﾅｶﾞﾜ","ﾄｳﾎｳ ｶﾅｶﾞﾜ","226-0004","14113005000","神奈川県横浜市緑区鴨居町２４９０","0000-00-0000","","1","1","","1","220","","19000101","","19000101","13013"
"14027","01/01/2000 00:00:00","02/28/2013 00:00:00","0","ecld0918","03/29/2018 18:50:00","803001","ecld0918","03/29/2018 18:50:00","803001","アルフレッサ神奈川","アルフレッサ神奈川","アルフレッサ神奈川","ＡＬ神奈川","ｱﾙﾌﾚﾂｻ ｶﾅｶﾞﾜ","AL ｶﾅｶﾞﾜ","221-0832","14102021000","神奈川県横浜市神奈川区桐畑８－３","0000-00-0000","","1","1","","5","218","","19000101","","19000101","13149"
"14027","03/01/2013 00:00:00","03/31/2016 00:00:00","0","ips00025","03/29/2018 18:50:00","803001","ips00025","03/29/2018 18:50:00","803001","アルフレッサ神奈川","アルフレッサ神奈川","アルフレッサ神奈川","ＡＦ神奈川","ｱﾙﾌﾚﾂｻ ｶﾅｶﾞﾜ","AF ｶﾅｶﾞﾜ","221-0832","14102021000","神奈川県横浜市神奈川区桐畑８－３","0000-00-0000","","1","1","","5","218","","19000101","","19000101","13149"
"14027","04/01/2016 00:00:00","04/14/2020 00:00:00","0","ips00023","03/29/2018 18:50:00","803001","ips00023","03/29/2018 18:50:00","803001","アルフレッサ（株）神奈川","アルフレッサ（株）神奈川","アルフレッサ神奈川","ＡＦ神奈川","ｱﾙﾌﾚﾂｻ ｶﾅｶﾞﾜ","AF ｶﾅｶﾞﾜ","221-0832","14102021000","神奈川県横浜市神奈川区桐畑８－３","0000-00-0000","","1","1","","5","218","","19000101","","19000101","13149"
"14034","01/01/2000 00:00:00","04/19/2018 00:00:00","0","ecl07868","03/29/2018 18:50:00","803001","ecl07868","03/29/2018 18:50:00","803001","（株）スズケン湘南営業部","（株）スズケン湘南営業部","スズケン湘南営業部","Ｓ・湘南","KKｽｽﾞｹﾝｼﾖｳﾅﾝｴｲｷﾞﾖｳﾌﾞ","ｽｽﾞｹﾝｼﾖｳﾅﾝ","243-0035","14212001000","神奈川県厚木市愛甲字仲町１７１０－１","0462-27-6311","0462-27-6204","1","1","","1","217","","19960105","","19960125","23049"
"14053","01/01/2000 00:00:00","10/08/2020 00:00:00","0","ecl04960","03/29/2018 18:50:00","803001","ecl04960","03/29/2018 18:50:00","803001","（株）Ｐａｌｔａｃ横浜支社","（株）Ｐａｌｔａｃ横浜支社","Ｐａｌｔａｃ横浜支社","ＰＴ横浜","KK.ﾊﾟﾙﾀﾂｸﾖｺﾊﾏｼｼﾔ","KK.ﾊﾟﾙﾖｺﾊﾏ","252-0012","14216015002","神奈川県座間市広野台２丁目１０－１１","046-252-2203","046-252-2211","1","3","","","","","19981001","","20060922","14053"
"14056","01/01/2000 00:00:00","03/31/2013 00:00:00","0","ecl02796","03/29/2018 18:50:00","803001","ecl02796","03/29/2018 18:50:00","803001","メディセオ神奈川統括営業部","メディセオ神奈川統括営業部","メディセオ神奈川統括","ＭＣ神奈川","ﾒﾃﾞｲｾｵ ｶﾅｶﾞﾜ ﾄｳｶﾂ","MCｶﾅｶﾞﾜ","231-0034","14104087000","神奈川県横浜市中区三吉町","0000-00-0000","","1","3","","5","215","","20091001","","20100928","28026"
"14056","04/01/2013 00:00:00","03/31/2016 00:00:00","0","ips00015","03/29/2018 18:50:00","803001","ips00015","03/29/2018 18:50:00","803001","メディセオ神奈川統括営業部","メディセオ神奈川統括営業部","メディセオ神奈川統括","ＭＣ神奈川","ﾒﾃﾞｲｾｵ ｶﾅｶﾞﾜ ﾄｳｶﾂ","MCｶﾅｶﾞﾜ","231-0034","14104087000","神奈川県横浜市中区三吉町","0000-00-0000","","1","3","","1","215","","20091001","","20100928","28026"
"14056","04/01/2016 00:00:00","04/19/2018 00:00:00","0","ips00023","03/29/2018 18:50:00","803001","ips00023","03/29/2018 18:50:00","803001","（株）メディセオ神奈川統括営業部","メディセオ神奈川統括営業部","メディセオ神奈川統括","ＭＣ神奈川","ﾒﾃﾞｲｾｵ ｶﾅｶﾞﾜ ﾄｳｶﾂ","MCｶﾅｶﾞﾜ","231-0034","14104087000","神奈川県横浜市中区三吉町","0000-00-0000","","1","3","","1","215","","20091001","","20100928","28026"
"14059","10/01/2017 00:00:00","10/08/2020 00:00:00","0","ecl05317","03/29/2018 18:50:00","803001","ecl05317","03/29/2018 18:50:00","803001","アルフレッサヘルスケア（株）神奈川甲信越支社","アルフレッサＨＣ神甲支社","アルフレッサＨＣ神甲","アルフ神甲","ｱﾙﾌﾚﾂｻﾍﾙｽｹｱｶﾅｺｳ","ｱﾙﾌｶﾅｺｳ","221-0801","14102020001","神奈川県横浜市神奈川区神大寺１丁目１２番１１号","045-413-2296","045-413-2295","1","2","","","","","20171001","","20171003","13012"
"14888","01/01/2000 00:00:00","12/31/9999 00:00:00","0","ecl04742","03/29/2018 18:50:00","803001","ecl04742","03/29/2018 18:50:00","803001","神奈川の代理店","神奈川の代理店","神奈川の代理店","神・代理店","ｶﾅｶﾞﾜ ﾉ ﾀﾞｲﾘﾃﾝ","ｶﾅｶﾞﾜ","","00000000000","","0000-00-0000","","9","3","","","","","19000101","","19000101",""
"14889","01/01/2000 00:00:00","02/20/2020 00:00:00","0","ecl04742","03/29/2018 18:50:00","803001","ecl04742","03/29/2018 18:50:00","803001","神奈川の代理店","神奈川の代理店","神奈川の代理店","神・代理店","ｶﾅｶﾞﾜﾉ ﾀﾞｲﾘﾃﾝ","ｶﾅｶﾞﾜ","","00000000000","","0000-00-0000","","9","3","","","","","19000101","","19000101",""
"15002","01/01/2000 00:00:00","03/31/2016 00:00:00","0","ecld0918","03/29/2018 18:50:00","803001","ecld0918","03/29/2018 18:50:00","803001","（株）バイタルネット　新潟","（株）バイタルネット　新潟","バイタルネット　新潟","バイタル新","KK ﾊﾞｲﾀﾙﾈﾂﾄ ﾆｲｶﾞﾀ","ﾊﾞｲﾀﾙﾈﾂﾄﾆｲ","950-2023","15107046000","新潟県新潟市西区小新字大通３７９９－１","0000-00-0000","","1","3","","1","332","030","20010101","","20010101","04041"
"15002","04/01/2016 00:00:00","04/14/2019 00:00:00","0","ips00023","03/29/2018 18:50:00","803001","ips00023","03/29/2018 18:50:00","803001","（株）バイタルネット新潟","（株）バイタルネット新潟","バイタルネット新潟","ＶＮ新潟","KK ﾊﾞｲﾀﾙﾈﾂﾄ ﾆｲｶﾞﾀ","ﾊﾞｲﾀﾙﾈﾂﾄﾆｲ","950-2023","15107046000","新潟県新潟市西区小新字大通３７９９－１","025-234-1111","","1","3","","1","332","030","20010101","","20010101","04041"
"15003","01/01/2000 00:00:00","03/31/2013 00:00:00","0","ecld0918","03/29/2018 18:50:00","803001","ecld0918","03/29/2018 18:50:00","803001","（株）マルタケ新潟","（株）マルタケ新潟","マルタケ新潟","マルタケ新","KK ﾏﾙﾀｹ ﾆｲｶﾞﾀ","ﾏﾙﾀｹﾆｲｶﾞﾀ","950-2031","15107118004","新潟県新潟市西区流通センター４丁目６－２","025-568-6311","025-268-6306","1","3","","1","333","","19000101","","19000101","15022"
"15003","04/01/2013 00:00:00","03/31/2016 00:00:00","0","ips00015","03/29/2018 18:50:00","803001","ips00015","03/29/2018 18:50:00","803001","（株）マルタケ関越","（株）マルタケ関越","マルタケ関越","マルタケ関","KK ﾏﾙﾀｹ ｶﾝｴﾂ","ﾏﾙﾀｹｶﾝｴﾂ","950-2031","15107118004","新潟県新潟市西区流通センター４丁目６－２","025-568-6311","025-268-6306","1","3","","1","333","","19000101","","19000101","15022"
"15003","04/01/2016 00:00:00","04/14/2019 00:00:00","0","ips00023","03/29/2018 18:50:00","803001","ips00023","03/29/2018 18:50:00","803001","（株）マルタケ関越","（株）マルタケ関越","マルタケ","マルタケ","KK ﾏﾙﾀｹ ｶﾝｴﾂ","ﾏﾙﾀｹｶﾝｴﾂ","950-2031","15107118004","新潟県新潟市西区流通センター４丁目６－２","025-568-6311","025-268-6306","1","3","","1","333","","19000101","","19000101","15022"
"15006","01/01/2000 00:00:00","02/07/2019 00:00:00","0","ecld1316","03/29/2018 18:50:00","803001","ecld1316","03/29/2018 18:50:00","803001","（株）井上誠昌堂　新潟","（株）井上誠昌堂　新潟","井上誠昌堂　新潟","井上新潟","KKｲﾉｳｴｾｲｼﾖｳﾄﾞｳ ﾆｲｶﾞﾀ","ｲﾉｳｴ ﾆｲｶﾞﾀ","950-1134","15104005000","新潟県新潟市江南区天野１２４５番地","0000-00-0000","","1","3","","","335","034","19000101","","19000101",""
"15012","01/01/2000 00:00:00","03/31/2016 00:00:00","0","ecld0918","03/29/2018 18:50:00","803001","ecld0918","03/29/2018 18:50:00","803001","（株）スス゛ケン新潟営業部","（株）スス゛ケン新潟営業部","スス゛ケン　新潟営業","Ｓ・新潟","KK ｽｽﾞｹﾝ ﾆｲｶﾞﾀｴｲｷﾞﾖｳ","ｽｽﾞｹﾝﾆｲｶﾞﾀ","950-2031","15107118002","新潟県新潟市西区流通センター２丁目２－５","0000-00-0000","","1","1","","1","331","","19000101","","19000101","23049"
"15012","04/01/2016 00:00:00","04/14/2019 00:00:00","0","ips00023","03/29/2018 18:50:00","803001","ips00023","03/29/2018 18:50:00","803001","（株）スス゛ケン新潟営業部","（株）スス゛ケン新潟営業部","スス゛ケン新潟営業部","Ｓ・新潟","KK ｽｽﾞｹﾝ ﾆｲｶﾞﾀｴｲｷﾞﾖｳ","ｽｽﾞｹﾝﾆｲｶﾞﾀ","950-2031","15107118002","新潟県新潟市西区流通センター２丁目２－５","0000-00-0000","","1","1","","1","331","","19000101","","19000101","23049"
"15013","01/01/2000 00:00:00","09/30/2013 00:00:00","0","ecld0918","03/29/2018 18:50:00","803001","ecld0918","03/29/2018 18:50:00","803001","本間東邦（株）","本間東邦（株）","本間東邦","本間東邦","ﾎﾝﾏﾄｳﾎｳ","ﾎﾝﾏﾄｳﾎｳ","950-0954","15103170001","新潟県新潟市中央区美咲町１丁目２３－２","025-285-8111","025-285-8593","1","3","","5","334","","20011001","","19900920","13013"
"15013","10/01/2013 00:00:00","09/30/2015 00:00:00","0","ecl02796","03/29/2018 18:50:00","803001","ecl02796","03/29/2018 18:50:00","803001","東邦薬品　新潟営業部","東邦薬品　新潟営業部","東邦薬品　新潟営業部","東邦新潟","ﾄｳﾎｳﾆｲｶﾞﾀｴｲｷﾞﾖｳﾌﾞ","ﾄｳﾎｳﾆｲｶﾞﾀ","950-0954","15103170001","新潟県新潟市中央区美咲町１丁目２３－２","025-285-8111","025-285-8593","1","3","","5","334","","20131001","","19900920","13013"
"15013","10/01/2015 00:00:00","03/31/2016 00:00:00","0","ips00015","03/29/2018 18:50:00","803001","ips00015","03/29/2018 18:50:00","803001","東邦薬品　新潟営業部","東邦薬品　新潟営業部","東邦薬品　新潟営業部","東邦新潟","ﾄｳﾎｳﾆｲｶﾞﾀｴｲｷﾞﾖｳﾌﾞ","ﾄｳﾎｳﾆｲｶﾞﾀ","950-0954","15103170001","新潟県新潟市中央区美咲町１丁目２３－２","025-285-8111","025-285-8593","1","3","","1","334","","20131001","","19900920","13013"
"15013","04/01/2016 00:00:00","04/14/2019 00:00:00","0","ips00023","03/29/2018 18:50:00","803001","ips00023","03/29/2018 18:50:00","803001","東邦薬品（株）新潟営業部","東邦薬品（株）新潟営業部","東邦薬品新潟営業部","東邦新潟","ﾄｳﾎｳﾆｲｶﾞﾀｴｲｷﾞﾖｳﾌﾞ","ﾄｳﾎｳﾆｲｶﾞﾀ","950-0954","15103170001","新潟県新潟市中央区美咲町１丁目２３－２","025-285-8111","025-285-8593","1","3","","1","334","","20131001","","19900920","13013"
"15020","01/01/2000 00:00:00","02/28/2013 00:00:00","0","ecld0918","03/29/2018 18:50:00","803001","ecld0918","03/29/2018 18:50:00","803001","アルフレッサ新潟","アルフレッサ新潟","アルフレッサ新潟","ＡＬ新潟","ｱﾙﾌﾚﾂｻ ﾆｲｶﾞﾀ","AL ﾆｲｶﾞﾀ","950-0941","15103185005","新潟県新潟市中央区女池５丁目６－１０","025-281-3331","025-281-3120","1","3","","5","330","","19960201","","19960125","13149"
"15020","03/01/2013 00:00:00","09/30/2015 00:00:00","0","ips00025","03/29/2018 18:50:00","803001","ips00025","03/29/2018 18:50:00","803001","アルフレッサ新潟","アルフレッサ新潟","アルフレッサ新潟","ＡＦ新潟","ｱﾙﾌﾚﾂｻ ﾆｲｶﾞﾀ","AF ﾆｲｶﾞﾀ","950-0941","15103185005","新潟県新潟市中央区女池５丁目６－１０","025-281-3331","025-281-3120","1","3","","5","330","","19960201","","19960125","13149"
"15020","10/01/2015 00:00:00","03/31/2016 00:00:00","0","ips00015","03/29/2018 18:50:00","803001","ips00015","03/29/2018 18:50:00","803001","アルフレッサ新潟","アルフレッサ新潟","アルフレッサ新潟","ＡＦ新潟","ｱﾙﾌﾚﾂｻ ﾆｲｶﾞﾀ","AF ﾆｲｶﾞﾀ","950-0941","15103185005","新潟県新潟市中央区女池５丁目６－１０","025-281-3331","025-281-3120","1","3","","1","330","","19960201","","19960125","13149"
"15020","04/01/2016 00:00:00","04/14/2019 00:00:00","0","ips00023","03/29/2018 18:50:00","803001","ips00023","03/29/2018 18:50:00","803001","アルフレッサ（株）新潟","アルフレッサ（株）新潟","アルフレッサ新潟","ＡＦ新潟","ｱﾙﾌﾚﾂｻ ﾆｲｶﾞﾀ","AF ﾆｲｶﾞﾀ","950-0941","15103185005","新潟県新潟市中央区女池５丁目６－１０","025-281-3331","025-281-3120","1","3","","1","330","","19960201","","19960125","13149"
"15022","01/01/2000 00:00:00","04/14/2019 00:00:00","0","ecl04291","03/29/2018 18:50:00","803001","ecl04291","03/29/2018 18:50:00","803001","株式会社マルタケ","株式会社マルタケ","（株）マルタケ","マルタケ","KK ﾏﾙﾀｹ","ﾏﾙﾀｹ","950-2031","15107118004","新潟県新潟市西区流通センター４丁目６－２","025-568-6311","025-268-6306","1","3","","","","","19990401","","19990309","15022"
"15027","01/01/2000 00:00:00","10/31/2012 00:00:00","0","eclips01","03/29/2018 18:50:00","803001","eclips01","03/29/2018 18:50:00","803001","（株）バイタルネット新潟","（株）バイタルネット新潟","バイタルネットＨＣ","バイタルＮ","ﾊﾞｲﾀﾙﾈﾂﾄKK ﾍﾙｽｹｱﾆｲｶﾞ","ﾊﾞｲﾀﾙﾈﾂﾄKK","980-0805","04101015000","宮城県仙台市青葉区大手町１－１","0000-00-0000","","1","3","","","999","001","20010101","","20001218",""
"15027","11/01/2012 00:00:00","02/07/2019 00:00:00","0","ecl04321","03/29/2018 18:50:00","803001","ecl04321","03/29/2018 18:50:00","803001","（株）バイタルネット新潟","（株）バイタルネット新潟","バイタルネットＨＣ","バイタルＮ","ﾊﾞｲﾀﾙﾈﾂﾄKK ﾍﾙｽｹｱﾆｲｶﾞ","ﾊﾞｲﾀﾙﾈﾂﾄKK","980-0805","04101015000","宮城県仙台市青葉区大手町１－１","03-3817-3967","","1","3","","","999","001","20010101","20121121","20001218",""
"15029","01/01/2000 00:00:00","06/30/2015 00:00:00","0","ecl04321","03/29/2018 18:50:00","803001","ecl04321","03/29/2018 18:50:00","803001","（株）Ｐａｌｔａｃ新潟支店","（株）Ｐａｌｔａｃ新潟支店","Ｐａｌｔａｃ新潟支店","パル新潟","KK ﾊﾟﾙﾀﾂｸﾆｲｶﾞﾀ","ﾊﾟﾙﾆｲｶﾞﾀ","954-0076","15211079000","新潟県見附市新幸町５ー３","0258-61-2346","0258-61-2377","1","3","","","","","20081028","","20081028",""
"15029","07/01/2015 00:00:00","02/07/2019 00:00:00","0","ecl05317","03/29/2018 18:50:00","803001","ecl05317","03/29/2018 18:50:00","803001","（株）ＰＡＬＴＡＣ新潟支店","（株）ＰＡＬＴＡＣ新潟支店","ＰＡＬＴＡＣ新潟支店","ＰＴ新潟","KK ﾊﾟﾙﾀﾂｸﾆｲｶﾞﾀ","ﾊﾟﾙﾆｲｶﾞﾀ","954-0076","15211079000","新潟県見附市新幸町５ー３","0258-61-2346","0258-61-2377","1","3","","","","","20081028","","20081028",""
"15888","01/01/2000 00:00:00","12/31/9999 00:00:00","0","ecl04742","03/29/2018 18:50:00","803001","ecl04742","03/29/2018 18:50:00","803001","新潟の代理店","新潟の代理店","新潟の代理店","新・代理店","ﾆｲｶﾞﾀ ﾉ ﾀﾞｲﾘﾃﾝ","ﾆｲｶﾞﾀ","","00000000000","","0000-00-0000","","9","3","","","","","19000101","","19000101",""
"15889","01/01/2000 00:00:00","12/31/9999 00:00:00","0","ecl04742","03/29/2018 18:50:00","803001","ecl04742","03/29/2018 18:50:00","803001","新潟の代理店","新潟の代理店","新潟の代理店","新・代理店","ﾆｲｶﾞﾀﾉ ﾀﾞｲﾘﾃﾝ","ﾆｲｶﾞﾀ","","00000000000","","0000-00-0000","","9","3","","","","","19000101","","19000101",""
"16001","01/01/2000 00:00:00","02/07/2019 00:00:00","0","ecld0918","03/29/2018 18:50:00","803001","ecld0918","03/29/2018 18:50:00","803001","（株）井上誠昌堂","（株）井上誠昌堂","井上誠昌堂","井上","KK ｲﾉｳｴ ｾｲｼﾖｳﾄﾞｳ","ｲﾉｳｴ","933-0344","16202095000","富山県高岡市笹川２６００番地","0000-00-0000","","1","3","","","027","001","19000101","","19000101",""
"16004","01/01/2000 00:00:00","12/31/2013 00:00:00","0","ecld0918","03/29/2018 18:50:00","803001","ecld0918","03/29/2018 18:50:00","803001","（株）フレット","（株）フレット","フレット","フレット","KK ﾌﾚﾂﾄ","ﾌﾚﾂﾄ","920-0205","17201066000","石川県金沢市大浦町ハ５５番地","076-239-0032","076-239-0092","1","3","","5","025","004","19000101","","19000101","16004"
"16004","01/01/2014 00:00:00","04/23/2018 00:00:00","0","ecl02796","03/29/2018 18:50:00","803001","ecl02796","03/29/2018 18:50:00","803001","（株）ファイネス","（株）ファイネス","ファイネス","ファイネス","KK ﾌｱｲﾈｽ","ﾌｱｲﾈｽ","920-0205","17201066000","石川県金沢市大浦町ハ５５番地","076-239-0613","","1","3","","5","025","004","20140101","","20140101","16004"
"16005","01/01/2000 00:00:00","04/19/2018 00:00:00","0","ecld0918","03/29/2018 18:50:00","803001","ecld0918","03/29/2018 18:50:00","803001","（株）スズケン富山営業部","（株）スズケン富山営業部","スズケン富山営業部","Ｓ・富山","KK ｽｽﾞｹﾝ ﾄﾔﾏ ｴｲｷﾞﾖｳ","ｽｽﾞｹﾝ ﾄﾔﾏ","939-8214","16201140000","富山県富山市黒崎４５１－１","0000-00-0000","","1","3","","5","026","","19000101","","19000101","23049"
"16021","04/01/2017 00:00:00","06/28/2018 00:00:00","0","ecl07119","03/29/2018 18:50:00","803001","ecl07119","03/29/2018 18:50:00","803001","協栄薬品（株）","協栄薬品（株）","協栄薬品","協栄薬品","ｷﾖｳｴｲﾔｸﾋﾝ","ｷﾖｳｴｲﾔｸﾋﾝ","930-0992","16201199000","富山県富山市新庄町４４番地５","076-424-9421","","2","3","2","","900","900","20170401","","20170323",""
"16888","01/01/2000 00:00:00","12/31/9999 00:00:00","0","ecl04742","03/29/2018 18:50:00","803001","ecl04742","03/29/2018 18:50:00","803001","富山の代理店","富山の代理店","富山の代理店","富・代理店","ﾄﾔﾏﾉ ﾀﾞｲﾘﾃﾝ","ﾄﾔﾏ","","00000000000","","0000-00-0000","","9","3","","","","","19000101","","19000101",""
"16889","01/01/2000 00:00:00","12/31/9999 00:00:00","0","ecl04742","03/29/2018 18:50:00","803001","ecl04742","03/29/2018 18:50:00","803001","富山の代理店","富山の代理店","富山の代理店","富・代理店","ﾄﾔﾏﾉ ﾀﾞｲﾘﾃﾝ","ﾄﾔﾏ","","00000000000","","0000-00-0000","","9","3","","","","","19000101","","19000101",""
"17001","01/01/2000 00:00:00","04/23/2018 00:00:00","0","ecl07868","03/29/2018 18:50:00","803001","ecl07868","03/29/2018 18:50:00","803001","明祥（株）","明祥（株）","明祥","明祥","ﾒｲｼﾖｳ KK","ﾒｲｼﾖｳ","920-0332","17201471000","石川県金沢市無量寺町ハ一番地","0762-66-4141","0762-66-4111","1","3","","5","022","005","19000101","","19000101","17001"
"17004","01/01/2000 00:00:00","03/31/2013 00:00:00","0","ecld0918","03/29/2018 18:50:00","803001","ecld0918","03/29/2018 18:50:00","803001","（株）スズケン金沢営業部","（株）スズケン金沢営業部","スズケン金沢営業部","Ｓ・金沢","KKｽｽﾞｹﾝ ｶﾅｻﾞﾜ ｴｲｷﾞﾖｳ","ｽｽﾞｹﾝ ｶﾅｻﾜ","920-0061","17201309002","石川県金沢市問屋町２丁目５０","0000-00-0000","","1","3","","4","023","","19000101","","19000101","23049"
"17004","04/01/2013 00:00:00","04/19/2018 00:00:00","0","ips00015","03/29/2018 18:50:00","803001","ips00015","03/29/2018 18:50:00","803001","（株）スズケン金沢営業部","（株）スズケン金沢営業部","スズケン金沢営業部","Ｓ・金沢","KKｽｽﾞｹﾝ ｶﾅｻﾞﾜ ｴｲｷﾞﾖｳ","ｽｽﾞｹﾝ ｶﾅｻﾜ","920-0061","17201309002","石川県金沢市問屋町２丁目５０","0000-00-0000","","1","3","","5","023","","19000101","","19000101","23049"
"17011","01/01/2000 00:00:00","03/31/2016 00:00:00","0","ecl04321","03/29/2018 18:50:00","803001","ecl04321","03/29/2018 18:50:00","803001","（株）Ｐａｌｔａｃ金沢支店","（株）Ｐａｌｔａｃ金沢支店","Ｐａｌｔａｃ金沢支店","ＰＴ金沢","KK ﾊﾟﾙﾀﾂｸ ｶﾅｻﾞﾜ ｼﾃﾝ","ﾊﾟﾙ ｶﾅｻﾞﾜ","924-0004","17210005002","石川県白山市旭丘２丁目６番地","076-275-2000","076-276-8899","1","3","","","","","19980401","","19900918","17011"
"17011","04/01/2016 00:00:00","10/08/2020 00:00:00","0","ecl05317","03/29/2018 18:50:00","803001","ecl05317","03/29/2018 18:50:00","803001","（株）ＰＡＬＴＡＣ北陸支社","（株）ＰＡＬＴＡＣ北陸支社","ＰＡＬＴＡＣ北陸支社","ＰＴ北陸","KK ﾊﾟﾙﾀﾂｸ ﾎｸﾘｸ ｼｼﾔ","ﾊﾟﾙ ﾎｸﾘｸ","929-0108","17211078002","石川県能美市能美２丁目３番地","0761-56-1509","0761-56-0420","1","3","","","","","19980401","","19900918","17011"
"17022","01/01/2000 00:00:00","03/31/2013 00:00:00","0","ecld0918","03/29/2018 18:50:00","803001","ecld0918","03/29/2018 18:50:00","803001","メディセオ北陸統括営業部","メディセオ北陸統括営業部","メディセオ北陸統括","ＭＣ北陸","ﾒﾃﾞｲｾｵ ﾎｸﾘｸ ﾄｳｶﾂ","MCﾎｸﾘｸ","920-0806","17201231003","石川県金沢市神宮寺３丁目","0000-00-0000","","1","3","","5","398","014","20091001","","20090917","28026"
"17022","04/01/2013 00:00:00","03/31/2016 00:00:00","0","ips00015","03/29/2018 18:50:00","803001","ips00015","03/29/2018 18:50:00","803001","メディセオ北陸統括営業部","メディセオ北陸統括営業部","メディセオ北陸統括","ＭＣ北陸","ﾒﾃﾞｲｾｵ ﾎｸﾘｸ ﾄｳｶﾂ","MCﾎｸﾘｸ","920-0806","17201231003","石川県金沢市神宮寺３丁目","0000-00-0000","","1","3","","1","398","014","20091001","","20090917","28026"
"17022","04/01/2016 00:00:00","04/19/2018 00:00:00","0","ips00023","03/29/2018 18:50:00","803001","ips00023","03/29/2018 18:50:00","803001","（株）メディセオ北陸統括営業部","メディセオ北陸統括営業部","メディセオ北陸統括","ＭＣ北陸","ﾒﾃﾞｲｾｵ ﾎｸﾘｸ ﾄｳｶﾂ","MCﾎｸﾘｸ","920-0806","17201231003","石川県金沢市神宮寺３丁目","0000-00-0000","","1","3","","1","398","014","20091001","","20090917","28026"
"17024","01/01/2000 00:00:00","09/30/2025 00:00:00","0","ecl04291","03/29/2018 18:50:00","803001","ecl04291","03/29/2018 18:50:00","803001","明祥　ＰＦＩＺＥＲ","明祥　ＰＦＩＺＥＲ","明祥　ＰＦＩＺＥＲ","明祥　フア","ﾒｲｼﾖｳ ﾌｱｲｻﾞ-","ﾒｲｼﾖｳ ﾌｱｲｻ","920-0332","17201471000","石川県金沢市無量寺町ハ一番地","0762-66-4141","0762-66-4111","1","3","","5","022","005","20110501","","20110510",""
"17888","01/01/2000 00:00:00","02/28/2013 00:00:00","0","ecld0913","03/29/2018 18:50:00","803001","ecld0913","03/29/2018 18:50:00","803001","石川の代理店","石川の代理店","石川の代理店","石・代理店","ｲｼｶﾜﾉ ﾀﾞｲﾘﾃﾝ","ｲｼｶﾜ","","00000000000","","0000-00-0000","","9","3","","","","","195105","","195105",""
"17888","03/01/2013 00:00:00","12/31/9999 00:00:00","0","ips00015","03/29/2018 18:50:00","803001","ips00015","03/29/2018 18:50:00","803001","石川の代理店","石川の代理店","石川の代理店","石・代理店","ｲｼｶﾜﾉ ﾀﾞｲﾘﾃﾝ","ｲｼｶﾜ","","00000000000","","0000-00-0000","","9","3","","","","","19000101","","19000101",""
"17889","01/01/2000 00:00:00","12/31/9999 00:00:00","0","ecl04742","03/29/2018 18:50:00","803001","ecl04742","03/29/2018 18:50:00","803001","石川の代理店","石川の代理店","石川の代理店","石・代理店","ｲｼｶﾜﾉ ﾀﾞｲﾘﾃﾝ","ｲｼｶﾜ","","00000000000","","0000-00-0000","","9","3","","","","","19000101","","19000101",""
"18009","01/01/2000 00:00:00","12/31/2017 00:00:00","0","ecld0918","03/29/2018 18:50:00","803001","ecld0918","03/29/2018 18:50:00","803001","（株）スズケン福井営業部","（株）スズケン福井営業部","スズケン福井営業部","Ｓ・福井","KK ｽｽﾞｹﾝ ﾌｸｲ ｴｲｷﾞﾖｳ","ｽｽﾞｹﾝ ﾌｸｲ","910-0851","18201414002","福井県福井市米松２丁目２０－１５","0000-00-0000","","1","3","","4","028","","19000101","","19000101","23049"
"18009","01/01/2018 00:00:00","04/19/2018 00:00:00","0","ips00023","03/29/2018 18:50:00","803001","ips00023","03/29/2018 18:50:00","803001","（株）スズケン福井営業部","（株）スズケン福井営業部","スズケン福井営業部","Ｓ・福井","KK ｽｽﾞｹﾝ ﾌｸｲ ｴｲｷﾞﾖｳ","ｽｽﾞｹﾝ ﾌｸｲ","910-0851","18201414002","福井県福井市米松２丁目２０－１５","0000-00-0000","","1","3","","5","028","","19000101","","19000101","23049"
"18888","01/01/2000 00:00:00","02/28/2013 00:00:00","0","ecld0913","03/29/2018 18:50:00","803001","ecld0913","03/29/2018 18:50:00","803001","福井の代理店","福井の代理店","福井の代理店","福・代理店","ﾌｸｲﾉ ﾀﾞｲﾘﾃﾝ","ﾌｸｲ","","00000000000","","0000-00-0000","","9","3","","","","","195105","","195105",""
"18888","03/01/2013 00:00:00","12/31/9999 00:00:00","0","ips00015","03/29/2018 18:50:00","803001","ips00015","03/29/2018 18:50:00","803001","福井の代理店","福井の代理店","福井の代理店","福・代理店","ﾌｸｲﾉ ﾀﾞｲﾘﾃﾝ","ﾌｸｲ","","00000000000","","0000-00-0000","","9","3","","","","","19000101","","19000101",""
"18889","01/01/2000 00:00:00","12/31/9999 00:00:00","0","ecl04742","03/29/2018 18:50:00","803001","ecl04742","03/29/2018 18:50:00","803001","福井の代理店","福井の代理店","福井の代理店","福・代理店","ﾌｸｲﾉ ﾀﾞｲﾘﾃﾝ","ﾌｸｲ","","00000000000","","0000-00-0000","","9","3","","","","","19000101","","19000101",""
"19003","01/01/2000 00:00:00","03/31/2016 00:00:00","0","ecld0918","03/29/2018 18:50:00","803001","ecld0918","03/29/2018 18:50:00","803001","（株）スズケン　甲府営業部","（株）スズケン　甲府営業部","（株）スズケン　甲府","Ｓ・甲府","KK ｽｽﾞｹﾝ ｺｳﾌ ｴｲｷﾞﾖｳ","ｽｽﾞｹﾝ ｺｳﾌ","409-3845","19214026000","山梨県中央市山之神","0000-00-0000","","1","3","","1","326","","19000101","","19000101","23049"
"19003","04/01/2016 00:00:00","04/14/2024 00:00:00","0","ips00023","03/29/2018 18:50:00","803001","ips00023","03/29/2018 18:50:00","803001","（株）スズケン甲府営業部","（株）スズケン甲府営業部","スズケン甲府営業部","Ｓ・甲府","KK ｽｽﾞｹﾝ ｺｳﾌ ｴｲｷﾞﾖｳ","ｽｽﾞｹﾝ ｺｳﾌ","409-3845","19214026000","山梨県中央市山之神","0000-00-0000","","1","3","","1","326","","19000101","","19000101","23049"
"19011","01/01/2000 00:00:00","09/30/2013 00:00:00","0","ecld0918","03/29/2018 18:50:00","803001","ecld0918","03/29/2018 18:50:00","803001","東邦薬品　長野山梨営業部","東邦薬品　長野山梨営業部","東邦　長野山梨営業部","東邦長・山","ﾄｳﾎｳﾔｸﾋﾝ ﾅｶﾞﾉﾔﾏﾅｼ","ﾄｳﾎｳﾅｶﾞ･ﾔﾏ","400-0047","19201082004","山梨県甲府市徳行４丁目４－１３－３０","055-228-7211","055-228-1857","1","3","","1","323","","20081001","","20090310","13013"
"19011","10/01/2013 00:00:00","03/31/2016 00:00:00","0","ecl02796","03/29/2018 18:50:00","803001","ecl02796","03/29/2018 18:50:00","803001","東邦薬品　山梨営業部","東邦薬品　山梨営業部","東邦　山梨営業部","東邦山梨","ﾄｳﾎｳﾔｸﾋﾝ ﾔﾏﾅｼ","ﾄｳﾎｳﾔﾏﾅｼ","400-0047","19201082004","山梨県甲府市徳行４丁目４－１３－３０","055-228-7211","055-228-1857","1","3","","1","323","","20081001","","20090310","13013"
"19011","04/01/2016 00:00:00","04/14/2024 00:00:00","0","ips00023","03/29/2018 18:50:00","803001","ips00023","03/29/2018 18:50:00","803001","東邦薬品（株）山梨営業部","東邦薬品（株）山梨営業部","東邦薬品山梨営業部","東邦山梨","ﾄｳﾎｳﾔｸﾋﾝ ﾔﾏﾅｼ","ﾄｳﾎｳﾔﾏﾅｼ","400-0047","19201082004","山梨県甲府市徳行４丁目４－１３－３０","055-228-7211","055-228-1857","1","3","","1","323","","20081001","","20090310","13013"
"19888","01/01/2000 00:00:00","12/31/9999 00:00:00","0","ecl04742","03/29/2018 18:50:00","803001","ecl04742","03/29/2018 18:50:00","803001","山梨の代理店","山梨の代理店","山梨の代理店","山・代理店","ﾔﾏﾅｼ ﾉ ﾀﾞｲﾘﾃﾝ","ﾔﾏﾅｼ","","00000000000","","0000-00-0000","","9","3","","","","","19000101","","19000101",""
"19889","01/01/2000 00:00:00","12/31/9999 00:00:00","0","ecl04742","03/29/2018 18:50:00","803001","ecl04742","03/29/2018 18:50:00","803001","山梨の代理店","山梨の代理店","山梨の代理店","山・代理店","ﾔﾏﾅｼﾉ ﾀﾞｲﾘﾃﾝ","ﾔﾏﾅｼ","","00000000000","","0000-00-0000","","9","3","","","","","19000101","","19000101",""
"20001","01/01/2000 00:00:00","04/14/2024 00:00:00","0","ecld0918","03/29/2018 18:50:00","803001","ecld0918","03/29/2018 18:50:00","803001","岡野薬品（株）","岡野薬品（株）","岡野薬品","岡野","ｵｶﾉ ﾔｸﾋﾝ KK","ｵｶﾉ","390-0814","20202072001","長野県松本市本庄１丁目５－１４","0000-00-0000","","1","3","","","325","040","19000101","","19000101","20001"
"20004","01/01/2000 00:00:00","02/28/2013 00:00:00","0","ecld0918","03/29/2018 18:50:00","803001","ecld0918","03/29/2018 18:50:00","803001","アルフレッサ長野山梨営業部","アルフレッサ長野山梨営業部","アルフレッサ長野山梨","ＡＬ長野山","ｱﾙﾌﾚﾂｻ ﾅｶﾞﾉ ﾔﾏﾅｼ","ALﾅｶﾞﾉﾔﾏﾅｼ","381-2217","20201251004","長野県長野市稲里町中央４丁目４－１２","026-283-6601","","1","1","","5","321","037","19000101","","19000101","13149"
"20004","03/01/2013 00:00:00","03/31/2016 00:00:00","0","ips00025","03/29/2018 18:50:00","803001","ips00025","03/29/2018 18:50:00","803001","アルフレッサ長野山梨営業部","アルフレッサ長野山梨営業部","アルフレッサ長野山梨","ＡＦ長野山","ｱﾙﾌﾚﾂｻ ﾅｶﾞﾉ ﾔﾏﾅｼ","AFﾅｶﾞﾉﾔﾏﾅｼ","381-2217","20201251004","長野県長野市稲里町中央４丁目４－１２","026-283-6601","","1","1","","5","321","037","19000101","","19000101","13149"
"20004","04/01/2016 00:00:00","04/14/2024 00:00:00","0","ips00023","03/29/2018 18:50:00","803001","ips00023","03/29/2018 18:50:00","803001","アルフレッサ（株）長野山梨","アルフレッサ（株）長野山梨","アルフレッサ長野山梨","ＡＦ長野山","ｱﾙﾌﾚﾂｻ ﾅｶﾞﾉ ﾔﾏﾅｼ","AFﾅｶﾞﾉﾔﾏﾅｼ","381-2217","20201251004","長野県長野市稲里町中央４丁目４－１２","026-283-6601","","1","1","","5","321","037","19000101","","19000101","13149"
"20005","01/01/2000 00:00:00","04/14/2024 00:00:00","0","ecld0918","03/29/2018 18:50:00","803001","ecld0918","03/29/2018 18:50:00","803001","鍋林（株）","鍋林（株）","鍋林","鍋林","ﾅﾍﾞﾘﾝ KK","ﾅﾍﾞﾘﾝ","390-0833","20202070000","長野県松本市双葉８ー１０","0000-00-0000","","1","3","","1","324","","19000101","","19000101","20005"
"20010","01/01/2000 00:00:00","03/31/2013 00:00:00","0","ecld0918","03/29/2018 18:50:00","803001","ecld0918","03/29/2018 18:50:00","803001","（株）スズケン　長野営業部","（株）スズケン　長野営業部","スズケン　長野営業部","Ｓ・長野","KK ｽｽﾞｹﾝ ﾅｶﾞﾉ ｴｲｷﾞﾖｳ","ｽｽﾞｹﾝﾅｶﾞﾉ","399-0716","20215008000","長野県塩尻市大字桟敷大字桟敷２１２","0000-00-0000","","1","3","","4","322","041","19000101","","19000101","23049"
"20010","04/01/2013 00:00:00","09/30/2015 00:00:00","0","ips00015","03/29/2018 18:50:00","803001","ips00015","03/29/2018 18:50:00","803001","（株）スズケン　長野営業部","（株）スズケン　長野営業部","スズケン　長野営業部","Ｓ・長野","KK ｽｽﾞｹﾝ ﾅｶﾞﾉ ｴｲｷﾞﾖｳ","ｽｽﾞｹﾝﾅｶﾞﾉ","399-0716","20215008000","長野県塩尻市大字桟敷大字桟敷２１２","0000-00-0000","","1","3","","5","322","041","19000101","","19000101","23049"
"20010","10/01/2015 00:00:00","03/31/2016 00:00:00","0","ips00015","03/29/2018 18:50:00","803001","ips00015","03/29/2018 18:50:00","803001","（株）スズケン　長野営業部","（株）スズケン　長野営業部","スズケン　長野営業部","Ｓ・長野","KK ｽｽﾞｹﾝ ﾅｶﾞﾉ ｴｲｷﾞﾖｳ","ｽｽﾞｹﾝﾅｶﾞﾉ","399-0716","20215008000","長野県塩尻市大字桟敷大字桟敷２１２","0000-00-0000","","1","3","","1","322","041","19000101","","19000101","23049"
"20010","04/01/2016 00:00:00","04/14/2024 00:00:00","0","ips00023","03/29/2018 18:50:00","803001","ips00023","03/29/2018 18:50:00","803001","（株）スズケン長野営業部","（株）スズケン長野営業部","スズケン長野営業部","Ｓ・長野","KK ｽｽﾞｹﾝ ﾅｶﾞﾉ ｴｲｷﾞﾖｳ","ｽｽﾞｹﾝﾅｶﾞﾉ","399-0716","20215008000","長野県塩尻市大字桟敷大字桟敷２１２","0000-00-0000","","1","3","","1","322","041","19000101","","19000101","23049"
"20017","01/01/2000 00:00:00","02/07/2019 00:00:00","0","ecld0918","03/29/2018 18:50:00","803001","ecld0918","03/29/2018 18:50:00","803001","（株）アデックス","（株）アデックス","（株）アデックス","アデックス","KK.ｱﾃﾞﾂｸｽ","ｱﾃﾞﾂｸｽ","399-0032","20202091000","長野県松本市大字芳川村井町９４５　番地４","0263-27-7878","0263-25-6126","1","2","","","999","","19961001","","19960905","23002"
"20022","01/01/2000 00:00:00","03/31/2013 00:00:00","0","ecl07868","03/29/2018 18:50:00","803001","ecl07868","03/29/2018 18:50:00","803001","メディセオ甲信越統括営業部","メディセオ甲信越統括営業部","メディセオ甲信越統括","ＭＣ甲信越","ﾒﾃﾞｲｾｵ ｺｳｼﾝｴﾂﾄｳｶﾂ","MCｺｳｼﾝｴﾂ","399-0000","20202000000","長野県松本市大字笹賀７６００―５５","0000-00-0000","","1","3","","5","327","007","20091001","","20090917","28026"
"20022","04/01/2013 00:00:00","03/31/2016 00:00:00","0","ips00015","03/29/2018 18:50:00","803001","ips00015","03/29/2018 18:50:00","803001","メディセオ甲信越統括営業部","メディセオ甲信越統括営業部","メディセオ甲信越統括","ＭＣ甲信越","ﾒﾃﾞｲｾｵ ｺｳｼﾝｴﾂﾄｳｶﾂ","MCｺｳｼﾝｴﾂ","399-0000","20202000000","長野県松本市大字笹賀７６００―５５","0000-00-0000","","1","3","","1","327","007","20091001","","20090917","28026"
"20022","04/01/2016 00:00:00","04/07/2019 00:00:00","0","ips00023","03/29/2018 18:50:00","803001","ips00023","03/29/2018 18:50:00","803001","（株）メディセオ甲信越統括営業部","メディセオ甲信越統括営業部","メディセオ甲信越統括","ＭＣ甲信越","ﾒﾃﾞｲｾｵ ｺｳｼﾝｴﾂﾄｳｶﾂ","MCｺｳｼﾝｴﾂ","399-0033","20202035000","長野県松本市大字笹賀大字笹賀７６００―５５","0000-00-0000","","1","3","","1","327","007","20091001","","20090917","28026"
"20023","10/01/2013 00:00:00","03/31/2016 00:00:00","0","ecl02796","03/29/2018 18:50:00","803001","ecl02796","03/29/2018 18:50:00","803001","東邦薬品　長野営業部","東邦薬品　長野営業部","東邦　長野営業部","東邦長野","ﾄｳﾎｳﾔｸﾋﾝ ﾅｶﾞﾉｴｲｷﾞﾖｳ","ﾄｳﾎｳﾅｶﾞﾉ","399-0702","20215031000","長野県塩尻市大字広丘野村１９８６","0263-53-3388","0263-53-3366","1","3","","1","324","","20131001","","20131021","13013"
"20023","04/01/2016 00:00:00","04/14/2024 00:00:00","0","ips00023","03/29/2018 18:50:00","803001","ips00023","03/29/2018 18:50:00","803001","東邦薬品（株）長野営業部","東邦薬品（株）長野営業部","東邦薬品長野営業部","東邦長野","ﾄｳﾎｳﾔｸﾋﾝ ﾅｶﾞﾉｴｲｷﾞﾖｳ","ﾄｳﾎｳﾅｶﾞﾉ","399-0702","20215031000","長野県塩尻市大字広丘野村１９８６","0263-53-3388","0263-53-3366","1","3","","1","324","","20131001","","20131021","13013"
"20888","01/01/2000 00:00:00","12/31/9999 00:00:00","0","ecl04742","03/29/2018 18:50:00","803001","ecl04742","03/29/2018 18:50:00","803001","長野の代理店","長野の代理店","長野の代理店","長・代理店","ﾅｶﾞﾉ ﾉ ﾀﾞｲﾘﾃﾝ","ﾅｶﾞﾉ","","00000000000","","0000-00-0000","","9","3","","","","","19000101","","19000101",""
"20889","01/01/2000 00:00:00","12/31/9999 00:00:00","0","ecl04742","03/29/2018 18:50:00","803001","ecl04742","03/29/2018 18:50:00","803001","長野の代理店","長野の代理店","長野の代理店","長・代理店","ﾅｶﾞﾉﾉ ﾀﾞｲﾘﾃﾝ","ﾅｶﾞﾉ","","00000000000","","0000-00-0000","","9","3","","","","","19000101","","19000101",""
"21002","01/01/2000 00:00:00","02/28/2013 00:00:00","0","ecl04291    ","03/29/2018 18:50:00","803001","ecl04291    ","03/29/2018 18:50:00","803001","アルフレッサ日建産業（株）","アルフレッサ日建産業（株）","アルフレッサ日建産業","ＡＬ日建","ｱﾙﾌﾚﾂｻ ﾆﾂｹﾝｻﾝｷﾞﾖｳ KK","ALﾆﾂｹﾝ","500-8281","21201571002","岐阜県岐阜市東鶉２丁目１１５－３","0000-00-0000","","1","3","","5","203","010","19000101","","19000101","13149"
"21002","03/01/2013 00:00:00","03/31/2016 00:00:00","0","ips00025","03/29/2018 18:50:00","803001","ips00025","03/29/2018 18:50:00","803001","アルフレッサ日建産業（株）","アルフレッサ日建産業（株）","アルフレッサ日建産業","ＡＦ日建","ｱﾙﾌﾚﾂｻ ﾆﾂｹﾝｻﾝｷﾞﾖｳ KK","AFﾆﾂｹﾝ","500-8281","21201571002","岐阜県岐阜市東鶉２丁目１１５－３","0000-00-0000","","1","3","","5","203","010","19000101","","19000101","13149"
"21002","04/01/2016 00:00:00","04/14/2019 00:00:00","0","ecl02796","03/29/2018 18:50:00","803001","ecl02796","03/29/2018 18:50:00","803001","アルフレッサ（株）岐阜","アルフレッサ（株）岐阜","アルフレッサ岐阜","ＡＦ岐阜","ｱﾙﾌﾚﾂｻ ｷﾞﾌ","AF ｷﾞﾌ","500-8281","21201571002","岐阜県岐阜市東鶉２丁目１１５－３","0000-00-0000","","1","3","","5","203","010","19000101","","19000101","13149"
"21004","01/01/2000 00:00:00","03/31/2013 00:00:00","0","ecld0918","03/29/2018 18:50:00","803001","ecld0918","03/29/2018 18:50:00","803001","（株）スズケン　岐阜営業部","（株）スズケン　岐阜営業部","スズケン岐阜営業部","Ｓ・岐阜","KK ｽｽﾞｹﾝ ｷﾞﾌｴｲｷﾞﾖｳﾌﾞ","ｽｽﾞｹﾝ ｷﾞﾌ","500-8357","21201737003","岐阜県岐阜市六条大溝３丁目４－１８","0000-00-0000","","1","3","","4","202","012","19000101","","19000101","23049"
"21004","04/01/2013 00:00:00","10/31/2013 00:00:00","0","ips00015","03/29/2018 18:50:00","803001","ips00015","03/29/2018 18:50:00","803001","（株）スズケン　岐阜営業部","（株）スズケン　岐阜営業部","スズケン岐阜営業部","Ｓ・岐阜","KK ｽｽﾞｹﾝ ｷﾞﾌｴｲｷﾞﾖｳﾌﾞ","ｽｽﾞｹﾝ ｷﾞﾌ","500-8357","21201737003","岐阜県岐阜市六条大溝３丁目４－１８","0000-00-0000","","1","3","","5","202","012","19000101","","19000101","23049"
"21004","11/01/2013 00:00:00","03/31/2016 00:00:00","0","ips00015","03/29/2018 18:50:00","803001","ips00015","03/29/2018 18:50:00","803001","（株）スズケン　岐阜営業部","（株）スズケン　岐阜営業部","スズケン岐阜営業部","Ｓ・岐阜","KK ｽｽﾞｹﾝ ｷﾞﾌｴｲｷﾞﾖｳﾌﾞ","ｽｽﾞｹﾝ ｷﾞﾌ","500-8357","21201737003","岐阜県岐阜市六条大溝３丁目４－１８","0000-00-0000","","1","3","","1","202","012","19000101","","19000101","23049"
"21004","04/01/2016 00:00:00","04/14/2019 00:00:00","0","ips00023","03/29/2018 18:50:00","803001","ips00023","03/29/2018 18:50:00","803001","（株）スズケン岐阜営業部","（株）スズケン岐阜営業部","スズケン岐阜営業部","Ｓ・岐阜","KK ｽｽﾞｹﾝ ｷﾞﾌｴｲｷﾞﾖｳﾌﾞ","ｽｽﾞｹﾝ ｷﾞﾌ","500-8357","21201737003","岐阜県岐阜市六条大溝３丁目４－１８","0000-00-0000","","1","3","","1","202","012","19000101","","19000101","23049"
"21888","01/01/2000 00:00:00","02/28/2013 00:00:00","0","","03/29/2018 18:50:00","803001","","03/29/2018 18:50:00","803001","岐阜の代理店","岐阜の代理店","岐阜の代理店","岐・代理店","ｷﾞﾌﾉ ﾀﾞｲﾘﾃﾝ","ｷﾞﾌ","","00000000000","","0000-00-0000","","9","3","","","","","195105","","195105",""
"21888","03/01/2013 00:00:00","12/31/9999 00:00:00","0","ips00015","03/29/2018 18:50:00","803001","ips00015","03/29/2018 18:50:00","803001","岐阜の代理店","岐阜の代理店","岐阜の代理店","岐・代理店","ｷﾞﾌﾉ ﾀﾞｲﾘﾃﾝ","ｷﾞﾌ","","00000000000","","0000-00-0000","","9","3","","","","","19000101","","19000101",""
"21889","01/01/2000 00:00:00","12/31/9999 00:00:00","0","","03/29/2018 18:50:00","803001","","03/29/2018 18:50:00","803001","岐阜の代理店","岐阜の代理店","岐阜の代理店","岐・代理店","ｷﾞﾌﾉ ﾀﾞｲﾘﾃﾝ","ｷﾞﾌ","","00000000000","","0000-00-0000","","9","3","","","","","19000101","","19000101",""
"21890","01/01/2000 00:00:00","03/31/2016 00:00:00","0","ecl02796","03/29/2018 18:50:00","803001","ecl02796","03/29/2018 18:50:00","803001","東邦薬品　岐阜営業部","東邦薬品　岐阜営業部","東邦　岐阜","東邦　岐阜","ﾄｳﾎｳ ｷﾞﾌ","ﾄｳﾎｳ ｷﾞﾌ","500-8283","21201015001","岐阜県岐阜市茜部野瀬１丁目６０","0000-00-0000","","1","3","","1","104","023","20111001","","20110905","13013"
"21890","04/01/2016 00:00:00","04/14/2019 00:00:00","0","ips00023","03/29/2018 18:50:00","803001","ips00023","03/29/2018 18:50:00","803001","東邦薬品（株）岐阜営業部","東邦薬品（株）岐阜営業部","東邦薬品岐阜営業部","東邦岐阜","ﾄｳﾎｳ ｷﾞﾌ","ﾄｳﾎｳ ｷﾞﾌ","500-8283","21201015001","岐阜県岐阜市茜部野瀬１丁目６０","0000-00-0000","","1","3","","1","104","023","20111001","","20110905","13013"
"22002","01/01/2000 00:00:00","03/31/2013 00:00:00","0","ecld0918","03/29/2018 18:50:00","803001","ecld0918","03/29/2018 18:50:00","803001","（株）スズケン静岡営業部","（株）スズケン静岡営業部","スズケン静岡営業部","Ｓ・静岡","KK ｽｽﾞｹﾝ ｼｽﾞｵｶｴｲｷﾞﾖｳ","ｽｽﾞｹﾝｼｽﾞｵｶ","422-8008","22102023000","静岡県静岡市駿河区栗原１９３－１","0000-00-0000","","1","3","","4","401","014","19000101","","19000101","23049"
"22002","04/01/2013 00:00:00","10/31/2013 00:00:00","0","ips00015","03/29/2018 18:50:00","803001","ips00015","03/29/2018 18:50:00","803001","（株）スズケン静岡営業部","（株）スズケン静岡営業部","スズケン静岡営業部","Ｓ・静岡","KK ｽｽﾞｹﾝ ｼｽﾞｵｶｴｲｷﾞﾖｳ","ｽｽﾞｹﾝｼｽﾞｵｶ","422-8008","22102023000","静岡県静岡市駿河区栗原１９３－１","0000-00-0000","","1","3","","5","401","014","19000101","","19000101","23049"
"22002","11/01/2013 00:00:00","04/14/2019 00:00:00","0","ips00015","03/29/2018 18:50:00","803001","ips00015","03/29/2018 18:50:00","803001","（株）スズケン静岡営業部","（株）スズケン静岡営業部","スズケン静岡営業部","Ｓ・静岡","KK ｽｽﾞｹﾝ ｼｽﾞｵｶｴｲｷﾞﾖｳ","ｽｽﾞｹﾝｼｽﾞｵｶ","422-8008","22102023000","静岡県静岡市駿河区栗原１９３－１","0000-00-0000","","1","3","","1","401","014","19000101","","19000101","23049"
"22024","01/01/2000 00:00:00","02/28/2013 00:00:00","0","ecl06228","03/29/2018 18:50:00","803001","ecl06228","03/29/2018 18:50:00","803001","アルフレッサ静岡","アルフレッサ静岡","アルフレッサ静岡","ＡＬ静岡","ｱﾙﾌﾚﾂｻ ｼｽﾞｵｶ","ALｼｽﾞｵｶ","422-8027","22102038003","静岡県静岡市駿河区豊田３丁目８－６","0000-00-0000","","1","3","","5","205","","19981001","","19980925","13149"
"22024","03/01/2013 00:00:00","03/31/2016 00:00:00","0","ips00025","03/29/2018 18:50:00","803001","ips00025","03/29/2018 18:50:00","803001","アルフレッサ静岡","アルフレッサ静岡","アルフレッサ静岡","ＡＦ静岡","ｱﾙﾌﾚﾂｻ ｼｽﾞｵｶ","AF ｼｽﾞｵｶ","422-8027","22102038003","静岡県静岡市駿河区豊田３丁目８－６","0000-00-0000","","1","3","","5","205","","19981001","","19980925","13149"
"22024","04/01/2016 00:00:00","04/14/2019 00:00:00","0","ips00023","03/29/2018 18:50:00","803001","ips00023","03/29/2018 18:50:00","803001","アルフレッサ（株）静岡","アルフレッサ（株）静岡","アルフレッサ静岡","ＡＦ静岡","ｱﾙﾌﾚﾂｻ ｼｽﾞｵｶ","AF ｼｽﾞｵｶ","422-8027","22102038003","静岡県静岡市駿河区豊田３丁目８－６","0000-00-0000","","1","3","","5","205","","19981001","","19980925","13149"
"22888","01/01/2000 00:00:00","02/28/2013 00:00:00","0","ecld0913","03/29/2018 18:50:00","803001","ecld0913","03/29/2018 18:50:00","803001","静岡の代理店","静岡の代理店","静岡の代理店","静・代理店","ｼｽﾞｵｶﾉ ﾀﾞｲﾘﾃﾝ","ｼｽﾞｵｶ","","00000000000","","0000-00-0000","","9","3","","","","","195105","","195105",""
"22888","03/01/2013 00:00:00","12/31/9999 00:00:00","0","ips00015","03/29/2018 18:50:00","803001","ips00015","03/29/2018 18:50:00","803001","静岡の代理店","静岡の代理店","静岡の代理店","静・代理店","ｼｽﾞｵｶﾉ ﾀﾞｲﾘﾃﾝ","ｼｽﾞｵｶ","","00000000000","","0000-00-0000","","9","3","","","","","19000101","","19000101",""
"22889","01/01/2000 00:00:00","12/31/9999 00:00:00","0","ecl04742","03/29/2018 18:50:00","803001","ecl04742","03/29/2018 18:50:00","803001","静岡の代理店","静岡の代理店","静岡の代理店","静・代理店","ｼｽﾞｵｶﾉ ﾀﾞｲﾘﾃﾝ","ｼｽﾞｵｶ","","00000000000","","0000-00-0000","","9","3","","","","","19000101","","19000101",""
"22890","01/01/2000 00:00:00","03/31/2016 00:00:00","0","ecl02796","03/29/2018 18:50:00","803001","ecl02796","03/29/2018 18:50:00","803001","東邦薬品　静岡営業部","東邦薬品　静岡営業部","東邦　静岡","東邦　静岡","ﾄｳﾎｳ ｼｽﾞｵｶ","ﾄｳﾎｳ ｼｽﾞｵｶ","422-8032","22102010002","静岡県静岡市駿河区有東２丁目２－２５","0000-00-0000","","1","3","","1","106","023","20111001","","20110905","13013"
"22890","04/01/2016 00:00:00","04/14/2019 00:00:00","0","ips00023","03/29/2018 18:50:00","803001","ips00023","03/29/2018 18:50:00","803001","東邦薬品（株）静岡営業部","東邦薬品（株）静岡営業部","東邦薬品静岡営業部","東邦静岡","ﾄｳﾎｳ ｼｽﾞｵｶ","ﾄｳﾎｳ ｼｽﾞｵｶ","422-8032","22102010002","静岡県静岡市駿河区有東２丁目２－２５","0000-00-0000","","1","3","","1","106","023","20111001","","20110905","13013"
"23002","01/01/2000 00:00:00","09/30/2017 00:00:00","0","ecld0918","03/29/2018 18:50:00","803001","ecld0918","03/29/2018 18:50:00","803001","中北薬品（株）","中北薬品（株）","中北薬品","中北薬品","ﾅｶｷﾀ ﾔｸﾋﾝ","ﾅｶｷﾀ ﾔｸﾋﾝ","460-0002","23106023003","愛知県名古屋市中区丸の内３丁目５－１５油伊ビル","0000-00-0000","","1","3","","4","104","022","19000101","","19000101","23002"
"23002","10/01/2017 00:00:00","04/14/2019 00:00:00","0","ips00023","03/29/2018 18:50:00","803001","ips00023","03/29/2018 18:50:00","803001","中北薬品（株）","中北薬品（株）","中北薬品","中北薬品","ﾅｶｷﾀ ﾔｸﾋﾝ","ﾅｶｷﾀ ﾔｸﾋﾝ","460-0002","23106023003","愛知県名古屋市中区丸の内３丁目５－１５油伊ビル","0000-00-0000","","1","3","","5","104","022","19000101","","19000101","23002"
"23009","01/01/2000 00:00:00","03/31/2013 00:00:00","0","ecld0918","03/29/2018 18:50:00","803001","ecld0918","03/29/2018 18:50:00","803001","（株）スズケン名古屋営業部","（株）スズケン名古屋営業部","スズケン名古屋営業部","Ｓ・名古屋","KK ｽｽﾞｹﾝ ﾅｺﾞﾔｴｲｷﾞﾖｳﾌ","ｽｽﾞｹﾝ ﾅｺﾞﾔ","461-0015","23102032000","愛知県名古屋市東区東片端町１番地","0000-00-0000","","1","3","","4","101","026","19000101","","19000101","23049"
"23009","04/01/2013 00:00:00","10/31/2013 00:00:00","0","ips00015","03/29/2018 18:50:00","803001","ips00015","03/29/2018 18:50:00","803001","（株）スズケン名古屋営業部","（株）スズケン名古屋営業部","スズケン名古屋営業部","Ｓ・名古屋","KK ｽｽﾞｹﾝ ﾅｺﾞﾔｴｲｷﾞﾖｳﾌ","ｽｽﾞｹﾝ ﾅｺﾞﾔ","461-0015","23102032000","愛知県名古屋市東区東片端町１番地","0000-00-0000","","1","3","","5","101","026","19000101","","19000101","23049"
"23009","11/01/2013 00:00:00","04/19/2018 00:00:00","0","ips00015","03/29/2018 18:50:00","803001","ips00015","03/29/2018 18:50:00","803001","（株）スズケン名古屋営業部","（株）スズケン名古屋営業部","スズケン名古屋営業部","Ｓ・名古屋","KK ｽｽﾞｹﾝ ﾅｺﾞﾔｴｲｷﾞﾖｳﾌ","ｽｽﾞｹﾝ ﾅｺﾞﾔ","461-0015","23102032000","愛知県名古屋市東区東片端町１番地","0000-00-0000","","1","3","","1","101","026","19000101","","19000101","23049"
"23017","01/01/2000 00:00:00","10/31/2012 00:00:00","0","ecld0918","03/29/2018 18:50:00","803001","ecld0918","03/29/2018 18:50:00","803001","シーエス薬品（株）","シーエス薬品（株）","シーエス薬品（株）","シーエス薬","ｼ-ｴｽ ﾔｸﾋﾝ ｶﾌﾞｼｷｶﾞｲｼﾔ","ｼ-ｴｽﾔｸﾋﾝ","460-0002","23106023003","愛知県名古屋市中区丸の内３丁目２－２６","0000-00-0000","","1","2","","","108","027","19000101","","19000101","13149"
"23017","11/01/2012 00:00:00","02/07/2019 00:00:00","0","ecl04321","03/29/2018 18:50:00","803001","ecl04321","03/29/2018 18:50:00","803001","シーエス薬品（株）","シーエス薬品（株）","シーエス薬品（株）","シーエス薬","ｼ-ｴｽ ﾔｸﾋﾝ ｶﾌﾞｼｷｶﾞｲｼﾔ","ｼ-ｴｽﾔｸﾋﾝ","460-0002","23106023003","愛知県名古屋市中区丸の内３丁目２－２６","03-3817-3967","","1","2","","","108","027","19000101","","19000101","13149"
"23049","01/01/2000 00:00:00","10/31/2012 00:00:00","0","ecl94678","03/29/2018 18:50:00","803001","ecl94678","03/29/2018 18:50:00","803001","（株）スズケン","（株）スズケン","（株）スズケン","スズケン","KK ｽｽﾞｹﾝ","ｽｽﾞｹﾝ","060-0906","01103005003","北海道札幌市東区北６条東３丁目１番地","0000-00-0000","","1","3","","","001","026","19980401","","19980325","23049"
"23049","11/01/2012 00:00:00","04/19/2018 00:00:00","0","ecl07868","03/29/2018 18:50:00","803001","ecl07868","03/29/2018 18:50:00","803001","（株）スズケン","（株）スズケン","（株）スズケン","スズケン","KK ｽｽﾞｹﾝ","ｽｽﾞｹﾝ","461-0015","23102032000","愛知県名古屋市東区東片端町１番地　ビジネスサポート仕入課","052-950-6304","","1","3","","","001","026","19980401","","19980325","23049"
"23052","01/01/2000 00:00:00","02/28/2013 00:00:00","0","ecld0918","03/29/2018 18:50:00","803001","ecld0918","03/29/2018 18:50:00","803001","アルフレッサ愛知","アルフレッサ愛知","アルフレッサ愛知","ＡＬ愛知","ｱﾙﾌﾚﾂｻ ｱｲﾁ","AL ｱｲﾁ","462-0844","23103047004","愛知県名古屋市北区清水４丁目１４－１８","0000-00-0000","","1","3","","5","105","","19981001","","19980924","13149"
"23052","03/01/2013 00:00:00","03/31/2016 00:00:00","0","ips00025","03/29/2018 18:50:00","803001","ips00025","03/29/2018 18:50:00","803001","アルフレッサ愛知","アルフレッサ愛知","アルフレッサ愛知","ＡＦ愛知","ｱﾙﾌﾚﾂｻ ｱｲﾁ","AF ｱｲﾁ","462-0844","23103047004","愛知県名古屋市北区清水４丁目１４－１８","0000-00-0000","","1","3","","5","105","","19981001","","19980924","13149"
"23052","04/01/2016 00:00:00","04/14/2019 00:00:00","0","ips00023","03/29/2018 18:50:00","803001","ips00023","03/29/2018 18:50:00","803001","アルフレッサ（株）愛知","アルフレッサ（株）愛知","アルフレッサ愛知","ＡＦ愛知","ｱﾙﾌﾚﾂｻ ｱｲﾁ","AF ｱｲﾁ","462-0844","23103047004","愛知県名古屋市北区清水４丁目１４－１８","0000-00-0000","","1","3","","5","105","","19981001","","19980924","13149"
"23074","01/01/2000 00:00:00","04/14/2020 00:00:00","0","eclbatch","03/29/2018 18:50:00","803001","eclbatch","03/29/2018 18:50:00","803001","スズケン","スズケン","Ｓ","Ｓ","S","S","461-0015","23102032000","愛知県名古屋市東区東片端町１番地","052-953-7498","052-953-6331","1","3","","","117","001","20001205","20050601","20001205",""
"23075","01/01/2000 00:00:00","04/19/2018 00:00:00","0","ecl04321","03/29/2018 18:50:00","803001","ecl04321","03/29/2018 18:50:00","803001","株）スズケン西日本営業部東","株）スズケン西日本営業部東","スズケン西日本　東海","スズケン西","ｽｽﾞｹﾝﾆｼﾆﾎﾝｴｲｷﾞﾖｳﾄｳｶｲ","ｽｽﾞｹﾝﾆｼﾆﾎﾝ","461-0015","23102032000","愛知県名古屋市東区東片端町１番地","052-953-7498","052-953-6331","1","3","","","102","028","20001205","","20001205",""
"23084","01/01/2000 00:00:00","03/31/2016 00:00:00","0","ecl04321","03/29/2018 18:50:00","803001","ecl04321","03/29/2018 18:50:00","803001","（株）Ｐａｌｔａｃ中部支社","（株）Ｐａｌｔａｃ中部支社","Ｐａｌｔａｃ中部支社","ＰＴ中部","KK ﾊﾟﾙﾀﾂｸKS ﾁﾕｳﾌﾞｼｼﾔ","ﾊﾟﾙKSﾁﾕｳﾌﾞ","470-0102","23230021108","愛知県日進市藤島町長塚７４－１５","05617-3-8881","","1","3","","","","","20060914","","20060914","23022"
"23084","04/01/2016 00:00:00","04/19/2018 00:00:00","0","ecl05317","03/29/2018 18:50:00","803001","ecl05317","03/29/2018 18:50:00","803001","（株）ＰＡＬＴＡＣ名古屋支社","ＰＡＬＴＡＣ名古屋支社","ＰＡＬ名古屋支社","ＰＴ名古屋","ﾊﾟﾙﾀﾂｸﾅｺﾞﾔ","ﾊﾟﾙﾅｺﾞﾔﾞ","486-0804","23206074000","愛知県春日井市鷹来町３１８１番地１","0568-86-5660","","1","3","","","","","20060914","","20060914","23022"
"23100","01/01/2000 00:00:00","03/31/2013 00:00:00","0","ecl02796","03/29/2018 18:50:00","803001","ecl02796","03/29/2018 18:50:00","803001","メディセオ東海統括営業部","メディセオ東海統括営業部","メディセオ東海統括","ＭＣ東海","ﾒﾃﾞｲｾｵ ﾄｳｶｲﾄｳｶﾂ","MCﾄｳｶｲ","451-0051","23104060003","愛知県名古屋市西区則武新町３丁目","0000-00-0000","","1","3","","5","110","","20091001","","20100928","28026"
"23100","04/01/2013 00:00:00","03/31/2016 00:00:00","0","ips00015","03/29/2018 18:50:00","803001","ips00015","03/29/2018 18:50:00","803001","メディセオ東海統括営業部","メディセオ東海統括営業部","メディセオ東海統括","ＭＣ東海","ﾒﾃﾞｲｾｵ ﾄｳｶｲﾄｳｶﾂ","MCﾄｳｶｲ","451-0051","23104060003","愛知県名古屋市西区則武新町３丁目","0000-00-0000","","1","3","","1","110","","20091001","","20100928","28026"
"23100","04/01/2016 00:00:00","04/19/2018 00:00:00","0","ips00023","03/29/2018 18:50:00","803001","ips00023","03/29/2018 18:50:00","803001","（株）メディセオ東海統括営業部","メディセオ東海統括営業部","メディセオ東海統括","ＭＣ東海","ﾒﾃﾞｲｾｵ ﾄｳｶｲﾄｳｶﾂ","MCﾄｳｶｲ","451-0051","23104060003","愛知県名古屋市西区則武新町３丁目","0000-00-0000","","1","3","","1","110","","20091001","","20100928","28026"
"23525","01/01/2000 00:00:00","01/13/2021 00:00:00","0","ecl04321","03/29/2018 18:50:00","803001","ecl04321","03/29/2018 18:50:00","803001","（株）井田両国堂　名古屋","（株）井田両国堂　名古屋","井田名古屋","井田名古屋","KK ｲﾀﾞﾘﾖｳｺﾞｸﾄﾞｳ","ｲﾀﾞﾅｺﾞﾔ","465-0045","23115056000","愛知県名古屋市名東区姫若町４０　佐川急便名東ＳＲＣ３Ｆ","052-705-6422","","3","3","","","","","19000101","","19000101","13803"
"23888","01/01/2000 00:00:00","02/28/2013 00:00:00","0","","03/29/2018 18:50:00","803001","","03/29/2018 18:50:00","803001","愛知の代理店","愛知の代理店","愛知の代理店","愛・代理店","ｱｲﾁﾉ ﾀﾞｲﾘﾃﾝ","ｱｲﾁ","","00000000000","","0000-00-0000","","9","3","","","","","195105","","195105",""
"23888","03/01/2013 00:00:00","12/31/9999 00:00:00","0","ips00015","03/29/2018 18:50:00","803001","ips00015","03/29/2018 18:50:00","803001","愛知の代理店","愛知の代理店","愛知の代理店","愛・代理店","ｱｲﾁﾉ ﾀﾞｲﾘﾃﾝ","ｱｲﾁ","","00000000000","","0000-00-0000","","9","3","","","","","19000101","","19000101",""
"23889","01/01/2000 00:00:00","12/31/9999 00:00:00","0","","03/29/2018 18:50:00","803001","","03/29/2018 18:50:00","803001","愛知の代理店","愛知の代理店","愛知の代理店","愛・代理店","ｱｲﾁﾉ ﾀﾞｲﾘﾃﾝ","ｱｲﾁ","","00000000000","","0000-00-0000","","9","3","","","","","19000101","","19000101",""
"23890","01/01/2000 00:00:00","03/31/2016 00:00:00","0","ecl02796","03/29/2018 18:50:00","803001","ecl02796","03/29/2018 18:50:00","803001","東邦薬品　愛知営業部","東邦薬品　愛知営業部","東邦　愛知","東邦　愛知","ﾄｳﾎｳ ｱｲﾁ","ﾄｳﾎｳ ｱｲﾁ","465-0092","23115074003","愛知県名古屋市名東区社台３丁目１２０","0000-00-0000","","1","3","","1","103","023","20111001","","20110905","13013"
"23890","04/01/2016 00:00:00","04/19/2018 00:00:00","0","ips00023","03/29/2018 18:50:00","803001","ips00023","03/29/2018 18:50:00","803001","東邦薬品（株）愛知営業部","東邦薬品（株）愛知営業部","東邦薬品愛知営業部","東邦愛知","ﾄｳﾎｳ ｱｲﾁ","ﾄｳﾎｳ ｱｲﾁ","465-0092","23115074003","愛知県名古屋市名東区社台３丁目１２０","0000-00-0000","","1","3","","1","103","023","20111001","","20110905","13013"
"23891","01/01/2000 00:00:00","04/22/2018 00:00:00","0","ecl05317","03/29/2018 18:50:00","803001","ecl05317","03/29/2018 18:50:00","803001","アルフレッサヘルスケア（株）中部支社","アルフレッサＨＣ中部支社","アルフレッサＨＣ中部","アルフ中部","ｱﾙﾌﾚﾂｻﾍﾙｽｹｱﾁﾕｳﾌﾞ","ｱﾙﾌﾁﾕｳﾌﾞ","452-0822","23104052002","愛知県名古屋市西区中小田井２丁目３番","052-505-1881","","1","2","","","","","20110907","","20110907","13012"
"24002","01/01/2000 00:00:00","03/31/2013 00:00:00","0","ecld0918","03/29/2018 18:50:00","803001","ecld0918","03/29/2018 18:50:00","803001","（株）スズケン　三重営業部","（株）スズケン　三重営業部","スズケン　三重営業部","Ｓ・三重","KK ｽｽﾞｹﾝ ﾐｴｴｲｷﾞﾖｳﾌﾞ","ｽｽﾞｹﾝ ﾐｴ","514-0821","24201236000","三重県津市垂水７５０－２２","0000-00-0000","","1","3","","4","301","030","19000101","","19000101","23049"
"24002","04/01/2013 00:00:00","10/31/2013 00:00:00","0","ips00015","03/29/2018 18:50:00","803001","ips00015","03/29/2018 18:50:00","803001","（株）スズケン　三重営業部","（株）スズケン　三重営業部","スズケン　三重営業部","Ｓ・三重","KK ｽｽﾞｹﾝ ﾐｴｴｲｷﾞﾖｳﾌﾞ","ｽｽﾞｹﾝ ﾐｴ","514-0821","24201236000","三重県津市垂水７５０－２２","0000-00-0000","","1","3","","5","301","030","19000101","","19000101","23049"
"24002","11/01/2013 00:00:00","03/31/2016 00:00:00","0","ips00015","03/29/2018 18:50:00","803001","ips00015","03/29/2018 18:50:00","803001","（株）スズケン　三重営業部","（株）スズケン　三重営業部","スズケン　三重営業部","Ｓ・三重","KK ｽｽﾞｹﾝ ﾐｴｴｲｷﾞﾖｳﾌﾞ","ｽｽﾞｹﾝ ﾐｴ","514-0821","24201236000","三重県津市垂水７５０－２２","0000-00-0000","","1","3","","1","301","030","19000101","","19000101","23049"
"24002","04/01/2016 00:00:00","04/14/2019 00:00:00","0","ips00023","03/29/2018 18:50:00","803001","ips00023","03/29/2018 18:50:00","803001","（株）スズケン三重営業部","（株）スズケン三重営業部","スズケン三重営業部","Ｓ・三重","KK ｽｽﾞｹﾝ ﾐｴｴｲｷﾞﾖｳﾌﾞ","ｽｽﾞｹﾝ ﾐｴ","514-0821","24201236000","三重県津市垂水７５０－２２","0000-00-0000","","1","3","","1","301","030","19000101","","19000101","23049"
"24004","01/01/2000 00:00:00","10/31/2012 00:00:00","0","ecl04321","03/29/2018 18:50:00","803001","ecl04321","03/29/2018 18:50:00","803001","丹平中田（株）東海営業部","丹平中田（株）東海営業部","丹平中田　東海","丹平中田","ﾀﾝﾍﾟｲ ﾅｶﾀ KK","ﾀﾝﾍﾟｲ ﾅｶﾀ","464-0008","23101113001","愛知県名古屋市千種区宮根台１丁目４ー５","0000-00-0000","","1","3","","","","","19000101","","19000101",""
"24004","11/01/2012 00:00:00","02/07/2019 00:00:00","0","ecl04321","03/29/2018 18:50:00","803001","ecl04321","03/29/2018 18:50:00","803001","丹平中田（株）東海営業部","丹平中田（株）東海営業部","丹平中田　東海","丹平中田","ﾀﾝﾍﾟｲ ﾅｶﾀ KK","ﾀﾝﾍﾟｲ ﾅｶﾀ","464-0008","23101113001","愛知県名古屋市千種区宮根台１丁目４ー５","03-3817-3967","","1","3","","","","","19000101","20121121","19000101",""
"24011","01/01/2000 00:00:00","12/31/9999 00:00:00","0","ecld0918","03/29/2018 18:50:00","803001","ecld0918","03/29/2018 18:50:00","803001","神宮薬品（株）","神宮薬品（株）","神宮薬品（株）","神宮薬品","ｼﾞﾝｸﾞｳﾔｸﾋﾝ","ｼﾞﾝｸﾞｳﾔｸﾋﾝ","515-0324","24442010000","三重県多気郡明和町大字金剛坂７７３－８","05965-2-5211","","2","3","2","","","","19930501","","19930423",""
"24012","01/01/2000 00:00:00","02/28/2013 00:00:00","0","ecld0918","03/29/2018 18:50:00","803001","ecld0918","03/29/2018 18:50:00","803001","アルフレッサ三重","アルフレッサ三重","アルフレッサ三重","ＡＬ三重","ｱﾙﾌﾚﾂｻ ﾐｴ","AL ﾐｴ","514-0001","24201014001","三重県津市江戸橋１丁目１３１","0000-00-0000","","1","3","","5","303","","19981001","","19980924","13149"
"24012","03/01/2013 00:00:00","03/31/2016 00:00:00","0","ips00025","03/29/2018 18:50:00","803001","ips00025","03/29/2018 18:50:00","803001","アルフレッサ三重","アルフレッサ三重","アルフレッサ三重","ＡＦ三重","ｱﾙﾌﾚﾂｻ ﾐｴ","AF ﾐｴ","514-0001","24201014001","三重県津市江戸橋１丁目１３１","0000-00-0000","","1","3","","5","303","","19981001","","19980924","13149"
"24012","04/01/2016 00:00:00","04/14/2019 00:00:00","0","ips00023","03/29/2018 18:50:00","803001","ips00023","03/29/2018 18:50:00","803001","アルフレッサ（株）三重","アルフレッサ（株）三重","アルフレッサ三重","ＡＦ三重","ｱﾙﾌﾚﾂｻ ﾐｴ","AF ﾐｴ","514-0001","24201014001","三重県津市江戸橋１丁目１３１","0000-00-0000","","1","3","","5","303","","19981001","","19980924","13149"
"24888","01/01/2000 00:00:00","02/28/2013 00:00:00","0","","03/29/2018 18:50:00","803001","","03/29/2018 18:50:00","803001","三重の代理店","三重の代理店","三重の代理店","三・代理店","ﾐｴﾉ ﾀﾞｲﾘﾃﾝ","ﾐｴ","","00000000000","","0000-00-0000","","9","3","","","","","195105","","195105",""
"24888","03/01/2013 00:00:00","12/31/9999 00:00:00","0","ips00015","03/29/2018 18:50:00","803001","ips00015","03/29/2018 18:50:00","803001","三重の代理店","三重の代理店","三重の代理店","三・代理店","ﾐｴﾉ ﾀﾞｲﾘﾃﾝ","ﾐｴ","","00000000000","","0000-00-0000","","9","3","","","","","19000101","","19000101",""
"24889","01/01/2000 00:00:00","12/31/9999 00:00:00","0","","03/29/2018 18:50:00","803001","","03/29/2018 18:50:00","803001","三重の代理店","三重の代理店","三重の代理店","三・代理店","ﾐｴﾉ ﾀﾞｲﾘﾃﾝ","ﾐｴ","","00000000000","","0000-00-0000","","9","3","","","","","19000101","","19000101",""
"24890","01/01/2000 00:00:00","03/31/2016 00:00:00","0","ecl02796","03/29/2018 18:50:00","803001","ecl02796","03/29/2018 18:50:00","803001","東邦薬品　三重営業部","東邦薬品　三重営業部","東邦　三重","東邦　三重","ﾄｳﾎｳ  ﾐｴ","ﾄｳﾎｳ ﾐｴ","510-0064","24202121001","三重県四日市市新正１丁目１２－１２","0000-00-0000","","1","3","","1","105","023","20111001","","20110905","13013"
"24890","04/01/2016 00:00:00","04/14/2019 00:00:00","0","ips00023","03/29/2018 18:50:00","803001","ips00023","03/29/2018 18:50:00","803001","東邦薬品（株）三重営業部","東邦薬品（株）三重営業部","東邦薬品三重営業部","東邦三重","ﾄｳﾎｳ  ﾐｴ","ﾄｳﾎｳ ﾐｴ","510-0064","24202121001","三重県四日市市新正１丁目１２－１２","0000-00-0000","","1","3","","1","105","023","20111001","","20110905","13013"
"25002","01/01/2000 00:00:00","03/31/2016 00:00:00","0","ecld0918","03/29/2018 18:50:00","803001","ecld0918","03/29/2018 18:50:00","803001","（株）スズケン　滋賀営業部","（株）スズケン　滋賀営業部","スズケン　滋賀","Ｓ・滋賀","KK ｽｽﾞｹﾝ ｼｶﾞｴｲｷﾞﾖｳﾌﾞ","ｽｽﾞｹﾝ ｼｶﾞ","520-2271","25201028001","滋賀県大津市稲津１丁目４－４４","0775-46-3311","0775-46-3321","1","3","","5","394","","19000101","","19000101","23049"
"25002","04/01/2016 00:00:00","04/14/2019 00:00:00","0","ips00023","03/29/2018 18:50:00","803001","ips00023","03/29/2018 18:50:00","803001","（株）スズケン滋賀営業部","（株）スズケン滋賀営業部","スズケン滋賀営業部","Ｓ・滋賀","KK ｽｽﾞｹﾝ ｼｶﾞｴｲｷﾞﾖｳﾌﾞ","ｽｽﾞｹﾝ ｼｶﾞ","520-2271","25201028001","滋賀県大津市稲津１丁目４－４４","0775-46-3311","0775-46-3321","1","3","","5","394","","19000101","","19000101","23049"
"25007","10/01/2016 00:00:00","04/14/2019 00:00:00","0","ECL02796","03/29/2018 18:50:00","803001","ECL02796","03/29/2018 18:50:00","803001","（株）大正堂","（株）大正堂","大正堂","大正堂","ﾀｲｼﾖｳﾄﾞｳ","ﾀｲｼﾖｳﾄﾞｳ","528-0028","25209110000","滋賀県甲賀市水口町城東３－３８","0748-65-3001","0748-65-3007","2","3","2","","090","090","20161001","","20160928","13013"
"25008","05/01/2017 00:00:00","04/14/2019 00:00:00","0","ecl07868","03/29/2018 18:50:00","803001","ecl07868","03/29/2018 18:50:00","803001","東邦薬品（株）滋賀営業部","東邦薬品（株）滋賀営業部","東邦薬品滋賀","東邦滋賀","ﾄｳﾎｳ KK ｼｶﾞ","ﾄｳﾎｳｼｶﾞ","525-0000","25206057001","滋賀県草津市追分１丁目５－１８","077-569-4121","","1","3","","1","399","015","20170401","","20170510","13013"
"25888","01/01/2000 00:00:00","12/31/9999 00:00:00","0","ecl07091","03/29/2018 18:50:00","803001","ecl07091","03/29/2018 18:50:00","803001","滋賀の代理店","滋賀の代理店","滋賀の代理店","滋・代理店","ｼｶﾞﾉ ﾀﾞｲﾘﾃﾝ","ｼｶﾞ","","00000000000","","0000-00-0000","","9","3","","","","","19000101","","19000101",""
"25889","01/01/2000 00:00:00","12/31/9999 00:00:00","0","ecl04742","03/29/2018 18:50:00","803001","ecl04742","03/29/2018 18:50:00","803001","滋賀の代理店","滋賀の代理店","滋賀の代理店","滋・代理店","ｼｶﾞﾉ ﾀﾞｲﾘﾃﾝ","ｼｶﾞ","","00000000000","","0000-00-0000","","9","3","","","","","19000101","","19000101",""
"26008","01/01/2000 00:00:00","02/28/2013 00:00:00","0","ecld0918","03/29/2018 18:50:00","803001","ecld0918","03/29/2018 18:50:00","803001","アルフレッサ京滋","アルフレッサ京滋","アルフレッサ京滋","ＡＬ京滋","ｱﾙﾌﾚﾂｻ ｹｲｼﾞ","ALｹｲｼﾞ","600-8483","26106508902","京都府京都市下京区東堀川通高辻上る吉水町下ル五軒町　３８５","075-361-2111","075-365-0007","1","3","","5","391","005","19000101","","19000101","13149"
"26008","03/01/2013 00:00:00","03/31/2016 00:00:00","0","ips00025","03/29/2018 18:50:00","803001","ips00025","03/29/2018 18:50:00","803001","アルフレッサ京滋","アルフレッサ京滋","アルフレッサ京滋","ＡＦ京滋","ｱﾙﾌﾚﾂｻ ｹｲｼﾞ","AF ｹｲｼﾞ","600-8483","26106508902","京都府京都市下京区東堀川通高辻上る吉水町下ル五軒町　３８５","075-361-2111","075-365-0007","1","3","","5","391","005","19000101","","19000101","13149"
"26008","04/01/2016 00:00:00","04/14/2019 00:00:00","0","ips00023","03/29/2018 18:50:00","803001","ips00023","03/29/2018 18:50:00","803001","アルフレッサ（株）京滋","アルフレッサ（株）京滋","アルフレッサ京滋","ＡＦ京滋","ｱﾙﾌﾚﾂｻ ｹｲｼﾞ","AF ｹｲｼﾞ","600-8483","26106508902","京都府京都市下京区東堀川通高辻上る吉水町下ル五軒町　３８５","075-361-2111","075-365-0007","1","3","","5","391","005","19000101","","19000101","13149"
"26011","01/01/2000 00:00:00","03/31/2016 00:00:00","0","ecld0918","03/29/2018 18:50:00","803001","ecld0918","03/29/2018 18:50:00","803001","（株）スズケン　京都営業部","（株）スズケン　京都営業部","スズケン　京都営業部","Ｓ・京都","KK ｽｽﾞｹﾝ ｷﾖｳﾄｴｲｷﾞﾖｳ","ｽｽﾞｹﾝ ｷﾖｳﾄ","615-0054","26108213000","京都府京都市右京区西院月双町１８","075-313-3211","075-313-2141","1","3","","5","393","","19940720","","19940628","23049"
"26011","04/01/2016 00:00:00","04/14/2019 00:00:00","0","ips00023","03/29/2018 18:50:00","803001","ips00023","03/29/2018 18:50:00","803001","（株）スズケン京都営業部","（株）スズケン京都営業部","スズケン京都営業部","Ｓ・京都","KK ｽｽﾞｹﾝ ｷﾖｳﾄｴｲｷﾞﾖｳ","ｽｽﾞｹﾝ ｷﾖｳﾄ","615-0054","26108213000","京都府京都市右京区西院月双町１８","075-313-3211","075-313-2141","1","3","","5","393","","19940720","","19940628","23049"
"26014","01/01/2000 00:00:00","05/31/2015 00:00:00","0","ecld0918","03/29/2018 18:50:00","803001","ecld0918","03/29/2018 18:50:00","803001","（株）ケーエスケー京滋","（株）ケーエスケー京滋","（株）ＫＳＫ京滋","ＫＳＫ京滋","KK ｹ-ｴｽｹ- ｹｲｼﾞ","KSK ｹｲｼﾞ","604-0000","26104000000","京都府京都市中京区東堀川通丸太町下ル７－７","0000-00-0000","","1","3","","5","395","","19991001","","19990908","27042"
"26014","06/01/2015 00:00:00","04/14/2019 00:00:00","0","ecl07868","03/29/2018 18:50:00","803001","ecl07868","03/29/2018 18:50:00","803001","（株）ケーエスケー京滋","（株）ケーエスケー京滋","ケーエスケー京滋","ＫＳＫ京滋","ｹ-ｴｽｹ- ｹｲｼﾞ","ｹ-ｴｽｹ-ｹｲｼﾞ","604-0000","26104000000","京都府京都市中京区東堀川通丸太町下ル７－７","0000-00-0000","","1","3","","5","395","","19991001","","19990908","27042"
"26023","01/01/2000 00:00:00","03/31/2013 00:00:00","0","ecld0918","03/29/2018 18:50:00","803001","ecld0918","03/29/2018 18:50:00","803001","メディセオ京滋統括営業部","メディセオ京滋統括営業部","メディセオ京滋統括","ＭＣ京滋","ﾒﾃﾞｲｾｵ ｹｲｼﾞ ﾄｳｶﾂ","MCｹｲｼﾞ","604-8436","26104312000","京都府京都市中京区西ノ京下合町","0000-00-0000","","1","3","","5","397","013","20091001","","20090917","28026"
"26023","04/01/2013 00:00:00","03/31/2016 00:00:00","0","ips00015","03/29/2018 18:50:00","803001","ips00015","03/29/2018 18:50:00","803001","メディセオ京滋統括営業部","メディセオ京滋統括営業部","メディセオ京滋統括","ＭＣ京滋","ﾒﾃﾞｲｾｵ ｹｲｼﾞ ﾄｳｶﾂ","MCｹｲｼﾞ","604-8436","26104312000","京都府京都市中京区西ノ京下合町","0000-00-0000","","1","3","","1","397","013","20091001","","20090917","28026"
"26023","04/01/2016 00:00:00","04/07/2019 00:00:00","0","ips00023","03/29/2018 18:50:00","803001","ips00023","03/29/2018 18:50:00","803001","（株）メディセオ京滋統括営業部","メディセオ京滋統括営業部","メディセオ京滋統括","ＭＣ京滋","ﾒﾃﾞｲｾｵ ｹｲｼﾞ ﾄｳｶﾂ","MCｹｲｼﾞ","604-8436","26104312000","京都府京都市中京区西ノ京下合町","0000-00-0000","","1","3","","1","397","013","20091001","","20090917","28026"
"26024","05/01/2017 00:00:00","04/14/2019 00:00:00","0","ecl07868","03/29/2018 18:50:00","803001","ecl07868","03/29/2018 18:50:00","803001","東邦薬品（株）京都営業部","東邦薬品（株）京都営業部","東邦薬品京都","東邦京都","ﾄｳﾎｳ KK ｷﾖｳﾄ","ﾄｳﾎｳｷﾖｳﾄ","612-8412","26109203000","京都府京都市伏見区竹田中川原町３７７","075-646-1211","","1","3","","1","398","014","20170401","","20170510","13013"
"26888","01/01/2000 00:00:00","12/31/9999 00:00:00","0","ecl07091","03/29/2018 18:50:00","803001","ecl07091","03/29/2018 18:50:00","803001","京都の代理店","京都の代理店","京都の代理店","京・代理店","ｷﾖｳﾄﾉ ﾀﾞｲﾘﾃﾝ","ｷﾖｳﾄ","","00000000000","","0000-00-0000","","9","3","","","","","19000101","","19000101",""
"26889","01/01/2000 00:00:00","12/31/9999 00:00:00","0","ecl04742","03/29/2018 18:50:00","803001","ecl04742","03/29/2018 18:50:00","803001","京都の代理店","京都の代理店","京都の代理店","京・代理店","ｷﾖｳﾄﾉ ﾀﾞｲﾘﾃﾝ","ｷﾖｳﾄ","","00000000000","","0000-00-0000","","9","3","","","","","19000101","","19000101",""
"27001","01/01/2000 00:00:00","10/31/2012 00:00:00","0","ecld0918","03/29/2018 18:50:00","803001","ecld0918","03/29/2018 18:50:00","803001","丹平中田（株）西日本営業部","丹平中田（株）西日本営業部","丹平中田　西日本","丹平中田","ﾀﾝﾍﾟｲ ﾅｶﾀ KK","ﾀﾝﾍﾟｲ ﾅｶﾀ","541-0046","27128057001","大阪府大阪市中央区平野町１丁目７－８","0000-00-0000","","1","3","","","999","015","19000101","","19000101",""
"27001","11/01/2012 00:00:00","02/07/2019 00:00:00","0","ecl04321","03/29/2018 18:50:00","803001","ecl04321","03/29/2018 18:50:00","803001","丹平中田（株）西日本営業部","丹平中田（株）西日本営業部","丹平中田　西日本","丹平中田","ﾀﾝﾍﾟｲ ﾅｶﾀ KK","ﾀﾝﾍﾟｲ ﾅｶﾀ","541-0046","27128057001","大阪府大阪市中央区平野町１丁目７－８","03-3817-3967","","1","3","","","999","015","19000101","20121121","19000101",""
"27004","01/01/2000 00:00:00","02/28/2013 00:00:00","0","ecld0918","03/29/2018 18:50:00","803001","ecld0918","03/29/2018 18:50:00","803001","アルフレッサ大阪","アルフレッサ大阪","アルフレッサ大阪","ＡＬ大阪","ｱﾙﾌﾚﾂｻ ｵｵｻｶ","AL ｵｵｻｶ","540-0033","27128028002","大阪府大阪市中央区石町２丁目２－９","0000-00-0000","","1","3","","5","361","001","19000101","","19000101","13149"
"27004","03/01/2013 00:00:00","03/31/2016 00:00:00","0","ips00025","03/29/2018 18:50:00","803001","ips00025","03/29/2018 18:50:00","803001","アルフレッサ大阪","アルフレッサ大阪","アルフレッサ大阪","ＡＦ大阪","ｱﾙﾌﾚﾂｻ ｵｵｻｶ","AF ｵｵｻｶ","540-0033","27128028002","大阪府大阪市中央区石町２丁目２－９","0000-00-0000","","1","3","","5","361","001","19000101","","19000101","13149"
"27004","04/01/2016 00:00:00","04/14/2020 00:00:00","0","ips00023","03/29/2018 18:50:00","803001","ips00023","03/29/2018 18:50:00","803001","アルフレッサ（株）大阪","アルフレッサ（株）大阪","アルフレッサ大阪","ＡＦ大阪","ｱﾙﾌﾚﾂｻ ｵｵｻｶ","AF ｵｵｻｶ","540-0033","27128028002","大阪府大阪市中央区石町２丁目２－９","0000-00-0000","","1","3","","5","361","001","19000101","","19000101","13149"
"27014","01/01/2000 00:00:00","03/31/2016 00:00:00","0","ecld0918","03/29/2018 18:50:00","803001","ecld0918","03/29/2018 18:50:00","803001","（株）スズケン大阪営業部","（株）スズケン大阪営業部","（株）スズケン大阪","Ｓ・大阪","KK ｽｽﾞｹﾝ ｵｵｻｶ ｴｲｷﾞﾖｳ","ｽｽﾞｹﾝ ｵｵｻｶ","541-0045","27128046001","大阪府大阪市中央区道修町１丁目７番１０号　扶桑道修町ビル","0000-00-0000","","1","3","","5","365","008","19000101","","19000101","23049"
"27014","04/01/2016 00:00:00","04/19/2018 00:00:00","0","ips00023","03/29/2018 18:50:00","803001","ips00023","03/29/2018 18:50:00","803001","（株）スズケン大阪営業部","（株）スズケン大阪営業部","スズケン大阪営業部","Ｓ・大阪","KK ｽｽﾞｹﾝ ｵｵｻｶ ｴｲｷﾞﾖｳ","ｽｽﾞｹﾝ ｵｵｻｶ","541-0045","27128046001","大阪府大阪市中央区道修町１丁目７番１０号　扶桑道修町ビル","0000-00-0000","","1","3","","5","365","008","19000101","","19000101","23049"
"27042","01/01/2000 00:00:00","05/31/2015 00:00:00","0","ecl07708","03/29/2018 18:50:00","803001","ecl07708","03/29/2018 18:50:00","803001","（株）ケーエスケー","（株）ケーエスケー","（株）ケーエスケー","ＫＳＫ大阪","KK ｹ-ｴｽｹ-","ｹ-ｴｽｹ-","541-0045","27128046001","大阪府大阪市中央区道修町１丁目５－７","0000-00-0000","","1","3","","5","368","008","19991001","","19990908","27042"
"27042","06/01/2015 00:00:00","02/28/2018 00:00:00","0","ecl04321","03/29/2018 18:50:00","803001","ecl04321","03/29/2018 18:50:00","803001","（株）ケーエスケー","（株）ケーエスケー","ケーエスケー","ＫＳＫ大阪","ｹ-ｴｽｹ-","ｹ-ｴｽｹ-ｵｵｻｶ","541-0045","27128046001","大阪府大阪市中央区道修町１丁目５－７","06-6229-1231","06-6229-1234","1","3","","5","368","008","19991001","","19990908","27042"
"27042","03/01/2018 00:00:00","04/23/2018 00:00:00","0","ecl07189","03/29/2018 18:50:00","803001","ecl07189","03/29/2018 18:50:00","803001","（株）ケーエスケー","（株）ケーエスケー","ケーエスケー","ＫＳＫ大阪","ｹ-ｴｽｹ-","ｹ-ｴｽｹ-ｵｵｻｶ","540-0029","27128063000","大阪府大阪市中央区本町橋１番２０号","06-6946-1352","06-6941-5400","1","3","","5","368","008","19991001","","19990908","27042"
"27068","01/01/2000 00:00:00","10/31/2012 00:00:00","0","ecl04321","03/29/2018 18:50:00","803001","ecl04321","03/29/2018 18:50:00","803001","シーエス薬品（株）関西営業","シーエス薬品（株）関西営業","シーエス関西営業部","ＣＳ関西","ｼ-ｴｽﾔｸﾋﾝｶﾝｻｲｴｲｷﾞﾖｳﾌﾞ","ｼ-ｴｽｶﾝｻｲ","573-0066","27210006000","大阪府枚方市伊加賀西町５２ー１","0000-00-0000","","1","3","","","","","20060705","","20060705",""
"27068","11/01/2012 00:00:00","02/07/2019 00:00:00","0","ecl04321","03/29/2018 18:50:00","803001","ecl04321","03/29/2018 18:50:00","803001","シーエス薬品（株）関西営業","シーエス薬品（株）関西営業","シーエス関西営業部","ＣＳ関西","ｼ-ｴｽﾔｸﾋﾝｶﾝｻｲｴｲｷﾞﾖｳﾌﾞ","ｼ-ｴｽｶﾝｻｲ","573-0066","27210006000","大阪府枚方市伊加賀西町５２ー１","03-3817-3967","","1","3","","","","","20060705","","20060705",""
"27070","01/01/2000 00:00:00","04/22/2018 00:00:00","0","ecld0918","03/29/2018 18:50:00","803001","ecld0918","03/29/2018 18:50:00","803001","（株）Ｐａｌｔａｃ近畿支社","（株）Ｐａｌｔａｃ近畿支社","Ｐａｌｔａｃ近畿支社","ＰＴ近畿","KKﾊﾟﾙﾀﾂｸ ｷﾝｷｼｼﾔ","ﾊﾟﾙｷﾝｷ","541-0058","27128066001","大阪府大阪市中央区南久宝寺町１丁目５－９","06-6262-1286","","1","3","","","","","20060922","","20060922","27071"
"27073","01/01/2000 00:00:00","03/31/2013 00:00:00","0","ecld0918","03/29/2018 18:50:00","803001","ecld0918","03/29/2018 18:50:00","803001","メディセオ大阪・紀和統括","メディセオ大阪・紀和統括","メディセオ大阪・紀和","ＭＣ大・紀","ﾒﾃﾞｲｾｵ ｵｵｻｶ･ｷﾜ ﾄｳｶﾂ","MCｵｵｻｶ･ｷﾜ","531-0071","27127036006","大阪府大阪市北区中津６丁目","0000-00-0000","","1","3","","5","364","006","20091001","","20090917","28026"
"27073","04/01/2013 00:00:00","09/30/2025 00:00:00","0","ips00015","03/29/2018 18:50:00","803001","ips00015","03/29/2018 18:50:00","803001","メディセオ大阪・紀和統括","メディセオ大阪・紀和統括","メディセオ大阪・紀和","ＭＣ大・紀","ﾒﾃﾞｲｾｵ ｵｵｻｶ･ｷﾜ ﾄｳｶﾂ","MCｵｵｻｶ･ｷﾜ","531-0071","27127036006","大阪府大阪市北区中津６丁目","0000-00-0000","","1","3","","1","364","006","20091001","","20090917","28026"
"27074","01/01/2000 00:00:00","03/31/2013 00:00:00","0","ecl02796","03/29/2018 18:50:00","803001","ecl02796","03/29/2018 18:50:00","803001","メディセオ大阪・紀和統括","メディセオ大阪・紀和統括","メディセオ大阪・紀和","ＭＣ大・紀","ﾒﾃﾞｲｾｵ ｵｵｻｶ･ｷﾜ ﾄｳｶﾂ","MCｵｵｻｶ･ｷﾜ","531-0071","27127036006","大阪府大阪市北区中津６丁目","0000-00-0000","","1","3","","5","364","006","20091001","","20100928","28026"
"27074","04/01/2013 00:00:00","03/31/2016 00:00:00","0","ips00015","03/29/2018 18:50:00","803001","ips00015","03/29/2018 18:50:00","803001","メディセオ大阪・紀和統括","メディセオ大阪・紀和統括","メディセオ大阪・紀和","ＭＣ大・紀","ﾒﾃﾞｲｾｵ ｵｵｻｶ･ｷﾜ ﾄｳｶﾂ","MCｵｵｻｶ･ｷﾜ","531-0071","27127036006","大阪府大阪市北区中津６丁目","0000-00-0000","","1","3","","1","364","006","20091001","","20100928","28026"
"27074","04/01/2016 00:00:00","04/14/2019 00:00:00","0","ips00023","03/29/2018 18:50:00","803001","ips00023","03/29/2018 18:50:00","803001","（株）メディセオ大阪・紀和統括営業部","メディセオ大阪・紀和統括","メディセオ大阪・紀和","ＭＣ大・紀","ﾒﾃﾞｲｾｵ ｵｵｻｶ･ｷﾜ ﾄｳｶﾂ","MCｵｵｻｶ･ｷﾜ","531-0071","27127036006","大阪府大阪市北区中津６丁目","0000-00-0000","","1","3","","1","364","006","20091001","","20100928","28026"
"27086","01/01/2000 00:00:00","03/31/2016 00:00:00","0","ecld0918","03/29/2018 18:50:00","803001","ecld0918","03/29/2018 18:50:00","803001","合同東邦（株）","合同東邦（株）","合同東邦（株）","合同東邦","ｺﾞｳﾄﾞｳ ﾄｳﾎｳ KK","ｺﾞｳﾄﾞｳﾄｳﾎｳ","547-0002","27126009003","大阪府大阪市平野区加美東３丁目２ー２１","0000-00-0000","","1","3","","5","371","","19000101","","19000101","13013"
"27086","04/01/2016 00:00:00","03/31/2017 00:00:00","0","ips00023","03/29/2018 18:50:00","803001","ips00023","03/29/2018 18:50:00","803001","合同東邦（株）","合同東邦（株）","合同東邦","合同東邦","ｺﾞｳﾄﾞｳ ﾄｳﾎｳ KK","ｺﾞｳﾄﾞｳﾄｳﾎｳ","547-0002","27126009003","大阪府大阪市平野区加美東３丁目２ー２１","0000-00-0000","","1","3","","5","371","","19000101","","19000101","13013"
"27086","04/01/2017 00:00:00","04/30/2017 00:00:00","0","ecl05376","03/29/2018 18:50:00","803001","ecl05376","03/29/2018 18:50:00","803001","東邦薬品（株）関西","東邦薬品（株）関西","東邦薬品関西","東邦関西","ﾄｳﾎｳ KK ｶﾝｻｲ","ﾄｳﾎｳｶﾝｻｲ","547-0002","27126009003","大阪府大阪市平野区加美東３丁目２ー２１","0000-00-0000","","1","3","","5","371","","19000101","","19000101","13013"
"27086","05/01/2017 00:00:00","04/14/2019 00:00:00","0","ecl07868","03/29/2018 18:50:00","803001","ecl07868","03/29/2018 18:50:00","803001","東邦薬品（株）大阪営業部","東邦薬品（株）大阪営業部","東邦薬品大阪営業部","東邦大阪","ﾄｳﾎｳ KK ｵｵｻｶｴｲｷﾞﾖｳﾌﾞ","ﾄｳﾎｳｵｵｻｶ","557-0022","27122025003","大阪府大阪市西成区中開３丁目６－２９","06-4392-5611","","1","3","","1","371","","19000101","","19000101","13013"
"27091","11/01/2015 00:00:00","10/08/2020 00:00:00","0","ecl05317","03/29/2018 18:50:00","803001","ecl05317","03/29/2018 18:50:00","803001","（株）井田両国堂　千里店","（株）井田両国堂　千里店","井田両国堂　千里店","井田　千里","ｲﾀﾞ","ｲﾀﾞ","567-0057","27211095005","大阪府茨木市豊川５丁目５５５番１号　佐川急便千里ＳＲＣ内　６階","072-643-4111","072-643-1444","3","3","","","","","20151111","","20151111","13803"
"27803","01/01/2000 00:00:00","04/22/2018 00:00:00","0","ecl04321","03/29/2018 18:50:00","803001","ecl04321","03/29/2018 18:50:00","803001","（株）Ｐａｌｔａｃ近畿","（株）Ｐａｌｔａｃ近畿","Ｐａｌｔａｃ近畿","ＰＴ近畿","KKﾊﾟﾙﾀﾂｸ ｷﾝｷ","ﾊﾟﾙｷﾝｷ","541-0058","27128066001","大阪府大阪市中央区南久宝寺町１丁目５－９","06-6262-1286","","1","3","","","","","19000101","","19000101",""
"27806","01/01/2000 00:00:00","01/13/2021 00:00:00","0","ecl04321","03/29/2018 18:50:00","803001","ecl04321","03/29/2018 18:50:00","803001","（株）井田両国堂大阪","（株）井田両国堂大阪","井田　大阪","井田大阪","KK ｲﾀﾞﾘﾖｳｺﾞｸﾄﾞｳ","ｲﾀﾞｵｵｻｶ","554-0024","27104008004","大阪府大阪市此花区島屋４丁目４－５１　佐川急便此花ＳＲＣ　５Ｆ","06-6460-1388","06-6460-1389","3","3","","","","","19000101","","19000101","13803"
"27888","01/01/2000 00:00:00","02/28/2013 00:00:00","0","","03/29/2018 18:50:00","803001","","03/29/2018 18:50:00","803001","大阪の代理店","大阪の代理店","大阪の代理店","大・代理店","ｵｵｻｶﾉ ﾀﾞｲﾘﾃﾝ","ｵｵｻｶ","","00000000000","","0000-00-0000","","9","3","","","","","195105","","195105",""
"27888","03/01/2013 00:00:00","12/31/9999 00:00:00","0","ips00015","03/29/2018 18:50:00","803001","ips00015","03/29/2018 18:50:00","803001","大阪の代理店","大阪の代理店","大阪の代理店","大・代理店","ｵｵｻｶﾉ ﾀﾞｲﾘﾃﾝ","ｵｵｻｶ","","00000000000","","0000-00-0000","","9","3","","","","","19000101","","19000101",""
"27889","01/01/2000 00:00:00","12/31/9999 00:00:00","0","","03/29/2018 18:50:00","803001","","03/29/2018 18:50:00","803001","大阪の代理店","大阪の代理店","大阪の代理店","大・代理店","ｵｵｻｶﾉ ﾀﾞｲﾘﾃﾝ","ｵｵｻｶ","","00000000000","","0000-00-0000","","9","3","","","","","19000101","","19000101",""
"27890","01/01/2000 00:00:00","04/22/2018 00:00:00","0","ecl05317","03/29/2018 18:50:00","803001","ecl05317","03/29/2018 18:50:00","803001","アルフレッサヘルスケア（株）関西支社","アルフレッサＨＣ関西支社","アルフレッサＨＣ関西","アルフ関西","ｱﾙﾌﾚﾂｻﾍﾙｽｹｱｶﾝｻｲ","ｱﾙﾌｶﾝｻｲ","573-0066","27210006000","大阪府枚方市伊加賀西町５２ー１","0000-00-0000","","1","2","","","","","20110907","","20110907","13012"
"28008","01/01/2000 00:00:00","02/28/2013 00:00:00","0","ecld0918","03/29/2018 18:50:00","803001","ecld0918","03/29/2018 18:50:00","803001","アルフレッサ兵庫","アルフレッサ兵庫","アルフレッサ兵庫","ＡＬ兵庫","ｱﾙﾌﾚﾂｻ ﾋﾖｳｺﾞ","AL ﾋﾖｳｺﾞ","658-0027","28101007003","兵庫県神戸市東灘区青木３丁目１ー４０","0000-00-0000","","1","3","","5","380","004","19000101","","19000101","13149"
"28008","03/01/2013 00:00:00","03/31/2016 00:00:00","0","ips00025","03/29/2018 18:50:00","803001","ips00025","03/29/2018 18:50:00","803001","アルフレッサ兵庫","アルフレッサ兵庫","アルフレッサ兵庫","ＡＦ兵庫","ｱﾙﾌﾚﾂｻ ﾋﾖｳｺﾞ","AF ﾋﾖｳｺﾞ","658-0027","28101007003","兵庫県神戸市東灘区青木３丁目１ー４０","0000-00-0000","","1","3","","5","380","004","19000101","","19000101","13149"
"28008","04/01/2016 00:00:00","04/23/2018 00:00:00","0","ips00023","03/29/2018 18:50:00","803001","ips00023","03/29/2018 18:50:00","803001","アルフレッサ（株）兵庫","アルフレッサ（株）兵庫","アルフレッサ兵庫","ＡＦ兵庫","ｱﾙﾌﾚﾂｻ ﾋﾖｳｺﾞ","AF ﾋﾖｳｺﾞ","658-0027","28101007003","兵庫県神戸市東灘区青木３丁目１ー４０","0000-00-0000","","1","3","","5","380","004","19000101","","19000101","13149"
"28022","01/01/2000 00:00:00","03/31/2016 00:00:00","0","ecld0918","03/29/2018 18:50:00","803001","ecld0918","03/29/2018 18:50:00","803001","（株）スズケン兵庫営業部","（株）スズケン兵庫営業部","（株）スズケン兵庫","Ｓ・兵庫","KK ｽｽﾞｹﾝ ﾋﾖｳｺﾞｴｲｷﾞﾖｳ","ｽｽﾞｹﾝﾋﾖｳｺﾞ","650-0045","28110065001","兵庫県神戸市中央区港島１丁目４番２号","0000-00-0000","","1","3","","5","383","","19990401","","19990309","23049"
"28022","04/01/2016 00:00:00","04/14/2019 00:00:00","0","ips00023","03/29/2018 18:50:00","803001","ips00023","03/29/2018 18:50:00","803001","（株）スズケン兵庫営業部","（株）スズケン兵庫営業部","スズケン兵庫営業部","Ｓ・兵庫","KK ｽｽﾞｹﾝ ﾋﾖｳｺﾞｴｲｷﾞﾖｳ","ｽｽﾞｹﾝﾋﾖｳｺﾞ","650-0045","28110065001","兵庫県神戸市中央区港島１丁目４番２号","0000-00-0000","","1","3","","5","383","","19990401","","19990309","23049"
"28023","01/01/2000 00:00:00","05/31/2015 00:00:00","0","ecld0918","03/29/2018 18:50:00","803001","ecld0918","03/29/2018 18:50:00","803001","（株）ケーエスケー兵庫","（株）ケーエスケー兵庫","（株）ＫＳＫ兵庫","ＫＳＫ兵庫","KK ｹ-ｴｽｹ- ﾋﾖｳｺﾞ","KSK ﾋﾖｳｺﾞ","657-0845","28102009002","兵庫県神戸市灘区岩屋中町２丁目２－１","0000-00-0000","","1","3","","5","382","011","19991001","","19990908","27042"
"28023","06/01/2015 00:00:00","04/23/2018 00:00:00","0","ecl07868","03/29/2018 18:50:00","803001","ecl07868","03/29/2018 18:50:00","803001","（株）ケーエスケー兵庫","（株）ケーエスケー兵庫","ケーエスケー兵庫","ＫＳＫ兵庫","ｹ-ｴｽｹ- ﾋﾖｳｺﾞ","ｹ-ｴｽｹ- ﾋﾖｳ","657-0845","28102009002","兵庫県神戸市灘区岩屋中町２丁目２－１","0000-00-0000","","1","3","","5","382","011","19991001","","19990908","27042"
"28026","01/01/2000 00:00:00","07/31/2017 00:00:00","0","ecl04904","03/29/2018 18:50:00","803001","ecl04904","03/29/2018 18:50:00","803001","（株）メディセオ","（株）メディセオ","（株）メディセオ","ＭＣ","KK ﾒﾃﾞｲｾｵ","ﾒﾃﾞｲｾｵ","651-0084","28110007003","兵庫県神戸市中央区磯辺通３丁目１－７　コンコルディア神戸ビル買掛管理部","0000-00-0000","","1","3","","","381","007","20000401","","20000323","28026"
"28026","08/01/2017 00:00:00","10/08/2020 00:00:00","0","ECL05376","03/29/2018 18:50:00","803001","ECL05376","03/29/2018 18:50:00","803001","（株）メディセオ","（株）メディセオ","（株）メディセオ","ＭＣ","KK ﾒﾃﾞｲｾｵ","ﾒﾃﾞｲｾｵ","650-0003","28110073002","兵庫県神戸市中央区山本通２丁目１４番１号　買掛管理Ｇ","078-230-5208","078-230-5782","1","3","","","381","007","20000401","","20000323","28026"
"28036","01/01/2000 00:00:00","03/31/2013 00:00:00","0","ecl07868","03/29/2018 18:50:00","803001","ecl07868","03/29/2018 18:50:00","803001","メディセオ兵庫統括営業部","メディセオ兵庫統括営業部","メディセオ兵庫統括","ＭＣ兵庫","ﾒﾃﾞｲｾｵ ﾋﾖｳｺﾞ ﾄｳｶﾂ","MCﾋﾖｳｺﾞ","650-0003","28110073002","兵庫県神戸市中央区山本通２丁目","0000-00-0000","","1","3","","5","381","006","20091001","","20090917","28026"
"28036","04/01/2013 00:00:00","03/31/2016 00:00:00","0","ips00015","03/29/2018 18:50:00","803001","ips00015","03/29/2018 18:50:00","803001","メディセオ兵庫統括営業部","メディセオ兵庫統括営業部","メディセオ兵庫統括","ＭＣ兵庫","ﾒﾃﾞｲｾｵ ﾋﾖｳｺﾞ ﾄｳｶﾂ","MCﾋﾖｳｺﾞ","650-0003","28110073002","兵庫県神戸市中央区山本通２丁目","0000-00-0000","","1","3","","1","381","006","20091001","","20090917","28026"
"28036","04/01/2016 00:00:00","04/14/2019 00:00:00","0","ips00023","03/29/2018 18:50:00","803001","ips00023","03/29/2018 18:50:00","803001","（株）メディセオ兵庫統括営業部","メディセオ兵庫統括営業部","メディセオ兵庫統括","ＭＣ兵庫","ﾒﾃﾞｲｾｵ ﾋﾖｳｺﾞ ﾄｳｶﾂ","MCﾋﾖｳｺﾞ","650-0003","28110073002","兵庫県神戸市中央区山本通２丁目","0000-00-0000","","1","3","","1","381","006","20091001","","20090917","28026"
"28037","05/01/2017 00:00:00","04/14/2019 00:00:00","0","ecl07868","03/29/2018 18:50:00","803001","ecl07868","03/29/2018 18:50:00","803001","東邦薬品（株）兵庫営業部","東邦薬品（株）兵庫営業部","東邦薬品兵庫","東邦兵庫","ﾄｳﾎｳ KKﾋﾖｳｺﾞ","ﾄｳﾎｳﾋﾖｳｺﾞ","663-8132","28204243001","兵庫県西宮市東鳴尾町１丁目６－２０","0798-44-0411","","1","3","","1","384","007","20170401","","20170510","13013"
"28888","01/01/2000 00:00:00","12/31/9999 00:00:00","0","ecld0908","03/29/2018 18:50:00","803001","ecld0908","03/29/2018 18:50:00","803001","兵庫の代理店","兵庫の代理店","兵庫の代理店","兵・代理店","ﾋﾖｳｺﾞﾉ ﾀﾞｲﾘﾃﾝ","ﾋﾖｳｺﾞ","","00000000000","","0000-00-0000","","9","3","","","","","19000101","","19000101",""
"28889","01/01/2000 00:00:00","12/31/9999 00:00:00","0","ecld0908","03/29/2018 18:50:00","803001","ecld0908","03/29/2018 18:50:00","803001","兵庫の代理店","兵庫の代理店","兵庫の代理店","兵・代理店","ﾋﾖｳｺﾞﾉ ﾀﾞｲﾘﾃﾝ","ﾋﾖｳｺﾞ","","00000000000","","0000-00-0000","","9","3","","","","","19000101","","19000101",""
"29005","01/01/2000 00:00:00","02/07/2019 00:00:00","0","ecl02796","03/29/2018 18:50:00","803001","ecl02796","03/29/2018 18:50:00","803001","（株）神田大薬局","（株）神田大薬局","神田大薬局","神田","KK ｶﾝﾀﾞﾀﾞｲ ﾔﾂｷﾖｸ","ｶﾝﾀﾞﾀﾞｲ","632-0004","29204004000","奈良県天理市櫟本町２４００","0743-65-0086","","1","3","","","999","999","20120201","","20120201",""
"29010","01/01/2000 00:00:00","02/28/2013 00:00:00","0","ecl01339","03/29/2018 18:50:00","803001","ecl01339","03/29/2018 18:50:00","803001","アルフレッサ奈良","アルフレッサ奈良","アルフレッサ奈良","ＡＬ奈良","ｱﾙﾌﾚﾂｻ ﾅﾗ","AL ﾅﾗ","630-8444","29201024000","奈良県奈良市今市町３ー６０ー１","0000-00-0000","","1","3","","","362","002","19000101","","19000101","13149"
"29010","03/01/2013 00:00:00","10/08/2020 00:00:00","0","ips00025","03/29/2018 18:50:00","803001","ips00025","03/29/2018 18:50:00","803001","アルフレッサ奈良","アルフレッサ奈良","アルフレッサ奈良","ＡＦ奈良","ｱﾙﾌﾚﾂｻ ﾅﾗ","AF ﾅﾗ","630-8444","29201024000","奈良県奈良市今市町３ー６０ー１","0000-00-0000","","1","3","","","362","002","19000101","","19000101","13149"
"29012","01/01/2000 00:00:00","03/31/2016 00:00:00","0","ecld0918","03/29/2018 18:50:00","803001","ecld0918","03/29/2018 18:50:00","803001","（株）スズケン奈良営業部","（株）スズケン奈良営業部","（株）スズケン奈良","Ｓ・奈良","KK ｽｽﾞｹﾝ ﾅﾗｴｲｷﾞﾖｳﾌﾞ","ｽｽﾞｹﾝ ﾅﾗ","630-8452","29201085002","奈良県奈良市北之庄西町２丁目１０－６","0000-00-0000","","1","3","","5","366","","19000101","","19000101","23049"
"29012","04/01/2016 00:00:00","04/19/2018 00:00:00","0","ips00023","03/29/2018 18:50:00","803001","ips00023","03/29/2018 18:50:00","803001","（株）スズケン奈良営業部","（株）スズケン奈良営業部","スズケン奈良営業部","Ｓ・奈良","KK ｽｽﾞｹﾝ ﾅﾗｴｲｷﾞﾖｳﾌﾞ","ｽｽﾞｹﾝ ﾅﾗ","630-8452","29201085002","奈良県奈良市北之庄西町２丁目１０－６","0000-00-0000","","1","3","","5","366","","19000101","","19000101","23049"
"29015","01/01/2000 00:00:00","02/28/2013 00:00:00","0","ecld0918","03/29/2018 18:50:00","803001","ecld0918","03/29/2018 18:50:00","803001","アルフレッサ紀和","アルフレッサ紀和","アルフレッサ紀和","ＡＬ紀和","ｱﾙﾌﾚﾂｻ ｷﾜ","AL ｷﾜ","630-8444","29201024000","奈良県奈良市今市町６０ー１","0000-00-0000","","1","3","","5","362","002","20100401","","20100310","13149"
"29015","03/01/2013 00:00:00","03/31/2016 00:00:00","0","ips00025","03/29/2018 18:50:00","803001","ips00025","03/29/2018 18:50:00","803001","アルフレッサ紀和","アルフレッサ紀和","アルフレッサ紀和","ＡＦ紀和","ｱﾙﾌﾚﾂｻ ｷﾜ","AF ｷﾜ","630-8444","29201024000","奈良県奈良市今市町６０ー１","0000-00-0000","","1","3","","5","362","002","20100401","","20100310","13149"
"29015","04/01/2016 00:00:00","04/14/2019 00:00:00","0","ips00023","03/29/2018 18:50:00","803001","ips00023","03/29/2018 18:50:00","803001","アルフレッサ（株）紀和","アルフレッサ（株）紀和","アルフレッサ紀和","ＡＦ紀和","ｱﾙﾌﾚﾂｻ ｷﾜ","AF ｷﾜ","630-8444","29201024000","奈良県奈良市今市町６０ー１","0000-00-0000","","1","3","","5","362","002","20100401","","20100310","13149"
"29016","05/01/2017 00:00:00","04/14/2019 00:00:00","0","ecl07868","03/29/2018 18:50:00","803001","ecl07868","03/29/2018 18:50:00","803001","東邦薬品（株）奈良営業部","東邦薬品（株）奈良営業部","東邦薬品奈良","東邦奈良","ﾄｳﾎｳ KK ﾅﾗ","ﾄｳﾎｳﾅﾗ","630-8445","29201020000","奈良県奈良市池田町２１０－４","0742-61-2600","","1","3","","1","372","016","20170401","","20170510","13013"
"29888","01/01/2000 00:00:00","02/28/2013 00:00:00","0","","03/29/2018 18:50:00","803001","","03/29/2018 18:50:00","803001","奈良の代理店","奈良の代理店","奈良の代理店","奈・代理店","ﾅﾗﾉ ﾀﾞｲﾘﾃﾝ","ﾅﾗ","","00000000000","","0000-00-0000","","9","3","","","","","195105","","195105",""
"29888","03/01/2013 00:00:00","12/31/9999 00:00:00","0","ips00015","03/29/2018 18:50:00","803001","ips00015","03/29/2018 18:50:00","803001","奈良の代理店","奈良の代理店","奈良の代理店","奈・代理店","ﾅﾗﾉ ﾀﾞｲﾘﾃﾝ","ﾅﾗ","","00000000000","","0000-00-0000","","9","3","","","","","19000101","","19000101",""
"29889","01/01/2000 00:00:00","12/31/9999 00:00:00","0","","03/29/2018 18:50:00","803001","","03/29/2018 18:50:00","803001","奈良の代理店","奈良の代理店","奈良の代理店","奈・代理店","ﾅﾗﾉ ﾀﾞｲﾘﾃﾝ","ﾅﾗ","","00000000000","","0000-00-0000","","9","3","","","","","19000101","","19000101",""
"30008","01/01/2000 00:00:00","02/28/2013 00:00:00","0","ecl01339","03/29/2018 18:50:00","803001","ecl01339","03/29/2018 18:50:00","803001","アルフレッサ和歌山","アルフレッサ和歌山","アルフレッサ和歌山","ＡＬ和歌山","ｱﾙﾌﾚﾂｻ ﾜｶﾔﾏ","AL ﾜｶﾔﾏ","641-0011","30201314000","和歌山県和歌山市三葛字坂口５２９","0000-00-0000","","1","3","","","363","003","19000101","","19000101","13149"
"30008","03/01/2013 00:00:00","10/08/2020 00:00:00","0","ips00025","03/29/2018 18:50:00","803001","ips00025","03/29/2018 18:50:00","803001","アルフレッサ和歌山","アルフレッサ和歌山","アルフレッサ和歌山","ＡＦ和歌山","ｱﾙﾌﾚﾂｻ ﾜｶﾔﾏ","AF ﾜｶﾔﾏ","641-0011","30201314000","和歌山県和歌山市三葛字坂口５２９","0000-00-0000","","1","3","","","363","003","19000101","","19000101","13149"
"30016","01/01/2000 00:00:00","05/31/2015 00:00:00","0","ecld0918","03/29/2018 18:50:00","803001","ecld0918","03/29/2018 18:50:00","803001","ケーエスケー紀和営業部","ケーエスケー紀和営業部","ＫＳＫ紀和営業部","ＫＳＫ紀和","ｹ-ｴｽｹ- ｷﾜ ｴｲｷﾞﾖｳﾌﾞ","KSK ｷﾜ","641-0036","30201247000","和歌山県和歌山市西浜","0000-00-0000","","1","3","","5","369","009","20090401","","20090327","27042"
"30016","06/01/2015 00:00:00","09/30/2015 00:00:00","0","ecl07868","03/29/2018 18:50:00","803001","ecl07868","03/29/2018 18:50:00","803001","ケーエスケー紀和営業部","ケーエスケー紀和営業部","ケーエスケー紀和","ＫＳＫ紀和","ｹ-ｴｽｹ- ｷﾜ","ｹ-ｴｽｹ- ｷﾜ","641-0036","30201247000","和歌山県和歌山市西浜","0000-00-0000","","1","3","","5","369","009","20090401","","20090327","27042"
"30016","10/01/2015 00:00:00","03/31/2016 00:00:00","0","ecl07868","03/29/2018 18:50:00","803001","ecl07868","03/29/2018 18:50:00","803001","ケーエスケー紀和営業部","ケーエスケー紀和営業部","ケーエスケー紀和","ＫＳＫ紀和","ｹ-ｴｽｹ- ｷﾜ","ｹ-ｴｽｹ- ｷﾜ","641-0036","30201247000","和歌山県和歌山市西浜","0000-00-0000","","1","3","","1","369","009","20090401","","20090327","27042"
"30016","04/01/2016 00:00:00","04/23/2018 00:00:00","0","ips00023","03/29/2018 18:50:00","803001","ips00023","03/29/2018 18:50:00","803001","（株）ケーエスケー紀和","（株）ケーエスケー紀和","ケーエスケー紀和","ＫＳＫ紀和","ｹ-ｴｽｹ- ｷﾜ","ｹ-ｴｽｹ- ｷﾜ","641-0036","30201247000","和歌山県和歌山市西浜","0000-00-0000","","1","3","","1","369","009","20090401","","20090327","27042"
"30017","02/01/2016 00:00:00","02/07/2019 00:00:00","0","ecl02796","03/29/2018 18:50:00","803001","ecl02796","03/29/2018 18:50:00","803001","（株）ナカヤマ","（株）ナカヤマ","（株）ナカヤマ","ナカヤマ","KKﾅｶﾔﾏ","ﾅｶﾔﾏ","640-8316","30201008000","和歌山県和歌山市有家８８－８","073-471-5294","","2","3","2","","375","","20160201","","20160205","13013"
"30018","05/01/2017 00:00:00","04/14/2019 00:00:00","0","ecl07868","03/29/2018 18:50:00","803001","ecl07868","03/29/2018 18:50:00","803001","東邦薬品（株）和歌山営業部","東邦薬品（株）和歌山営業部","東邦薬品和歌山","東邦和歌山","ﾄｳﾎｳ KK ﾜｶﾔﾏ","ﾄｳﾎｳﾜｶﾔﾏ","649-6322","30201378000","和歌山県和歌山市和佐関戸５１３－１","073-465-4590","","1","3","","1","373","017","20170401","","20170510","13013"
"30502","01/01/2000 00:00:00","03/31/2016 00:00:00","0","ecld0918","03/29/2018 18:50:00","803001","ecld0918","03/29/2018 18:50:00","803001","（株）スズケン和歌山営業部","（株）スズケン和歌山営業部","（株）スズケン和歌山","Ｓ・和歌山","KK ｽｽﾞｹﾝ ﾜｶﾔﾏｴｲｷﾞﾖｳ","ｽｽﾞｹﾝﾜｶﾔﾏ","640-8443","30201256000","和歌山県和歌山市延時字立堀２５","0000-00-0000","","1","3","","5","367","","19000101","","19000101","23049"
"30502","04/01/2016 00:00:00","04/19/2018 00:00:00","0","ips00023","03/29/2018 18:50:00","803001","ips00023","03/29/2018 18:50:00","803001","（株）スズケン和歌山営業部","（株）スズケン和歌山営業部","スズケン和歌山営業部","Ｓ・和歌山","KK ｽｽﾞｹﾝ ﾜｶﾔﾏｴｲｷﾞﾖｳ","ｽｽﾞｹﾝﾜｶﾔﾏ","640-8443","30201256000","和歌山県和歌山市延時字立堀２５","0000-00-0000","","1","3","","5","367","","19000101","","19000101","23049"
"30888","01/01/2000 00:00:00","02/28/2013 00:00:00","0","","03/29/2018 18:50:00","803001","","03/29/2018 18:50:00","803001","和歌山の代理店","和歌山の代理店","和歌山の代理店","和・代理店","ﾜｶﾔﾏﾉ ﾀﾞｲﾘﾃﾝ","ﾜｶﾔﾏ","","00000000000","","0000-00-0000","","9","3","","","","","195105","","195105",""
"30888","03/01/2013 00:00:00","12/31/9999 00:00:00","0","ips00015","03/29/2018 18:50:00","803001","ips00015","03/29/2018 18:50:00","803001","和歌山の代理店","和歌山の代理店","和歌山の代理店","和・代理店","ﾜｶﾔﾏﾉ ﾀﾞｲﾘﾃﾝ","ﾜｶﾔﾏ","","00000000000","","0000-00-0000","","9","3","","","","","19000101","","19000101",""
"30889","01/01/2000 00:00:00","12/31/9999 00:00:00","0","","03/29/2018 18:50:00","803001","","03/29/2018 18:50:00","803001","和歌山の代理店","和歌山の代理店","和歌山の代理店","和・代理店","ﾜｶﾔﾏﾉ ﾀﾞｲﾘﾃﾝ","ﾜｶﾔﾏ","","00000000000","","0000-00-0000","","9","3","","","","","19000101","","19000101",""
"31888","01/01/2000 00:00:00","02/28/2013 00:00:00","0","ecld0913","03/29/2018 18:50:00","803001","ecld0913","03/29/2018 18:50:00","803001","鳥取の代理店","鳥取の代理店","鳥取の代理店","鳥・代理店","ﾄﾂﾄﾘﾉ ﾀﾞｲﾘﾃﾝ","ﾄﾂﾄﾘ","","00000000000","","0000-00-0000","","9","3","","","","","195105","","195105",""
"31888","03/01/2013 00:00:00","12/31/9999 00:00:00","0","ips00015","03/29/2018 18:50:00","803001","ips00015","03/29/2018 18:50:00","803001","鳥取の代理店","鳥取の代理店","鳥取の代理店","鳥・代理店","ﾄﾂﾄﾘﾉ ﾀﾞｲﾘﾃﾝ","ﾄﾂﾄﾘ","","00000000000","","0000-00-0000","","9","3","","","","","19000101","","19000101",""
"31889","01/01/2000 00:00:00","12/31/9999 00:00:00","0","ecl04742","03/29/2018 18:50:00","803001","ecl04742","03/29/2018 18:50:00","803001","鳥取の代理店","鳥取の代理店","鳥取の代理店","鳥・代理店","ﾄﾂﾄﾘﾉ ﾀﾞｲﾘﾃﾝ","ﾄﾂﾄﾘ","","00000000000","","0000-00-0000","","9","3","","","","","19000101","","19000101",""
"32888","01/01/2000 00:00:00","02/28/2013 00:00:00","0","ecld0913","03/29/2018 18:50:00","803001","ecld0913","03/29/2018 18:50:00","803001","島根の代理店","島根の代理店","島根の代理店","島・代理店","ｼﾏﾈﾉ ﾀﾞｲﾘﾃﾝ","ｼﾏﾈ","","00000000000","","0000-00-0000","","9","3","","","","","195105","","195105",""
"32888","03/01/2013 00:00:00","12/31/9999 00:00:00","0","ips00015","03/29/2018 18:50:00","803001","ips00015","03/29/2018 18:50:00","803001","島根の代理店","島根の代理店","島根の代理店","島・代理店","ｼﾏﾈﾉ ﾀﾞｲﾘﾃﾝ","ｼﾏﾈ","","00000000000","","0000-00-0000","","9","3","","","","","19000101","","19000101",""
"32889","01/01/2000 00:00:00","12/31/9999 00:00:00","0","ecl04742","03/29/2018 18:50:00","803001","ecl04742","03/29/2018 18:50:00","803001","島根の代理店","島根の代理店","島根の代理店","島・代理店","ｼﾏﾈﾉ ﾀﾞｲﾘﾃﾝ","ｼﾏﾈ","","00000000000","","0000-00-0000","","9","3","","","","","19000101","","19000101",""
"33888","01/01/2000 00:00:00","02/28/2013 00:00:00","0","ecld0913","03/29/2018 18:50:00","803001","ecld0913","03/29/2018 18:50:00","803001","岡山の代理店","岡山の代理店","岡山の代理店","岡・代理店","ｵｶﾔﾏﾉ ﾀﾞｲﾘﾃﾝ","ｵｶﾔﾏ","","00000000000","","0000-00-0000","","9","3","","","","","195105","","195105",""
"33888","03/01/2013 00:00:00","12/31/9999 00:00:00","0","ips00015","03/29/2018 18:50:00","803001","ips00015","03/29/2018 18:50:00","803001","岡山の代理店","岡山の代理店","岡山の代理店","岡・代理店","ｵｶﾔﾏﾉ ﾀﾞｲﾘﾃﾝ","ｵｶﾔﾏ","","00000000000","","0000-00-0000","","9","3","","","","","19000101","","19000101",""
"33889","01/01/2000 00:00:00","12/31/9999 00:00:00","0","ecl04742","03/29/2018 18:50:00","803001","ecl04742","03/29/2018 18:50:00","803001","岡山の代理店","岡山の代理店","岡山の代理店","岡・代理店","ｵｶﾔﾏﾉ ﾀﾞｲﾘﾃﾝ","ｵｶﾔﾏ","","00000000000","","0000-00-0000","","9","3","","","","","19000101","","19000101",""
"34003","01/01/2000 00:00:00","03/31/2016 00:00:00","0","ecld0918","03/29/2018 18:50:00","803001","ecld0918","03/29/2018 18:50:00","803001","（株）サンキ","（株）サンキ","（株）サンキ","サンキ","KK ｻﾝｷ","ｻﾝｷ","733-0832","34104017003","広島県広島市西区草津港３丁目３番３３号","082-501-0800","082-501-0824","1","3","","5","013","033","19000101","","19000101","23049"
"34003","04/01/2016 00:00:00","10/08/2020 00:00:00","0","ips00023","03/29/2018 18:50:00","803001","ips00023","03/29/2018 18:50:00","803001","（株）サンキ","（株）サンキ","サンキ","サンキ","KK ｻﾝｷ","ｻﾝｷ","733-0832","34104017003","広島県広島市西区草津港３丁目３番３３号","082-501-0800","082-501-0824","1","3","","5","013","033","19000101","","19000101","23049"
"34010","01/01/2000 00:00:00","03/31/2015 00:00:00","0","ecl04291","03/29/2018 18:50:00","803001","ecl04291","03/29/2018 18:50:00","803001","成和産業（株）","成和産業（株）","成和産業（株）","成和産業","ｾｲﾜ ｻﾝｷﾞﾖｳ KK","ｾｲﾜ","733-0833","34104034001","広島県広島市西区商工センター１丁目２－１９","082-501-0222","082-276-3010","1","3","","1","016","038","19000101","","19000101","13149"
"34010","04/01/2015 00:00:00","04/23/2018 00:00:00","0","ips00015","03/29/2018 18:50:00","803001","ips00015","03/29/2018 18:50:00","803001","ティーエスアルフレッサ（株）","ティーエスアルフレッサ","ＴＳアルフレッサ","ＴＳアルフ","ﾃｲ-ｴｽｱﾙﾌﾚﾂｻ","ﾃｲ-ｴｽｱﾙﾌ","733-0833","34104034001","広島県広島市西区商工センター１丁目２－１９","082-501-0222","082-276-3010","1","3","","1","016","038","19000101","","19000101","13149"
"34012","01/01/2000 00:00:00","03/31/2016 00:00:00","0","ecld0918","03/29/2018 18:50:00","803001","ecld0918","03/29/2018 18:50:00","803001","（株）エバルス","（株）エバルス","（株）エバルス","エバルス","KK ｴﾊﾞﾙｽ","KKｴﾊﾞﾙｽ","730-0022","34101012000","広島県広島市中区銀山町３－１　ひろしまハイビル２１　８Ｆ","082-544-8301","082-544-8350","1","3","","5","017","028","19000101","","19000101","28026"
"34012","04/01/2016 00:00:00","04/15/2025 00:00:00","0","ips00023","03/29/2018 18:50:00","803001","ips00023","03/29/2018 18:50:00","803001","（株）エバルス","（株）エバルス","エバルス","エバルス","KK ｴﾊﾞﾙｽ","KKｴﾊﾞﾙｽ","730-0022","34101012000","広島県広島市中区銀山町３－１　ひろしまハイビル２１　８Ｆ","082-544-8301","082-544-8350","1","3","","5","017","028","19000101","","19000101","28026"
"34019","01/01/2000 00:00:00","02/07/2019 00:00:00","0","ecld0918","03/29/2018 18:50:00","803001","ecld0918","03/29/2018 18:50:00","803001","（株）健翔","（株）健翔","（株）健翔","健翔","KK ｹﾝｼﾖｳ","KKｹﾝｼﾖｳ","738-0000","34213000000","広島県廿日市市峠字権現２４５番地６８","0829-40-0200","0829-74-3055","1","3","","","","","19990901","","19990830",""
"34031","01/01/2000 00:00:00","10/31/2011 00:00:00","0","ecl04321","03/29/2018 18:50:00","803001","ecl04321","03/29/2018 18:50:00","803001","（株）Ｐａｌｔａｃ広島","（株）Ｐａｌｔａｃ広島","Ｐａｌｔａｃ広島","ＰＴ広島","KKﾊﾟﾙﾀﾂｸ ﾋﾛｼﾏｼﾃﾝ","ﾊﾟﾙﾋﾛｼﾏ","733-0833","34104034005","広島県広島市西区商工センター５丁目２－３","082-278-2727","085-277-2530","1","3","","","","","20011001","","20011003",""
"34031","11/01/2011 00:00:00","02/11/2019 00:00:00","0","ecl04321","03/29/2018 18:50:00","803001","ecl04321","03/29/2018 18:50:00","803001","（株）Ｐａｌｔａｃ広島","（株）Ｐａｌｔａｃ広島","Ｐａｌｔａｃ広島","ＰＴ広島","KKﾊﾟﾙﾀﾂｸ ﾋﾛｼﾏｼﾃﾝ","ﾊﾟﾙﾋﾛｼﾏ","733-0833","34104034005","広島県広島市西区商工センター５丁目２－３","082-278-2727","085-277-2530","1","3","","","","","20011001","20111125","20011003",""
"34037","01/01/2000 00:00:00","10/09/2019 00:00:00","0","ecld0918","03/29/2018 18:50:00","803001","ecld0918","03/29/2018 18:50:00","803001","（株）Ｐａｌｔａｃ中国支社","（株）Ｐａｌｔａｃ中国支社","Ｐａｌｔａｃ中国支社","ＰＴ中国","KKﾊﾟﾙﾀﾂｸ ﾁﾕｳｺﾞｸｼｼﾔ","ﾊﾟﾙﾁﾕｳｺﾞｸ","733-0833","34104034005","広島県広島市西区商工センター５丁目２－３","082-278-2727","085-277-2530","1","3","","","","","20060914","","20060914","34038"
"34040","01/01/2000 00:00:00","03/31/2016 00:00:00","0","ecld0918","03/29/2018 18:50:00","803001","ecld0918","03/29/2018 18:50:00","803001","アステム広島営業部","アステム広島営業部","アステム広島営業部","ＡＳ広島","ｱｽﾃﾑ ﾋﾛｼﾏ ｴｲｷﾞﾖｳﾌﾞ","ｱｽﾃﾑ ﾋﾛｼﾏ","731-3167","34105039006","広島県広島市安佐南区大塚西６丁目６－７－１３","0000-00-0000","","1","3","","1","020","040","20081001","","20080918","44001"
"34040","04/01/2016 00:00:00","04/23/2018 00:00:00","0","ips00023","03/29/2018 18:50:00","803001","ips00023","03/29/2018 18:50:00","803001","（株）アステム広島営業部","（株）アステム広島営業部","アステム広島営業部","ＡＳ広島","ｱｽﾃﾑ ﾋﾛｼﾏ ｴｲｷﾞﾖｳﾌﾞ","ｱｽﾃﾑ ﾋﾛｼﾏ","731-3167","34105039006","広島県広島市安佐南区大塚西６丁目６－７－１３","0000-00-0000","","1","3","","1","020","040","20081001","","20080918","44001"
"34041","01/01/2000 00:00:00","03/31/2016 00:00:00","0","ecld0918","03/29/2018 18:50:00","803001","ecld0918","03/29/2018 18:50:00","803001","（株）セイエル","（株）セイエル","（株）セイエル","セイエル","KK ｾｲｴﾙ","ｾｲｴﾙ","733-0833","34104034005","広島県広島市西区商工センター５丁目１ー１","0822781912","0822779482","1","1","","1","012","030","20100101","","20091202","13013"
"34041","04/01/2016 00:00:00","04/23/2018 00:00:00","0","ips00023","03/29/2018 18:50:00","803001","ips00023","03/29/2018 18:50:00","803001","（株）セイエル","（株）セイエル","セイエル","セイエル","KK ｾｲｴﾙ","ｾｲｴﾙ","733-0833","34104034005","広島県広島市西区商工センター５丁目１ー１","082-278-1912","082-277-9482","1","1","","1","012","030","20100101","","20091202","13013"
"34044","05/01/2017 00:00:00","02/07/2019 00:00:00","0","ecl07868","03/29/2018 18:50:00","803001","ecl07868","03/29/2018 18:50:00","803001","共創未来広島薬品（株）","共創未来広島薬品（株）","共創未来広島","共創広島","ｷﾖｳｿｳﾐﾗｲ ﾋﾛｼﾏ","ｷﾖｳｿｳﾋﾛｼﾏ","739-0032","34212082000","広島県東広島市西条町森近９５２－１","082-420-2122","082-425-2002","2","3","2","","390","","20170501","","20170525","13013"
"34888","01/01/2000 00:00:00","02/28/2013 00:00:00","0","","03/29/2018 18:50:00","803001","","03/29/2018 18:50:00","803001","広島の代理店","広島の代理店","広島の代理店","広・代理店","ﾋﾛｼﾏﾉ ﾀﾞｲﾘﾃﾝ","ﾋﾛｼﾏ","","00000000000","","0000-00-0000","","9","3","","","","","195105","","195105",""
"34888","03/01/2013 00:00:00","12/31/9999 00:00:00","0","ips00015","03/29/2018 18:50:00","803001","ips00015","03/29/2018 18:50:00","803001","広島の代理店","広島の代理店","広島の代理店","広・代理店","ﾋﾛｼﾏﾉ ﾀﾞｲﾘﾃﾝ","ﾋﾛｼﾏ","","00000000000","","0000-00-0000","","9","3","","","","","19000101","","19000101",""
"34889","01/01/2000 00:00:00","12/31/9999 00:00:00","0","","03/29/2018 18:50:00","803001","","03/29/2018 18:50:00","803001","広島の代理店","広島の代理店","広島の代理店","広・代理店","ﾋﾛｼﾏﾉ ﾀﾞｲﾘﾃﾝ","ﾋﾛｼﾏ","","00000000000","","0000-00-0000","","9","3","","","","","19000101","","19000101",""
"34890","01/01/2000 00:00:00","08/31/2013 00:00:00","0","ips00015","03/29/2018 18:50:00","803001","ips00015","03/29/2018 18:50:00","803001","アルフレッサヘルスケア（株）西日本支社","アルフレッサＨＣ西日本支社","アルフレッサＨＣ西日","アルフ西日","ｱﾙﾌﾚﾂｻﾍﾙｽｹｱﾆｼﾆﾎﾝ","ｱﾙﾌﾆｼﾆﾎﾝ","731-0137","34105034002","広島県広島市安佐南区山本２丁目１２－１５第２山下ビル１Ｆ","082-832-3637","","1","2","","","","","20110907","","20110907","13012"
"34890","09/01/2013 00:00:00","04/22/2018 00:00:00","0","ecl04321","03/29/2018 18:50:00","803001","ecl04321","03/29/2018 18:50:00","803001","アルフレッサヘルスケア（株）西日本支社","アルフレッサＨＣ西日本支社","アルフレッサＨＣ西日","アルフ西日","ｱﾙﾌﾚﾂｻﾍﾙｽｹｱﾆｼﾆﾎﾝ","ｱﾙﾌﾆｼﾆﾎﾝ","732-0052","34102031001","広島県広島市東区光町１丁目７番１１号　広島ＣＤビル６階","082-567-2790","082-262-2675","1","2","","","","","20110907","","20110907","13012"
"35002","01/01/2000 00:00:00","04/22/2018 00:00:00","0","ecl05979","03/29/2018 18:50:00","803001","ecl05979","03/29/2018 18:50:00","803001","常盤薬品（株）","常盤薬品（株）","常盤薬品","常盤","ﾄｷﾜ ﾔｸﾋﾝ KK","ﾄｷﾜ","759-0204","35202046000","山口県宇部市大字妻崎開作８６０－１","0836-41-6111","0836-44-6000","1","3","","","190","143","19000101","","19000101","13149"
"35003","01/01/2000 00:00:00","03/31/2016 00:00:00","0","ecl05979","03/29/2018 18:50:00","803001","ecl05979","03/29/2018 18:50:00","803001","アステム山口営業部","アステム山口営業部","アステム山口営業部","ＡＳ山口","ｱｽﾃﾑ ﾔﾏｸﾞﾁｴｲｷﾞﾖｳﾌﾞ","ｱｽﾃﾑﾔﾏｸﾞﾁ","754-0012","35203131000","山口県山口市小郡船倉町２－１","0000-00-0000","","1","3","","5","022","042","19000101","","19000101","44001"
"35003","04/01/2016 00:00:00","09/30/2016 00:00:00","0","ips00023","03/29/2018 18:50:00","803001","ips00023","03/29/2018 18:50:00","803001","（株）アステム山口営業部","（株）アステム山口営業部","アステム山口営業部","ＡＳ山口","ｱｽﾃﾑ ﾔﾏｸﾞﾁｴｲｷﾞﾖｳﾌﾞ","ｱｽﾃﾑﾔﾏｸﾞﾁ","754-0012","35203131000","山口県山口市小郡船倉町２－１","0000-00-0000","","1","3","","5","022","042","19000101","","19000101","44001"
"35003","10/01/2016 00:00:00","04/23/2018 00:00:00","0","ips00023","03/29/2018 18:50:00","803001","ips00023","03/29/2018 18:50:00","803001","（株）アステム山口営業部","（株）アステム山口営業部","アステム山口営業部","ＡＳ山口","ｱｽﾃﾑ ﾔﾏｸﾞﾁｴｲｷﾞﾖｳﾌﾞ","ｱｽﾃﾑﾔﾏｸﾞﾁ","754-0012","35203131000","山口県山口市小郡船倉町２－１","0000-00-0000","","1","3","","1","022","042","19000101","","19000101","44001"
"35013","01/01/2000 00:00:00","12/31/9999 00:00:00","0","ecl03580","03/29/2018 18:50:00","803001","ecl03580","03/29/2018 18:50:00","803001","（株）リードヘルスケア中国","（株）リードヘルスケア中国","リードヘルスケア中国","ＲＨＣ中国","ﾘ-ﾄﾞﾍﾙｽｹｱﾁﾕｳｺﾞｸ","RHCﾁﾕｳｺﾞｸ","754-0012","35203131000","山口県山口市小郡船倉町２－１","08397-3-1234","","1","3","","","025","041","19911101","","19911018",""
"35019","01/01/2000 00:00:00","03/31/2015 00:00:00","0","ecl05317","03/29/2018 18:50:00","803001","ecl05317","03/29/2018 18:50:00","803001","（株）リードＨＣ中国２","（株）リードＨＣ中国２","リードＨＣ中国２","ＲＨＣ中２","ﾘ-ﾄﾞﾍﾙｽｹｱﾁﾕｳｺﾞｸﾆ","RHCﾁﾕｳｺﾞｸ","754-0012","35203131000","山口県山口市小郡船倉町２－１","08397-3-1234","","1","3","","","025","041","20100617","","20100617","40059"
"35019","04/01/2015 00:00:00","10/09/2019 00:00:00","0","ecl05317","03/29/2018 18:50:00","803001","ecl05317","03/29/2018 18:50:00","803001","（株）リードＨＣ中国営業部","（株）リードＨＣ中国営業部","リードＨＣ中国営業部","ＲＨＣ中国","ﾘ-ﾄﾞﾍﾙｽｹｱﾁﾕｳｺﾞｸ","RHCﾁﾕｳｺﾞｸ","731-3167","34105039006","広島県広島市安佐南区大塚西６丁目７－１３","082-849-6377","082-848-9326","1","3","","","025","041","20100617","","20100617","40059"
"35022","01/01/2017 00:00:00","02/07/2019 00:00:00","0","ecl02796","03/29/2018 18:50:00","803001","ecl02796","03/29/2018 18:50:00","803001","共創未来山口薬品（株）","共創未来山口薬品（株）","共創未来山口","共創山口","ｷﾖｳｿｳﾐﾗｲ ﾔﾏｸﾞﾁ","ｷﾖｳｿｳﾔﾏｸﾞﾁ","743-0021","35210002000","山口県光市浅江５－１６－１１","0833-71-2649","","2","3","2","","380","","20170101","","20161226","13013"
"35888","01/01/2000 00:00:00","02/28/2013 00:00:00","0","","03/29/2018 18:50:00","803001","","03/29/2018 18:50:00","803001","山口の代理店","山口の代理店","山口の代理店","山・代理店","ﾔﾏｸﾞﾁﾉ ﾀﾞｲﾘﾃﾝ","ﾔﾏｸﾞﾁ","","00000000000","","0000-00-0000","","9","3","","","","","195105","","195105",""
"35888","03/01/2013 00:00:00","12/31/9999 00:00:00","0","ips00015","03/29/2018 18:50:00","803001","ips00015","03/29/2018 18:50:00","803001","山口の代理店","山口の代理店","山口の代理店","山・代理店","ﾔﾏｸﾞﾁﾉ ﾀﾞｲﾘﾃﾝ","ﾔﾏｸﾞﾁ","","00000000000","","0000-00-0000","","9","3","","","","","19000101","","19000101",""
"35889","01/01/2000 00:00:00","12/31/9999 00:00:00","0","","03/29/2018 18:50:00","803001","","03/29/2018 18:50:00","803001","山口の代理店","山口の代理店","山口の代理店","山・代理店","ﾔﾏｸﾞﾁﾉ ﾀﾞｲﾘﾃﾝ","ﾔﾏｸﾞﾁ","","00000000000","","0000-00-0000","","9","3","","","","","19000101","","19000101",""
"36888","01/01/2000 00:00:00","02/28/2013 00:00:00","0","ecld0913","03/29/2018 18:50:00","803001","ecld0913","03/29/2018 18:50:00","803001","徳島の代理店","徳島の代理店","徳島の代理店","徳・代理店","ﾄｸｼﾏﾉ ﾀﾞｲﾘﾃﾝ","ﾄｸｼﾏ","","00000000000","","0000-00-0000","","9","3","","","022","022","195105","","195105",""
"36888","03/01/2013 00:00:00","12/31/9999 00:00:00","0","ips00015","03/29/2018 18:50:00","803001","ips00015","03/29/2018 18:50:00","803001","徳島の代理店","徳島の代理店","徳島の代理店","徳・代理店","ﾄｸｼﾏﾉ ﾀﾞｲﾘﾃﾝ","ﾄｸｼﾏ","","00000000000","","0000-00-0000","","9","3","","","022","022","19000101","","19000101",""
"36889","01/01/2000 00:00:00","12/31/9999 00:00:00","0","ecl04742","03/29/2018 18:50:00","803001","ecl04742","03/29/2018 18:50:00","803001","徳島の代理店","徳島の代理店","徳島の代理店","徳・代理店","ﾄｸｼﾏﾉ ﾀﾞｲﾘﾃﾝ","ﾄｸｼﾏ","","00000000000","","0000-00-0000","","9","3","","","023","052","19000101","","19000101",""
"37001","01/01/2000 00:00:00","02/28/2013 00:00:00","0","ecl04291","03/29/2018 18:50:00","803001","ecl04291","03/29/2018 18:50:00","803001","四国アルフレッサ（株）","四国アルフレッサ（株）","四国アルフレッサ","四国ＡＬＦ","ｼｺｸｱﾙﾌﾚﾂｻ KK","ｼｺｸALF","760-0050","37201029000","香川県高松市亀井町４番地２","087-832-0100","087-832-0050","1","3","","1","001","042","19000101","","19000101","13149"
"37001","03/01/2013 00:00:00","04/14/2020 00:00:00","0","ips00025","03/29/2018 18:50:00","803001","ips00025","03/29/2018 18:50:00","803001","四国アルフレッサ（株）","四国アルフレッサ（株）","四国アルフレッサ","四国ＡＦ","ｼｺｸｱﾙﾌﾚﾂｻ KK","ｼｺｸAF","760-0050","37201029000","香川県高松市亀井町４番地２","087-832-0100","087-832-0050","1","3","","1","001","042","19000101","","19000101","13149"
"37010","01/01/2000 00:00:00","03/31/2016 00:00:00","0","ecld0918","03/29/2018 18:50:00","803001","ecld0918","03/29/2018 18:50:00","803001","（株）よんやく","（株）よんやく","（株）よんやく","よんやく","KK ﾖﾝﾔｸ","ﾖﾝﾔｸ","791-2111","38402024000","愛媛県伊予郡砥部町八倉８３番","089-958-4141","089-958-45150","1","3","","1","003","044","19991001","","19990917","37017"
"37010","04/01/2016 00:00:00","05/20/2018 00:00:00","0","ips00023","03/29/2018 18:50:00","803001","ips00023","03/29/2018 18:50:00","803001","（株）よんやく","（株）よんやく","よんやく","よんやく","KK ﾖﾝﾔｸ","ﾖﾝﾔｸ","791-2111","38402024000","愛媛県伊予郡砥部町八倉８３番","089-958-4141","089-958-45150","1","3","","1","003","044","19991001","","19990917","37017"
"37017","01/01/2000 00:00:00","05/20/2018 00:00:00","0","ecl04960","03/29/2018 18:50:00","803001","ecl04960","03/29/2018 18:50:00","803001","四国薬業（株）","四国薬業（株）","四国薬業（株）","四国薬業","ｼｺｸﾔｸｷﾞﾖｳ KK","ｼｺｸﾔｸｷﾞﾖｳ","791-2111","38402024000","愛媛県伊予郡砥部町八倉８３番","089-958-4911","089-859-4912","1","3","","","003","044","20041001","","20040902","37017"
"37021","01/01/2000 00:00:00","03/31/2016 00:00:00","0","ecld0918","03/29/2018 18:50:00","803001","ecld0918","03/29/2018 18:50:00","803001","幸燿（医）","幸燿（医）","幸燿・医","幸燿・医","KK ｺｳﾖｳ(ｲ)","ｺｳﾖｳ(ｲ)","761-8057","37201079000","香川県高松市田村町９４８","087-867-2525","087-865-6976","1","3","","1","002","043","20050502","","20050426","13013"
"37021","04/01/2016 00:00:00","04/14/2020 00:00:00","0","ips00023","03/29/2018 18:50:00","803001","ips00023","03/29/2018 18:50:00","803001","（株）幸燿","（株）幸燿","幸燿","幸燿","KK ｺｳﾖｳ(ｲ)","ｺｳﾖｳ(ｲ)","761-8057","37201079000","香川県高松市田村町９４８","087-867-2525","087-865-6976","1","3","","1","002","043","20050502","","20050426","13013"
"37023","01/01/2000 00:00:00","06/30/2015 00:00:00","0","ecl04321","03/29/2018 18:50:00","803001","ecl04321","03/29/2018 18:50:00","803001","（株）Ｐａｌｔａｃ四国支社","（株）Ｐａｌｔａｃ四国支社","Ｐａｌｔａｃ四国支社","ＰＴ四国","ﾊﾟﾙﾀﾂｸｼｺｸｼｼﾔ","PTｼｺｸ","768-0040","37205008000","香川県観音寺市柞田町字干拓丁９３ー６","0000-00-0000","","1","3","","","001","042","20040301","","20080319","37023"
"37023","07/01/2015 00:00:00","04/22/2018 00:00:00","0","ecl05317","03/29/2018 18:50:00","803001","ecl05317","03/29/2018 18:50:00","803001","（株）ＰＡＬＴＡＣ四国","（株）ＰＡＬＴＡＣ四国","ＰＡＬＴＡＣ　四国","ＰＴ四国","ﾊﾟﾙﾀﾂｸｼｺｸｼｼﾔ","PTｼｺｸ","768-0040","37205008000","香川県観音寺市柞田町字干拓丁９３ー６","082-849-5434","","1","3","","","001","042","20040301","","20080319","37023"
"37888","01/01/2000 00:00:00","02/28/2013 00:00:00","0","ecld0913","03/29/2018 18:50:00","803001","ecld0913","03/29/2018 18:50:00","803001","香川の代理店","香川の代理店","香川の代理店","香・代理店","ｶｶﾞﾜﾉ ﾀﾞｲﾘﾃﾝ","ｶｶﾞﾜ","","00000000000","","0000-00-0000","","9","3","","","011","011","195105","","195105",""
"37888","03/01/2013 00:00:00","12/31/9999 00:00:00","0","ips00015","03/29/2018 18:50:00","803001","ips00015","03/29/2018 18:50:00","803001","香川の代理店","香川の代理店","香川の代理店","香・代理店","ｶｶﾞﾜﾉ ﾀﾞｲﾘﾃﾝ","ｶｶﾞﾜ","","00000000000","","0000-00-0000","","9","3","","","011","011","19000101","","19000101",""
"37889","01/01/2000 00:00:00","12/31/9999 00:00:00","0","ecl04742","03/29/2018 18:50:00","803001","ecl04742","03/29/2018 18:50:00","803001","香川の代理店","香川の代理店","香川の代理店","香・代理店","ｶｶﾞﾜﾉ ﾀﾞｲﾘﾃﾝ","ｶｶﾞﾜ","","00000000000","","0000-00-0000","","9","3","","","012","055","19000101","","19000101",""
"38010","01/01/2000 00:00:00","03/31/2016 00:00:00","0","ecld0918","03/29/2018 18:50:00","803001","ecld0918","03/29/2018 18:50:00","803001","株式会社　アスティス","株式会社　アスティス","（株）アスティス","アスティス","KK ｱｽﾃｲｽ","KK ｱｽﾃｲｽ","792-0893","38205055000","愛媛県新居浜市多喜浜６７－１７３","0897-46-2500","0897-46-0350","1","3","","1","004","045","20000401","","19911127","23049"
"38010","04/01/2016 00:00:00","10/09/2019 00:00:00","0","ips00023","03/29/2018 18:50:00","803001","ips00023","03/29/2018 18:50:00","803001","（株）アスティス","（株）アスティス","アスティス","アスティス","KK ｱｽﾃｲｽ","KK ｱｽﾃｲｽ","792-0893","38205055000","愛媛県新居浜市多喜浜６７－１７３","0897-46-2500","0897-46-0350","1","3","","1","004","045","20000401","","19911127","23049"
"38019","01/01/2000 00:00:00","03/31/2015 00:00:00","0","ecl05317","03/29/2018 18:50:00","803001","ecl05317","03/29/2018 18:50:00","803001","（株）リードＨＣ四国２","（株）リードＨＣ四国２","リードＨＣ四国２","ＲＨＣ四２","KK ﾘ-ﾄﾞﾍﾙｽｹｱｼｺｸﾆ","ﾘ-ﾄﾞHCｼｺｸ2","791-0301","38215017000","愛媛県東温市南方２２９５ー１","089-955-8111","089-955-8282","1","3","","","","101","20071210","","20100617","40059"
"38019","04/01/2015 00:00:00","10/09/2019 00:00:00","0","ecl05317","03/29/2018 18:50:00","803001","ecl05317","03/29/2018 18:50:00","803001","（株）リードＨＣ四国営業部","（株）リードＨＣ四国営業部","リードＨＣ四国営業部","ＲＨＣ四国","KK ﾘ-ﾄﾞﾍﾙｽｹｱｼｺｸ","ﾘ-ﾄﾞHCｼｺｸ","791-0301","38215017000","愛媛県東温市南方２２９５ー１","089-955-8111","089-955-8282","1","3","","","","101","20071210","","20100617","40059"
"38888","01/01/2000 00:00:00","02/28/2013 00:00:00","0","ecld0913","03/29/2018 18:50:00","803001","ecld0913","03/29/2018 18:50:00","803001","愛媛の代理店","愛媛の代理店","愛媛の代理店","愛・代理店","ｴﾋﾒﾉ ﾀﾞｲﾘﾃﾝ","ｴﾋﾒ","","00000000000","","0000-00-0000","","9","3","","","014","014","195105","","195105",""
"38888","03/01/2013 00:00:00","12/31/9999 00:00:00","0","ips00015","03/29/2018 18:50:00","803001","ips00015","03/29/2018 18:50:00","803001","愛媛の代理店","愛媛の代理店","愛媛の代理店","愛・代理店","ｴﾋﾒﾉ ﾀﾞｲﾘﾃﾝ","ｴﾋﾒ","","00000000000","","0000-00-0000","","9","3","","","014","014","19000101","","19000101",""
"38889","01/01/2000 00:00:00","12/31/9999 00:00:00","0","ecl04742","03/29/2018 18:50:00","803001","ecl04742","03/29/2018 18:50:00","803001","愛媛の代理店","愛媛の代理店","愛媛の代理店","愛・代理店","ｴﾋﾒﾉ ﾀﾞｲﾘﾃﾝ","ｴﾋﾒ","","00000000000","","0000-00-0000","","9","3","","","015","058","19000101","","19000101",""
"39001","01/01/2000 00:00:00","03/31/2016 00:00:00","0","ecld0918","03/29/2018 18:50:00","803001","ecld0918","03/29/2018 18:50:00","803001","中澤氏家薬業（株）","中澤氏家薬業（株）","中澤氏家薬業（株）","中澤氏家","ﾅｶｻﾞﾜ ｳｼﾞｹﾔｸｷﾞﾖｳKK","ﾅｶｻﾞﾜ ｳｼﾞｹ","781-5103","39201039101","高知県高知市大津乙乙１８４２－１","0000-00-0000","","1","3","","1","005","047","19000101","","19000101","37017"
"39001","04/01/2016 00:00:00","01/31/2018 00:00:00","0","ips00023","03/29/2018 18:50:00","803001","ips00023","03/29/2018 18:50:00","803001","中澤氏家薬業（株）","中澤氏家薬業（株）","中澤氏家薬業","中澤氏家","ﾅｶｻﾞﾜ ｳｼﾞｹﾔｸｷﾞﾖｳKK","ﾅｶｻﾞﾜ ｳｼﾞｹ","781-5103","39201039101","高知県高知市大津乙乙１８４２－１","0000-00-0000","","1","3","","1","005","047","19000101","","19000101","37017"
"39001","02/01/2018 00:00:00","04/14/2020 00:00:00","0","ecl05206","03/29/2018 18:50:00","803001","ecl05206","03/29/2018 18:50:00","803001","中澤氏家薬業（株）","中澤氏家薬業（株）","中澤氏家薬業","中澤氏家","ﾅｶｻﾞﾜ ｳｼﾞｹﾔｸｷﾞﾖｳKK","ﾅｶｻﾞﾜ ｳｼﾞｹ","783-0008","39204002000","高知県南国市伊達野５０１","0000-00-0000","","1","3","","1","005","047","19000101","","19000101","37017"
"39017","01/01/2000 00:00:00","04/30/2017 00:00:00","0","ecl04321","03/29/2018 18:50:00","803001","ecl04321","03/29/2018 18:50:00","803001","中澤氏家薬業（株）","中澤氏家薬業（株）","中澤氏家薬業（株）","中澤氏家薬","ﾅｶｻﾞﾜ ｳｼﾞｹﾔｸｷﾞﾖｳKKﾔｸ","ﾅｶｻﾞﾜ ｳｼﾞｹ","781-5103","39201039101","高知県高知市大津乙乙１８４２－１","0000-00-0000","","1","3","","","005","047","20071210","","20071210","39017"
"39017","05/01/2017 00:00:00","04/22/2018 00:00:00","0","ecl07189","03/29/2018 18:50:00","803001","ecl07189","03/29/2018 18:50:00","803001","中澤氏家薬業（株）","中澤氏家薬業（株）","中澤氏家薬業（株）","中澤氏家薬","ﾅｶｻﾞﾜ ｳｼﾞｹﾔｸｷﾞﾖｳKKﾔｸ","ﾅｶｻﾞﾜ ｳｼﾞｹ","783-0008","39204002000","高知県南国市伊達野５０１","088-802-5111","088-878-2111","1","3","","","005","047","20071210","","20071210","39017"
"39888","01/01/2000 00:00:00","02/28/2013 00:00:00","0","ecld0913","03/29/2018 18:50:00","803001","ecld0913","03/29/2018 18:50:00","803001","高知の代理店","高知の代理店","高知の代理店","高・代理店","ｺｳﾁﾉ ﾀﾞｲﾘﾃﾝ","ｺｳﾁ","","00000000000","","0000-00-0000","","9","3","","","019","019","195105","","195105",""
"39888","03/01/2013 00:00:00","12/31/9999 00:00:00","0","ips00015","03/29/2018 18:50:00","803001","ips00015","03/29/2018 18:50:00","803001","高知の代理店","高知の代理店","高知の代理店","高・代理店","ｺｳﾁﾉ ﾀﾞｲﾘﾃﾝ","ｺｳﾁ","","00000000000","","0000-00-0000","","9","3","","","019","019","19000101","","19000101",""
"39889","01/01/2000 00:00:00","12/31/9999 00:00:00","0","ecl04742","03/29/2018 18:50:00","803001","ecl04742","03/29/2018 18:50:00","803001","高知の代理店","高知の代理店","高知の代理店","高・代理店","ｺｳﾁﾉ ﾀﾞｲﾘﾃﾝ","ｺｳﾁ","","00000000000","","0000-00-0000","","9","3","","","020","063","19000101","","19000101",""
"40001","01/01/2000 00:00:00","04/23/2018 00:00:00","0","ecld0918","03/29/2018 18:50:00","803001","ecld0918","03/29/2018 18:50:00","803001","（株）アトル福岡営業部","（株）アトル福岡営業部","アトル福岡営業部","アトル福岡","KK ｱﾄﾙ ﾌｸｵｶ","ｱﾄﾙﾌｸｵｶ","812-0897","40132061002","福岡県福岡市博多区半道橋２丁目２－５１","092-451-8772","092-451-8839","1","3","","1","030","151","19000101","","19000101","28026"
"40003","01/01/2000 00:00:00","09/30/2013 00:00:00","0","ecl03580","03/29/2018 18:50:00","803001","ecl03580","03/29/2018 18:50:00","803001","富田薬品（株）福岡支店","富田薬品（株）福岡支店","富田薬品　福岡支店","富田福岡","ﾄﾐﾀ ﾔｸﾋﾝ KK ﾌｸｵｶﾃﾝ","ﾄﾐﾀ ﾌｸｵｶ","812-0895","40132041002","福岡県福岡市博多区竹下２丁目３番３５号","092-431-8811","","1","3","","","060","122","19000101","","19000101","43002"
"40003","10/01/2013 00:00:00","04/23/2018 00:00:00","0","ips00015","03/29/2018 18:50:00","803001","ips00015","03/29/2018 18:50:00","803001","富田薬品（株）福岡支店","富田薬品（株）福岡支店","富田薬品　福岡支店","富田福岡","ﾄﾐﾀ ﾔｸﾋﾝ KK ﾌｸｵｶﾃﾝ","ﾄﾐﾀ ﾌｸｵｶ","812-0895","40132041002","福岡県福岡市博多区竹下２丁目３番３５号","092-431-8811","","1","3","","1","060","122","19000101","","19000101","43002"
"40004","01/01/2000 00:00:00","03/31/2016 00:00:00","0","ecl07708","03/29/2018 18:50:00","803001","ecl07708","03/29/2018 18:50:00","803001","株式会社翔薬","株式会社翔薬","翔薬","翔薬福岡","KK ｼﾖｳﾔｸ","ｼﾖｳﾔｸ","812-0015","40132028002","福岡県福岡市博多区山王２丁目３番５号","092-471-2200","","1","3","","1","010","152","19000101","","19000101","40004"
"40004","04/01/2016 00:00:00","04/14/2019 00:00:00","0","ecl07585","03/29/2018 18:50:00","803001","ecl07585","03/29/2018 18:50:00","803001","株式会社翔薬","株式会社翔薬","翔薬","翔薬","KK ｼﾖｳﾔｸ","ｼﾖｳﾔｸ","812-0015","40132028002","福岡県福岡市博多区山王２丁目３番５号","092-471-2200","","1","3","","1","010","152","19000101","","19000101","40004"
"40005","01/01/2000 00:00:00","10/01/2018 00:00:00","0","ecld0918","03/29/2018 18:50:00","803001","ecld0918","03/29/2018 18:50:00","803001","（株）アステム北九州営業部","（株）アステム北九州営業部","アステム北九州営業部","ＡＳ北九州","KK ｱｽﾃﾑ ｷﾀｷﾕｳｼﾕｳ","ASｷﾀｷﾕｳｼﾕｳ","800-0221","40107044000","福岡県北九州市小倉南区下曽根新町１３番１号","093-471-1981","093-417-1862","1","3","","1","120","150","19000101","","19000101","44001"
"40007","01/01/2000 00:00:00","04/14/2019 00:00:00","0","ecld0918","03/29/2018 18:50:00","803001","ecld0918","03/29/2018 18:50:00","803001","（株）アステム筑後営業部","（株）アステム筑後営業部","アステム筑後営業部","ＡＳ筑後","KK ｱｽﾃﾑ ﾁｸｺﾞｴｲｷﾞﾖｳﾌﾞ","ASﾁｸｺﾞ","839-0801","40203098003","福岡県久留米市宮ノ陣３丁目７－６０","0942-32-1188","0942-31-7272","1","3","","1","210","150","19000101","","19000101","44001"
"40010","01/01/2000 00:00:00","03/31/2016 00:00:00","0","ecld0918","03/29/2018 18:50:00","803001","ecld0918","03/29/2018 18:50:00","803001","（株）翔薬　北九州営業部","（株）翔薬　北九州営業部","翔薬　北九州営業部","翔薬北九州","KK ｼﾖｳﾔｸ ｷﾀｷﾕｳｼﾕｳｼｼﾔ","ｼﾖｳﾔｸｷﾀｷﾕｳ","803-0836","40106083004","福岡県北九州市小倉北区中井４丁目１２番１８号","093-571-1681","","1","3","","1","110","152","19000101","","19000101","40004"
"40010","04/01/2016 00:00:00","10/01/2018 00:00:00","0","ips00023","03/29/2018 18:50:00","803001","ips00023","03/29/2018 18:50:00","803001","（株）翔薬北九州営業部","（株）翔薬北九州営業部","翔薬北九州営業部","翔薬北九州","KK ｼﾖｳﾔｸ ｷﾀｷﾕｳｼﾕｳｼｼﾔ","ｼﾖｳﾔｸｷﾀｷﾕｳ","803-0836","40106083004","福岡県北九州市小倉北区中井４丁目１２番１８号","093-571-1681","","1","3","","1","110","152","19000101","","19000101","40004"
"40014","01/01/2000 00:00:00","03/31/2016 00:00:00","0","ecld0918","03/29/2018 18:50:00","803001","ecld0918","03/29/2018 18:50:00","803001","（株）翔薬　筑後営業部","（株）翔薬　筑後営業部","翔薬　筑後営業部","翔薬筑後","KKｼﾖｳﾔｸﾁｸｺﾞ","ｼﾖｳﾔｸﾁｸｺﾞ","830-0047","40203032000","福岡県久留米市津福本町４７０－１","0942-32-6285","0942-39-3462","1","3","","1","215","152","19000101","","19000101","40004"
"40014","04/01/2016 00:00:00","04/14/2019 00:00:00","0","ips00023","03/29/2018 18:50:00","803001","ips00023","03/29/2018 18:50:00","803001","（株）翔薬筑後営業部","（株）翔薬筑後営業部","翔薬筑後営業部","翔薬筑後","KKｼﾖｳﾔｸﾁｸｺﾞ","ｼﾖｳﾔｸﾁｸｺﾞ","830-0047","40203032000","福岡県久留米市津福本町４７０－１","0942-32-6285","0942-39-3462","1","3","","1","215","152","19000101","","19000101","40004"
"40016","01/01/2000 00:00:00","04/23/2018 00:00:00","0","ecld0918","03/29/2018 18:50:00","803001","ecld0918","03/29/2018 18:50:00","803001","（株）アトル北九州営業部","（株）アトル北九州営業部","アトル北九州営業部","アトル北九","KK ｱﾄﾙ ｷﾀｷﾕｳｼﾕｳｴｲｷﾞ","ｱﾄﾙ ｷﾀｷﾕｳ","803-0815","40106092002","福岡県北九州市小倉北区原町２丁目２－５","093-571-3333","093-571-3331","1","3","","1","130","151","19000101","","19000101","28026"
"40018","01/01/2000 00:00:00","10/31/2011 00:00:00","0","ecl04321","03/29/2018 18:50:00","803001","ecl04321","03/29/2018 18:50:00","803001","（株）Ｐａｌｔａｃ九州営業","（株）Ｐａｌｔａｃ九州営業","Ｐａｌｔａｃ九州営業","ＰＴ九州営","KK ﾊﾟﾙ ｷﾕｳｼﾕｳ ｴｲｷﾞﾖｳ","ﾊﾟﾙ ｷﾕｳ ｴｲ","838-0121","40216009000","福岡県小郡市上岩田","0000-00-0000","","1","3","","","","","19000101","","19000101",""
"40018","11/01/2011 00:00:00","02/11/2019 00:00:00","0","ecl04321","03/29/2018 18:50:00","803001","ecl04321","03/29/2018 18:50:00","803001","（株）Ｐａｌｔａｃ九州営業","（株）Ｐａｌｔａｃ九州営業","Ｐａｌｔａｃ九州営業","ＰＴ九州営","KK ﾊﾟﾙ ｷﾕｳｼﾕｳ ｴｲｷﾞﾖｳ","ﾊﾟﾙ ｷﾕｳ ｴｲ","838-0121","40216009000","福岡県小郡市上岩田","03-3817-3967","","1","3","","","","","19000101","20111125","19000101",""
"40022","01/01/2000 00:00:00","04/14/2024 00:00:00","0","ecl03580","03/29/2018 18:50:00","803001","ecl03580","03/29/2018 18:50:00","803001","（株）アステム福岡営業部","（株）アステム福岡営業部","アステム福岡営業部","ＡＳ福岡","KK ｱｽﾃﾑﾌｸｵｶｴｲｷﾞﾖｳﾌﾞ","ASﾌｸｵｶ","812-0041","40132078006","福岡県福岡市博多区吉塚６丁目１５－１１","092-626-8460","092-612-2500","1","3","","1","020","150","19000101","","19000101","44001"
"40026","01/01/2000 00:00:00","03/31/2016 00:00:00","0","ecld0918","03/29/2018 18:50:00","803001","ecld0918","03/29/2018 18:50:00","803001","株式会社アトル筑後営業部","株式会社アトル筑後営業部","アトル筑後営業部","アトル筑後","KK ｱﾄﾙ ﾁｸｺﾞ","ｱﾄﾙ ﾁｸｺﾞ","839-0811","40203071001","福岡県久留米市山川神代１丁目１０－１８","0942-45-8451","0942-45-8444","1","3","","1","220","502","19000101","","19000101","28026"
"40026","04/01/2016 00:00:00","04/23/2018 00:00:00","0","ips00023","03/29/2018 18:50:00","803001","ips00023","03/29/2018 18:50:00","803001","（株）アトル筑後営業部","（株）アトル筑後営業部","アトル筑後営業部","アトル筑後","KK ｱﾄﾙ ﾁｸｺﾞ","ｱﾄﾙ ﾁｸｺﾞ","839-0811","40203071001","福岡県久留米市山川神代１丁目１０－１８","0942-45-8451","0942-45-8444","1","3","","1","220","502","19000101","","19000101","28026"
"40035","01/01/2000 00:00:00","10/08/2020 00:00:00","0","ecl04321","03/29/2018 18:50:00","803001","ecl04321","03/29/2018 18:50:00","803001","（株）リードヘルスケア北九","（株）リードヘルスケア北九","リードＨＣ　北九州","ＲＨＣ北九","KK ﾘ-ﾄﾞﾍﾙｽｹｱｷﾀｷﾕｳｼﾕｳ","ﾘ-ﾄﾞﾀｷﾕｳｼﾕ","800-0221","40107044000","福岡県北九州市小倉南区下曽根新町１３番１号","093-471-1981","093-417-1862","1","3","","","","102","19901101","","19901023",""
"40046","01/01/2000 00:00:00","07/31/2014 00:00:00","0","ecl04321","03/29/2018 18:50:00","803001","ecl04321","03/29/2018 18:50:00","803001","（株）Ｐａｌｔａｃ福岡","（株）Ｐａｌｔａｃ福岡","Ｐａｌｔａｃ福岡","ＰＴ福岡","KK ﾊﾟﾙﾀﾂｸﾌｸｵｶ","ﾊﾟﾙﾀﾂｸﾌｸ","811-2207","40343019000","福岡県糟屋郡志免町南里５－２－１","0000-00-0000","","1","3","","","","001","19911001","","19910911","40076"
"40046","08/01/2014 00:00:00","11/30/2014 00:00:00","0","ecl05317","03/29/2018 18:50:00","803001","ecl05317","03/29/2018 18:50:00","803001","（株）Ｐａｌｔａｃ九州支社","（株）Ｐａｌｔａｃ九州支社","Ｐａｌｔａｃ九州","ＰＴ九州","KK ﾊﾟﾙﾀﾂｸｷﾕｳｼﾕｳ","ﾊﾟﾙﾀﾂｸｷﾕｳｼ","811-2207","40343019000","福岡県糟屋郡志免町南里５－２－１","092-957-7740","","1","3","","","","001","19911001","","19910911","40076"
"40046","12/01/2014 00:00:00","06/30/2015 00:00:00","0","ecl05317","03/29/2018 18:50:00","803001","ecl05317","03/29/2018 18:50:00","803001","（株）Ｐａｌｔａｃ　九州支社","（株）Ｐａｌｔａｃ九州支社","Ｐａｌｔａｃ九州","ＰＴ九州","KK ﾊﾟﾙﾀﾂｸｷﾕｳｼﾕｳ","ﾊﾟﾙﾀﾂｸｷﾕｳｼ","811-2207","40343019000","福岡県糟屋郡志免町南里５－２－１","092-957-7740","","1","3","","","","001","19911001","","19910911","40076"
"40046","07/01/2015 00:00:00","10/08/2020 00:00:00","0","ecl05317","03/29/2018 18:50:00","803001","ecl05317","03/29/2018 18:50:00","803001","（株）ＰＡＬＴＡＣ　九州支社","（株）ＰＡＬＴＡＣ九州支社","ＰＡＬＴＡＣ九州支社","ＰＴ九州","KK ﾊﾟﾙﾀﾂｸｷﾕｳｼﾕｳ","ﾊﾟﾙﾀﾂｸｷﾕｳｼ","811-2207","40343019000","福岡県糟屋郡志免町南里５－２－１","092-957-7740","","1","3","","","","001","19911001","","19910911","40076"
"40047","01/01/2000 00:00:00","06/30/2015 00:00:00","0","ecl04321","03/29/2018 18:50:00","803001","ecl04321","03/29/2018 18:50:00","803001","（株）Ｐａｌｔａｃ北九州","（株）Ｐａｌｔａｃ北九州","Ｐａｌｔａｃ北九州","ＰＴ北九州","KK ﾊﾟﾙﾀﾂｸHCｷﾀｷﾕｳｼﾕｳ","ﾊﾟﾙｷﾀｷﾕｳｼﾕ","804-0065","40105019000","福岡県北九州市戸畑区新川町３－５０２","0000-00-0000","","1","3","","","","003","19911001","","19910912","40076"
"40047","07/01/2015 00:00:00","02/07/2019 00:00:00","0","ecl05317","03/29/2018 18:50:00","803001","ecl05317","03/29/2018 18:50:00","803001","（株）ＰＡＬＴＡＣ北九州","（株）ＰＡＬＴＡＣ北九州","ＰＡＬＴＡＣ北九州","ＰＴ北九州","KK ﾊﾟﾙﾀﾂｸHCｷﾀｷﾕｳｼﾕｳ","ﾊﾟﾙｷﾀｷﾕｳｼﾕ","804-0065","40105019000","福岡県北九州市戸畑区新川町３－５０２","093-882-6900","","1","3","","","","003","19911001","","19910912","40076"
"40048","01/01/2000 00:00:00","06/30/2015 00:00:00","0","ecld0918","03/29/2018 18:50:00","803001","ecld0918","03/29/2018 18:50:00","803001","（株）Ｐａｌｔａｃ九州","（株）Ｐａｌｔａｃ九州","Ｐａｌｔａｃ九州","ＰＬ九州","KK ﾊﾟﾙﾀﾂｸｷﾕｳｼﾕｳ","KK ﾊﾟﾙｷﾕ","811-2207","40343019000","福岡県糟屋郡志免町南里５－２－１","0000-00-0000","","1","3","","","","","19911001","","19910913",""
"40048","07/01/2015 00:00:00","10/08/2020 00:00:00","0","ecl05317","03/29/2018 18:50:00","803001","ecl05317","03/29/2018 18:50:00","803001","（株）ＰＡＬＴＡＣ九州支社","（株）ＰＡＬＴＡＣ九州支社","ＰＡＬＴＡＣ九州","ＰＴ九州","KK ﾊﾟﾙﾀﾂｸｷﾕｳｼﾕｳ","KK ﾊﾟﾙｷﾕ","811-2207","40343019000","福岡県糟屋郡志免町南里５－２－１","0942-72-1133","","1","3","","","","","19911001","","19910913",""
"40051","01/01/2000 00:00:00","03/31/2015 00:00:00","0","ecl06595","03/29/2018 18:50:00","803001","ecl06595","03/29/2018 18:50:00","803001","リードヘルスケア量販事業部","リードヘルスケア量販事業部","リードＨＣ量販事業部","Ｒ西　量販","ﾘ-ﾄﾞﾍﾙｽｹﾆｼﾆﾎﾝﾘﾖｳﾊﾝ","RHCﾆｼ ﾘﾖｳﾊ","819-0005","40135018002","福岡県福岡市西区内浜２丁目９－２３","092-883-6155","092-883-6132","1","3","","","","101","19940501","","19940421","40059"
"40051","04/01/2015 00:00:00","03/31/2017 00:00:00","0","ecl05317","03/29/2018 18:50:00","803001","ecl05317","03/29/2018 18:50:00","803001","リードヘルスケア九州営業部","リードヘルスケア九州営業部","リードＨＣ九州営業部","リード九州","ﾘ-ﾄﾞﾍﾙｽｹｷﾕｳｼﾕｳｴｲ","ﾘ-ﾄﾞｷﾕｳｼﾕｳ","819-0005","40135018002","福岡県福岡市西区内浜２丁目９－２３","092-883-6155","092-883-6132","1","3","","","","101","19940501","","19940421","40059"
"40051","04/01/2017 00:00:00","10/08/2020 00:00:00","0","ecl05317","03/29/2018 18:50:00","803001","ecl05317","03/29/2018 18:50:00","803001","（株）リードヘルスケア西日本営業部","（株）リードＨＣ西日本営業","リードＨＣ西日本営業","ＲＨ西日営","ﾘ-ﾄﾞﾍﾙｽｹｱﾆｼﾆﾎﾝｴｲｷﾞﾖｳ","ﾘ-ﾄﾞﾆｼﾆﾎﾝｴ","819-0005","40135018002","福岡県福岡市西区内浜２丁目９－２３","092-883-6155","092-883-6132","1","3","","","","101","19940501","","19940421","40059"
"40054","01/01/2000 00:00:00","10/31/2015 00:00:00","0","ecl04321","03/29/2018 18:50:00","803001","ecl04321","03/29/2018 18:50:00","803001","（株）井田両国堂　福岡店","（株）井田両国堂　福岡店","井田両国堂　福岡店","井田福岡","KK.ｲﾀﾞﾘﾖｳｺﾞｸﾄﾞｳ-ﾌｸｵｶ","ｲﾀﾞ-ﾌｸｵｶ","811-2313","40349003000","福岡県糟屋郡粕屋町大字江辻１－１　佐川急便東福岡ＳＲＣ３Ｆ","092-931-7272","092-931-7273","3","3","","","","","19970401","","19970326","13803"
"40054","11/01/2015 00:00:00","10/08/2020 00:00:00","0","ecl04321","03/29/2018 18:50:00","803001","ecl04321","03/29/2018 18:50:00","803001","（株）井田両国堂　福岡店","（株）井田両国堂　福岡店","井田両国堂　福岡店","井田福岡","KK.ｲﾀﾞﾘﾖｳｺﾞｸﾄﾞｳ-ﾌｸｵｶ","ｲﾀﾞ-ﾌｸｵｶ","811-2315","40349018000","福岡県糟屋郡粕屋町甲仲原４－４－１　佐川急便ロジ３Ｆ","092-931-7272","092-931-7273","3","3","","","","","19970401","","19970326","13803"
"40061","01/01/2000 00:00:00","04/23/2018 00:00:00","0","ecl04291","03/29/2018 18:50:00","803001","ecl04291","03/29/2018 18:50:00","803001","株式会社アトル","株式会社アトル","アトル","アトル","KKｱﾄﾙ","ｱﾄﾙ","812-0897","40132061002","福岡県福岡市博多区半道橋２丁目２番５１号","092-451-8771","092-451-8754","1","3","","","030","","19991001","","19990909","28026"
"40080","01/01/2000 00:00:00","03/31/2015 00:00:00","0","ecl04321","03/29/2018 18:50:00","803001","ecl04321","03/29/2018 18:50:00","803001","（株）リードＨＣ久留米２部","（株）リードＨＣ久留米２部","リードＨＣ久留米２","ＲＨＣ久２","ﾘ-ﾄﾞﾍﾙｽｹｱ ｸﾙﾒﾆﾌﾞ","RHCｸﾙﾒﾆﾌﾞ","830-0037","40203023000","福岡県久留米市諏訪野町４－１","0942-32-1177","0942-32-1191","1","3","","","","103","19910401","","20050406",""
"40080","04/01/2015 00:00:00","05/24/2018 00:00:00","0","ecl05317","03/29/2018 18:50:00","803001","ecl05317","03/29/2018 18:50:00","803001","（株）リードＨＣ　広域第一営業部","（株）リードＨＣ広域第一","リードＨＣ広域第一","ＲＨＣ広１","ﾘ-ﾄﾞﾍﾙｽｹｱ ｺｳｲｷﾀﾞｲｲﾁ","RHCｺｳｲｷ1","800-0215","40107018000","福岡県北九州市小倉南区上曽根新町１３－１","093-473-0321","093-475-0250","1","3","","","","103","19910401","","20050406",""
"40081","01/01/2000 00:00:00","10/31/2011 00:00:00","0","ecl04321","03/29/2018 18:50:00","803001","ecl04321","03/29/2018 18:50:00","803001","（株）トミタＨＣ第二支店","（株）トミタＨＣ第二支店","トミタＨＣ第二支店","トミタ第二","ﾄﾐﾀﾍﾙｽｹｱ ﾀﾞｲﾆｼﾃﾝ","ﾄﾐﾀHCﾀﾞｲﾆ","811-2205","40343023000","福岡県糟屋郡志免町別府西三丁目３番１０号","092-935-6262","092-936-0388","1","3","","","060","121","20051221","","20051221",""
"40081","11/01/2011 00:00:00","10/09/2019 00:00:00","0","ecl04321","03/29/2018 18:50:00","803001","ecl04321","03/29/2018 18:50:00","803001","（株）トミタＨＣ第二支店","（株）トミタＨＣ第二支店","トミタＨＣ第二支店","トミタ第二","ﾄﾐﾀﾍﾙｽｹｱ ﾀﾞｲﾆｼﾃﾝ","ﾄﾐﾀHCﾀﾞｲﾆ","811-2205","40343023000","福岡県糟屋郡志免町別府西三丁目３番１０号","092-935-6262","092-936-0388","1","3","","","060","121","20051221","20111129","20051221",""
"40082","01/01/2000 00:00:00","10/31/2012 00:00:00","0","ecl04321","03/29/2018 18:50:00","803001","ecl04321","03/29/2018 18:50:00","803001","（株）トミタＨＣ第一支店","（株）トミタＨＣ第一支店","トミタＨＣ第一支店","トミタ第一","ﾄﾐﾀﾍﾙｽｹｱ ﾀﾞｲｲﾁｼﾃﾝ","ﾄﾐﾀHCﾌｸｵｶ","811-2205","40343023000","福岡県糟屋郡志免町別府西三丁目３番１０号","092-935-6262","092-936-0388","1","3","","","060","120","20051221","","20060622",""
"40082","11/01/2012 00:00:00","10/09/2019 00:00:00","0","ecl04321","03/29/2018 18:50:00","803001","ecl04321","03/29/2018 18:50:00","803001","（株）トミタＨＣ第一支店","（株）トミタＨＣ第一支店","トミタＨＣ第一支店","トミタ第一","ﾄﾐﾀﾍﾙｽｹｱ ﾀﾞｲｲﾁｼﾃﾝ","ﾄﾐﾀHCﾌｸｵｶ","811-2205","40343023000","福岡県糟屋郡志免町別府西三丁目３番１０号","092-935-6262","092-936-0388","1","3","","","060","120","20051221","20121121","20060622",""
"40083","01/01/2000 00:00:00","02/28/2013 00:00:00","0","ecl04291","03/29/2018 18:50:00","803001","ecl04291","03/29/2018 18:50:00","803001","アルフレッサ九州営業部","アルフレッサ九州営業部","アルフレッサ九州","ＡＬ九州","ｱﾙﾌﾚﾂｻｷﾕｳｼﾕｳ","KK ｱﾙﾌﾚﾂｻｷ","812-0041","40132078004","福岡県福岡市博多区吉塚４丁目１１－３２","092-626-9011","092-626-9019","1","3","","","950","160","20080101","","20080317","13149"
"40083","03/01/2013 00:00:00","03/31/2016 00:00:00","0","ips00025","03/29/2018 18:50:00","803001","ips00025","03/29/2018 18:50:00","803001","アルフレッサ九州営業部","アルフレッサ九州営業部","アルフレッサ九州","ＡＦ九州","ｱﾙﾌﾚﾂｻｷﾕｳｼﾕｳ","KK ｱﾙﾌﾚﾂｻｷ","812-0041","40132078004","福岡県福岡市博多区吉塚４丁目１１－３２","092-626-9011","092-626-9019","1","3","","","950","160","20080101","","20080317","13149"
"40083","04/01/2016 00:00:00","10/02/2018 00:00:00","0","ips00023","03/29/2018 18:50:00","803001","ips00023","03/29/2018 18:50:00","803001","アルフレッサ（株）九州","アルフレッサ（株）九州","アルフレッサ九州","ＡＦ九州","ｱﾙﾌﾚﾂｻｷﾕｳｼﾕｳ","KK ｱﾙﾌﾚﾂｻｷ","812-0041","40132078004","福岡県福岡市博多区吉塚４丁目１１－３２","092-626-9011","092-626-9019","1","3","","","950","160","20080101","","20080317","13149"
"40084","01/01/2000 00:00:00","02/07/2019 00:00:00","0","ecl04291","03/29/2018 18:50:00","803001","ecl04291","03/29/2018 18:50:00","803001","シーエス薬品（株）九州営業","シーエス薬品（株）九州営業","シーエス薬品九州営業","シーエス九","ｼ-ｴｽﾔｸﾋﾝ ｷﾕｳｼﾕｳｴｲｷﾞﾖ","ｼ-ｴｽｷﾕｳｼﾕｳ","811-2205","40343023000","福岡県糟屋郡志免町別府西三丁目３番１０号","092-931-2210","092-931-2220","1","3","","","060","121","20091228","","20091228",""
"40085","01/01/2000 00:00:00","03/31/2015 00:00:00","0","ecl04321","03/29/2018 18:50:00","803001","ecl04321","03/29/2018 18:50:00","803001","リードＨＣパーソナル事業部","リードＨＣパーソナル事業部","リードＨＣパーソナル","Ｒパーソナ","KK ﾘ-ﾄﾞHCﾊﾟ-ｿﾅﾙｼﾞｷﾞﾖ","Rﾊﾟ-ｿﾅﾙｼﾞ","819-0005","40135018002","福岡県福岡市西区内浜２丁目９－２３","092-883-6155","092-883-6132","1","3","","","","101","20100617","","20100617","40059"
"40085","04/01/2015 00:00:00","03/31/2017 00:00:00","0","ecl05317","03/29/2018 18:50:00","803001","ecl05317","03/29/2018 18:50:00","803001","リードヘルスケア九州ＰＳ営業部","リードＨＣ九州ＰＳ営業部","リードＨＣ九州ＰＳ営","Ｒ九州ＰＳ","ﾘ-ﾄﾞHCｷﾕｳｼﾕPS","ﾘ-ﾄﾞｷﾕｳPS","819-0005","40135018002","福岡県福岡市西区内浜２丁目９－２３","092-883-6155","092-883-6132","1","3","","","","101","20100617","","20100617","40059"
"40085","04/01/2017 00:00:00","05/24/2018 00:00:00","0","ecl05317","03/29/2018 18:50:00","803001","ecl05317","03/29/2018 18:50:00","803001","（株）リードヘルスケア西日本ＰＳ営業部","（株）リードＨＣ西日本ＰＳ","リードＨＣ西日本ＰＳ","ＲＨ西日Ｐ","ﾘ-ﾄﾞﾍﾙｽｹｱﾆｼﾆﾎﾝPS","ﾘ-ﾄﾞﾆｼﾆﾎﾝP","819-0005","40135018002","福岡県福岡市西区内浜２丁目９－２３","092-883-6155","092-883-6132","1","3","","","","101","20100617","","20100617","40059"
"40090","05/01/2017 00:00:00","09/30/2017 00:00:00","0","ecl07868","03/29/2018 18:50:00","803001","ecl07868","03/29/2018 18:50:00","803001","共創未来福岡薬品（株）","共創未来福岡薬品（株）","共創未来福岡","共創福岡","ｷﾖｳｿｳﾐﾗｲ ﾌｸｵｶ","ｷﾖｳｿｳﾌｸｵｶ","800-0208","40107089001","福岡県北九州市小倉南区沼本町１丁目１０－２","093-472-2727","093-473-5471","2","3","2","","710","","20170501","","20170525","13013"
"40090","10/01/2017 00:00:00","02/07/2019 00:00:00","0","ecl07868","03/29/2018 18:50:00","803001","ecl07868","03/29/2018 18:50:00","803001","共創未来福岡薬品（株）","共創未来福岡薬品（株）","共創未来福岡","共創福岡","ｷﾖｳｿｳﾐﾗｲ ﾌｸｵｶ","ｷﾖｳｿｳﾌｸｵｶ","800-0208","40107089001","福岡県北九州市小倉南区沼本町１丁目１０－２","093-472-2727","093-473-5471","2","3","2","","980","","20170501","","20170525","13013"
"40091","06/01/2017 00:00:00","09/30/2017 00:00:00","0","ecl07868","03/29/2018 18:50:00","803001","ecl07868","03/29/2018 18:50:00","803001","（株）エムコム九州","（株）エムコム九州","エムコム九州","エムコム九","ｴﾑｺﾑｷﾕｳｼﾕｳ","ｴﾑｺﾑｷﾕｳｼﾕｳ","830-0023","40203030000","福岡県久留米市中央町３５－１８","0942-48-8010","0942-48-8070","2","3","2","","711","","20170701","","20170614",""
"40091","10/01/2017 00:00:00","06/28/2018 00:00:00","0","ecl07868","03/29/2018 18:50:00","803001","ecl07868","03/29/2018 18:50:00","803001","（株）エムコム九州","（株）エムコム九州","エムコム九州","エムコム九","ｴﾑｺﾑｷﾕｳｼﾕｳ","ｴﾑｺﾑｷﾕｳｼﾕｳ","830-0023","40203030000","福岡県久留米市中央町３５－１８","0942-48-8010","0942-48-8070","2","3","2","","970","","20170701","","20170614",""
"40098","01/01/2000 00:00:00","12/31/9999 00:00:00","0","ecld0918","03/29/2018 18:50:00","803001","ecld0918","03/29/2018 18:50:00","803001","正晃（株）","正晃（株）","正晃","正晃","ｾｲｺｳ KK","ｾｲｺｳ","","00000000000","","0000-00-0000","","2","3","2","","132","","19000101","","19000101","28026"
"40888","01/01/2000 00:00:00","02/28/2013 00:00:00","0","","03/29/2018 18:50:00","803001","","03/29/2018 18:50:00","803001","福岡の代理店","福岡の代理店","福岡の代理店","福・代理店","ﾌｸｵｶﾉ ﾀﾞｲﾘﾃﾝ","ﾌｸｵｶ","","00000000000","","0000-00-0000","","9","3","","","","","195105","","195105",""
"40888","03/01/2013 00:00:00","12/31/9999 00:00:00","0","ips00015","03/29/2018 18:50:00","803001","ips00015","03/29/2018 18:50:00","803001","福岡の代理店","福岡の代理店","福岡の代理店","福・代理店","ﾌｸｵｶﾉ ﾀﾞｲﾘﾃﾝ","ﾌｸｵｶ","","00000000000","","0000-00-0000","","9","3","","","","","19000101","","19000101",""
"40889","01/01/2000 00:00:00","12/31/9999 00:00:00","0","","03/29/2018 18:50:00","803001","","03/29/2018 18:50:00","803001","福岡の代理店","福岡の代理店","福岡の代理店","福・代理店","ﾌｸｵｶﾉ ﾀﾞｲﾘﾃﾝ","ﾌｸｵｶ","","00000000000","","0000-00-0000","","9","3","","","","","19000101","","19000101",""
"40890","01/01/2000 00:00:00","04/11/2019 00:00:00","0","ecl04321","03/29/2018 18:50:00","803001","ecl04321","03/29/2018 18:50:00","803001","アルフレッサヘルスケア（株）九州支社","アルフレッサＨＣ九州支社","アルフレッサＨＣ九州","アルフ九州","ｱﾙﾌﾚﾂｻﾍﾙｽｹｱｷﾕｳｼﾕｳ","ｱﾙﾌｷﾕｳｼﾕｳ","811-2232","40343022000","福岡県糟屋郡志免町別府西３丁目３番１０号","092-931-2211","","1","2","","","","","20110907","","20110907","13012"
"41001","01/01/2000 00:00:00","04/14/2019 00:00:00","0","ecld0918","03/29/2018 18:50:00","803001","ecld0918","03/29/2018 18:50:00","803001","（株）アステム佐賀営業部","（株）アステム佐賀営業部","アステム佐賀営業部","ＡＳ佐賀","KK ｱｽﾃﾑ ｻｶﾞｴｲｷﾞﾖｳﾌﾞ","ｱｽﾃﾑ ｻｶﾞ","845-0031","41208033000","佐賀県小城市三日月町堀江１７４１","0952-72-8000","0952-72-1843","1","3","","1","320","150","19000101","","19000101","44001"
"41002","01/01/2000 00:00:00","09/30/2016 00:00:00","0","ecld0918","03/29/2018 18:50:00","803001","ecld0918","03/29/2018 18:50:00","803001","（株）アトル佐賀営業部","（株）アトル佐賀営業部","アトル佐賀営業部","アトル佐賀","KK ｱﾄﾙ ｻｶﾞ","ｱﾄﾙ ｻｶﾞ","840-0857","41201053104","佐賀県佐賀市鍋島町大字八戸３１４０","0952-29-7161","0952-24-2621","1","3","","1","350","151","19000101","","19000101","28026"
"41002","10/01/2016 00:00:00","04/14/2019 00:00:00","0","ecl02796","03/29/2018 18:50:00","803001","ecl02796","03/29/2018 18:50:00","803001","（株）アトル佐賀長崎営業部","（株）アトル佐賀長崎営業部","アトル佐賀長崎営業部","アトル佐長","KK ｱﾄﾙ ｻｶﾞﾅｶﾞｻｷ","ｱﾄﾙ ｻｶﾞﾅｶﾞ","840-0857","41201053104","佐賀県佐賀市鍋島町大字八戸３１４０","0952-29-7161","0952-24-2621","1","3","","1","350","151","20161001","","20161001","28026"
"41003","01/01/2000 00:00:00","03/31/2016 00:00:00","0","ecld0918","03/29/2018 18:50:00","803001","ecld0918","03/29/2018 18:50:00","803001","（株）翔薬　佐賀営業部","（株）翔薬　佐賀営業部","翔薬　佐賀営業部","翔薬佐賀","KK ｼﾖｳﾔｸ ｻｶﾞ","ｼﾖｳﾔｸ ｻｶﾞ","849-0934","41201012006","佐賀県佐賀市開成６丁目１２－２５","0952-30-3211","","1","3","","1","310","152","19000101","","19000101","40004"
"41003","04/01/2016 00:00:00","04/14/2019 00:00:00","0","ips00023","03/29/2018 18:50:00","803001","ips00023","03/29/2018 18:50:00","803001","（株）翔薬佐賀営業部","（株）翔薬佐賀営業部","翔薬佐賀営業部","翔薬佐賀","KK ｼﾖｳﾔｸ ｻｶﾞ","ｼﾖｳﾔｸ ｻｶﾞ","849-0934","41201012006","佐賀県佐賀市開成６丁目１２－２５","0952-30-3211","","1","3","","1","310","152","19000101","","19000101","40004"
"41007","01/01/2000 00:00:00","03/31/2016 00:00:00","0","ecld0918","03/29/2018 18:50:00","803001","ecld0918","03/29/2018 18:50:00","803001","株）宮崎温仙堂商店佐賀支店","株）宮崎温仙堂商店佐賀支店","宮崎温仙堂　佐賀支店","温仙堂佐賀","KK ﾐﾔｻﾞｷ ｵﾝｾﾝﾄﾞｳ ｻｶﾞ","ｵﾝｾﾝﾄﾞｳ ｻｶ","849-0912","41201064101","佐賀県佐賀市兵庫町大字瓦町１１０４","0000-00-0000","","1","3","","1","340","501","19000101","","19000101","42002"
"41007","04/01/2016 00:00:00","04/14/2019 00:00:00","0","ips00023","03/29/2018 18:50:00","803001","ips00023","03/29/2018 18:50:00","803001","（株）宮崎温仙堂商店佐賀支店","（株）宮崎温仙堂商店佐賀","宮崎温仙堂佐賀支店","温仙堂佐賀","KK ﾐﾔｻﾞｷ ｵﾝｾﾝﾄﾞｳ ｻｶﾞ","ｵﾝｾﾝﾄﾞｳ ｻｶ","849-0912","41201064101","佐賀県佐賀市兵庫町大字瓦町１１０４","0000-00-0000","","1","3","","1","340","501","19000101","","19000101","42002"
"41010","01/01/2000 00:00:00","06/30/2015 00:00:00","0","ecl04321","03/29/2018 18:50:00","803001","ecl04321","03/29/2018 18:50:00","803001","（株）Ｐａｌｔａｃ佐賀","（株）Ｐａｌｔａｃ佐賀","Ｐａｌｔａｃ佐賀","ＰＴ佐賀","KK ﾊﾟﾙﾀﾂｸｻｶﾞｼﾃﾝ","ﾊﾟCｻｶﾞｴｲ","845-0022","41208029000","佐賀県小城市三日月町久米２５２３－１","0000-00-0000","","1","3","","","","004","19911001","","19910912",""
"41010","07/01/2015 00:00:00","02/07/2019 00:00:00","0","ecl05317","03/29/2018 18:50:00","803001","ecl05317","03/29/2018 18:50:00","803001","（株）ＰＡＬＴＡＣ佐賀","（株）ＰＡＬＴＡＣ佐賀","ＰＡＬＴＡＣ佐賀","ＰＴ佐賀","KK ﾊﾟﾙﾀﾂｸｻｶﾞｼﾃﾝ","ﾊﾟCｻｶﾞｴｲ","845-0022","41208029000","佐賀県小城市三日月町久米２５２３－１","093-882-6900","","1","3","","","","004","19911001","","19910912",""
"41888","01/01/2000 00:00:00","02/28/2013 00:00:00","0","","03/29/2018 18:50:00","803001","","03/29/2018 18:50:00","803001","佐賀の代理店","佐賀の代理店","佐賀の代理店","佐・代理店","ｻｶﾞﾉ ﾀﾞｲﾘﾃﾝ","ｻｶﾞ","","00000000000","","0000-00-0000","","9","3","","","","","195105","","195105",""
"41888","03/01/2013 00:00:00","12/31/9999 00:00:00","0","ips00015","03/29/2018 18:50:00","803001","ips00015","03/29/2018 18:50:00","803001","佐賀の代理店","佐賀の代理店","佐賀の代理店","佐・代理店","ｻｶﾞﾉ ﾀﾞｲﾘﾃﾝ","ｻｶﾞ","","00000000000","","0000-00-0000","","9","3","","","","","19000101","","19000101",""
"41889","01/01/2000 00:00:00","12/31/9999 00:00:00","0","","03/29/2018 18:50:00","803001","","03/29/2018 18:50:00","803001","佐賀の代理店","佐賀の代理店","佐賀の代理店","佐・代理店","ｻｶﾞﾉ ﾀﾞｲﾘﾃﾝ","ｻｶﾞ","","00000000000","","0000-00-0000","","9","3","","","","","19000101","","19000101",""
"42001","01/01/2000 00:00:00","04/14/2019 00:00:00","0","ecld0918","03/29/2018 18:50:00","803001","ecld0918","03/29/2018 18:50:00","803001","東七株式会社","東七株式会社","東七","東七","ﾄｳｼﾁ","ﾄｳｼﾁ","857-0134","42202102004","長崎県佐世保市瀬戸越４丁目１３１８－１","0956-41-0777","","1","3","","","460","145","19000101","","19000101","42001"
"42002","01/01/2000 00:00:00","03/31/2016 00:00:00","0","ecld0918","03/29/2018 18:50:00","803001","ecld0918","03/29/2018 18:50:00","803001","（株）宮崎温仙堂商店","（株）宮崎温仙堂商店","宮崎温仙堂","温仙堂","KK ﾐﾔｻﾞｷ ｵﾝｾﾝﾄﾞｳ","ｵﾝｾﾝﾄﾞｳ","854-0014","42204062000","長崎県諫早市東小路町２－２８","0957-22-3350","","1","3","","1","420","500","19000101","","19000101","42002"
"42002","04/01/2016 00:00:00","04/14/2019 00:00:00","0","ecl07585","03/29/2018 18:50:00","803001","ecl07585","03/29/2018 18:50:00","803001","（株）宮崎温仙堂商店","（株）宮崎温仙堂商店","宮崎温仙堂","宮崎温仙堂","KK ﾐﾔｻﾞｷ ｵﾝｾﾝﾄﾞｳ","ｵﾝｾﾝﾄﾞｳ","854-0014","42204062000","長崎県諫早市東小路町２－２８","0957-22-3350","","1","3","","1","420","500","19000101","","19000101","42002"
"42004","01/01/2000 00:00:00","03/31/2016 00:00:00","0","ecld0918","03/29/2018 18:50:00","803001","ecld0918","03/29/2018 18:50:00","803001","株式会社翔薬　長崎営業部","株式会社翔薬　長崎営業部","翔薬　長崎営業部","翔薬長崎","KK ｼﾖｳﾔｸ ﾅｶﾞｻｷ","ｼﾖｳﾔｸﾅｶﾞｻｷ","850-0823","42201294000","長崎県長崎市弥生町８－１８","0958-23-2121","","1","3","","1","410","152","19000101","","19000101","40004"
"42004","04/01/2016 00:00:00","04/14/2019 00:00:00","0","ips00023","03/29/2018 18:50:00","803001","ips00023","03/29/2018 18:50:00","803001","（株）翔薬長崎営業部","（株）翔薬長崎営業部","翔薬長崎営業部","翔薬長崎","KK ｼﾖｳﾔｸ ﾅｶﾞｻｷ","ｼﾖｳﾔｸﾅｶﾞｻｷ","850-0823","42201294000","長崎県長崎市弥生町８－１８","0958-23-2121","","1","3","","1","410","152","19000101","","19000101","40004"
"42009","01/01/2000 00:00:00","04/14/2019 00:00:00","0","ecld0918","03/29/2018 18:50:00","803001","ecld0918","03/29/2018 18:50:00","803001","藤村薬品株式会社","藤村薬品株式会社","藤村薬品","藤村薬品","ﾌｼﾞﾑﾗ ﾔｸﾋﾝ KK","ﾌｼﾞﾑﾗ ﾔｸﾋﾝ","851-0134","42201163000","長崎県長崎市田中町２０２２番地","0958-37-8331","","1","3","","1","430","047","19000101","","19000101","44001"
"42017","01/01/2000 00:00:00","09/30/2013 00:00:00","0","ecl03580","03/29/2018 18:50:00","803001","ecl03580","03/29/2018 18:50:00","803001","富田薬品（株）長崎支店","富田薬品（株）長崎支店","富田薬品　長崎支店","富田長崎","ﾄﾐﾀﾔｸﾋﾝ KK ﾅｶﾞｻｷｼﾃﾝ","ﾄﾐﾀ ﾅｶﾞｻｷ","854-0036","42204056000","長崎県諫早市長野町１４９５－１","0000-00-0000","","1","3","","","450","123","19000101","","19000101","43002"
"42017","10/01/2013 00:00:00","02/11/2019 00:00:00","0","ips00015","03/29/2018 18:50:00","803001","ips00015","03/29/2018 18:50:00","803001","富田薬品（株）長崎支店","富田薬品（株）長崎支店","富田薬品　長崎支店","富田長崎","ﾄﾐﾀﾔｸﾋﾝ KK ﾅｶﾞｻｷｼﾃﾝ","ﾄﾐﾀ ﾅｶﾞｻｷ","854-0036","42204056000","長崎県諫早市長野町１４９５－１","0000-00-0000","","1","3","","1","450","123","19000101","","19000101","43002"
"42018","01/01/2000 00:00:00","06/30/2015 00:00:00","0","ecl04321","03/29/2018 18:50:00","803001","ecl04321","03/29/2018 18:50:00","803001","（株）Ｐａｌｔａｃ長崎","（株）Ｐａｌｔａｃ長崎","Ｐａｌｔａｃ長崎","ＰＴ長崎","KK ﾊﾟﾙﾀﾂｸﾅｶﾞｻｷｴｲｷﾞ","ﾊﾟﾙﾅｶﾞｻｷ","850-0823","42201294000","長崎県長崎市弥生町８－１８","0000-00-0000","","1","3","","","","005","19911001","","19910912","40076"
"42018","07/01/2015 00:00:00","02/07/2019 00:00:00","0","ecl05317","03/29/2018 18:50:00","803001","ecl05317","03/29/2018 18:50:00","803001","（株）ＰＡＬＴＡＣ長崎","（株）ＰＡＬＴＡＣ長崎","ＰＡＬＴＡＣ長崎","ＰＴ長崎","KK ﾊﾟﾙﾀﾂｸﾅｶﾞｻｷｴｲｷﾞ","ﾊﾟﾙﾅｶﾞｻｷ","850-0823","42201294000","長崎県長崎市弥生町８－１８","0942-72-1133","","1","3","","","","005","19911001","","19910912","40076"
"42019","01/01/2000 00:00:00","02/07/2019 00:00:00","0","ecld0918","03/29/2018 18:50:00","803001","ecld0918","03/29/2018 18:50:00","803001","（株）アトル長崎営業部","（株）アトル長崎営業部","アトル長崎営業部","アトル長崎","KK ｱﾄﾙ ﾅｶﾞｻｷ","ｱﾄﾙ ﾅｶﾞｻｷ","850-0936","42201189000","長崎県長崎市浪の平町４－２３","0958-22-0303","0958-22-0304","1","3","","1","440","151","19960405","","19960405","28026"
"42888","01/01/2000 00:00:00","02/28/2013 00:00:00","0","","03/29/2018 18:50:00","803001","","03/29/2018 18:50:00","803001","長崎の代理店","長崎の代理店","長崎の代理店","長・代理店","ﾅｶﾞｻｷﾉ ﾀﾞｲﾘﾃﾝ","ﾅｶﾞｻｷ","","00000000000","","0000-00-0000","","9","3","","","","","195105","","195105",""
"42888","03/01/2013 00:00:00","12/31/9999 00:00:00","0","ips00015","03/29/2018 18:50:00","803001","ips00015","03/29/2018 18:50:00","803001","長崎の代理店","長崎の代理店","長崎の代理店","長・代理店","ﾅｶﾞｻｷﾉ ﾀﾞｲﾘﾃﾝ","ﾅｶﾞｻｷ","","00000000000","","0000-00-0000","","9","3","","","","","19000101","","19000101",""
"42889","01/01/2000 00:00:00","12/31/9999 00:00:00","0","","03/29/2018 18:50:00","803001","","03/29/2018 18:50:00","803001","長崎の代理店","長崎の代理店","長崎の代理店","長・代理店","ﾅｶﾞｻｷﾉ ﾀﾞｲﾘﾃﾝ","ﾅｶﾞｻｷ","","00000000000","","0000-00-0000","","9","3","","","","","19000101","","19000101",""
"43001","01/01/2000 00:00:00","05/31/2014 00:00:00","0","eclips01","03/29/2018 18:50:00","803001","eclips01","03/29/2018 18:50:00","803001","九州東邦（株）","九州東邦（株）","九州東邦","九州東邦","ｷﾕｳｼﾕｳﾄｳﾎｳKK","ｷﾕｳｼﾕｳﾄｳﾎｳ","860-0823","43101108000","熊本県熊本市中央区世安町３５６","0000-00-0000","","2","3","2","","680","159","19000101","","19000101","13013"
"43001","06/01/2014 00:00:00","04/30/2015 00:00:00","0","ecl07868","03/29/2018 18:50:00","803001","ecl07868","03/29/2018 18:50:00","803001","九州東邦（株）","九州東邦（株）","九州東邦","九州東邦","ｷﾕｳｼﾕｳﾄｳﾎｳKK","ｷﾕｳｼﾕｳﾄｳﾎｳ","860-0823","43101108000","熊本県熊本市中央区世安町３５６","0000-00-0000","","1","3","2","","680","159","19000101","","19000101","13013"
"43001","05/01/2015 00:00:00","09/10/2018 00:00:00","0","ips00015","03/29/2018 18:50:00","803001","ips00015","03/29/2018 18:50:00","803001","九州東邦（株）","九州東邦（株）","九州東邦","九州東邦","ｷﾕｳｼﾕｳﾄｳﾎｳKK","ｷﾕｳｼﾕｳﾄｳﾎｳ","860-0823","43101108000","熊本県熊本市中央区世安町３５６","0000-00-0000","","1","3","2","1","680","159","19000101","","19000101","13013"
"43002","01/01/2000 00:00:00","09/30/2013 00:00:00","0","ecld0918","03/29/2018 18:50:00","803001","ecld0918","03/29/2018 18:50:00","803001","富田薬品（株）","富田薬品（株）","富田薬品　熊本","富田熊本","ﾄﾐﾀ ﾔｸﾋﾝ KK","ﾄﾐﾀ ｸﾏﾓﾄ","862-0976","43101026006","熊本県熊本市中央区九品寺６丁目２－３５","0000-00-0000","","1","3","","","670","126","19000101","","19000101","43002"
"43002","10/01/2013 00:00:00","09/30/2014 00:00:00","0","ips00015","03/29/2018 18:50:00","803001","ips00015","03/29/2018 18:50:00","803001","富田薬品（株）","富田薬品（株）","富田薬品　熊本","富田熊本","ﾄﾐﾀ ﾔｸﾋﾝ KK","ﾄﾐﾀ ｸﾏﾓﾄ","862-0976","43101026006","熊本県熊本市中央区九品寺６丁目２－３５","0000-00-0000","","1","3","","1","670","126","19000101","","19000101","43002"
"43002","10/01/2014 00:00:00","10/31/2014 00:00:00","0","ecl07868","03/29/2018 18:50:00","803001","ecl07868","03/29/2018 18:50:00","803001","富田薬品（株）","富田薬品（株）","富田薬品","富田薬品","ﾄﾐﾀ ﾔｸﾋﾝ KK","ﾄﾐﾀ ﾔｸﾋﾝ","862-0976","43101026006","熊本県熊本市中央区九品寺６丁目２－３５","0000-00-0000","","1","3","","4","670","126","19000101","","19000101","43002"
"43002","11/01/2014 00:00:00","04/14/2020 00:00:00","0","ecl07868","03/29/2018 18:50:00","803001","ecl07868","03/29/2018 18:50:00","803001","富田薬品（株）","富田薬品（株）","富田薬品","富田薬品","ﾄﾐﾀ ﾔｸﾋﾝ KK","ﾄﾐﾀ ﾔｸﾋﾝ","862-0976","43101026006","熊本県熊本市中央区九品寺６丁目２－３５","0000-00-0000","","1","3","","1","670","126","19000101","","19000101","43002"
"43003","01/01/2000 00:00:00","06/30/2012 00:00:00","0","ecld0918","03/29/2018 18:50:00","803001","ecld0918","03/29/2018 18:50:00","803001","（株）アステム熊本営業部","（株）アステム熊本営業部","アステム熊本営業部","ＡＳ熊本","KK ｱｽﾃﾑ ｸﾏﾓﾄｴｲｷﾞﾖｳﾌﾞ","ｱｽﾃﾑ ｸﾏﾓﾄ","860-0831","43201199000","熊本県熊本市八王寺町３３－５７","096-378-9111","096-379-1148","1","1","","1","610","150","19000101","","19000101","44001"
"43003","07/01/2012 00:00:00","04/23/2018 00:00:00","0","ecl07868","03/29/2018 18:50:00","803001","ecl07868","03/29/2018 18:50:00","803001","（株）アステム熊本営業部","（株）アステム熊本営業部","アステム熊本営業部","ＡＳ熊本","KK ｱｽﾃﾑ ｸﾏﾓﾄｴｲｷﾞﾖｳﾌﾞ","ｱｽﾃﾑ ｸﾏﾓﾄ","860-0831","43101078000","熊本県熊本市中央区八王寺町３３－５７","096-378-9111","096-379-1148","1","1","","1","610","150","19000101","","19000101","44001"
"43004","01/01/2000 00:00:00","04/23/2018 00:00:00","0","ecld0918","03/29/2018 18:50:00","803001","ecld0918","03/29/2018 18:50:00","803001","（株）アトル熊本営業部","（株）アトル熊本営業部","アトル熊本営業部","アトル熊本","KK ｱﾄﾙ ｸﾏﾓﾄ","ｱﾄﾙ ｸﾏﾓﾄ","862-0967","43104109001","熊本県熊本市南区流通団地１丁目１０－２","096-377-2711","096-378-4300","1","3","","1","620","151","19000101","","19000101","28026"
"43006","01/01/2000 00:00:00","04/23/2018 00:00:00","0","ecld0918","03/29/2018 18:50:00","803001","ecld0918","03/29/2018 18:50:00","803001","（株）新生堂","（株）新生堂","新生堂","新生堂","KK ｼﾝｾｲﾄﾞｳ","ｼﾝｾｲﾄﾞｳ","861-4101","43104056007","熊本県熊本市南区近見７丁目２－３０","0000-00-0000","","1","3","","1","630","142","19000101","","19000101","43006"
"43007","01/01/2000 00:00:00","10/08/2020 00:00:00","0","ecl03580","03/29/2018 18:50:00","803001","ecl03580","03/29/2018 18:50:00","803001","徳光屋本店","徳光屋本店","徳光屋本店","徳光屋","ﾄｸﾐﾂﾔ ﾎﾝﾃﾝ","ﾄｸﾐﾂﾔ","860-0004","43101056002","熊本県熊本市中央区新町２丁目１０－２０","0000-00-0000","","2","3","2","","690","","19000101","","19000101","43006"
"43011","01/01/2000 00:00:00","06/30/2012 00:00:00","0","ecld0918","03/29/2018 18:50:00","803001","ecld0918","03/29/2018 18:50:00","803001","株）宮崎温仙堂商店熊本支店","株）宮崎温仙堂商店熊本支店","宮崎温仙堂　熊本支店","温仙堂熊本","KK ﾐﾔｻﾞｷｵﾝｾﾝﾄﾞｳ ｸﾏﾓﾄ","ｵﾝｾﾝﾄﾞｳｸﾏﾓ","","43100000000","熊本県熊本市保田窪３丁目１－１１","0000-00-0000","","1","3","","1","640","503","19000101","","19000101","42002"
"43011","07/01/2012 00:00:00","03/31/2016 00:00:00","0","ecl07868","03/29/2018 18:50:00","803001","ecl07868","03/29/2018 18:50:00","803001","株）宮崎温仙堂商店熊本支店","株）宮崎温仙堂商店熊本支店","宮崎温仙堂　熊本支店","温仙堂熊本","KK ﾐﾔｻﾞｷｵﾝｾﾝﾄﾞｳ ｸﾏﾓﾄ","ｵﾝｾﾝﾄﾞｳｸﾏﾓ","862-0926","43102064003","熊本県熊本市東区保田窪３丁目１－１１","0000-00-0000","","1","3","","1","640","503","19000101","","19000101","42002"
"43011","04/01/2016 00:00:00","04/23/2018 00:00:00","0","ips00023","03/29/2018 18:50:00","803001","ips00023","03/29/2018 18:50:00","803001","（株）宮崎温仙堂商店熊本支店","（株）宮崎温仙堂商店熊本","宮崎温仙堂熊本支店","温仙堂熊本","KK ﾐﾔｻﾞｷｵﾝｾﾝﾄﾞｳ ｸﾏﾓﾄ","ｵﾝｾﾝﾄﾞｳｸﾏﾓ","862-0926","43102064003","熊本県熊本市東区保田窪３丁目１－１１","0000-00-0000","","1","3","","1","640","503","19000101","","19000101","42002"
"43014","01/01/2000 00:00:00","06/30/2015 00:00:00","0","ecl04321","03/29/2018 18:50:00","803001","ecl04321","03/29/2018 18:50:00","803001","（株）Ｐａｌｔａｃ熊本","（株）Ｐａｌｔａｃ熊本","Ｐａｌｔａｃ熊本","ＰＴ熊本","KK ﾊﾟﾙﾀﾂｸｸﾏﾓﾄｼﾃﾝ","ﾊﾟﾙﾀﾂｸｸﾏ","861-8011","43102021000","熊本県熊本市東区鹿帰瀬町４６３－１８","0000-00-0000","","1","3","","","","006","19911001","","19910913","40076"
"43014","07/01/2015 00:00:00","02/07/2019 00:00:00","0","ecl05317","03/29/2018 18:50:00","803001","ecl05317","03/29/2018 18:50:00","803001","（株）ＰＡＬＴＡＣ熊本","（株）ＰＡＬＴＡＣ熊本","ＰＡＬＴＡＣ熊本","ＰＴ熊本","KK ﾊﾟﾙﾀﾂｸｸﾏﾓﾄｼﾃﾝ","ﾊﾟﾙﾀﾂｸｸﾏ","861-8011","43102021000","熊本県熊本市東区鹿帰瀬町４６３－１８","096-312-1106","","1","3","","","","006","19911001","","19910913","40076"
"43022","01/01/2000 00:00:00","10/31/2011 00:00:00","0","ecld0918","03/29/2018 18:50:00","803001","ecld0918","03/29/2018 18:50:00","803001","（株）トミタヘルスケア","（株）トミタヘルスケア","トミタヘルスケア","トミタＨＣ","KKﾄﾐﾀﾍﾙｽｹｱ","ﾄﾐﾀﾍﾙｽｹｱ","862-0976","43101026006","熊本県熊本市中央区九品寺６丁目２－３５","0000-00-0000","","1","3","","","670","402","20051221","","20051221",""
"43022","11/01/2011 00:00:00","10/09/2019 00:00:00","0","ecl04321","03/29/2018 18:50:00","803001","ecl04321","03/29/2018 18:50:00","803001","（株）トミタヘルスケア","（株）トミタヘルスケア","トミタヘルスケア","トミタＨＣ","KKﾄﾐﾀﾍﾙｽｹｱ","ﾄﾐﾀﾍﾙｽｹｱ","862-0976","43101026006","熊本県熊本市中央区九品寺６丁目２－３５","03-3817-3967","","1","3","","","670","402","20051221","20111129","20051221",""
"43023","01/01/2000 00:00:00","03/31/2016 00:00:00","0","ecl07708","03/29/2018 18:50:00","803001","ecl07708","03/29/2018 18:50:00","803001","（株）翔薬　熊本営業部","（株）翔薬　熊本営業部","翔薬　熊本営業部","翔薬熊本","KK ｼﾖｳﾔｸ ｸﾏﾓﾄ","ｼﾖｳﾔｸ ｸﾏﾓﾄ","862-0962","43104053002","熊本県熊本市南区田迎２丁目１２－２８","096-370-3411","096-370-3412","1","3","","1","650","153","20070101","","20061219","40004"
"43023","04/01/2016 00:00:00","04/23/2018 00:00:00","0","ips00023","03/29/2018 18:50:00","803001","ips00023","03/29/2018 18:50:00","803001","（株）翔薬熊本営業部","（株）翔薬熊本営業部","翔薬熊本営業部","翔薬熊本","KK ｼﾖｳﾔｸ ｸﾏﾓﾄ","ｼﾖｳﾔｸ ｸﾏﾓﾄ","862-0962","43104053002","熊本県熊本市南区田迎２丁目１２－２８","096-370-3411","096-370-3412","1","3","","1","650","153","20070101","","20061219","40004"
"43024","05/01/2017 00:00:00","09/30/2017 00:00:00","0","ecl07868","03/29/2018 18:50:00","803001","ecl07868","03/29/2018 18:50:00","803001","共創未来熊本薬品（株）","共創未来熊本薬品（株）","共創未来熊本","共創熊本","ｷﾖｳｿｳﾐﾗｲ ｸﾏﾓﾄ","ｷﾖｳｿｳｸﾏﾓﾄ","861-8037","43102050001","熊本県熊本市東区長嶺西１丁目１０－３７","096-382-3309","096-382-3359","2","3","2","","730","","20170501","","20170525","13013"
"43024","10/01/2017 00:00:00","02/07/2019 00:00:00","0","ecl07868","03/29/2018 18:50:00","803001","ecl07868","03/29/2018 18:50:00","803001","共創未来熊本薬品（株）","共創未来熊本薬品（株）","共創未来熊本","共創熊本","ｷﾖｳｿｳﾐﾗｲ ｸﾏﾓﾄ","ｷﾖｳｿｳｸﾏﾓﾄ","861-8037","43102050001","熊本県熊本市東区長嶺西１丁目１０－３７","096-382-3309","096-382-3359","2","3","2","","981","","20170501","","20170525","13013"
"43099","01/01/2000 00:00:00","09/30/2025 00:00:00","0","ecld0918","03/29/2018 18:50:00","803001","ecld0918","03/29/2018 18:50:00","803001","ツツミ化学","ツツミ化学","ツツミ化学","ツツミ","ﾂﾂﾐ ｶｶﾞｸ","ﾂﾂﾐ ｶｶﾞｸ","","00000000000","","0000-00-0000","","2","3","2","","","","19000101","","19000101","43006"
"43888","01/01/2000 00:00:00","02/28/2013 00:00:00","0","","03/29/2018 18:50:00","803001","","03/29/2018 18:50:00","803001","熊本の代理店","熊本の代理店","熊本の代理店","熊・代理店","ｸﾏﾓﾄﾉ ﾀﾞｲﾘﾃﾝ","ｸﾏﾓﾄ","","00000000000","","0000-00-0000","","9","3","","","","","195105","","195105",""
"43888","03/01/2013 00:00:00","12/31/9999 00:00:00","0","ips00015","03/29/2018 18:50:00","803001","ips00015","03/29/2018 18:50:00","803001","熊本の代理店","熊本の代理店","熊本の代理店","熊・代理店","ｸﾏﾓﾄﾉ ﾀﾞｲﾘﾃﾝ","ｸﾏﾓﾄ","","00000000000","","0000-00-0000","","9","3","","","","","19000101","","19000101",""
"43889","01/01/2000 00:00:00","12/31/9999 00:00:00","0","","03/29/2018 18:50:00","803001","","03/29/2018 18:50:00","803001","熊本の代理店","熊本の代理店","熊本の代理店","熊・代理店","ｸﾏﾓﾄﾉ ﾀﾞｲﾘﾃﾝ","ｸﾏﾓﾄ","","00000000000","","0000-00-0000","","9","3","","","","","19000101","","19000101",""
"44001","01/01/2000 00:00:00","03/31/2014 00:00:00","0","ecl07708","03/29/2018 18:50:00","803001","ecl07708","03/29/2018 18:50:00","803001","（株）アステム","（株）アステム","アステム","アステム","KK ｱｽﾃﾑ","ｱｽﾃﾑ ｵｵｲﾀ","870-0820","44201406002","大分県大分市西大道２丁目３－８","0975-43-2111","0975-45-2113","1","1","","1","710","150","19000101","","19000101","44001"
"44001","04/01/2014 00:00:00","10/01/2018 00:00:00","0","ecl07868","03/29/2018 18:50:00","803001","ecl07868","03/29/2018 18:50:00","803001","（株）アステム","（株）アステム","アステム","アステム","KK ｱｽﾃﾑ","KK ｱｽﾃﾑ","841-0005","41203067007","佐賀県鳥栖市弥生が丘７丁目２９","0942-87-7311","0942-87-7313","1","1","","1","710","150","19000101","","19000101","44001"
"44002","01/01/2000 00:00:00","10/01/2018 00:00:00","0","ecld0918","03/29/2018 18:50:00","803001","ecld0918","03/29/2018 18:50:00","803001","（株）アトル大分営業部","（株）アトル大分営業部","アトル大分営業部","アトル大分","KKｱﾄﾙ ｵｵｲﾀ","ｱﾄﾙ ｵｵｲﾀ","870-0951","44201094000","大分県大分市大字下郡３１８２－２","097-524-5111","097-524-5210","1","3","","1","730","151","19000101","","19000101","28026"
"44003","01/01/2000 00:00:00","03/31/2016 00:00:00","0","ecld0918","03/29/2018 18:50:00","803001","ecld0918","03/29/2018 18:50:00","803001","（株）翔薬　大分営業部","（株）翔薬　大分営業部","翔薬　大分営業部","翔薬大分","KK ｼﾖｳﾔｸ ｵｵｲﾀ","ｼﾖｳﾔｸｵｵｲﾀ","870-0028","44201106000","大分県大分市新町１４－８","0000-00-0000","","1","3","","1","750","152","19000101","","19000101","40004"
"44003","04/01/2016 00:00:00","10/01/2018 00:00:00","0","ips00023","03/29/2018 18:50:00","803001","ips00023","03/29/2018 18:50:00","803001","（株）翔薬大分営業部","（株）翔薬大分営業部","翔薬大分営業部","翔薬大分","KK ｼﾖｳﾔｸ ｵｵｲﾀ","ｼﾖｳﾔｸｵｵｲﾀ","870-0028","44201106000","大分県大分市新町１４－８","0000-00-0000","","1","3","","1","750","152","19000101","","19000101","40004"
"44013","01/01/2000 00:00:00","02/07/2019 00:00:00","0","ecl04321","03/29/2018 18:50:00","803001","ecl04321","03/29/2018 18:50:00","803001","（株）Ｐａｌｔａｃ大分","（株）Ｐａｌｔａｃ大分","Ｐａｌｔａｃ大分","ＰＴ大分","ﾊﾟﾙﾀﾂｸｵｵｲﾀｼﾃﾝ","ﾊﾟﾙﾀｸｵｵｲ","870-0856","44201182000","大分県大分市大字畑中字田尻畑８３５－１","0975-44-6131","0975-46-4096","1","3","","","","007","19950401","","19950322","40076"
"44014","01/01/2000 00:00:00","09/30/2013 00:00:00","0","ecl03580","03/29/2018 18:50:00","803001","ecl03580","03/29/2018 18:50:00","803001","富田薬品（株）大分支店","富田薬品（株）大分支店","富田薬品　大分","富田大分","ﾄﾐﾀ ﾔｸﾋﾝ KK ｵｵｲﾀｼﾃﾝ","ﾄﾐﾀ ｵｵｲﾀ","870-0116","44201145000","大分県大分市大字常行字川辺４２７－２","0975-23-5600","0975-23-3710","1","3","","","760","127","19950501","","19950425","43002"
"44014","10/01/2013 00:00:00","10/01/2018 00:00:00","0","ips00015","03/29/2018 18:50:00","803001","ips00015","03/29/2018 18:50:00","803001","富田薬品（株）大分支店","富田薬品（株）大分支店","富田薬品　大分","富田大分","ﾄﾐﾀ ﾔｸﾋﾝ KK ｵｵｲﾀｼﾃﾝ","ﾄﾐﾀ ｵｵｲﾀ","870-0116","44201145000","大分県大分市大字常行字川辺４２７－２","0975-23-5600","0975-23-3710","1","3","","1","760","127","19950501","","19950425","43002"
"44018","05/01/2017 00:00:00","09/30/2017 00:00:00","0","ecl07868","03/29/2018 18:50:00","803001","ecl07868","03/29/2018 18:50:00","803001","共創未来大分薬品（株）","共創未来大分薬品（株）","共創未来大分","共創大分","ｷﾖｳｿｳﾐﾗｲ ｵｵｲﾀ","ｷﾖｳｿｳｵｵｲﾀ","874-0910","44202005009","大分県別府市石垣西９丁目１－３０","0977-24-6611","0977-24-6613","2","3","2","","720","","20170501","","20170525","13013"
"44018","10/01/2017 00:00:00","02/07/2019 00:00:00","0","ecl07868","03/29/2018 18:50:00","803001","ecl07868","03/29/2018 18:50:00","803001","共創未来大分薬品（株）","共創未来大分薬品（株）","共創未来大分","共創大分","ｷﾖｳｿｳﾐﾗｲ ｵｵｲﾀ","ｷﾖｳｿｳｵｵｲﾀ","874-0910","44202005009","大分県別府市石垣西９丁目１－３０","0977-24-6611","0977-24-6613","2","3","2","","982","","20170501","","20170525","13013"
"44888","01/01/2000 00:00:00","02/28/2013 00:00:00","0","","03/29/2018 18:50:00","803001","","03/29/2018 18:50:00","803001","大分の代理店","大分の代理店","大分の代理店","大・代理店","ｵｵｲﾀﾉ ﾀﾞｲﾘﾃﾝ","ｵｵｲﾀ","","00000000000","","0000-00-0000","","9","3","","","","","195105","","195105",""
"44888","03/01/2013 00:00:00","12/31/9999 00:00:00","0","ips00015","03/29/2018 18:50:00","803001","ips00015","03/29/2018 18:50:00","803001","大分の代理店","大分の代理店","大分の代理店","大・代理店","ｵｵｲﾀﾉ ﾀﾞｲﾘﾃﾝ","ｵｵｲﾀ","","00000000000","","0000-00-0000","","9","3","","","","","19000101","","19000101",""
"44889","01/01/2000 00:00:00","12/31/9999 00:00:00","0","","03/29/2018 18:50:00","803001","","03/29/2018 18:50:00","803001","大分の代理店","大分の代理店","大分の代理店","大・代理店","ｵｵｲﾀﾉ ﾀﾞｲﾘﾃﾝ","ｵｵｲﾀ","","00000000000","","0000-00-0000","","9","3","","","","","19000101","","19000101",""
"45001","01/01/2000 00:00:00","04/14/2019 00:00:00","0","ecld0918","03/29/2018 18:50:00","803001","ecld0918","03/29/2018 18:50:00","803001","（株）アステム宮崎営業部","（株）アステム宮崎営業部","アステム宮崎営業部","ＡＳ宮崎","KK ｱｽﾃﾑﾐﾔｻﾞｷｴｲｷﾞﾖｳﾌﾞ","ｱｽﾃﾑﾐﾔｻﾞｷ","880-0815","45201024001","宮崎県宮崎市江平町１丁目２－１","0985-24-3111","0985-28-9721","1","1","","1","810","150","19000101","","19000101","44001"
"45002","01/01/2000 00:00:00","04/14/2019 00:00:00","0","ecld0918","03/29/2018 18:50:00","803001","ecld0918","03/29/2018 18:50:00","803001","（株）アトル宮崎営業部","（株）アトル宮崎営業部","アトル宮崎営業部","アトル宮崎","KK ｱﾄﾙ ﾐﾔｻﾞｷ","ｱﾄﾙ ﾐﾔｻﾞｷ","880-0951","45201031000","宮崎県宮崎市大塚町倉ノ下３１３－１","0985-62-3321","0985-62-3321","1","3","","1","820","151","19000101","","19000101","28026"
"45008","01/01/2000 00:00:00","06/30/2015 00:00:00","0","ecl03580","03/29/2018 18:50:00","803001","ecl03580","03/29/2018 18:50:00","803001","（株）Ｐａｌｔａｃ宮崎","（株）Ｐａｌｔａｃ宮崎","Ｐａｌｔａｃ宮崎","ＰＴ宮崎","KK ﾊﾟﾙﾀﾂｸﾐﾔｻﾞｷｴｲｷﾞ","ﾊﾟﾙﾐﾔｻﾞｷ","880-0925","45201142000","宮崎県宮崎市大字本郷北方２７１６－６","0985-63-0236","","1","3","","","","008","19911001","","19910913",""
"45008","07/01/2015 00:00:00","02/07/2019 00:00:00","0","ecl05317","03/29/2018 18:50:00","803001","ecl05317","03/29/2018 18:50:00","803001","（株）ＰＡＬＴＡＣ　宮崎","（株）ＰＡＬＴＡＣ宮崎","ＰＡＬＴＡＣ　宮崎","ＰＴ宮崎","KK ﾊﾟﾙﾀﾂｸﾐﾔｻﾞｷｴｲｷﾞ","ﾊﾟﾙﾐﾔｻﾞｷ","880-0925","45201142000","宮崎県宮崎市大字本郷北方２７１６－６","0985-63-0236","","1","3","","","","008","19911001","","19910913",""
"45009","01/01/2000 00:00:00","09/30/2013 00:00:00","0","ecl03580","03/29/2018 18:50:00","803001","ecl03580","03/29/2018 18:50:00","803001","富田薬品（株）宮崎支店","富田薬品（株）宮崎支店","富田薬品　宮崎","富田宮崎","ﾄﾐﾀ ﾔｸﾋﾝ KK ﾐﾔｻﾞｷｼﾃﾝ","ﾄﾐﾀ ﾐﾔｻﾞｷ","880-0055","45201153000","宮崎県宮崎市南花ケ島町２２－１","0985-24-3231","0985-29-6357","1","3","","","840","128","19950501","","19950425","43002"
"45009","10/01/2013 00:00:00","02/11/2019 00:00:00","0","ips00015","03/29/2018 18:50:00","803001","ips00015","03/29/2018 18:50:00","803001","富田薬品（株）宮崎支店","富田薬品（株）宮崎支店","富田薬品　宮崎","富田宮崎","ﾄﾐﾀ ﾔｸﾋﾝ KK ﾐﾔｻﾞｷｼﾃﾝ","ﾄﾐﾀ ﾐﾔｻﾞｷ","880-0055","45201153000","宮崎県宮崎市南花ケ島町２２－１","0985-24-3231","0985-29-6357","1","3","","1","840","128","19950501","","19950425","43002"
"45012","01/01/2000 00:00:00","03/31/2016 00:00:00","0","ecl07708","03/29/2018 18:50:00","803001","ecl07708","03/29/2018 18:50:00","803001","（株）翔薬　宮崎営業部","（株）翔薬　宮崎営業部","翔薬　宮崎営業部","翔薬宮崎","KK ｼﾖｳﾔｸ ﾐﾔｻﾞｷ","ｼﾖｳﾔｸﾐﾔｻﾞｷ","880-0951","45201031000","宮崎県宮崎市大塚町流合５０７８－２","0000-00-0000","","1","3","","1","825","152","20001001","","20000913","40004"
"45012","04/01/2016 00:00:00","04/14/2019 00:00:00","0","ips00023","03/29/2018 18:50:00","803001","ips00023","03/29/2018 18:50:00","803001","（株）翔薬宮崎営業部","（株）翔薬宮崎営業部","翔薬宮崎営業部","翔薬宮崎","KK ｼﾖｳﾔｸ ﾐﾔｻﾞｷ","ｼﾖｳﾔｸﾐﾔｻﾞｷ","880-0951","45201031000","宮崎県宮崎市大塚町流合５０７８－２","0000-00-0000","","1","3","","1","825","152","20001001","","20000913","40004"
"45017","06/01/2017 00:00:00","06/28/2018 00:00:00","0","ecl07868","03/29/2018 18:50:00","803001","ecl07868","03/29/2018 18:50:00","803001","（有）日豊メディック","（有）日豊メディック","日豊メディック","日豊メディ","ﾆﾂﾎﾟｳﾒﾃﾞｲﾂｸ","ﾆﾂﾎﾟｳﾒﾃﾞｲﾂ","880-0123","45201138000","宮崎県宮崎市大字芳士１０９８番地７","0985-33-9702","0985-33-9703","2","3","2","","960","","20170701","","20170614",""
"45888","01/01/2000 00:00:00","02/28/2013 00:00:00","0","","03/29/2018 18:50:00","803001","","03/29/2018 18:50:00","803001","宮崎の代理店","宮崎の代理店","宮崎の代理店","宮・代理店","ﾐﾔｻﾞｷﾉ ﾀﾞｲﾘﾃﾝ","ﾐﾔｻﾞｷ","","00000000000","","0000-00-0000","","9","3","","","","","195105","","195105",""
"45888","03/01/2013 00:00:00","12/31/9999 00:00:00","0","ips00015","03/29/2018 18:50:00","803001","ips00015","03/29/2018 18:50:00","803001","宮崎の代理店","宮崎の代理店","宮崎の代理店","宮・代理店","ﾐﾔｻﾞｷﾉ ﾀﾞｲﾘﾃﾝ","ﾐﾔｻﾞｷ","","00000000000","","0000-00-0000","","9","3","","","","","19000101","","19000101",""
"46001","01/01/2000 00:00:00","09/30/2013 00:00:00","0","ecl03580","03/29/2018 18:50:00","803001","ecl03580","03/29/2018 18:50:00","803001","富田薬品（株）鹿児島店","富田薬品（株）鹿児島店","富田薬品　鹿児島支店","富田鹿児島","ﾄﾐﾀ ﾔｸﾋﾝ KK ｶｺﾞｼﾏﾃﾝ","ﾄﾐﾀ ｶｺﾞｼﾏ","890-0072","46201059000","鹿児島県鹿児島市新栄町５－１０","099-257-6511","","1","3","","","940","129","19000101","","19000101","43002"
"46001","10/01/2013 00:00:00","02/11/2019 00:00:00","0","ips00015","03/29/2018 18:50:00","803001","ips00015","03/29/2018 18:50:00","803001","富田薬品（株）鹿児島店","富田薬品（株）鹿児島店","富田薬品　鹿児島支店","富田鹿児島","ﾄﾐﾀ ﾔｸﾋﾝ KK ｶｺﾞｼﾏﾃﾝ","ﾄﾐﾀ ｶｺﾞｼﾏ","890-0072","46201059000","鹿児島県鹿児島市新栄町５－１０","099-257-6511","","1","3","","1","940","129","19000101","","19000101","43002"
"46002","01/01/2000 00:00:00","04/14/2020 00:00:00","0","ecld0918","03/29/2018 18:50:00","803001","ecld0918","03/29/2018 18:50:00","803001","（株）アトル鹿児島営業部","（株）アトル鹿児島営業部","アトル鹿児島営業部","アトル鹿児","KK ｱﾄﾙ ｶｺﾞｼﾏｴｲｷﾞﾖｳﾌﾞ","ｱﾄﾙ ｶｺﾞｼﾏ","890-0033","46201101000","鹿児島県鹿児島市西別府町２９４１－１７","0000-00-0000","","1","1","","1","930","151","19000101","","19000101","28026"
"46005","01/01/2000 00:00:00","03/31/2016 00:00:00","0","ecld0918","03/29/2018 18:50:00","803001","ecld0918","03/29/2018 18:50:00","803001","（株）翔薬　鹿児島営業部","（株）翔薬　鹿児島営業部","翔薬　鹿児島営業部","翔薬鹿児島","KK ｼﾖｳﾔｸ ｶｺﾞｼﾏ","ｼﾖｳﾔｸｶｺﾞｼﾏ","891-0123","46201018000","鹿児島県鹿児島市卸本町５－１９","0000-00-0000","","1","3","","1","910","152","19000101","","19000101","40004"
"46005","04/01/2016 00:00:00","04/14/2020 00:00:00","0","ips00023","03/29/2018 18:50:00","803001","ips00023","03/29/2018 18:50:00","803001","（株）翔薬鹿児島営業部","（株）翔薬鹿児島営業部","翔薬鹿児島営業部","翔薬鹿児島","KK ｼﾖｳﾔｸ ｶｺﾞｼﾏ","ｼﾖｳﾔｸｶｺﾞｼﾏ","891-0123","46201018000","鹿児島県鹿児島市卸本町５－１９","0000-00-0000","","1","3","","1","910","152","19000101","","19000101","40004"
"46007","01/01/2000 00:00:00","04/14/2020 00:00:00","0","ecld0918","03/29/2018 18:50:00","803001","ecld0918","03/29/2018 18:50:00","803001","（株）アステム鹿児島営業部","（株）アステム鹿児島営業部","アステム鹿児島営業部","ＡＳ鹿児島","KK ｱｽﾃﾑｶｺﾞｼﾏｴｲｷﾞﾖｳﾌﾞ","ｱｽﾃﾑｶｺﾞｼﾏ","890-0073","46201011002","鹿児島県鹿児島市宇宿２丁目４－７","099-260-2671","099-260-2825","1","1","","1","920","150","19000101","","19000101","44001"
"46015","01/01/2000 00:00:00","02/07/2019 00:00:00","0","ecl03580","03/29/2018 18:50:00","803001","ecl03580","03/29/2018 18:50:00","803001","（株）Ｐａｌｔａｃ鹿児島","（株）Ｐａｌｔａｃ鹿児島","Ｐａｌｔａｃ鹿児島","ＰＴ鹿児島","KK ﾊﾟﾙﾀﾂｸｶｺﾞｼﾏｼﾃﾝ","ﾊﾟﾙｶｺﾞｼﾏ","891-1305","46201187000","鹿児島県鹿児島市宮之浦町２９４１―２６","099-246-9160","","1","3","","","","009","19911001","","19910913","40076"
"46026","01/01/2000 00:00:00","10/31/2011 00:00:00","0","ecl03580","03/29/2018 18:50:00","803001","ecl03580","03/29/2018 18:50:00","803001","（株）トミタＨＣ第三支店","（株）トミタＨＣ第三支店","トミタＨＣ第三支店","トミタ第三","ﾄﾐﾀﾍﾙｽｹｱ ﾀﾞｲｻﾝｼﾃﾝ","ﾄﾐﾀ ﾀﾞｲｻﾝ","890-0072","46201059000","鹿児島県鹿児島市新栄町５－１０","099-257-6511","099-259-0111","1","3","","","960","125","20051221","","20051221",""
"46026","11/01/2011 00:00:00","10/09/2019 00:00:00","0","ecl04321","03/29/2018 18:50:00","803001","ecl04321","03/29/2018 18:50:00","803001","（株）トミタＨＣ第三支店","（株）トミタＨＣ第三支店","トミタＨＣ第三支店","トミタ第三","ﾄﾐﾀﾍﾙｽｹｱ ﾀﾞｲｻﾝｼﾃﾝ","ﾄﾐﾀ ﾀﾞｲｻﾝ","890-0072","46201059000","鹿児島県鹿児島市新栄町５－１０","099-257-6511","099-259-0111","1","3","","","960","125","20051221","20111129","20051221",""
"46027","05/01/2017 00:00:00","09/30/2017 00:00:00","0","ecl07868","03/29/2018 18:50:00","803001","ecl07868","03/29/2018 18:50:00","803001","共創未来鹿児島薬品（株）","共創未来鹿児島薬品（株）","共創未来鹿児島","共創鹿児島","ｷﾖｳｿｳﾐﾗｲ ｶｺﾞｼﾏ","ｷﾖｳｿｳｶｺﾞｼﾏ","892-0802","46201047000","鹿児島県鹿児島市清水町１－１","099-248-0105","099-248-6405","2","3","2","","740","","20170501","","20170525","13013"
"46027","10/01/2017 00:00:00","02/07/2019 00:00:00","0","ecl07868","03/29/2018 18:50:00","803001","ecl07868","03/29/2018 18:50:00","803001","共創未来鹿児島薬品（株）","共創未来鹿児島薬品（株）","共創未来鹿児島","共創鹿児島","ｷﾖｳｿｳﾐﾗｲ ｶｺﾞｼﾏ","ｷﾖｳｿｳｶｺﾞｼﾏ","892-0802","46201047000","鹿児島県鹿児島市清水町１－１","099-248-0105","099-248-6405","2","3","2","","983","","20170501","","20170525","13013"
"46888","01/01/2000 00:00:00","02/28/2013 00:00:00","0","","03/29/2018 18:50:00","803001","","03/29/2018 18:50:00","803001","鹿児島の代理店","鹿児島の代理店","鹿児島の代理店","鹿・代理店","ｶｺﾞｼﾏﾉ ﾀﾞｲﾘﾃﾝ","ｶｺﾞｼﾏ","","00000000000","","0000-00-0000","","9","3","","","","","195105","","195105",""
"46888","03/01/2013 00:00:00","12/31/9999 00:00:00","0","ips00015","03/29/2018 18:50:00","803001","ips00015","03/29/2018 18:50:00","803001","鹿児島の代理店","鹿児島の代理店","鹿児島の代理店","鹿・代理店","ｶｺﾞｼﾏﾉ ﾀﾞｲﾘﾃﾝ","ｶｺﾞｼﾏ","","00000000000","","0000-00-0000","","9","3","","","","","19000101","","19000101",""
"46889","01/01/2000 00:00:00","12/31/9999 00:00:00","0","","03/29/2018 18:50:00","803001","","03/29/2018 18:50:00","803001","鹿児島の代理店","鹿児島の代理店","鹿児島の代理店","鹿・代理店","ｶｺﾞｼﾏﾉ ﾀﾞｲﾘﾃﾝ","ｶｺﾞｼﾏ","","00000000000","","0000-00-0000","","9","3","","","","","19000101","","19000101",""
"47001","01/01/2000 00:00:00","03/31/2016 00:00:00","0","ecl07708","03/29/2018 18:50:00","803001","ecl07708","03/29/2018 18:50:00","803001","（株）スズケン沖縄薬品","（株）スズケン沖縄薬品","スズケン　沖縄","Ｓ沖縄薬品","KK ｽｽﾞｹﾝ ｵｷﾅﾜ","ｽｽﾞｹﾝ ｵｷﾅﾜ","902-0062","47201078003","沖縄県那覇市松川３丁目１７番１３号","098-886-1111","098-884-0699","1","3","","1","510","140","19000101","","19000101","23049"
"47001","04/01/2016 00:00:00","07/31/2016 00:00:00","0","ips00023","03/29/2018 18:50:00","803001","ips00023","03/29/2018 18:50:00","803001","（株）スズケン沖縄薬品","（株）スズケン沖縄薬品","スズケン沖縄薬品","Ｓ沖縄薬品","KK ｽｽﾞｹﾝ ｵｷﾅﾜ","ｽｽﾞｹﾝ ｵｷﾅﾜ","902-0062","47201078003","沖縄県那覇市松川３丁目１７番１３号","098-886-1111","098-884-0699","1","3","","1","510","140","19000101","","19000101","23049"
"47001","08/01/2016 00:00:00","04/14/2019 00:00:00","0","ecl07868","03/29/2018 18:50:00","803001","ecl07868","03/29/2018 18:50:00","803001","（株）スズケン沖縄薬品","（株）スズケン沖縄薬品","スズケン沖縄薬品","Ｓ沖縄薬品","KK ｽｽﾞｹﾝ ｵｷﾅﾜ","ｽｽﾞｹﾝ ｵｷﾅﾜ","901-1105","47350001000","沖縄県島尻郡南風原町字新川４３６番１号","098-835-6363","098-835-6767","1","3","","1","510","140","19000101","","19000101","23049"
"47002","01/01/2000 00:00:00","10/31/2016 00:00:00","0","ecl93959","03/29/2018 18:50:00","803001","ecl93959","03/29/2018 18:50:00","803001","（株）ダイコー沖縄","（株）ダイコー沖縄","ダイコー　沖縄","ダイコー沖","KK ﾀﾞｲｺ- ｵｷﾅﾜ","ﾀﾞｲｺ- ｵｷﾅﾜ","901-2223","47205013007","沖縄県宜野湾市大山７丁目９番２号","098-890-2111","098-890-2171","1","3","","1","520","141","19000101","","19000101","44001"
"47002","11/01/2016 00:00:00","04/14/2019 00:00:00","0","ips00015","03/29/2018 18:50:00","803001","ips00015","03/29/2018 18:50:00","803001","（株）ダイコー沖縄","（株）ダイコー沖縄","ダイコー沖縄","ダイコー沖","KK ﾀﾞｲｺ- ｵｷﾅﾜ","ﾀﾞｲｺ- ｵｷﾅﾜ","901-2223","47205013007","沖縄県宜野湾市大山７丁目９番２号","098-890-2111","098-890-2171","1","3","","1","520","141","19000101","","19000101","44001"
"47007","01/01/2000 00:00:00","04/14/2019 00:00:00","0","ecl04291","03/29/2018 18:50:00","803001","ecl04291","03/29/2018 18:50:00","803001","株式会社琉薬","株式会社琉薬","琉薬","琉薬","ﾘﾕｳﾔｸ","ﾘﾕｳﾔｸ","901-2131","47208022005","沖縄県浦添市牧港５丁目６－５","098-878-3111","098-878-1199","1","3","","","530","142","20080101","","20080317","13149"
"47008","01/01/2000 00:00:00","04/22/2018 00:00:00","0","ecl93959    ","03/29/2018 18:50:00","803001","ecl93959    ","03/29/2018 18:50:00","803001","（株）Ｐａｌｔａｃ沖縄支店","（株）Ｐａｌｔａｃ沖縄支店","Ｐａｌｔａｃ沖縄支店","ＰＴ沖縄","KK ﾊﾟﾙ ｵｷﾅﾜｼﾃﾝ","ﾊﾟﾙ ｵｷﾅﾜﾅ","901-2123","47208004002","沖縄県浦添市西洲２丁目１ー１","098-879-2277","098-879-4582","1","3","","","","","20010720","","20080411","40076"
"47010","01/01/2000 00:00:00","04/30/2014 00:00:00","0","ecl04291","03/29/2018 18:50:00","803001","ecl04291","03/29/2018 18:50:00","803001","（株）アトル沖縄支社","（株）アトル沖縄支社","アトル沖縄支社","アトル沖縄","KK ｱﾄﾙ","ｱﾄﾙ","901-1304","47348004000","沖縄県島尻郡与那原町字東浜８２－１","098-882-8811","098-882-8821","1","3","","","940","143","20081201","","20081127","28026"
"47010","05/01/2014 00:00:00","04/14/2019 00:00:00","0","ecl02796","03/29/2018 18:50:00","803001","ecl02796","03/29/2018 18:50:00","803001","（株）アトル沖縄営業部","（株）アトル沖縄営業部","アトル沖縄営業部","アトル沖縄","KK ｱﾄﾙ","ｱﾄﾙ","901-1304","47348004000","沖縄県島尻郡与那原町字東浜８２－１","098-882-8811","098-882-8821","1","3","","","940","143","20081201","","20081127","28026"
"47011","01/01/2000 00:00:00","04/14/2019 00:00:00","0","ipsips240511","03/29/2018 18:50:00","803001","ipsips240511","03/29/2018 18:50:00","803001","沖縄東邦（株）","沖縄東邦（株）","沖縄東邦","沖縄東邦","ｵｷﾅﾜ ﾄｳﾎｳ KK","ｵｷﾅﾜﾄｳﾎｳ","903-0117","47329005000","沖縄県中頭郡西原町字翁長８３４","098-946-6000","098-946-1040","1","1","","","690","170","20100701","","20100708","13013"
"47014","01/01/2000 00:00:00","09/30/2012 00:00:00","0","ecl05317","03/29/2018 18:50:00","803001","ecl05317","03/29/2018 18:50:00","803001","アルフレッサヘルスケア（株）沖縄支社","アルフレッサＨＣ沖縄支社","アルフレッサＨＣ沖縄","アルフ沖縄","ｱﾙﾌﾚﾂｻﾍﾙｽｹｱｵｷﾅﾜ","ｱﾙﾌｵｷﾅﾜ","901-2123","47208004002","沖縄県浦添市西洲２丁目７－５","098-878-9030","098-878-9077","1","3","","","","","20110921","","20120921","13012"
"47014","10/01/2012 00:00:00","11/30/2012 00:00:00","0","ecl05317","03/29/2018 18:50:00","803001","ecl05317","03/29/2018 18:50:00","803001","アルフレッサヘルスケア（株）沖縄支社","アルフレッサＨＣ沖縄支社","アルフレッサＨＣ沖縄","アルフ沖縄","ｱﾙﾌﾚﾂｻﾍﾙｽｹｱｵｷﾅﾜ","ｱﾙﾌｵｷﾅﾜ","901-2123","47208004002","沖縄県浦添市西洲２丁目７－５","098-878-9030","098-878-9077","1","2","","","","","20110921","","20120921","13012"
"47014","12/01/2012 00:00:00","04/22/2018 00:00:00","0","ecl05317","03/29/2018 18:50:00","803001","ecl05317","03/29/2018 18:50:00","803001","アルフレッサヘルスケア（株）沖縄支社","アルフレッサＨＣ沖縄支社","アルフレッサＨＣ沖縄","アルフ沖縄","ｱﾙﾌﾚﾂｻﾍﾙｽｹｱｵｷﾅﾜ","ｱﾙﾌｵｷﾅﾜ","901-2123","47208004002","沖縄県浦添市西洲２丁目７－５","098-878-9030","098-878-9077","1","2","","1","","","20110921","","20120921","13012"
"47016","05/01/2017 00:00:00","09/30/2017 00:00:00","0","ecl07868","03/29/2018 18:50:00","803001","ecl07868","03/29/2018 18:50:00","803001","共創未来沖縄薬品（株）","共創未来沖縄薬品（株）","共創未来沖縄","共創沖縄","ｷﾖｳｿｳﾐﾗｲ ｵｷﾅﾜ","ｷﾖｳｿｳｵｷﾅﾜ","901-2132","47208003003","沖縄県浦添市伊祖３丁目１０－３","098-875-3272","098-876-6880","2","3","2","","750","","20170501","","20170525","13013"
"47016","10/01/2017 00:00:00","02/07/2019 00:00:00","0","ecl07868","03/29/2018 18:50:00","803001","ecl07868","03/29/2018 18:50:00","803001","共創未来沖縄薬品（株）","共創未来沖縄薬品（株）","共創未来沖縄","共創沖縄","ｷﾖｳｿｳﾐﾗｲ ｵｷﾅﾜ","ｷﾖｳｿｳｵｷﾅﾜ","901-2132","47208003003","沖縄県浦添市伊祖３丁目１０－３","098-875-3272","098-876-6880","2","3","2","","984","","20170501","","20170525","13013"
"47888","01/01/2000 00:00:00","12/31/9999 00:00:00","0","","03/29/2018 18:50:00","803001","","03/29/2018 18:50:00","803001","沖縄の代理店","沖縄の代理店","沖縄の代理店","沖・代理店","ｵｷﾅﾜﾉ ﾀﾞｲﾘﾃﾝ","ｵｷﾅﾜ","","00000000000","","0000-00-0000","","9","3","","","","","19000101","","19000101",""
"47889","01/01/2000 00:00:00","12/31/9999 00:00:00","0","","03/29/2018 18:50:00","803001","","03/29/2018 18:50:00","803001","沖縄の代理店","沖縄の代理店","沖縄の代理店","沖・代理店","ｵｷﾅﾜﾉ ﾀﾞｲﾘﾃﾝ","ｵｷﾅﾜ","","00000000000","","0000-00-0000","","9","3","","","","","19000101","","19000101",""
"11887","08/29/2016 00:00:00","12/31/9999 00:00:00","0","ITSP","03/30/2018 00:00:00","ENW","ITSP","03/30/2018 00:00:00","ENW","アイン一括購入","アイン一括購入","アイン一括購入","アイン一括","ｱｲﾝｲｯｶﾂｺｳﾆｭｳ","ｱｲﾝｲｯｶﾂ","","00000000000","","0000-00-0000","","9","3","","","","","20160829","","20160829",""
"01047","01/01/2000 00:00:00","08/29/2013 00:00:00","0","ITSP","03/30/2018 00:00:00","ENW","ITSP","03/30/2018 00:00:00","ENW","（株）Ｐａｌｔａｃ北海道","（株）Ｐａｌｔａｃ北海道","Ｐａｌｔａｃ北海道","ＰＴ北海道","ﾊﾟﾙﾀﾂｸKSﾎﾂｶｲﾄﾞﾄﾞｳ","PTﾎﾂｶｲﾄﾄﾞｳ","061-1274","01234007003","北海道北広島市大曲工業団地３丁目５－１","011-377-1313","011-377-1255","1","3","","","001","001","20050314","20111130","20050315",""
"23079","01/01/2000 00:00:00","08/29/2013 00:00:00","0","ITSP","03/30/2018 00:00:00","ENW","ITSP","03/30/2018 00:00:00","ENW","（株）Ｐａｌｔａｃ東海","（株）Ｐａｌｔａｃ東海","Ｐａｌｔａｃ東海","ＰＴ東海","ｶ) ﾊﾟﾙﾀﾂｸﾄｳｶｲ","PTﾄｳｶｲ","464-0850","23101012003","愛知県名古屋市千種区今池３丁目１２番２０号","052-745-8770","052-741-5667","1","3","","","102","018","20050315","20111129","20050315",""
"27100","04/01/2018 00:00:00","12/31/9999 00:00:00","0","itg04213","03/31/2018 16:11:28","PVU_EX_1400","itg04213","03/31/2018 16:11:28","PVU_EX_1400","株式会社アピスライフケア","株式会社アピスライフケア","株式会社アピスライフ","アピスライ","ｱﾋﾟｽﾗｲﾌ","ｱﾋﾟｽﾗｲﾌ","567-0012","27211123003","大阪府茨木市東太田３丁目７－２　","0726-26-5461","","1","1","","","","","20180401","","20180402",""
"13214","04/01/2018 00:00:00","12/31/9999 00:00:00","0","itg04213","03/31/2018 16:23:32","PVU_EX_1400","itg04213","03/31/2018 16:23:32","PVU_EX_1400","ヘルシーフード株式会社","ヘルシーフード株式会社","ヘルシーフード株式会","ヘルシーフ","ﾍﾙｼ-ﾌ-ﾄﾞｶﾌﾞｼｷｶﾞｲｼﾔ","ﾍﾙｼ-ﾌ-ﾄﾞ","191-0024","13212032001","東京都日野市万願寺１丁目３４－３　","042-581-1191","","1","1","","","","","20180401","","20180402",""
"01003","04/20/2018 00:00:00","09/30/2025 00:00:00","0","itg04213","04/19/2018 18:40:56","PVU_EX_1400","itg04213","04/19/2018 18:40:56","PVU_EX_1400","東邦薬品（株）北海道営業部","東邦薬品（株）北海道営業部","東邦薬品北海道営業部","東邦北海道","ﾄｳﾎｳﾔｸﾋﾝKK ﾎﾂｶｲﾄﾞｳ","ﾄｳﾎｳ ﾎﾂｶｲ","060-0005","01101012015","北海道札幌市中央区北５条西１５丁目　","0000-00-0000","","1","1","","1","005","","19000101","","19000101","13013"
"01051","04/20/2018 00:00:00","04/07/2019 00:00:00","0","itg04213","04/19/2018 18:44:25","PVU_EX_1400","itg04213","04/19/2018 18:44:25","PVU_EX_1400","（株）メディセオ北海道統括営業部","メディセオ北海道統括営業部","メディセオ北海道統括","ＭＣ北海道","ﾒﾃﾞｲｾｵ ﾎﾂｶｲﾄﾞｳﾄｳｶﾂ","MCﾎﾂｶｲﾄﾞｳ","060-0034","01101011008","北海道札幌市中央区北４条東８丁目３７４－１　","011-210-8761","011-210-8770","1","1","","1","","","20091001","","20090917","28026"
"04050","04/20/2018 00:00:00","05/24/2018 00:00:00","0","itg04213","04/19/2018 18:46:20","PVU_EX_1400","itg04213","04/19/2018 18:46:20","PVU_EX_1400","（株）リードヘルスケア関東営業部","（株）リードヘルスケア関東","リードＨＣ関東営業部","ＲＨＣ関東","ﾘ-ﾄﾞﾍﾙｽｹｱｶﾝﾄｳｴｲｷﾞﾖｳﾌ","ﾘ-ﾄﾞｶﾝﾄｳ","103-0013","13102022002","東京都中央区日本橋人形町２丁目１３－９　ＦＯＲＥＣＡＳＴ人形町３階","03-5614-5130","022-384-1123","1","3","","","139","001","20091224","","20091224","40059"
"13160","04/20/2018 00:00:00","04/04/2022 00:00:00","0","itg04213","04/19/2018 18:51:27","PVU_EX_1400","itg04213","04/19/2018 18:51:27","PVU_EX_1400","（株）メディセオ","メディセオ","メディセオ","ＭＣ","ﾒﾃﾞｲｾｵ","ﾒﾃﾞｲｾｵ","135-0031","13108014002","東京都江東区佐賀２丁目　","0000-00-0000","","1","3","","1","201","","20091001","","20090917","28026"
"13161","04/20/2018 00:00:00","04/14/2024 00:00:00","0","itg04213","04/19/2018 18:52:16","PVU_EX_1400","itg04213","04/19/2018 18:52:16","PVU_EX_1400","（株）メディセオ試薬","（株）メディセオ試薬","メディセオ試薬","ＭＣ試薬","ﾒﾃﾞｲｾｵ ｼﾔｸ","MCｼﾔｸ","101-0021","13101044003","東京都千代田区外神田３丁目　","0000-00-0000","","1","3","","","","","20091001","","20090917","28026"
"13162","04/20/2018 00:00:00","04/14/2024 00:00:00","0","itg04213","04/19/2018 18:52:44","PVU_EX_1400","itg04213","04/19/2018 18:52:44","PVU_EX_1400","（株）メディセオ首都圏","（株）メディセオ首都圏","メディセオ首都圏","ＭＣ首都圏","ﾒﾃﾞｲｾｵ ｼﾕﾄｹﾝｸﾞﾙ-ﾌﾟ","MCｼﾕﾄｹﾝ","101-0021","13101044003","東京都千代田区外神田３丁目３－３　―６","0000-00-0000","","1","3","","1","","","20091001","","20091001","28026"
"13165","04/20/2018 00:00:00","04/14/2024 00:00:00","0","itg04213","04/19/2018 18:53:15","PVU_EX_1400","itg04213","04/19/2018 18:53:15","PVU_EX_1400","（株）スズケン東京多摩営業部","スズケン東京多摩営業部","スズケン東京多摩","Ｓ東京多摩","ｽｽﾞｹﾝ ﾄｳｷﾖｳﾀﾏ","ｽｽﾞｹﾝﾄｳﾀﾏ","183-0035","13206037006","東京都府中市四谷６丁目１３－１０　","0000-00-0000","","1","1","","1","203","","20101101","","20101012","23049"
"13180","04/20/2018 00:00:00","04/14/2019 00:00:00","0","itg04213","04/19/2018 18:53:39","PVU_EX_1400","itg04213","04/19/2018 18:53:39","PVU_EX_1400","（株）メディセオ南東京統括営業部","メディセオ南東京統括営業部","メディセオ南東京統括","ＭＣ南東京","ﾒﾃﾞｲｾｵﾐﾅﾐﾄｳｷﾖｳ","ﾒﾃﾞｲｾｵﾐﾅﾐﾄ","213-0022","14134017000","神奈川県川崎市高津区千年１２００－１　","044-740-8089","","1","3","","1","202","","20130701","","20130627","28026"
"14034","04/20/2018 00:00:00","04/15/2025 00:00:00","0","itg04213","04/19/2018 18:55:53","PVU_EX_1400","itg04213","04/19/2018 18:55:53","PVU_EX_1400","（株）スズケン湘南営業部","（株）スズケン湘南営業部","スズケン湘南営業部","Ｓ・湘南","KKｽｽﾞｹﾝｼﾖｳﾅﾝｴｲｷﾞﾖｳﾌﾞ","ｽｽﾞｹﾝｼﾖｳﾅﾝ","243-0035","14212001000","神奈川県厚木市愛甲　字仲町１７１０－１","0462-27-6311","0462-27-6204","1","1","","1","217","","19960105","","19960125","23049"
"14056","04/20/2018 00:00:00","04/15/2025 00:00:00","0","itg04213","04/19/2018 18:56:33","PVU_EX_1400","itg04213","04/19/2018 18:56:33","PVU_EX_1400","（株）メディセオ神奈川統括営業部","メディセオ神奈川統括営業部","メディセオ神奈川統括","ＭＣ神奈川","ﾒﾃﾞｲｾｵ ｶﾅｶﾞﾜ ﾄｳｶﾂ","MCｶﾅｶﾞﾜ","231-0034","14104087000","神奈川県横浜市中区三吉町　","0000-00-0000","","1","3","","1","215","","20091001","","20100928","28026"
"23009","04/20/2018 00:00:00","09/30/2025 00:00:00","0","itg04213","04/19/2018 19:00:43","PVU_EX_1400","itg04213","04/19/2018 19:00:43","PVU_EX_1400","（株）スズケン名古屋営業部","（株）スズケン名古屋営業部","スズケン名古屋営業部","Ｓ・名古屋","KK ｽｽﾞｹﾝ ﾅｺﾞﾔｴｲｷﾞﾖｳﾌ","ｽｽﾞｹﾝ ﾅｺﾞﾔ","461-0015","23102032000","愛知県名古屋市東区東片端町１　","0000-00-0000","","1","3","","1","101","026","19000101","","19000101","23049"
"34890","04/23/2018 00:00:00","12/31/9999 00:00:00","0","itg04213","04/23/2018 16:09:58","PVU_EX_1400","itg04213","04/23/2018 16:09:58","PVU_EX_1400","アルフレッサヘルスケア（株）西日本支社","アルフレッサＨＣ西日本支社","アルフレッサＨＣ西日","アルフ西日","ｱﾙﾌﾚﾂｻﾍﾙｽｹｱﾆｼﾆﾎﾝ","ｱﾙﾌﾆｼﾆﾎﾝ","732-0052","34102031001","広島県広島市東区光町１丁目７－１１　広島ＣＤビル６階","082-567-2790","082-262-2675","1","2","","","","","20110907","","20110907","13012"
"01005","04/24/2018 00:00:00","12/31/9999 00:00:00","0","itg04213","04/24/2018 13:37:16","PVU_EX_1400","itg04213","04/24/2018 13:37:16","PVU_EX_1400","（株）モロオ","（株）モロオ","モロオ","モロオ","KK ﾓﾛｵ","ﾓﾛｵ","060-0003","01101008015","北海道札幌市中央区北３条西１５丁目　","011-618-2323","011-644-0394","1","3","","1","003","003","19000101","","19000101","01005"
"13017","04/24/2018 00:00:00","04/14/2024 00:00:00","0","itg04213","04/24/2018 13:39:17","PVU_EX_1400","itg04213","04/24/2018 13:39:17","PVU_EX_1400","アルフレッサ（株）東京","アルフレッサ（株）東京","アルフレッサ東京","ＡＦ東京","ｱﾙﾌﾚﾂｻﾄｳｷﾖｳ","AF ﾄｳｷﾖｳ","101-0047","13101004001","東京都千代田区内神田１丁目１２－１　","0000-00-0000","","1","1","","5","202","","19000101","","19000101","13149"
"17001","04/24/2018 00:00:00","09/30/2025 00:00:00","0","itg04213","04/24/2018 13:42:03","PVU_EX_1400","itg04213","04/24/2018 13:42:03","PVU_EX_1400","明祥（株）","明祥（株）","明祥","明祥","ﾒｲｼﾖｳ KK","ﾒｲｼﾖｳ","920-0332","17201471000","石川県金沢市無量寺町ハ１　","0762-66-4141","0762-66-4111","1","3","","5","022","005","19000101","","19000101","17001"
"28023","04/24/2018 00:00:00","04/15/2025 00:00:00","0","itg04213","04/24/2018 13:44:06","PVU_EX_1400","itg04213","04/24/2018 13:44:06","PVU_EX_1400","（株）ケーエスケー兵庫","（株）ケーエスケー兵庫","ケーエスケー兵庫","ＫＳＫ兵庫","ｹ-ｴｽｹ- ﾋﾖｳｺﾞ","ｹ-ｴｽｹ- ﾋﾖｳ","657-0845","28102009002","兵庫県神戸市灘区岩屋中町２丁目２－１　","0000-00-0000","","1","3","","5","382","011","19991001","","19990908","27042"
"34040","04/24/2018 00:00:00","04/14/2024 00:00:00","0","itg04213","04/24/2018 13:46:31","PVU_EX_1400","itg04213","04/24/2018 13:46:31","PVU_EX_1400","（株）アステム広島営業部","（株）アステム広島営業部","アステム広島営業部","ＡＳ広島","ｱｽﾃﾑ ﾋﾛｼﾏ ｴｲｷﾞﾖｳﾌﾞ","ｱｽﾃﾑ ﾋﾛｼﾏ","731-3167","34105039006","広島県広島市安佐南区大塚西６丁目６－７　－１３","0000-00-0000","","1","3","","1","020","040","20081001","","20080918","44001"
"34041","04/24/2018 00:00:00","04/14/2024 00:00:00","0","itg04213","04/24/2018 13:47:17","PVU_EX_1400","itg04213","04/24/2018 13:47:17","PVU_EX_1400","（株）セイエル","（株）セイエル","セイエル","セイエル","KK ｾｲｴﾙ","ｾｲｴﾙ","733-0833","34104034005","広島県広島市西区商工センター５丁目１－１　","082-278-1912","082-277-9482","1","1","","1","012","030","20100101","","20091202","13013"
"40016","04/24/2018 00:00:00","10/15/2024 00:00:00","0","itg04213","04/24/2018 13:49:57","PVU_EX_1400","itg04213","04/24/2018 13:49:57","PVU_EX_1400","（株）アトル北九州営業部","（株）アトル北九州営業部","アトル北九州営業部","アトル北九","KK ｱﾄﾙ ｷﾀｷﾕｳｼﾕｳｴｲｷﾞ","ｱﾄﾙ ｷﾀｷﾕｳ","803-0815","40106092002","福岡県北九州市小倉北区原町２丁目２－５　","093-571-3333","093-571-3331","1","3","","1","130","151","19000101","","19000101","28026"
"43003","04/24/2018 00:00:00","09/30/2025 00:00:00","0","itg04213","04/24/2018 13:52:14","PVU_EX_1400","itg04213","04/24/2018 13:52:14","PVU_EX_1400","（株）アステム熊本営業部","（株）アステム熊本営業部","アステム熊本営業部","ＡＳ熊本","KK ｱｽﾃﾑ ｸﾏﾓﾄｴｲｷﾞﾖｳﾌﾞ","ｱｽﾃﾑ ｸﾏﾓﾄ","860-0831","43101078000","熊本県熊本市中央区八王寺町３３－５７　","096-378-9111","096-379-1148","1","1","","1","610","150","19000101","","19000101","44001"
"43011","04/24/2018 00:00:00","09/30/2025 00:00:00","0","itg04213","04/24/2018 13:54:11","PVU_EX_1400","itg04213","04/24/2018 13:54:11","PVU_EX_1400","（株）宮崎温仙堂商店熊本支店","（株）宮崎温仙堂商店熊本","宮崎温仙堂熊本支店","温仙堂熊本","KK ﾐﾔｻﾞｷｵﾝｾﾝﾄﾞｳ ｸﾏﾓﾄ","ｵﾝｾﾝﾄﾞｳｸﾏﾓ","862-0926","43102064003","熊本県熊本市東区保田窪３丁目１－１１　","0000-00-0000","","1","3","","1","640","503","19000101","","19000101","42002"
"14002","05/08/2018 00:00:00","12/31/9999 00:00:00","0","itg04213","05/08/2018 15:24:46","PVU_EX_1400","itg04213","05/08/2018 15:40:22","PVU_EX_1400","相模薬品株式会社","相模薬品株式会社","相模薬品株式会社","相模薬品","ｻｶﾞﾐﾔｸﾋﾝｶﾌﾞｼｷｶｲｼﾔ","ｻｶﾞﾐﾔｸﾋﾝ","254-0014","14203029001","神奈川県平塚市四之宮１丁目４－１３　","0463-79-6300","0463-23-9566","1","1","","","","","20150508","","20180508",""
"37010","05/21/2018 00:00:00","10/27/2025 00:00:00","0","itg04213","05/21/2018 11:13:26","PVU_EX_1400","itg04213","05/21/2018 11:13:26","PVU_EX_1400","（株）よんやく","（株）よんやく","よんやく","よんやく","KK ﾖﾝﾔｸ","ﾖﾝﾔｸ","791-1112","38201243000","愛媛県松山市南高井町１８２８　","089-990-4141","089-990-4170","1","3","","1","003","044","19991001","","19990917","37017"
"04050","05/25/2018 00:00:00","12/31/9999 00:00:00","0","itg04213","05/25/2018 11:07:02","PVU_EX_1400","itg04213","05/25/2018 11:15:44","PVU_EX_1400","（株）リードヘルスケア東日本営業部","株）リードヘルスケア東日本","リードＨＣ東日本営業","ＲＨＣ東日","KK ﾘ-ﾄﾞﾍﾙｽｹｱﾋｶﾞｼﾆﾎﾝ","ﾘ-ﾄﾞﾋｶﾞｼﾆﾎ","103-0013","13102022002","東京都中央区日本橋人形町２丁目１３－９　ＦＯＲＥＣＡＳＴ人形町３階","03-5614-5130","022-384-1123","1","3","","","139","001","20091224","","20091224","40059"
"16021","06/29/2018 00:00:00","09/30/2018 00:00:00","0","itg04213","06/29/2018 13:15:14","PVU_EX_1400","itg04213","06/29/2018 13:15:14","PVU_EX_1400","協栄薬品（株）","協栄薬品（株）","協栄薬品","協栄薬品","ｷﾖｳｴｲﾔｸﾋﾝ","ｷﾖｳｴｲﾔｸﾋﾝ","930-0992","16201199000","富山県富山市新庄町４４－５　","076-424-9421","","2","3","2","","900","900","20170401","","20170323","13013"
"40091","06/29/2018 00:00:00","11/30/2023 00:00:00","0","itg04213","06/29/2018 13:16:07","PVU_EX_1400","itg04213","06/29/2018 13:16:07","PVU_EX_1400","（株）エムコム九州","（株）エムコム九州","エムコム九州","エムコム九","ｴﾑｺﾑｷﾕｳｼﾕｳ","ｴﾑｺﾑｷﾕｳｼﾕｳ","830-0023","40203030000","福岡県久留米市中央町３５－１８　","0942-48-8010","0942-48-8070","2","3","2","","970","","20170701","","20170614","13013"
"03027","10/01/2018 00:00:00","04/15/2025 00:00:00","0","itg04213","09/13/2018 15:57:30","PVU_EX_1400","itg04213","09/13/2018 15:57:30","PVU_EX_1400","東北アルフレッサ（株）岩手","東北アルフレッサ（株）岩手","東北アルフレッサ岩手","東北Ａ岩手","ﾄｳﾎｸｱﾙﾌﾚﾂｻ ｲﾜﾃ","ﾄｳﾎｸAｲﾜﾃ","020-0846","03201137001","岩手県盛岡市流通センター北１丁目４－７　","0000-00-0000","","1","3","","5","302","040","20081001","","20080918","13149"
"06015","10/01/2018 00:00:00","04/14/2024 00:00:00","0","itg04213","09/13/2018 16:09:33","PVU_EX_1400","itg04213","09/13/2018 16:09:33","PVU_EX_1400","東北アルフレッサ（株）山形","東北アルフレッサ（株）山形","東北アルフレッサ山形","東北Ａ山形","ﾄｳﾎｸｱﾙﾌﾚﾂｻ ﾔﾏｶﾞﾀ","ﾄｳﾎｸAﾔﾏｶﾞﾀ","990-2251","06201164002","山形県山形市立谷川２丁目４８５－１４　","0000-00-0000","","1","3","","5","305","030","20081001","","20080918","13149"
"02004","10/01/2018 00:00:00","12/31/9999 00:00:00","0","itg04213","09/13/2018 16:18:25","PVU_EX_1400","itg04213","09/13/2018 16:18:25","PVU_EX_1400","（株）小田島青森","（株）小田島青森","小田島青森","小田島青森","KK ｵﾀﾞｼﾞﾏ ｱｵﾓﾘｴｲｷﾞﾖｳ","ｵﾀﾞｼﾞﾏｱｵﾓﾘ","030-0131","02201076002","青森県青森市問屋町２丁目１１－１４　","0000-00-0000","","1","3","","5","201","003","19000101","20180930","19000101","13149"
"03002","10/01/2018 00:00:00","12/31/9999 00:00:00","0","itg04213","09/13/2018 16:18:48","PVU_EX_1400","itg04213","09/13/2018 16:18:48","PVU_EX_1400","（株）小田島","（株）小田島","小田島","小田島","KK ｵﾀﾞｼﾞﾏ","ｵﾀﾞｼﾞﾏ","025-0311","03205014000","岩手県花巻市卸町６８　","0000-00-0000","","1","3","","5","202","003","19000101","20180930","19000101","13149"
"07020","10/01/2018 00:00:00","12/31/9999 00:00:00","0","itg04213","09/13/2018 16:21:02","PVU_EX_1400","itg04213","09/13/2018 16:21:02","PVU_EX_1400","（株）小田島福島","（株）小田島福島","小田島福島","小田島福島","KK ｵﾀﾞｼﾞﾏ ﾌｸｼﾏｴｲｷﾞﾖｳ","ｵﾀﾞｼﾞﾏﾌｸｼﾏ","960-0102","07201039115","福島県福島市鎌田字卸町１９－３　","0000-00-0000","","1","3","","5","205","003","19000101","20180930","19000101","13149"
"40005","10/02/2018 00:00:00","09/30/2025 00:00:00","0","itg04213","10/02/2018 13:48:06","PVU_EX_1400","itg04213","10/02/2018 13:48:06","PVU_EX_1400","（株）アステム北九州営業部","（株）アステム北九州営業部","アステム北九州営業部","ＡＳ北九州","KK ｱｽﾃﾑ ｷﾀｷﾕｳｼﾕｳ","ASｷﾀｷﾕｳｼﾕｳ","800-0221","40107044000","福岡県北九州市小倉南区下曽根新町１３－１　","093-471-1981","093-417-1862","1","3","","1","120","150","19000101","","19000101","44001"
"44001","10/02/2018 00:00:00","09/30/2025 00:00:00","0","itg04213","10/02/2018 14:11:36","PVU_EX_1400","itg04213","10/02/2018 14:11:36","PVU_EX_1400","（株）アステム","（株）アステム","アステム","アステム","KK ｱｽﾃﾑ","KK ｱｽﾃﾑ","841-0005","41203067007","佐賀県鳥栖市弥生が丘７丁目２９　","0942-87-7311","0942-87-7313","1","1","","1","710","150","19000101","","19000101","44001"
"44002","10/02/2018 00:00:00","12/31/9999 00:00:00","0","itg04213","10/02/2018 14:12:39","PVU_EX_1400","itg04213","10/02/2018 14:12:39","PVU_EX_1400","（株）アトル大分営業部","（株）アトル大分営業部","アトル大分営業部","アトル大分","KKｱﾄﾙ ｵｵｲﾀ","ｱﾄﾙ ｵｵｲﾀ","870-0951","44201094000","大分県大分市大字下郡３１８２－２　","097-524-5111","097-524-5210","1","3","","1","730","151","19000101","","19000101","28026"
"15027","02/08/2019 00:00:00","12/31/9999 00:00:00","0","itg40916","02/08/2019 09:31:02","PVU_EX_1400","itg40916","02/08/2019 09:31:02","PVU_EX_1400","（株）バイタルネット新潟","（株）バイタルネット新潟","バイタルネットＨＣ","バイタルＮ","ﾊﾞｲﾀﾙﾈﾂﾄKK ﾍﾙｽｹｱﾆｲｶﾞ","ﾊﾞｲﾀﾙﾈﾂﾄKK","980-0805","04101015000","宮城県仙台市青葉区大手町１－１　","03-3817-3967","","1","3","","","999","001","20010101","20121121","20001218",""
"38019","10/10/2019 00:00:00","12/31/9999 00:00:00","0","itg40916","10/10/2019 11:31:01","PVU_EX_1400","itg40916","10/10/2019 11:31:01","PVU_EX_1400","（株）リードＨＣ四国営業部","（株）リードＨＣ四国営業部","リードＨＣ四国営業部","ＲＨＣ四国","KK ﾘ-ﾄﾞﾍﾙｽｹｱｼｺｸ","ﾘ-ﾄﾞHCｼｺｸ","791-0301","38215017000","愛媛県東温市南方２２９５－１　","089-955-8111","089-955-8282","1","3","","","","101","20071210","","20100617","40059"
"06010","04/15/2020 00:00:00","04/14/2024 00:00:00","0","itg35320","04/15/2020 11:56:38","PVU_EX_1400","itg35320","04/15/2020 11:56:38","PVU_EX_1400","（株）バイタルネット山形","（株）バイタルネット山形","バイタルネット山形","ＶＮ山形","(ｶﾌﾞ)ﾊﾞｲﾀﾙﾈﾂﾄ ﾔﾏｶﾞﾀ","VNﾔﾏｶﾞﾀ","990-0000","06201000000","山形県山形市　","0000-00-0000","","1","3","","5","115","001","20010101","","19990610","04041"
"07028","04/15/2020 00:00:00","04/15/2025 00:00:00","0","itg35320","04/15/2020 12:03:28","PVU_EX_1400","itg35320","04/15/2020 12:03:28","PVU_EX_1400","東邦薬品（株）福島営業部","東邦薬品（株）福島営業部","東邦薬品福島営業部","東邦福島","ﾄｳﾎｳ ﾌｸｼﾏ ｴｲｷﾞﾖｳﾌﾞ","ﾄｳﾎｳ ﾌｸｼﾏ","960-8066","07201181000","福島県福島市矢剣町１９－５　","0000-00-0000","","1","3","","1","156","002","20101001","","20100907","13013"
"08504","04/15/2020 00:00:00","04/14/2024 00:00:00","0","itg35320","04/15/2020 13:05:37","PVU_EX_1400","itg35320","04/15/2020 13:05:37","PVU_EX_1400","アルフレッサ（株）茨城","アルフレッサ（株）茨城","アルフレッサ茨城","ＡＦ茨城","ｱﾙﾌﾚﾂｻ ｲﾊﾞﾗｷ","AF ｲﾊﾞﾗｷ","300-0841","08203157000","茨城県土浦市中　字中道８３４番地３","0000-00-0000","","1","3","","5","201","","19000101","","19000101","13149"
"07025","04/15/2020 00:00:00","04/15/2025 00:00:00","0","itg35320","04/15/2020 13:16:26","PVU_EX_1400","itg35320","04/15/2020 13:16:26","PVU_EX_1400","（株）スズケン福島営業部","（株）スズケン福島営業部","スズケン福島営業部","Ｓ・福島","KKｽｽﾞｹﾝﾌｸｼﾏｴｲｷﾞﾖｳﾌﾞ","SZﾌｸｼﾏ","960-8228","07201159000","福島県福島市松山町２８　","024-525-1233","024-535-8467","1","3","","5","255","015","20001001","","20000927","23049"
"09015","04/15/2020 00:00:00","04/14/2024 00:00:00","0","itg35320","04/15/2020 13:21:18","PVU_EX_1400","itg35320","04/15/2020 13:21:18","PVU_EX_1400","アルフレッサ（株）栃木","アルフレッサ（株）栃木","アルフレッサ栃木","ＡＦ栃木","ｱﾙﾌﾚﾂｻ ﾄﾁｷﾞ","AF ﾄﾁｷﾞ","320-0851","09201118000","栃木県宇都宮市鶴田町１３１０－２　","0000-00-0000","","1","3","","5","101","","19000101","","19000101","13149"
"13010","04/15/2020 00:00:00","04/14/2024 00:00:00","0","itg35320","04/15/2020 13:28:46","PVU_EX_1400","itg35320","04/15/2020 13:28:46","PVU_EX_1400","酒井薬品（株）","酒井薬品（株）","酒井薬品","酒井","ｻｶｲ ﾔｸﾋﾝ KK","ｻｶｲ","181-0014","13204010001","東京都三鷹市野崎１丁目１１－２２　","0000-00-0000","","1","1","","1","205","022","19000101","","19000101","13013"
"14025","04/15/2020 00:00:00","04/15/2025 00:00:00","0","itg35320","04/15/2020 13:35:24","PVU_EX_1400","itg35320","04/15/2020 13:35:24","PVU_EX_1400","東邦薬品（株）神奈川営業部","東邦薬品（株）神奈川営業部","東邦薬品神奈川営業部","東邦神奈川","ﾄｳﾎｳ ﾔｸﾋﾝ KK ｶﾅｶﾞﾜ","ﾄｳﾎｳ ｶﾅｶﾞﾜ","226-0004","14113005000","神奈川県横浜市緑区鴨居町２４９０　","0000-00-0000","","1","1","","1","220","","19000101","","19000101","13013"
"37001","04/15/2020 00:00:00","09/30/2025 00:00:00","0","itg35320","04/15/2020 13:58:51","PVU_EX_1400","itg35320","04/15/2020 13:58:51","PVU_EX_1400","四国アルフレッサ（株）","四国アルフレッサ（株）","四国アルフレッサ","四国ＡＦ","ｼｺｸｱﾙﾌﾚﾂｻ KK","ｼｺｸAF","760-0050","37201029000","香川県高松市亀井町４－２　","087-832-0100","087-832-0050","1","3","","1","001","042","19000101","","19000101","13149"
"37021","04/15/2020 00:00:00","09/30/2025 00:00:00","0","itg35320","04/15/2020 14:00:03","PVU_EX_1400","itg35320","04/15/2020 14:00:03","PVU_EX_1400","（株）幸燿","（株）幸燿","幸燿","幸燿","KK ｺｳﾖｳ(ｲ)","ｺｳﾖｳ(ｲ)","761-8057","37201079000","香川県高松市田村町９４８　","087-867-2525","087-865-6976","1","3","","1","002","043","20050502","","20050426","13013"
"39001","04/15/2020 00:00:00","12/31/9999 00:00:00","0","itg35320","04/15/2020 14:03:40","PVU_EX_1400","itg35320","04/15/2020 14:03:40","PVU_EX_1400","中澤氏家薬業（株）","中澤氏家薬業（株）","中澤氏家薬業","中澤氏家","ﾅｶｻﾞﾜ ｳｼﾞｹﾔｸｷﾞﾖｳKK","ﾅｶｻﾞﾜ ｳｼﾞｹ","783-0008","39204002000","高知県南国市伊達野５０１　","0000-00-0000","","1","3","","1","005","047","19000101","","19000101","37017"
"46002","04/15/2020 00:00:00","12/31/9999 00:00:00","0","itg35320","04/15/2020 14:25:11","PVU_EX_1400","itg35320","04/15/2020 14:25:11","PVU_EX_1400","（株）アトル鹿児島営業部","（株）アトル鹿児島営業部","アトル鹿児島営業部","アトル鹿児","KK ｱﾄﾙ ｶｺﾞｼﾏｴｲｷﾞﾖｳﾌﾞ","ｱﾄﾙ ｶｺﾞｼﾏ","890-0033","46201101000","鹿児島県鹿児島市西別府町２９４１－１７　","0000-00-0000","","1","1","","1","930","151","19000101","","19000101","28026"
"46007","04/15/2020 00:00:00","09/30/2025 00:00:00","0","itg35320","04/15/2020 14:26:22","PVU_EX_1400","itg35320","04/15/2020 14:26:22","PVU_EX_1400","（株）アステム鹿児島営業部","（株）アステム鹿児島営業部","アステム鹿児島営業部","ＡＳ鹿児島","KK ｱｽﾃﾑｶｺﾞｼﾏｴｲｷﾞﾖｳﾌﾞ","ｱｽﾃﾑｶｺﾞｼﾏ","890-0073","46201011002","鹿児島県鹿児島市宇宿２丁目４－７　","099-260-2671","099-260-2825","1","1","","1","920","150","19000101","","19000101","44001"
"01050","10/09/2020 00:00:00","12/31/9999 00:00:00","0","itg04213","10/09/2020 13:08:16","PVU_EX_1400","itg04213","10/09/2020 13:08:16","PVU_EX_1400","（株）Ｐａｌｔａｃ北海道Ｒ","（株）Ｐａｌｔａｃ北海道Ｒ","Ｐａｌｔａｃ北海道Ｒ","ＰＴ北海道","ﾊﾟﾙﾀﾂｸKSﾎﾂｶｲﾄﾞﾄﾞｳ","PTﾎﾂｶｲﾄﾄﾞｳ","061-1274","01234007003","北海道北広島市大曲工業団地３丁目５－１　","011-377-1313","011-377-1255","1","3","","","001","001","20090310","","20090310","01050"
"10023","10/09/2020 00:00:00","12/31/9999 00:00:00","0","itg04213","10/09/2020 13:16:23","PVU_EX_1400","itg04213","10/09/2020 13:16:23","PVU_EX_1400","（株）ＰＡＬＴＡＣ東京支社　第二営業部","（株）ＰＡＬＴＡＣ東京第二","ＰＡＬＴＡＣ東京第二","ＰＴ東京二","KK ﾊﾟﾙﾀﾂｸﾄｳｷﾖｳﾀﾞｲﾆ","ﾊﾟﾙﾄｳｷﾖｳﾆ","115-0044","13117005001","東京都北区赤羽南１丁目２０－１　","03-6367-7904","03-6367-7924","1","3","","","","","20060922","","20061220",""
"13012","10/09/2020 00:00:00","12/31/9999 00:00:00","0","itg04213","10/09/2020 13:18:48","PVU_EX_1400","itg04213","10/09/2020 13:18:48","PVU_EX_1400","アルフレッサヘルスケア（株）","アルフレッサヘルスケア（株","アルフレッサヘルスケ","アルフＨＣ","ｱﾙﾌﾚﾂｻﾍﾙｽｹｱ","ｱﾙﾌﾚﾂｻHC","103-0023","13102029003","東京都中央区日本橋本町３丁目１１－５　マルサンビル","03-3639-6286","","1","2","","","237","","19000101","","19000101","13012"
"30008","10/09/2020 00:00:00","09/30/2025 00:00:00","0","itg04213","10/09/2020 13:36:02","PVU_EX_1400","itg04213","10/09/2020 13:36:02","PVU_EX_1400","アルフレッサ和歌山","アルフレッサ和歌山","アルフレッサ和歌山","ＡＦ和歌山","ｱﾙﾌﾚﾂｻ ﾜｶﾔﾏ","AF ﾜｶﾔﾏ","641-0011","30201314000","和歌山県和歌山市三葛　字坂口５２９","0000-00-0000","","1","3","","","363","003","19000101","","19000101","13149"
"40046","10/09/2020 00:00:00","12/31/9999 00:00:00","0","itg04213","10/09/2020 13:40:21","PVU_EX_1400","itg04213","10/09/2020 13:40:21","PVU_EX_1400","（株）ＰＡＬＴＡＣ　九州支社","（株）ＰＡＬＴＡＣ九州支社","ＰＡＬＴＡＣ九州支社","ＰＴ九州","KK ﾊﾟﾙﾀﾂｸｷﾕｳｼﾕｳ","ﾊﾟﾙﾀﾂｸｷﾕｳｼ","811-2207","40343019005","福岡県糟屋郡志免町南里５丁目２－１　","092-957-7740","","1","3","","","","001","19911001","","19910911","40076"
"40048","10/09/2020 00:00:00","12/31/9999 00:00:00","0","itg04213","10/09/2020 13:40:54","PVU_EX_1400","itg04213","10/09/2020 13:40:54","PVU_EX_1400","（株）ＰＡＬＴＡＣ九州支社","（株）ＰＡＬＴＡＣ九州支社","ＰＡＬＴＡＣ九州","ＰＴ九州","KK ﾊﾟﾙﾀﾂｸｷﾕｳｼﾕｳ","KK ﾊﾟﾙｷﾕ","811-2207","40343019005","福岡県糟屋郡志免町南里５丁目２－１　","0942-72-1133","","1","3","","","","","19911001","","19910913",""
"40051","10/09/2020 00:00:00","12/31/9999 00:00:00","0","itg04213","10/09/2020 13:41:28","PVU_EX_1400","itg04213","10/09/2020 13:41:28","PVU_EX_1400","（株）リードヘルスケア西日本営業部","（株）リードＨＣ西日本営業","リードＨＣ西日本営業","ＲＨ西日営","ﾘ-ﾄﾞﾍﾙｽｹｱﾆｼﾆﾎﾝｴｲｷﾞﾖｳ","ﾘ-ﾄﾞﾆｼﾆﾎﾝｴ","819-0005","40135018002","福岡県福岡市西区内浜２丁目９－２３　","092-883-6155","092-883-6132","1","3","","","","101","19940501","","19940421","40059"
"43007","10/09/2020 00:00:00","12/31/9999 00:00:00","0","itg04213","10/09/2020 13:44:52","PVU_EX_1400","itg04213","10/09/2020 13:44:52","PVU_EX_1400","徳光屋本店","徳光屋本店","徳光屋本店","徳光屋","ﾄｸﾐﾂﾔ ﾎﾝﾃﾝ","ﾄｸﾐﾂﾔ","860-0004","43101056002","熊本県熊本市中央区新町２丁目１０－２０　","0000-00-0000","","2","3","2","","690","","19000101","","19000101","43006"
"01048","01/14/2021 00:00:00","12/31/9999 00:00:00","0","itg36186","01/14/2021 15:42:49","PVU_EX_1400","itg36186","01/14/2021 15:53:23","PVU_EX_1400","（株）井田両国堂　札幌店","（株）井田両国堂　札幌店","井田両国堂　札幌店","井田　札幌","ｲﾀﾞﾘﾖｳｺﾞｸﾄﾞｳ ｻﾂﾎﾟﾛ","ｲﾀﾞ ｻﾂﾎﾟﾛ","004-0055","01108010001","北海道札幌市厚別区厚別中央５条１丁目７－１　","011-890-1160","011-890-1165","3","3","","","","","20060901","","20060822","13803"
"42001","04/05/2022 00:00:00","03/31/2024 00:00:00","0","itg19647","04/05/2022 15:52:07","PVU_EX_1400","itg19647","04/05/2022 15:52:07","PVU_EX_1400","東七（株）","東七（株）","東七（株）","東七","ﾄｳｼﾁ","ﾄｳｼﾁ","857-0134","42202102004","長崎県佐世保市瀬戸越４丁目１３１８－１　","0956-41-0777","","1","3","","","460","145","19000101","","19000101","42001"
"40085","04/06/2022 00:00:00","12/31/9999 00:00:00","0","itg36186","04/06/2022 16:32:14","PVU_EX_1400","itg36186","04/06/2022 16:34:30","PVU_EX_1400","（株）リードヘルスケア九州ＰＳ営業部","株）リードＨＣ九州ＰＳ営業","リードＨＣ九州ＰＳ営","ＲＨＣ九Ｐ","KK ﾘ-ﾄﾞﾍﾙｽｹｱｷﾕｳｼﾕｳPS","ﾘｰﾄﾞｷﾕｳPS","819-0005","40135018002","福岡県福岡市西区内浜２丁目９－２３　","092-883-6155","092-883-6132","1","3","","","","101","20100617","","20100617","40059"
"40081","10/10/2019 00:00:00","12/31/9999 00:00:00","0","itg40916","10/10/2019 11:32:45","PVU_EX_1400","itg40916","10/10/2019 11:32:45","PVU_EX_1400","（株）トミタＨＣ第二支店","（株）トミタＨＣ第二支店","トミタＨＣ第二支店","トミタ第二","ﾄﾐﾀﾍﾙｽｹｱ ﾀﾞｲﾆｼﾃﾝ","ﾄﾐﾀHCﾀﾞｲﾆ","811-2232","40343022003","福岡県糟屋郡志免町別府西３丁目３－１０　","092-935-6262","092-936-0388","1","3","","","060","121","20051221","20111129","20051221",""
"04030","10/09/2020 00:00:00","12/31/9999 00:00:00","0","itg04213","10/09/2020 13:09:52","PVU_EX_1400","itg04213","10/09/2020 13:09:52","PVU_EX_1400","（株）Ｐａｌｔａｃ東北支社","（株）Ｐａｌｔａｃ東北支社","Ｐａｌｔａｃ東北支社","ＰＴ東北","ﾊﾟﾙﾀﾂｸKSﾄｳﾎｸ","PTﾄｳﾎｸ","989-2421","04211018165","宮城県岩沼市下野郷字中野馬場３４１　","03-3817-3967","","1","2","","","999","","19990201","","19990121","04049"
"27091","10/09/2020 00:00:00","01/13/2021 00:00:00","0","itg04213","10/09/2020 13:32:17","PVU_EX_1400","itg04213","10/09/2020 13:32:17","PVU_EX_1400","（株）井田両国堂　千里店","（株）井田両国堂　千里店","井田両国堂　千里店","井田　千里","ｲﾀﾞ","ｲﾀﾞ","567-0057","27211095005","大阪府茨木市豊川５丁目５５５－１　佐川急便千里ＳＲＣ内　６階","072-643-4111","072-643-1444","3","3","","","","","20151111","","20151111","13803"
"40035","10/09/2020 00:00:00","12/31/9999 00:00:00","0","itg04213","10/09/2020 13:39:48","PVU_EX_1400","itg04213","10/09/2020 13:39:48","PVU_EX_1400","（株）リードヘルスケア北九","（株）リードヘルスケア北九","リードＨＣ　北九州","ＲＨＣ北九","KK ﾘ-ﾄﾞﾍﾙｽｹｱｷﾀｷﾕｳｼﾕｳ","ﾘ-ﾄﾞﾀｷﾕｳｼﾕ","800-0221","40107044000","福岡県北九州市小倉南区下曽根新町１３－１　","093-471-1981","093-417-1862","1","3","","","","102","19901101","","19901023",""
"16021","04/05/2022 00:00:00","03/31/2024 00:00:00","0","itg19647","04/05/2022 16:00:21","PVU_EX_1400","itg19647","04/05/2022 16:00:21","PVU_EX_1400","北陸東邦（株）","北陸東邦（株）","北陸東邦（株）","北陸東邦","ﾎｸﾘｸﾄｳﾎｳｶﾌﾞｼｷｶｲｼﾔ","ﾎｸﾘｸﾄｳﾎｳ","930-0992","16201199000","富山県富山市新庄町４４－５　","076-424-9421","","1","3","","1","900","900","20170401","","20170323","13013"
"40004","04/05/2022 00:00:00","04/15/2025 00:00:00","0","itg19647","04/05/2022 16:03:21","PVU_EX_1400","itg19647","04/05/2022 16:03:21","PVU_EX_1400","（株）翔薬","（株）翔薬","（株）翔薬","翔薬","KK ｼﾖｳﾔｸ","ｼﾖｳﾔｸ","812-0015","40132028002","福岡県福岡市博多区山王２丁目３－５　","092-471-2200","","1","3","","1","010","152","19000101","","19000101","40004"
"40079","04/06/2022 00:00:00","10/15/2024 00:00:00","0","itg36186","04/06/2022 16:39:30","PVU_EX_1400","itg36186","04/06/2022 16:39:30","PVU_EX_1400","（株）リードヘルスケア九州営業部","株）リードＨＣ九州営業部","リードＨＣ九州営業部","ＲＨＣ九州","KK ﾘ-ﾄﾞﾍﾙｽｹｱｷﾕｳｼﾕｳ","ﾘ-ﾄﾞｷﾕｳｼﾕｳ","819-0005","40135018002","福岡県福岡市西区内浜２丁目９－２３　","","","1","3","","","","","20220406","","20220406","40059"
"07005","04/18/2023 00:00:00","04/15/2025 00:00:00","0","itg39895","04/14/2023 11:26:14","PVU_EX_1400","itg04213","04/14/2023 11:26:14","Tenyuryoku","東北アルフレッサ（株）福島","東北アルフレッサ（株）福島","東北アルフレッサ福島","東北Ａ福島","ﾄｳﾎｸｱﾙﾌﾚﾂｻ ﾌｸｼﾏ","ﾄｳﾎｸAﾌｸｼﾏ","963-0547","07203072001","福島県郡山市喜久田町卸１丁目１２５－１３　","0000-00-0000","","1","3","","5","306","017","19000101","","20230418","13149"
"40082","10/10/2019 00:00:00","12/31/9999 00:00:00","0","itg40916","10/10/2019 11:33:32","PVU_EX_1400","itg40916","10/10/2019 11:33:32","PVU_EX_1400","（株）トミタＨＣ第一支店","（株）トミタＨＣ第一支店","トミタＨＣ第一支店","トミタ第一","ﾄﾐﾀﾍﾙｽｹｱ ﾀﾞｲｲﾁｼﾃﾝ","ﾄﾐﾀHCﾌｸｵｶ","811-2232","40343022003","福岡県糟屋郡志免町別府西３丁目３－１０　","092-935-6262","092-936-0388","1","3","","","060","120","20051221","20121121","20060622",""
"43022","10/10/2019 00:00:00","12/31/9999 00:00:00","0","itg40916","10/10/2019 11:34:33","PVU_EX_1400","itg40916","10/10/2019 11:34:33","PVU_EX_1400","（株）トミタヘルスケア","（株）トミタヘルスケア","トミタヘルスケア","トミタＨＣ","KKﾄﾐﾀﾍﾙｽｹｱ","ﾄﾐﾀﾍﾙｽｹｱ","862-0976","43101026006","熊本県熊本市中央区九品寺６丁目２－３５　","03-3817-3967","","1","3","","","670","402","20051221","20111129","20051221",""
"06016","04/15/2020 00:00:00","04/14/2024 00:00:00","0","itg35320","04/15/2020 13:14:24","PVU_EX_1400","itg35320","04/15/2020 13:14:24","PVU_EX_1400","東邦薬品（株）山形営業部","東邦薬品（株）山形営業部","東邦薬品山形営業部","東邦山形","ﾄｳﾎｳ ﾔﾏｶﾞﾀ ｴｲｷﾞﾖｳﾌﾞ","ﾄｳﾎｳ ﾔﾏｶﾞﾀ","990-0071","06201324003","山形県山形市流通センター３丁目５－２　","0000-00-0000","","1","3","","1","155","002","20101001","","20100907","13013"
"17011","10/09/2020 00:00:00","12/31/9999 00:00:00","0","itg04213","10/09/2020 13:27:49","PVU_EX_1400","itg04213","10/09/2020 13:27:49","PVU_EX_1400","（株）ＰＡＬＴＡＣ北陸支社","（株）ＰＡＬＴＡＣ北陸支社","ＰＡＬＴＡＣ北陸支社","ＰＴ北陸","KK ﾊﾟﾙﾀﾂｸ ﾎｸﾘｸ ｼｼﾔ","ﾊﾟﾙ ﾎｸﾘｸ","929-0108","17211078002","石川県能美市能美２丁目３　","0761-56-1509","0761-56-0420","1","3","","","","","19980401","","19900918","17011"
"34003","10/09/2020 00:00:00","04/15/2025 00:00:00","0","itg04213","10/09/2020 13:48:09","PVU_EX_1400","itg04213","10/09/2020 13:48:09","PVU_EX_1400","（株）サンキ","（株）サンキ","サンキ","サンキ","KK ｻﾝｷ","ｻﾝｷ","733-0832","34104017003","広島県広島市西区草津港３丁目３－３３　","082-501-0800","082-501-0824","1","3","","5","013","033","19000101","","19000101","23049"
"40054","10/09/2020 00:00:00","01/13/2021 00:00:00","0","itg04213","10/09/2020 13:58:37","PVU_EX_1400","itg04213","10/09/2020 13:58:37","PVU_EX_1400","（株）井田両国堂　福岡店","（株）井田両国堂　福岡店","井田両国堂　福岡店","井田福岡","KK.ｲﾀﾞﾘﾖｳｺﾞｸﾄﾞｳ-ﾌｸｵｶ","ｲﾀﾞ-ﾌｸｵｶ","811-2315","40349018004","福岡県糟屋郡粕屋町甲仲原４丁目４－１　佐川急便ロジ３Ｆ","092-931-7272","092-931-7273","3","3","","","","","19970401","","19970326","13803"
"27008","01/01/2000 00:00:00","08/29/2013 00:00:00","0","ITSP","03/30/2018 00:00:00","ENW","ITSP","03/30/2018 00:00:00","ENW","（株）Ｐａｌｔａｃ近畿支社","（株）Ｐａｌｔａｃ近畿支社","Ｐａｌｔａｃ近畿支社","ＰＴ近畿","ﾊﾟﾙﾀﾂｸKSｷﾝｷｼｼﾔ","PTｷﾝｷ","343-0822","11222084000","埼玉県越谷市西方３１３０ー５","06-6222-0084","06-6222-0916","1","3","","","999","014","19000101","","19000101",""
"37016","01/01/2000 00:00:00","08/29/2013 00:00:00","0","ITSP","03/30/2018 00:00:00","ENW","ITSP","03/30/2018 00:00:00","ENW","（株）Ｐａｌｔａｃ四国","（株）Ｐａｌｔａｃ四国","Ｐａｌｔａｃ四国","ＰＴ四国２","ﾊﾟﾙﾀﾂｸKSｼｺｸｼｼﾔ","PLｼｺｸ2","768-0040","37205008000","香川県観音寺市柞田町字干拓丁９３－５","00-0000-0000","","1","3","","","001","042","20040301","","20040302",""
"13007","01/01/2000 00:00:00","08/29/2013 00:00:00","0","ITSP","03/30/2018 00:00:00","ENW","ITSP","03/30/2018 00:00:00","ENW","（株）Ｐａｌｔａｃ東京埼玉","（株）Ｐａｌｔａｃ東京埼玉","Ｐａｌｔａｃ東京埼玉","ＰＴ東京埼","ﾊﾟﾙﾀﾂｸKSﾄｳｷﾖｳｼｼﾔｻｲﾀﾏ","PTﾄｳｷﾖｳｻｲﾀ","343-0822","11222084000","埼玉県越谷市西方３１３０－５","0489-88-8300","","1","2","","","235","002","19000101","20121121","19000101",""
"03031","04/01/2018 00:00:00","12/31/9999 00:00:00","0","itg04213","03/31/2018 16:18:21","PVU_EX_1400","itg04213","03/31/2018 16:18:21","PVU_EX_1400","株式会社小田島アクティ","株式会社小田島アクティ","小田島アクティ","小田島アク","ｵﾀﾞｼﾞﾏｱｸﾃｲ","ｵﾀﾞｼﾞﾏｱｸﾃｲ","025-0088","03205002000","岩手県花巻市東町１－５　","0198-21-1036","","1","1","","","","","20180401","","20180402",""
"20022","04/08/2019 00:00:00","12/12/2019 00:00:00","0","itg36186","04/08/2019 14:27:27","PVU_EX_1400","itg36186","04/08/2019 14:27:27","PVU_EX_1400","（株）メディセオ甲信越支社","メディセオ甲信越支社","メディセオ甲信越","ＭＣ甲信越","ﾒﾃﾞｲｾｵ ｺｳｼﾝｴﾂ ｼｼﾔ","MCｺｳｼﾝｴﾂ","399-0033","20202035000","長野県松本市大字笹賀　大字笹賀７６００―５５","0000-00-0000","","1","3","","1","327","007","20091001","","20090917","28026"
"26023","04/08/2019 00:00:00","04/02/2025 00:00:00","0","itg36186","04/08/2019 14:29:08","PVU_EX_1400","itg36186","04/08/2019 14:29:08","PVU_EX_1400","（株）メディセオ京都支社","メディセオ京都支社","メディセオ京都","ＭＣ京都","ﾒﾃﾞｲｾｵ ｷﾖｳﾄ ｼｼﾔ","MCｷﾖｳﾄ","604-8436","26104312000","京都府京都市中京区西ノ京下合町　","0000-00-0000","","1","3","","1","397","013","20091001","","20090917","28026"
"04042","04/15/2019 00:00:00","04/04/2022 00:00:00","0","itg04213","04/15/2019 11:56:23","PVU_EX_1400","itg04213","04/15/2019 11:56:23","PVU_EX_1400","バイタルネット","バイタルネット","バイタルネット","ＶＮ本部","ﾊﾞｲﾀﾙﾈﾂﾄKK","ﾊﾞｲﾀﾙﾈﾂﾄKK","981-1223","04207011103","宮城県名取市下余田字鹿島１０　","022-384-4554","022-384-1123","1","3","","","551","001","20010101","","20001218","04041"
"05007","04/15/2019 00:00:00","04/15/2025 00:00:00","0","itg04213","04/15/2019 11:57:07","PVU_EX_1400","itg04213","04/15/2019 11:57:07","PVU_EX_1400","（株）バイタルネット秋田","（株）バイタルネット秋田","バイタルネット秋田","ＶＮ秋田","(ｶﾌﾞ)ﾊﾞｲﾀﾙﾈﾂﾄ ｱｷﾀ","VNｱｷﾀ","010-0000","05201000000","秋田県秋田市　","0000-00-0000","","1","3","","5","114","001","20010101","","19990610","04041"
"02027","04/15/2019 00:00:00","04/15/2025 00:00:00","0","itg04213","04/15/2019 12:02:02","PVU_EX_1400","itg04213","04/15/2019 12:02:02","PVU_EX_1400","東邦薬品（株）青森営業部","東邦薬品（株）青森営業部","東邦薬品青森営業部","東邦青森","ﾄｳﾎｳ ｱｵﾓﾘ ｴｲｷﾞﾖｳﾌﾞ","ﾄｳﾎｳ ｱｵﾓﾘ","030-0131","02201076001","青森県青森市問屋町１丁目１２－１１　","0000-00-0000","","1","3","","1","151","002","20101001","","20100907","13013"
"03028","04/15/2019 00:00:00","04/15/2025 00:00:00","0","itg04213","04/15/2019 12:02:37","PVU_EX_1400","itg04213","04/15/2019 12:02:37","PVU_EX_1400","東邦薬品（株）岩手営業部","東邦薬品（株）岩手営業部","東邦薬品岩手営業部","東邦岩手","ﾄｳﾎｳ ｲﾜﾃ ｴｲｷﾞﾖｳﾌﾞ","ﾄｳﾎｳ ｲﾜﾃ","020-0891","03322022003","岩手県紫波郡矢巾町流通センター南３丁目４－１２　","0000-00-0000","","1","3","","1","153","002","20101001","","20100907","13013"
"05018","04/15/2019 00:00:00","04/15/2025 00:00:00","0","itg04213","04/15/2019 12:03:03","PVU_EX_1400","itg04213","04/15/2019 12:03:03","PVU_EX_1400","東邦薬品（株）秋田営業部","東邦薬品（株）秋田営業部","東邦薬品秋田営業部","東邦秋田","ﾄｳﾎｳ ｱｷﾀ ｴｲｷﾞﾖｳﾌﾞ","ﾄｳﾎｳ ｱｷﾀ","010-0941","05201095101","秋田県秋田市川尻町字大川反２３３－１３０　","0000-00-0000","","1","3","","1","152","010","20101001","","20100907","13013"
"13013","04/15/2019 00:00:00","04/14/2024 00:00:00","0","itg04213","04/15/2019 12:37:06","PVU_EX_1400","itg04213","04/15/2019 12:37:06","PVU_EX_1400","東邦薬品（株）","東邦薬品（株）","東邦薬品","東邦","ﾄｳﾎｳ ﾔｸﾋﾝ KK","ﾄｳﾎｳ","155-0032","13112038005","東京都世田谷区代沢５丁目２－１　財務経理部買掛チーム","0000-00-0000","","1","1","","1","206","024","19000101","","19000101","13013"
"15013","04/15/2019 00:00:00","10/15/2024 00:00:00","0","itg04213","04/15/2019 12:37:45","PVU_EX_1400","itg04213","04/15/2019 12:37:45","PVU_EX_1400","東邦薬品（株）新潟営業部","東邦薬品（株）新潟営業部","東邦薬品新潟営業部","東邦新潟","ﾄｳﾎｳﾆｲｶﾞﾀｴｲｷﾞﾖｳﾌﾞ","ﾄｳﾎｳﾆｲｶﾞﾀ","950-0954","15103170001","新潟県新潟市中央区美咲町１丁目２３－２　","025-285-8111","025-285-8593","1","3","","1","334","","20131001","","19900920","13013"
"21890","04/15/2019 00:00:00","09/30/2025 00:00:00","0","itg04213","04/15/2019 12:38:58","PVU_EX_1400","itg04213","04/15/2019 12:38:58","PVU_EX_1400","東邦薬品（株）岐阜営業部","東邦薬品（株）岐阜営業部","東邦薬品岐阜営業部","東邦岐阜","ﾄｳﾎｳ ｷﾞﾌ","ﾄｳﾎｳ ｷﾞﾌ","500-8283","21201015001","岐阜県岐阜市茜部野瀬１丁目６０　","0000-00-0000","","1","3","","1","104","023","20111001","","20110905","13013"
"22890","04/15/2019 00:00:00","09/30/2025 00:00:00","0","itg04213","04/15/2019 12:39:29","PVU_EX_1400","itg04213","04/15/2019 12:39:29","PVU_EX_1400","東邦薬品（株）静岡営業部","東邦薬品（株）静岡営業部","東邦薬品静岡営業部","東邦静岡","ﾄｳﾎｳ ｼｽﾞｵｶ","ﾄｳﾎｳ ｼｽﾞｵｶ","422-8032","22102010002","静岡県静岡市駿河区有東２丁目２－２５　","0000-00-0000","","1","3","","1","106","023","20111001","","20110905","13013"
"24890","04/15/2019 00:00:00","04/14/2024 00:00:00","0","itg04213","04/15/2019 12:40:02","PVU_EX_1400","itg04213","04/15/2019 12:40:02","PVU_EX_1400","東邦薬品（株）三重営業部","東邦薬品（株）三重営業部","東邦薬品三重営業部","東邦三重","ﾄｳﾎｳ  ﾐｴ","ﾄｳﾎｳ ﾐｴ","510-0064","24202121001","三重県四日市市新正１丁目１２－１２　","0000-00-0000","","1","3","","1","105","023","20111001","","20110905","13013"
"25008","04/15/2019 00:00:00","09/30/2025 00:00:00","0","itg04213","04/15/2019 12:41:01","PVU_EX_1400","itg04213","04/15/2019 12:41:01","PVU_EX_1400","東邦薬品（株）滋賀営業部","東邦薬品（株）滋賀営業部","東邦薬品滋賀","東邦滋賀","ﾄｳﾎｳ KK ｼｶﾞ","ﾄｳﾎｳｼｶﾞ","525-0047","25206057001","滋賀県草津市追分１丁目５－１８　","077-569-4121","","1","3","","1","399","015","20170401","","20170510","13013"
"29016","04/15/2019 00:00:00","09/30/2025 00:00:00","0","itg04213","04/15/2019 12:42:53","PVU_EX_1400","itg04213","04/15/2019 12:42:53","PVU_EX_1400","東邦薬品（株）奈良営業部","東邦薬品（株）奈良営業部","東邦薬品奈良","東邦奈良","ﾄｳﾎｳ KK ﾅﾗ","ﾄｳﾎｳﾅﾗ","630-8445","29201020000","奈良県奈良市池田町２１０－４　","0742-61-2600","","1","3","","1","372","016","20170401","","20170510","13013"
"30018","04/15/2019 00:00:00","09/30/2025 00:00:00","0","itg04213","04/15/2019 12:43:16","PVU_EX_1400","itg04213","04/15/2019 12:43:16","PVU_EX_1400","東邦薬品（株）和歌山営業部","東邦薬品（株）和歌山営業部","東邦薬品和歌山","東邦和歌山","ﾄｳﾎｳ KK ﾜｶﾔﾏ","ﾄｳﾎｳﾜｶﾔﾏ","649-6322","30201378000","和歌山県和歌山市和佐関戸５１３－１　","073-465-4590","","1","3","","1","373","017","20170401","","20170510","13013"
"12010","04/15/2019 00:00:00","09/30/2025 00:00:00","0","itg04213","04/15/2019 12:54:48","PVU_EX_1400","itg04213","04/15/2019 12:54:48","PVU_EX_1400","アルフレッサ（株）千葉","アルフレッサ（株）千葉","アルフレッサ千葉","ＡＦ千葉","ｱﾙﾌﾚﾂｻ ﾁﾊﾞ","AF ﾁﾊﾞ","260-0843","12101030003","千葉県千葉市中央区末広３丁目１７－５　","043-265-9690","","1","1","","5","208","","19000101","","19000101","13149"
"15020","04/15/2019 00:00:00","10/15/2024 00:00:00","0","itg04213","04/15/2019 12:55:56","PVU_EX_1400","itg04213","04/15/2019 12:55:56","PVU_EX_1400","アルフレッサ（株）新潟","アルフレッサ（株）新潟","アルフレッサ新潟","ＡＦ新潟","ｱﾙﾌﾚﾂｻ ﾆｲｶﾞﾀ","AF ﾆｲｶﾞﾀ","950-0941","15103185005","新潟県新潟市中央区女池５丁目６－１０　","025-281-3331","025-281-3120","1","3","","1","330","","19960201","","19960125","13149"
"22024","04/15/2019 00:00:00","09/30/2025 00:00:00","0","itg04213","04/15/2019 12:56:59","PVU_EX_1400","itg04213","04/15/2019 12:56:59","PVU_EX_1400","アルフレッサ（株）静岡","アルフレッサ（株）静岡","アルフレッサ静岡","ＡＦ静岡","ｱﾙﾌﾚﾂｻ ｼｽﾞｵｶ","AF ｼｽﾞｵｶ","422-8027","22102038003","静岡県静岡市駿河区豊田３丁目８－６　","0000-00-0000","","1","3","","5","205","","19981001","","19980925","13149"
"23052","04/15/2019 00:00:00","04/14/2024 00:00:00","0","itg04213","04/15/2019 12:59:49","PVU_EX_1400","itg04213","04/15/2019 12:59:49","PVU_EX_1400","アルフレッサ（株）愛知","アルフレッサ（株）愛知","アルフレッサ愛知","ＡＦ愛知","ｱﾙﾌﾚﾂｻ ｱｲﾁ","AF ｱｲﾁ","462-0844","23103047004","愛知県名古屋市北区清水４丁目１４－１８　","0000-00-0000","","1","3","","5","105","","19981001","","19980924","13149"
"29015","04/15/2019 00:00:00","09/30/2025 00:00:00","0","itg04213","04/15/2019 13:01:59","PVU_EX_1400","itg04213","04/15/2019 13:01:59","PVU_EX_1400","アルフレッサ（株）紀和","アルフレッサ（株）紀和","アルフレッサ紀和","ＡＦ紀和","ｱﾙﾌﾚﾂｻ ｷﾜ","AF ｷﾜ","630-8444","29201024000","奈良県奈良市今市町６０－１　","0000-00-0000","","1","3","","5","362","002","20100401","","20100310","13149"
"47007","04/15/2019 00:00:00","04/04/2022 00:00:00","0","itg04213","04/15/2019 13:02:25","PVU_EX_1400","itg04213","04/15/2019 13:02:25","PVU_EX_1400","株式会社琉薬","株式会社琉薬","琉薬","琉薬","ﾘﾕｳﾔｸ","ﾘﾕｳﾔｸ","901-2131","47208022005","沖縄県浦添市牧港５丁目６－５　","098-878-3111","098-878-1199","1","3","","","530","142","20080101","","20080317","13149"
"10009","04/15/2019 00:00:00","10/15/2024 00:00:00","0","itg04213","04/15/2019 13:08:02","PVU_EX_1400","itg04213","04/15/2019 13:08:02","PVU_EX_1400","（株）スズケン群馬営業部","（株）スズケン群馬営業部","スズケン群馬営業部","Ｓ・群馬","KK ｽｽﾞｹﾝｸﾞﾝﾏｴｲｷﾞﾖｳﾌﾞ","KK ｽｽﾞｹﾝ ｸ","371-0846","10201132000","群馬県前橋市元総社町３６８６－５　","0000-00-0000","","1","3","","1","302","","19000101","","19000101","23049"
"13163","04/15/2019 00:00:00","04/14/2024 00:00:00","0","itg04213","04/15/2019 13:09:44","PVU_EX_1400","itg04213","04/15/2019 13:09:44","PVU_EX_1400","（株）スズケン東京中央営業部","スズケン東京中央営業部","スズケン東京中央","Ｓ東京中央","ｽｽﾞｹﾝ ﾄｳｷﾖｳﾁﾕｳｵｳ","ｽｽﾞｹﾝﾄｳﾁﾕｳ","101-0026","13101017000","東京都千代田区神田佐久間河岸５９　","0000-00-0000","","1","1","","1","203","","20101101","","20101012","23049"
"13164","04/15/2019 00:00:00","04/14/2024 00:00:00","0","itg04213","04/15/2019 13:10:08","PVU_EX_1400","itg04213","04/15/2019 13:10:08","PVU_EX_1400","（株）スズケン東京病院営業部","スズケン東京病院営業部","スズケン東京病院","Ｓ東京病院","ｽｽﾞｹﾝ ﾄｳｷﾖｳﾋﾞﾖｳｲﾝ","ｽｽﾞｹﾝﾄｳﾋﾞﾖ","101-0032","13101003003","東京都千代田区岩本町３丁目１１－６　","0000-00-0000","","1","1","","1","203","","20101101","","20101012","23049"
"11004","04/20/2018 00:00:00","09/30/2025 00:00:00","0","itg04213","04/19/2018 18:47:32","PVU_EX_1400","itg04213","04/19/2018 18:47:32","PVU_EX_1400","（株）スズケン埼玉営業部","（株）スズケン埼玉営業部","スズケン埼玉営業部","Ｓ・埼玉","KK ｽｽﾞｹﾝｻｲﾀﾏｴｲｷﾞﾖｳﾌﾞ","ｽｽﾞｹﾝ ｻｲﾀﾏ","331-0811","11102022002","埼玉県さいたま市北区吉野町２丁目２０４－１　","0000-00-0000","","1","1","","1","224","","19000101","","19000101","23049"
"11008","04/20/2018 00:00:00","09/30/2025 00:00:00","0","itg04213","04/19/2018 18:48:18","PVU_EX_1400","itg04213","04/19/2018 18:48:18","PVU_EX_1400","東邦薬品（株）埼玉営業部","東邦薬品（株）埼玉営業部","東邦薬品埼玉営業部","東邦埼玉","ﾄｳﾎｳ ﾔｸﾋﾝ KK ｻｲﾀﾏ","ﾄｳﾎｳ ｻｲﾀﾏ","336-0936","11109014001","埼玉県さいたま市緑区太田窪１丁目３－８　","0000-00-0000","","1","1","","1","226","","19000101","","19000101","13013"
"11026","04/20/2018 00:00:00","04/07/2019 00:00:00","0","itg04213","04/19/2018 18:49:07","PVU_EX_1400","itg04213","04/19/2018 18:49:07","PVU_EX_1400","（株）メディセオ南関東統括営業部","メディセオ南関東統括営業部","メディセオ南関東統括","ＭＣ南関東","ﾒﾃﾞｲｾｵ ﾐﾅﾐｶﾝﾄｳ ﾄｳｶﾂ","MCﾐﾅﾐｶﾝﾄｳ","337-0004","11104003001","埼玉県さいたま市見沼区卸町１丁目　","0000-00-0000","","1","3","","1","222","","20091001","","20100928","28026"
"13003","04/20/2018 00:00:00","12/31/9999 00:00:00","0","itg04213","04/19/2018 18:50:05","PVU_EX_1400","itg04213","04/19/2018 18:50:05","PVU_EX_1400","イワキ株式会社","イワキ株式会社","イワキ","イワキ","ｲﾜｷ KK","ｲﾜｷ","114-0003","13117023007","東京都北区豊島７丁目７－３０　－１７","0000-00-0000","","1","2","","","236","003","19000101","","19000101","13003"
"13078","04/20/2018 00:00:00","04/14/2024 00:00:00","0","itg04213","04/19/2018 18:50:51","PVU_EX_1400","itg04213","04/19/2018 18:50:51","PVU_EX_1400","（株）バイタルネット東京","（株）バイタルネット東京","バイタルネット東京","ＶＮ東京","ﾊﾞｲﾀﾙﾈﾂﾄ ﾄｳｷﾖｳ","ﾊﾞｲﾀﾙﾈﾂﾄﾄｳ","154-0016","13112046001","東京都世田谷区弦巻１丁目１－１２　","03-5433-4511","","1","3","","5","233","","20010101","","19980603","04041"
"14005","04/20/2018 00:00:00","04/15/2025 00:00:00","0","itg04213","04/19/2018 18:54:39","PVU_EX_1400","itg04213","04/19/2018 18:54:39","PVU_EX_1400","（株）スズケン横浜営業部","（株）スズケン横浜営業部","スズケン横浜営業部","Ｓ・横浜","KK ｽｽﾞｹﾝﾖｺﾊﾏｴｲｷﾞﾖｳﾌﾞ","ｽｽﾞｹﾝ ﾖｺﾊﾏ","221-0862","14102030000","神奈川県横浜市神奈川区三枚町　字西の脇５４ー２","0000-00-0000","","1","1","","1","216","","19000101","","19000101","23049"
"16005","04/20/2018 00:00:00","09/30/2025 00:00:00","0","itg04213","04/19/2018 18:57:32","PVU_EX_1400","itg04213","04/19/2018 18:57:32","PVU_EX_1400","（株）スズケン富山営業部","（株）スズケン富山営業部","スズケン富山営業部","Ｓ・富山","KK ｽｽﾞｹﾝ ﾄﾔﾏ ｴｲｷﾞﾖｳ","ｽｽﾞｹﾝ ﾄﾔﾏ","939-8214","16201140000","富山県富山市黒崎４５１－１　","0000-00-0000","","1","3","","5","026","","19000101","","19000101","23049"
"17004","04/20/2018 00:00:00","09/30/2025 00:00:00","0","itg04213","04/19/2018 18:58:13","PVU_EX_1400","itg04213","04/19/2018 18:58:13","PVU_EX_1400","（株）スズケン金沢営業部","（株）スズケン金沢営業部","スズケン金沢営業部","Ｓ・金沢","KKｽｽﾞｹﾝ ｶﾅｻﾞﾜ ｴｲｷﾞﾖｳ","ｽｽﾞｹﾝ ｶﾅｻﾜ","920-0061","17201309002","石川県金沢市問屋町２丁目５０　","0000-00-0000","","1","3","","5","023","","19000101","","19000101","23049"
"17022","04/20/2018 00:00:00","04/14/2019 00:00:00","0","itg04213","04/19/2018 18:59:02","PVU_EX_1400","itg04213","04/19/2018 18:59:02","PVU_EX_1400","（株）メディセオ北陸統括営業部","メディセオ北陸統括営業部","メディセオ北陸統括","ＭＣ北陸","ﾒﾃﾞｲｾｵ ﾎｸﾘｸ ﾄｳｶﾂ","MCﾎｸﾘｸ","920-0806","17201231003","石川県金沢市神宮寺３丁目　","0000-00-0000","","1","3","","1","398","014","20091001","","20090917","28026"
"18009","04/20/2018 00:00:00","09/30/2025 00:00:00","0","itg04213","04/19/2018 18:59:48","PVU_EX_1400","itg04213","04/19/2018 18:59:48","PVU_EX_1400","（株）スズケン福井営業部","（株）スズケン福井営業部","スズケン福井営業部","Ｓ・福井","KK ｽｽﾞｹﾝ ﾌｸｲ ｴｲｷﾞﾖｳ","ｽｽﾞｹﾝ ﾌｸｲ","910-0851","18201414002","福井県福井市米松２丁目２０－１５　","0000-00-0000","","1","3","","5","028","","19000101","","19000101","23049"
"23084","04/20/2018 00:00:00","12/31/9999 00:00:00","0","itg04213","04/19/2018 19:02:54","PVU_EX_1400","itg04213","04/19/2018 19:02:54","PVU_EX_1400","（株）ＰＡＬＴＡＣ名古屋支社","ＰＡＬＴＡＣ名古屋支社","ＰＡＬ名古屋支社","ＰＴ名古屋","ﾊﾟﾙﾀﾂｸﾅｺﾞﾔ","ﾊﾟﾙﾅｺﾞﾔﾞ","486-0804","23206074000","愛知県春日井市鷹来町３１８１－１　","0568-86-5660","","1","3","","","","","20060914","","20060914","23022"
"23100","04/20/2018 00:00:00","04/07/2019 00:00:00","0","itg04213","04/19/2018 19:03:56","PVU_EX_1400","itg04213","04/19/2018 19:03:56","PVU_EX_1400","（株）メディセオ東海統括営業部","メディセオ東海統括営業部","メディセオ東海統括","ＭＣ東海","ﾒﾃﾞｲｾｵ ﾄｳｶｲﾄｳｶﾂ","MCﾄｳｶｲ","451-0051","23104060003","愛知県名古屋市西区則武新町３丁目　","0000-00-0000","","1","3","","1","110","","20091001","","20100928","28026"
"30502","04/20/2018 00:00:00","09/30/2025 00:00:00","0","itg04213","04/19/2018 19:07:16","PVU_EX_1400","itg04213","04/19/2018 19:07:16","PVU_EX_1400","（株）スズケン和歌山営業部","（株）スズケン和歌山営業部","スズケン和歌山営業部","Ｓ・和歌山","KK ｽｽﾞｹﾝ ﾜｶﾔﾏｴｲｷﾞﾖｳ","ｽｽﾞｹﾝﾜｶﾔﾏ","640-8443","30201256000","和歌山県和歌山市延時　字立堀２５","0000-00-0000","","1","3","","5","367","","19000101","","19000101","23049"
"01053","04/20/2018 00:00:00","06/30/2018 00:00:00","0","itg04213","04/19/2018 19:11:06","PVU_EX_1400","itg04213","04/19/2018 19:11:06","PVU_EX_1400","（株）恒和薬品北海道","（株）恒和薬品北海道","恒和薬品北海道","恒和北海道","ｺｳﾜ ﾔｸﾋﾝ ﾎﾂｶｲﾄﾞｳ","ｺｳﾜﾎﾂｶｲﾄﾞｳ","063-0803","01107025004","北海道札幌市西区二十四軒３条４丁目１－１　","0000-00-0000","","1","3","","1","010","","20110215","","20110128","13149"
"23891","04/23/2018 00:00:00","12/31/9999 00:00:00","0","itg04213","04/23/2018 16:06:20","PVU_EX_1400","itg04213","04/23/2018 16:06:20","PVU_EX_1400","アルフレッサヘルスケア（株）中部支社","アルフレッサＨＣ中部支社","アルフレッサＨＣ中部","アルフ中部","ｱﾙﾌﾚﾂｻﾍﾙｽｹｱﾁﾕｳﾌﾞ","ｱﾙﾌﾁﾕｳﾌﾞ","452-0822","23104052002","愛知県名古屋市西区中小田井２丁目３　","052-505-1881","","1","2","","","","","20110907","","20110907","13012"
"27070","04/23/2018 00:00:00","12/31/9999 00:00:00","0","itg04213","04/23/2018 16:07:14","PVU_EX_1400","itg04213","04/23/2018 16:07:14","PVU_EX_1400","（株）Ｐａｌｔａｃ近畿支社","（株）Ｐａｌｔａｃ近畿支社","Ｐａｌｔａｃ近畿支社","ＰＴ近畿","KKﾊﾟﾙﾀﾂｸ ｷﾝｷｼｼﾔ","ﾊﾟﾙｷﾝｷ","541-0058","27128066001","大阪府大阪市中央区南久宝寺町１丁目５－９　","06-6262-1286","","1","3","","","","","20060922","","20060922","27071"
"35002","04/23/2018 00:00:00","02/07/2019 00:00:00","0","itg04213","04/23/2018 16:10:37","PVU_EX_1400","itg04213","04/23/2018 16:10:37","PVU_EX_1400","常盤薬品（株）","常盤薬品（株）","常盤薬品","常盤","ﾄｷﾜ ﾔｸﾋﾝ KK","ﾄｷﾜ","759-0204","35202046000","山口県宇部市大字妻崎開作８６０－１　","0836-41-6111","0836-44-6000","1","3","","","190","143","19000101","","19000101","13149"
"47008","04/23/2018 00:00:00","02/07/2019 00:00:00","0","itg04213","04/23/2018 16:12:21","PVU_EX_1400","itg04213","04/23/2018 16:12:21","PVU_EX_1400","（株）Ｐａｌｔａｃ沖縄支店","（株）Ｐａｌｔａｃ沖縄支店","Ｐａｌｔａｃ沖縄支店","ＰＴ沖縄","KK ﾊﾟﾙ ｵｷﾅﾜｼﾃﾝ","ﾊﾟﾙ ｵｷﾅﾜﾅ","901-2123","47208004002","沖縄県浦添市西洲２丁目１－１　","098-879-2277","098-879-4582","1","3","","","","","20010720","","20080411","40076"
"47014","04/23/2018 00:00:00","12/31/9999 00:00:00","0","itg04213","04/23/2018 16:12:55","PVU_EX_1400","itg04213","04/23/2018 16:12:55","PVU_EX_1400","アルフレッサヘルスケア（株）沖縄支社","アルフレッサＨＣ沖縄支社","アルフレッサＨＣ沖縄","アルフ沖縄","ｱﾙﾌﾚﾂｻﾍﾙｽｹｱｵｷﾅﾜ","ｱﾙﾌｵｷﾅﾜ","901-2123","47208004002","沖縄県浦添市西洲２丁目７－５　","098-878-9030","098-878-9077","1","2","","1","","","20110921","","20120921","13012"
"11009","04/24/2018 00:00:00","09/30/2025 00:00:00","0","itg04213","04/24/2018 13:38:23","PVU_EX_1400","itg04213","04/24/2018 13:38:23","PVU_EX_1400","アルフレッサ（株）埼玉","アルフレッサ（株）埼玉","アルフレッサ埼玉","ＡＦ埼玉","ｱﾙﾌﾚﾂｻ ｻｲﾀﾏ","AF ｻｲﾀﾏ","331-0811","11102022001","埼玉県さいたま市北区吉野町１丁目１９－１０　","0000-00-0000","","1","1","","5","223","","19000101","","19000101","13149"
"34010","04/24/2018 00:00:00","11/30/2023 00:00:00","0","itg04213","04/24/2018 13:45:58","PVU_EX_1400","itg04213","04/24/2018 13:45:58","PVU_EX_1400","ティーエスアルフレッサ（株）","ティーエスアルフレッサ","ＴＳアルフレッサ","ＴＳアルフ","ﾃｲ-ｴｽｱﾙﾌﾚﾂｻ","ﾃｲ-ｴｽｱﾙﾌ","733-0833","34104034001","広島県広島市西区商工センター１丁目２－１９　","082-501-0222","082-276-3010","1","3","","1","016","038","19000101","","19000101","13149"
"35003","04/24/2018 00:00:00","04/14/2024 00:00:00","0","itg04213","04/24/2018 13:47:43","PVU_EX_1400","itg04213","04/24/2018 13:47:43","PVU_EX_1400","（株）アステム山口営業部","（株）アステム山口営業部","アステム山口営業部","ＡＳ山口","ｱｽﾃﾑ ﾔﾏｸﾞﾁｴｲｷﾞﾖｳﾌﾞ","ｱｽﾃﾑﾔﾏｸﾞﾁ","754-0012","35203131000","山口県山口市小郡船倉町２－１　","0000-00-0000","","1","3","","1","022","042","19000101","","19000101","44001"
"40003","04/24/2018 00:00:00","02/11/2019 00:00:00","0","itg04213","04/24/2018 13:49:22","PVU_EX_1400","itg04213","04/24/2018 13:49:22","PVU_EX_1400","富田薬品（株）福岡支店","富田薬品（株）福岡支店","富田薬品　福岡支店","富田福岡","ﾄﾐﾀ ﾔｸﾋﾝ KK ﾌｸｵｶﾃﾝ","ﾄﾐﾀ ﾌｸｵｶ","812-0895","40132041002","福岡県福岡市博多区竹下２丁目３－３５　","092-431-8811","","1","3","","1","060","122","19000101","","19000101","43002"
"23049","04/20/2018 00:00:00","04/14/2024 00:00:00","0","itg04213","04/19/2018 19:01:23","PVU_EX_1400","itg04213","04/19/2018 19:01:23","PVU_EX_1400","（株）スズケン","（株）スズケン","（株）スズケン","スズケン","KK ｽｽﾞｹﾝ","ｽｽﾞｹﾝ","461-0015","23102032000","愛知県名古屋市東区東片端町１　ビジネスサポート仕入課","052-950-6304","","1","3","","","001","026","19980401","","19980325","23049"
"23075","04/20/2018 00:00:00","02/07/2019 00:00:00","0","itg04213","04/19/2018 19:01:51","PVU_EX_1400","itg04213","04/19/2018 19:01:51","PVU_EX_1400","株）スズケン西日本営業部東","株）スズケン西日本営業部東","スズケン西日本　東海","スズケン西","ｽｽﾞｹﾝﾆｼﾆﾎﾝｴｲｷﾞﾖｳﾄｳｶｲ","ｽｽﾞｹﾝﾆｼﾆﾎﾝ","461-0015","23102032000","愛知県名古屋市東区東片端町１　","052-953-7498","052-953-6331","1","3","","","102","028","20001205","","20001205",""
"23890","04/20/2018 00:00:00","09/30/2025 00:00:00","0","itg04213","04/19/2018 19:04:31","PVU_EX_1400","itg04213","04/19/2018 19:04:31","PVU_EX_1400","東邦薬品（株）愛知営業部","東邦薬品（株）愛知営業部","東邦薬品愛知営業部","東邦愛知","ﾄｳﾎｳ ｱｲﾁ","ﾄｳﾎｳ ｱｲﾁ","465-0092","23115074003","愛知県名古屋市名東区社台３丁目１２０　","0000-00-0000","","1","3","","1","103","023","20111001","","20110905","13013"
"27014","04/20/2018 00:00:00","09/30/2025 00:00:00","0","itg04213","04/19/2018 19:05:48","PVU_EX_1400","itg04213","04/19/2018 19:05:48","PVU_EX_1400","（株）スズケン大阪営業部","（株）スズケン大阪営業部","スズケン大阪営業部","Ｓ・大阪","KK ｽｽﾞｹﾝ ｵｵｻｶ ｴｲｷﾞﾖｳ","ｽｽﾞｹﾝ ｵｵｻｶ","541-0045","27128046001","大阪府大阪市中央区道修町１丁目７－１０　扶桑道修町ビル","0000-00-0000","","1","3","","5","365","008","19000101","","19000101","23049"
"29012","04/20/2018 00:00:00","09/30/2025 00:00:00","0","itg04213","04/19/2018 19:06:30","PVU_EX_1400","itg04213","04/19/2018 19:06:30","PVU_EX_1400","（株）スズケン奈良営業部","（株）スズケン奈良営業部","スズケン奈良営業部","Ｓ・奈良","KK ｽｽﾞｹﾝ ﾅﾗｴｲｷﾞﾖｳﾌﾞ","ｽｽﾞｹﾝ ﾅﾗ","630-8452","29201085002","奈良県奈良市北之庄西町２丁目１０－６　","0000-00-0000","","1","3","","5","366","","19000101","","19000101","23049"
"27803","04/23/2018 00:00:00","12/31/9999 00:00:00","0","itg04213","04/23/2018 16:08:00","PVU_EX_1400","itg04213","04/23/2018 16:08:00","PVU_EX_1400","（株）Ｐａｌｔａｃ近畿","（株）Ｐａｌｔａｃ近畿","Ｐａｌｔａｃ近畿","ＰＴ近畿","KKﾊﾟﾙﾀﾂｸ ｷﾝｷ","ﾊﾟﾙｷﾝｷ","541-0058","27128066001","大阪府大阪市中央区南久宝寺町１丁目５－９　","06-6262-1286","","1","3","","","","","19000101","","19000101",""
"27890","04/23/2018 00:00:00","12/31/9999 00:00:00","0","itg04213","04/23/2018 16:09:05","PVU_EX_1400","itg04213","04/23/2018 16:09:05","PVU_EX_1400","アルフレッサヘルスケア（株）関西支社","アルフレッサＨＣ関西支社","アルフレッサＨＣ関西","アルフ関西","ｱﾙﾌﾚﾂｻﾍﾙｽｹｱｶﾝｻｲ","ｱﾙﾌｶﾝｻｲ","573-0066","27210006000","大阪府枚方市伊加賀西町５２－１　","0000-00-0000","","1","2","","","","","20110907","","20110907","13012"
"37023","04/23/2018 00:00:00","12/31/9999 00:00:00","0","itg04213","04/23/2018 16:11:12","PVU_EX_1400","itg04213","04/23/2018 16:11:12","PVU_EX_1400","（株）ＰＡＬＴＡＣ四国","（株）ＰＡＬＴＡＣ四国","ＰＡＬＴＡＣ　四国","ＰＴ四国","ﾊﾟﾙﾀﾂｸｼｺｸｼｼﾔ","PTｼｺｸ","768-0040","37205008000","香川県観音寺市柞田町　字干拓丁９３ー６","082-849-5434","","1","3","","","001","042","20040301","","20080319","37023"
"39017","04/23/2018 00:00:00","12/31/9999 00:00:00","0","itg04213","04/23/2018 16:11:47","PVU_EX_1400","itg04213","04/23/2018 16:11:47","PVU_EX_1400","中澤氏家薬業（株）","中澤氏家薬業（株）","中澤氏家薬業（株）","中澤氏家薬","ﾅｶｻﾞﾜ ｳｼﾞｹﾔｸｷﾞﾖｳKKﾔｸ","ﾅｶｻﾞﾜ ｳｼﾞｹ","783-0008","39204002000","高知県南国市伊達野５０１　","088-802-5111","088-878-2111","1","3","","","005","047","20071210","","20071210","39017"
"13149","04/24/2018 00:00:00","04/04/2022 00:00:00","0","itg04213","04/24/2018 13:40:39","PVU_EX_1400","itg04213","04/24/2018 13:40:39","PVU_EX_1400","アルフレッサ（株）","アルフレッサ（株）","アルフレッサ（株）","アルフレッ","ｱﾙﾌﾚﾂｻ KK","ｱﾙﾌﾚﾂｻ KK","101-0053","13101034000","東京都千代田区神田美土代町７　住友不動産神田ビル１４階","0000-00-0000","","1","1","","","202","","20041001","","20040902","13149"
"16004","04/24/2018 00:00:00","12/31/9999 00:00:00","0","itg04213","04/24/2018 13:41:27","PVU_EX_1400","itg04213","04/24/2018 13:41:27","PVU_EX_1400","（株）ファイネス","（株）ファイネス","ファイネス","ファイネス","KK ﾌｱｲﾈｽ","ﾌｱｲﾈｽ","920-0205","17201066000","石川県金沢市大浦町ハ５５　","076-239-0613","","1","3","","5","025","004","20140101","","20140101","16004"
"28008","04/24/2018 00:00:00","04/15/2025 00:00:00","0","itg04213","04/24/2018 13:42:41","PVU_EX_1400","itg04213","04/24/2018 13:42:41","PVU_EX_1400","アルフレッサ（株）兵庫","アルフレッサ（株）兵庫","アルフレッサ兵庫","ＡＦ兵庫","ｱﾙﾌﾚﾂｻ ﾋﾖｳｺﾞ","AF ﾋﾖｳｺﾞ","658-0027","28101007003","兵庫県神戸市東灘区青木３丁目１－４０　","0000-00-0000","","1","3","","5","380","004","19000101","","19000101","13149"
"30016","04/24/2018 00:00:00","09/30/2025 00:00:00","0","itg04213","04/24/2018 13:44:48","PVU_EX_1400","itg04213","04/24/2018 13:44:48","PVU_EX_1400","（株）ケーエスケー紀和","（株）ケーエスケー紀和","ケーエスケー紀和","ＫＳＫ紀和","ｹ-ｴｽｹ- ｷﾜ","ｹ-ｴｽｹ- ｷﾜ","641-0036","30201247000","和歌山県和歌山市西浜　","0000-00-0000","","1","3","","1","369","009","20090401","","20090327","27042"
"40061","04/24/2018 00:00:00","11/30/2023 00:00:00","0","itg04213","04/24/2018 13:51:33","PVU_EX_1400","itg04213","04/24/2018 13:51:33","PVU_EX_1400","株式会社アトル","株式会社アトル","アトル","アトル","KKｱﾄﾙ","ｱﾄﾙ","812-0897","40132061002","福岡県福岡市博多区半道橋２丁目２－５１　","092-451-8771","092-451-8754","1","3","","","030","","19991001","","19990909","28026"
"43006","04/24/2018 00:00:00","09/30/2025 00:00:00","0","itg04213","04/24/2018 13:53:33","PVU_EX_1400","itg04213","04/24/2018 13:53:33","PVU_EX_1400","（株）新生堂","（株）新生堂","新生堂","新生堂","KK ｼﾝｾｲﾄﾞｳ","ｼﾝｾｲﾄﾞｳ","861-4101","43104056007","熊本県熊本市南区近見７丁目２－３０　","0000-00-0000","","1","3","","1","630","142","19000101","","19000101","43006"
"27042","04/24/2018 00:00:00","09/30/2025 00:00:00","0","itg04213","04/24/2018 13:55:45","PVU_EX_1400","itg04213","04/24/2018 13:55:45","PVU_EX_1400","（株）ケーエスケー","（株）ケーエスケー","ケーエスケー","ＫＳＫ大阪","ｹ-ｴｽｹ-","ｹ-ｴｽｹ-ｵｵｻｶ","540-0029","27128063000","大阪府大阪市中央区本町橋１－２０　","06-6946-1352","06-6941-5400","1","3","","5","368","008","19991001","","19990908","27042"
"04003","05/21/2018 00:00:00","12/31/9999 00:00:00","0","itg04213","05/21/2018 14:20:04","PVU_EX_1400","itg04213","05/21/2018 14:20:04","PVU_EX_1400","バイタルＪＤ","バイタルＪＤ","バイタルＪＤ","バイタルＪ","ﾊﾞｲﾀﾙJD","ﾊﾞｲﾀﾙJD","980-0805","04101015000","宮城県仙台市青葉区大手町１－１　","022-266-4511","022-266-3942","1","1","","","","","20180521","","20180521",""
"40085","05/25/2018 00:00:00","04/05/2022 00:00:00","0","itg04213","05/25/2018 11:13:41","PVU_EX_1400","itg04213","05/25/2018 11:22:10","PVU_EX_1400","（株）リードヘルスケア九州営業部","株）リードＨＣ九州営業部","リードＨＣ九州営業部","ＲＨＣ九州","KK ﾘ-ﾄﾞﾍﾙｽｹｱｷﾕｳｼﾕｳ","ﾘ-ﾄﾞｷﾕｳｼﾕｳ","819-0005","40135018002","福岡県福岡市西区内浜２丁目９－２３　","092-883-6155","092-883-6132","1","3","","","","101","20100617","","20100617","40059"
"45017","06/29/2018 00:00:00","12/31/9999 00:00:00","0","itg04213","06/29/2018 13:16:43","PVU_EX_1400","itg04213","06/29/2018 13:16:43","PVU_EX_1400","（有）日豊メディック","（有）日豊メディック","日豊メディック","日豊メディ","ﾆﾂﾎﾟｳﾒﾃﾞｲﾂｸ","ﾆﾂﾎﾟｳﾒﾃﾞｲﾂ","880-0123","45201138000","宮崎県宮崎市大字芳士１０９８－７　","0985-33-9702","0985-33-9703","2","3","2","","960","","20170701","","20170614","13013"
"04046","10/01/2018 00:00:00","04/15/2025 00:00:00","0","itg04213","09/13/2018 16:01:15","PVU_EX_1400","itg04213","09/13/2018 16:01:15","PVU_EX_1400","東北アルフレッサ（株）宮城","東北アルフレッサ（株）宮城","東北アルフレッサ宮城","東北Ａ宮城","ﾄｳﾎｸｱﾙﾌﾚﾂｻ ﾐﾔｷﾞ","ﾄｳﾎｸAﾐﾔｷﾞ","983-0828","04102080002","宮城県仙台市宮城野区岩切分台２丁目１１－２　","0000-00-0000","","1","3","","5","303","020","20081001","","20080918","13149"
"07004","10/01/2018 00:00:00","04/17/2023 00:00:00","0","itg04213","09/13/2018 16:15:54","PVU_EX_1400","itg04213","09/13/2018 16:15:54","PVU_EX_1400","東北アルフレッサ（株）福島","東北アルフレッサ（株）福島","東北アルフレッサ福島","東北Ａ福島","ﾄｳﾎｸｱﾙﾌﾚﾂｻ ﾌｸｼﾏ","ﾄｳﾎｸAﾌｸｼﾏ","963-0547","07203072001","福島県郡山市喜久田町卸１丁目１２５－１３　","0000-00-0000","","1","3","","5","306","017","19000101","","19000101","13149"
"44014","10/02/2018 00:00:00","02/11/2019 00:00:00","0","itg04213","10/02/2018 13:54:50","PVU_EX_1400","itg04213","10/02/2018 13:54:50","PVU_EX_1400","富田薬品（株）大分支店","富田薬品（株）大分支店","富田薬品　大分","富田大分","ﾄﾐﾀ ﾔｸﾋﾝ KK ｵｵｲﾀｼﾃﾝ","ﾄﾐﾀ ｵｵｲﾀ","870-0116","44201145000","大分県大分市大字常行　字川辺４２７－２","0975-23-5600","0975-23-3710","1","3","","1","760","127","19950501","","19950425","43002"
"10008","02/08/2019 00:00:00","12/31/9999 00:00:00","0","itg40916","02/08/2019 09:36:03","PVU_EX_1400","itg40916","02/08/2019 09:36:03","PVU_EX_1400","（株）Ｐａｌｔａｃ春日部","（株）Ｐａｌｔａｃ春日部","Ｐａｌｔａｃ春日部","ＰＴ春日部","KK ﾊﾟﾙﾀﾂｸｶｽｶﾍﾞ","ﾊﾟﾙｶｽｶﾍﾞ","344-0003","11214087000","埼玉県春日部市新川　字上手１４５－１","048-754-2923","048-761-1196","1","3","","","","","19000101","20190208","19000101","10008"
"08007","02/08/2019 00:00:00","12/31/9999 00:00:00","0","itg40916","02/08/2019 10:02:06","PVU_EX_1400","itg40916","02/08/2019 10:02:06","PVU_EX_1400","岩渕薬品（株）水戸店","岩渕薬品（株）水戸店","岩渕薬品　　　水戸","岩渕水戸","ｲﾜﾌﾞﾁ ﾔｸﾋﾝ KK ﾐﾄﾃﾝ","ｲﾜﾌﾞﾁ ﾐﾄ","310-0845","08201118000","茨城県水戸市吉沢町１６６－２　","0000-00-0000","","1","3","","","318","","19000101","20190208","19000101","12001"
"09003","04/15/2020 00:00:00","04/14/2024 00:00:00","0","itg35320","04/15/2020 13:19:17","PVU_EX_1400","itg35320","04/15/2020 13:19:17","PVU_EX_1400","ナカノ薬品（株）","ナカノ薬品（株）","ナカノ薬品","ナカノ薬品","ﾅｶﾉ ﾔｸﾋﾝ KK","ﾅｶﾉ","326-0327","09202080000","栃木県足利市羽刈町７６３－１２　","0000-00-0000","","1","1","","1","102","","19000101","","19000101","23049"
"14027","04/15/2020 00:00:00","04/15/2025 00:00:00","0","itg35320","04/15/2020 13:36:46","PVU_EX_1400","itg35320","04/15/2020 13:36:46","PVU_EX_1400","アルフレッサ（株）神奈川","アルフレッサ（株）神奈川","アルフレッサ神奈川","ＡＦ神奈川","ｱﾙﾌﾚﾂｻ ｶﾅｶﾞﾜ","AF ｶﾅｶﾞﾜ","221-0832","14102021000","神奈川県横浜市神奈川区桐畑８－３　","0000-00-0000","","1","1","","5","218","","19000101","","19000101","13149"
"09016","10/09/2020 00:00:00","04/14/2024 00:00:00","0","itg04213","10/09/2020 13:14:57","PVU_EX_1400","itg04213","10/09/2020 13:14:57","PVU_EX_1400","東邦薬品（株）薬粧事業部","東邦薬品（株）薬粧事業部","東邦薬品薬粧事業部","東邦薬粧","ﾄｳﾎｳﾔｸﾋﾝ ﾔｸｼﾖｳｼﾞｷﾞﾖｳ","ﾄｳﾎｳﾔｸｼﾖｳ","321-0911","09201130000","栃木県宇都宮市問屋町３４１３－５２　","028-657-8070","028-657-8062","1","3","","","995","004","20081001","","20090310","13013"
"12033","10/09/2020 00:00:00","12/31/9999 00:00:00","0","itg04213","10/09/2020 13:17:07","PVU_EX_1400","itg04213","10/09/2020 13:17:07","PVU_EX_1400","（株）ＰＡＬＴＡＣ東京支社　第一営業部","（株）ＰＡＬＴＡＣ東京第一","ＰＡＬＴＡＣ東京第一","ＰＴ東京一","ﾊﾟﾙﾀﾂｸﾄｳｷﾖｳﾀﾞｲｲﾁ","ﾊﾟﾙﾄｳｷﾖｳｲﾁ","115-0044","13117005001","東京都北区赤羽南１丁目２０－１　","03-6367-7904","03-6367-7924","1","3","","","","","20030916","","20030924","12035"
"13038","10/09/2020 00:00:00","12/31/9999 00:00:00","0","itg04213","10/09/2020 13:19:26","PVU_EX_1400","itg04213","10/09/2020 13:19:26","PVU_EX_1400","森川産業株式会社","森川産業株式会社","森川産業","森川産業","ﾓﾘｶﾜｻﾝｷﾞﾖｳ KK","ﾓﾘｶﾜｻﾝｷﾞﾖｳ","101-0032","13101003002","東京都千代田区岩本町２丁目１－１６　","03-3866-8236","03-3864-4318","3","3","","","","","19900801","","19900718","13038"
"13157","10/09/2020 00:00:00","12/31/9999 00:00:00","0","itg04213","10/09/2020 13:22:32","PVU_EX_1400","itg04213","10/09/2020 13:22:32","PVU_EX_1400","株式会社　大木","株式会社　大木","（株）大木","大木","KK ｵｵｷ","ｵｵｷ","112-0013","13105002002","東京都文京区音羽２丁目１－４　","0000-00-0000","","1","2","","","234","001","20080808","","20080808","13157"
"13803","10/09/2020 00:00:00","12/31/9999 00:00:00","0","itg04213","10/09/2020 13:24:14","PVU_EX_1400","itg04213","10/09/2020 13:24:14","PVU_EX_1400","（株）井田両国堂","（株）井田両国堂","井田両国堂","井田両国堂","KK ｲﾀﾞ ﾘﾖｳｺﾞｸﾄﾞｳ","ｲﾀﾞﾘﾖｳｺﾞｸ","111-0053","13106003001","東京都台東区浅草橋１丁目９－１３　大手町建物浅草橋駅前ビル　５階","03-3866-9631","03-3866-9638","3","3","","","","","19000101","","19000101","13803"
"13984","10/09/2020 00:00:00","12/31/9999 00:00:00","0","itg04213","10/09/2020 13:25:20","PVU_EX_1400","itg04213","10/09/2020 13:25:20","PVU_EX_1400","アルフレッサヘルスケア（株）広域支社","アルフレッサＨＣ広域支社","アルフレッサ広域支社","アルフ広域","ｱﾙﾌﾚﾂｻﾍﾙｽｹｱｺｳｲｷｼｼﾔ","ｱﾙﾌｺｳｲｷ","125-0061","13122007005","東京都葛飾区亀有５丁目１４－１　","03-5673-2800","","1","2","","","","","20110907","","20110907","13012"
"28026","10/09/2020 00:00:00","04/04/2022 00:00:00","0","itg04213","10/09/2020 13:34:40","PVU_EX_1400","itg04213","10/09/2020 13:34:40","PVU_EX_1400","（株）メディセオ","（株）メディセオ","（株）メディセオ","ＭＣ","KK ﾒﾃﾞｲｾｵ","ﾒﾃﾞｲｾｵ","650-0003","28110073002","兵庫県神戸市中央区山本通２丁目１４－１　買掛管理Ｇ","078-230-5208","078-230-5782","1","3","","","381","007","20000401","","20000323","28026"
"29010","10/09/2020 00:00:00","09/30/2025 00:00:00","0","itg04213","10/09/2020 13:35:21","PVU_EX_1400","itg04213","10/09/2020 13:35:21","PVU_EX_1400","アルフレッサ奈良","アルフレッサ奈良","アルフレッサ奈良","ＡＦ奈良","ｱﾙﾌﾚﾂｻ ﾅﾗ","AF ﾅﾗ","630-8444","29201024000","奈良県奈良市今市町３－６０　ー１","0000-00-0000","","1","3","","","362","002","19000101","","19000101","13149"
"27806","01/14/2021 00:00:00","12/31/9999 00:00:00","0","itg36186","01/14/2021 15:45:05","PVU_EX_1400","itg36186","01/14/2021 15:55:06","PVU_EX_1400","（株）井田両国堂　大阪","（株）井田両国堂　大阪","井田両国堂　大阪","井田　大阪","ｲﾀﾞﾘﾖｳｺﾞｸﾄﾞｳ ｵｵｻｶ","ｲﾀﾞ ｵｵｻｶ","554-0024","27104008004","大阪府大阪市此花区島屋４丁目４－５１　佐川急便此花ＳＲＣ　５Ｆ","06-6460-1388","06-6460-1389","3","3","","","","","19000101","","19000101","13803"
"04042","04/05/2022 00:00:00","04/14/2024 00:00:00","0","itg19647","04/05/2022 15:55:16","PVU_EX_1400","itg19647","04/05/2022 15:55:16","PVU_EX_1400","（株）バイタルネット","（株）バイタルネット","（株）バイタルネット","ＶＮ本部","ﾊﾞｲﾀﾙﾈﾂﾄKK","ﾊﾞｲﾀﾙﾈﾂﾄKK","981-1223","04207011103","宮城県名取市下余田字鹿島１０　","022-384-4554","022-384-1123","1","3","","","551","001","20010101","","20001218","04041"
"47007","04/05/2022 00:00:00","04/14/2024 00:00:00","0","itg19647","04/05/2022 16:01:47","PVU_EX_1400","itg19647","04/05/2022 16:01:47","PVU_EX_1400","（株）琉薬","（株）琉薬","（株）琉薬","琉薬","ﾘﾕｳﾔｸ","ﾘﾕｳﾔｸ","901-2131","47208022005","沖縄県浦添市牧港５丁目６－５　","098-878-3111","098-878-1199","1","3","","","530","142","20080101","","20080317","13149"
"07004","04/18/2023 00:00:00","10/15/2024 00:00:00","0","itg39895","04/14/2023 14:15:27","PVU_EX_1400","itg39895","04/14/2023 14:15:27","PVU_EX_1400","東北アルフレッサ（株）","東北アルフレッサ（株）","東北アルフレッサ","東北Ａ","ﾄｳﾎｸｱﾙﾌﾚﾂｻ","ﾄｳﾎｸA","963-0547","07203072001","福島県郡山市喜久田町卸１丁目１２５－１３　","0000-00-0000","","1","3","","5","306","017","19000101","","19000101","13149"
"09013","04/15/2020 00:00:00","04/14/2024 00:00:00","0","itg35320","04/15/2020 13:20:40","PVU_EX_1400","itg35320","04/15/2020 13:20:40","PVU_EX_1400","東邦薬品（株）栃木営業部","東邦薬品（株）栃木営業部","東邦薬品栃木営業部","東邦栃木","ﾄｳﾎｳﾔｸﾋﾝ ﾄﾁｷﾞｴｲｷﾞﾖｳ","ﾄｳﾎｳ ﾄﾁｷﾞ","321-0911","09201130000","栃木県宇都宮市問屋町３１７２－３３　","0000-00-0000","","1","3","","1","103","004","19000101","","19000101","13013"
"23074","04/15/2020 00:00:00","12/31/9999 00:00:00","0","itg35320","04/15/2020 13:45:49","PVU_EX_1400","itg35320","04/15/2020 13:45:49","PVU_EX_1400","スズケン","スズケン","Ｓ","Ｓ","S","S","461-0015","23102032000","愛知県名古屋市東区東片端町１　","052-953-7498","052-953-6331","1","3","","","117","001","20001205","20050601","20001205",""
"27004","04/15/2020 00:00:00","04/15/2025 00:00:00","0","itg35320","04/15/2020 13:53:46","PVU_EX_1400","itg35320","04/15/2020 13:53:46","PVU_EX_1400","アルフレッサ（株）大阪","アルフレッサ（株）大阪","アルフレッサ大阪","ＡＦ大阪","ｱﾙﾌﾚﾂｻ ｵｵｻｶ","AF ｵｵｻｶ","540-0033","27128028002","大阪府大阪市中央区石町２丁目２－９　","0000-00-0000","","1","3","","5","361","001","19000101","","19000101","13149"
"43002","04/15/2020 00:00:00","12/31/9999 00:00:00","0","itg35320","04/15/2020 14:12:08","PVU_EX_1400","itg35320","04/15/2020 14:12:08","PVU_EX_1400","富田薬品（株）","富田薬品（株）","富田薬品","富田薬品","ﾄﾐﾀ ﾔｸﾋﾝ KK","ﾄﾐﾀ ﾔｸﾋﾝ","862-0976","43101026006","熊本県熊本市中央区九品寺６丁目２－３５　","0000-00-0000","","1","3","","1","670","126","19000101","","19000101","43002"
"13149","04/05/2022 00:00:00","04/24/2022 00:00:00","0","itg19647","04/05/2022 16:10:19","PVU_EX_1400","itg19647","04/05/2022 16:10:19","PVU_EX_1400","アルフレッサＨＤ","アルフレッサＨＤ","アルフレッサＨＤ","アルフレッ","ｱﾙﾌﾚﾂｻ KK","ｱﾙﾌﾚﾂｻ KK","101-0053","13101034000","東京都千代田区神田美土代町７　住友不動産神田ビル１４階","0000-00-0000","","1","1","","","202","","20041001","","20040902","13149"
"34010","12/01/2023 00:00:00","03/31/2026 00:00:00","0","itg45886","11/30/2023 13:09:11","PVU_EX_1400","itg45886","11/30/2023 13:09:11","PVU_EX_1400","ティーエスアルフレッサ（株）","ティーエスアルフレッサ（株","ＴＳアルフレッサ","ＴＳアルフ","ﾃｲ-ｴｽｱﾙﾌﾚﾂｻ","ﾃｲ-ｴｽｱﾙﾌ","733-0833","34104","広島県広島市西区商工センター１丁目２－１９","082-501-0222","082-276-3010","1","3","","1","016","038","19000101","","19000101","13149"
"40061","12/01/2023 00:00:00","12/31/9999 00:00:00","0","itg45886","11/30/2023 13:12:10","PVU_EX_1400","itg45886","11/30/2023 13:12:10","PVU_EX_1400","株式会社アトル","（株）アトル","アトル","アトル","KKｱﾄﾙ","ｱﾄﾙ","812-0897","40132","福岡県福岡市博多区半道橋２丁目２　－５１","092-451-8771","092-451-8754","1","3","","","030","","19991001","","19990909","28026"
"15022","12/01/2023 00:00:00","12/31/9999 00:00:00","0","itg45886","11/30/2023 13:14:11","PVU_EX_1400","itg45886","11/30/2023 13:14:11","PVU_EX_1400","株式会社マルタケ","（株）マルタケ","（株）マルタケ","マルタケ","KK ﾏﾙﾀｹ","ﾏﾙﾀｹ","950-2031","15107","新潟県新潟市西区流通センター４丁目６－２","025-568-6311","025-268-6306","1","3","","","","","19990401","","19990309","15022"
"40091","12/01/2023 00:00:00","12/31/9999 00:00:00","0","itg39895","12/04/2023 09:38:34","PVU_EX_1400","itg39895","12/04/2023 09:38:34","PVU_EX_1400","（株）スカイメディカル九州","（株）スカイメディカル九州","スカイメディカル九州","スカイメデ","(ｶ)ｽｶｲﾒﾃﾞｲｶﾙｷﾕｳｼﾕｳ","ｽｶｲﾒﾃﾞｲｶﾙｷ","830-0023","40203","福岡県久留米市中央町３５－１８","0942-48-8010","0942-48-8070","2","3","2","","970","","20170701","","20170614","13013"
"42001","04/01/2024 00:00:00","03/31/2026 00:00:00","0","itg45886","03/25/2024 13:26:35","PVU_EX_1400","itg45886","03/25/2024 13:26:35","PVU_EX_1400","東七（株）","東七（株）","東七（株）","東七","ﾄｳｼﾁ","ﾄｳｼﾁ","857-0134","42202","長崎県佐世保市瀬戸越４丁目１３１８－１","0956-41-0777","","1","3","","","460","145","19000101","","19000101","28026"
"16021","04/01/2024 00:00:00","12/31/9999 00:00:00","0","itg45886","04/01/2024 13:07:37","PVU_EX_1400","itg45886","04/01/2024 13:07:37","PVU_EX_1400","東邦薬品（株）北陸営業部","東邦薬品（株）北陸営業部","東邦薬品北陸営業部","東邦北陸","ﾄｳﾎｳﾎｸﾘｸｴｲｷﾞｮｳﾌﾞ","ﾄｳﾎｳﾎｸﾘｸ","930-0992","16201","富山県富山市新庄町４４－５","076-424-9421","","1","3","","1","900","900","20170401","","20170323","13013"
"04001","04/15/2024 00:00:00","12/31/9999 00:00:00","0","itg43581","04/15/2024 11:51:36","PVU_EX_1400","itg43581","04/15/2024 11:51:36","PVU_EX_1400","（株）バイタルネット宮城","（株）バイタルネット宮城","バイタルネット宮城","ＶＮ宮城","(ｶﾌﾞ)ﾊﾞｲﾀﾙﾈﾂﾄ ﾐﾔｷﾞ","VNﾐﾔｷﾞ","980-0805","04101","宮城県仙台市青葉区大手町１－１","0000-00-0000","","1","3","","5","113","001","20010101","","20010101","04041"
"04014","04/15/2024 00:00:00","12/31/9999 00:00:00","0","itg43581","04/15/2024 11:52:32","PVU_EX_1400","itg43581","04/15/2024 11:52:32","PVU_EX_1400","（株）マルタケ仙台","（株）マルタケ仙台","マルタケ仙台支店","マルタケ仙","KK ﾏﾙﾀｹｾﾝﾀﾞｲ","ﾏﾙﾀｹｾﾝﾀﾞｲ","983-0035","04102","宮城県仙台市宮城野区日の出町１丁目６－３０","022-284-8611","","1","3","","","501","011","19000101","","19000101","15022"
"04042","04/15/2024 00:00:00","09/30/2025 00:00:00","0","itg43581","04/15/2024 11:53:14","PVU_EX_1400","itg43581","04/15/2024 11:53:14","PVU_EX_1400","（株）バイタルネット","（株）バイタルネット","（株）バイタルネット","ＶＮ本部","ﾊﾞｲﾀﾙﾈﾂﾄKK","ﾊﾞｲﾀﾙﾈﾂﾄKK","981-1223","04207","宮城県名取市下余田鹿島１０","022-384-4554","022-384-1123","1","3","","","551","001","20010101","","20001218","04041"
"04051","04/15/2024 00:00:00","12/31/9999 00:00:00","0","itg43581","04/15/2024 11:56:34","PVU_EX_1400","itg43581","04/15/2024 11:56:34","PVU_EX_1400","東邦薬品（株）宮城営業部","東邦薬品（株）宮城営業部","東邦薬品宮城営業部","東邦宮城","ﾄｳﾎｳ ﾐﾔｷﾞ ｴｲｷﾞﾖｳﾌﾞ","ﾄｳﾎｳ ﾐﾔｷﾞ","980-0801","04101","宮城県仙台市青葉区木町通１丁目３－７","0000-00-0000","","1","3","","1","154","002","20101001","","20100907","13013"
"04504","04/15/2024 00:00:00","12/31/9999 00:00:00","0","itg43581","04/15/2024 11:57:13","PVU_EX_1400","itg43581","04/15/2024 11:57:13","PVU_EX_1400","（株）スズケン仙台営業部","（株）スズケン仙台営業部","スズケン仙台営業部","Ｓ・仙台","KKｽｽﾞｹﾝｾﾝﾀﾞｲｴｲｷﾞﾖｳﾌﾞ","SZｾﾝﾀﾞｲ","982-0251","04104","宮城県仙台市太白区茂庭人来田西７６","022-281-1811","022-281-5963","1","3","","5","252","015","19000101","","19000101","23049"
"06007","04/15/2024 00:00:00","12/31/9999 00:00:00","0","itg43581","04/15/2024 11:57:47","PVU_EX_1400","itg43581","04/15/2024 11:57:47","PVU_EX_1400","（株）マルタケ山形","（株）マルタケ山形","マルタケ山形支店","マルタケ山","KK ﾏﾙﾀｹ ﾔﾏｶﾞﾀ","ﾏﾙﾀｹ ﾔﾏｶﾞﾀ","990-2323","06201","山形県山形市桜田東１丁目１－５７","023-641-7666","","1","3","","","502","028","19000101","","19000101","15022"
"47011","04/15/2024 00:00:00","12/31/9999 00:00:00","0","itg41755","04/15/2024 11:57:52","PVU_EX_1400","itg41755","04/15/2024 11:57:52","PVU_EX_1400","沖縄東邦（株）","沖縄東邦（株）","沖縄東邦","沖縄東邦","ｵｷﾅﾜ ﾄｳﾎｳ KK","ｵｷﾅﾜﾄｳﾎｳ","903-0117","47329","沖縄県中頭郡西原町翁長８３４","098-946-6000","098-946-1040","1","1","","","690","170","20100701","","20100708","13013"
"47007","04/15/2024 00:00:00","03/31/2026 00:00:00","0","itg41755","04/15/2024 11:59:40","PVU_EX_1400","itg41755","04/15/2024 11:59:40","PVU_EX_1400","（株）琉薬","（株）琉薬","（株）琉薬","琉薬","ﾘﾕｳﾔｸ","ﾘﾕｳﾔｸ","901-2131","47208","沖縄県浦添市牧港５丁目６－５","098-878-3111","098-878-1199","1","3","","","530","142","20080101","","20080317","13149"
"06016","04/15/2024 00:00:00","12/31/9999 00:00:00","0","itg43581","04/15/2024 11:59:51","PVU_EX_1400","itg43581","04/15/2024 11:59:51","PVU_EX_1400","東邦薬品（株）山形営業部","東邦薬品（株）山形営業部","東邦薬品山形営業部","東邦山形","ﾄｳﾎｳ ﾔﾏｶﾞﾀ ｴｲｷﾞﾖｳﾌﾞ","ﾄｳﾎｳ ﾔﾏｶﾞﾀ","990-0071","06201","山形県山形市流通センター３丁目５－２","0000-00-0000","","1","3","","1","155","002","20101001","","20100907","13013"
"47002","04/15/2024 00:00:00","12/31/9999 00:00:00","0","itg41755","04/15/2024 12:00:14","PVU_EX_1400","itg41755","04/15/2024 12:00:14","PVU_EX_1400","（株）ダイコー沖縄","（株）ダイコー沖縄","ダイコー沖縄","ダイコー沖","KK ﾀﾞｲｺ- ｵｷﾅﾜ","ﾀﾞｲｺ- ｵｷﾅﾜ","901-2223","47205","沖縄県宜野湾市大山７丁目９－２","098-890-2111","098-890-2171","1","3","","1","520","141","19000101","","19000101","44001"
"08010","04/15/2024 00:00:00","12/31/9999 00:00:00","0","itg43581","04/15/2024 12:00:53","PVU_EX_1400","itg43581","04/15/2024 12:00:53","PVU_EX_1400","（株）スズケン茨城営業部","（株）スズケン茨城営業部","スズケン茨城営業部","Ｓ・茨城","KK ｽｽﾞｹﾝ ｲﾊﾞﾗｷ","KK ｽｽﾞｹﾝ ｲ","310-0913","08201","茨城県水戸市見川町２１３１　－１１５","0000-00-0000","","1","3","","1","202","","19000101","","19000101","23049"
"08021","04/15/2024 00:00:00","04/02/2025 00:00:00","0","itg43581","04/15/2024 12:01:36","PVU_EX_1400","itg43581","04/15/2024 12:01:36","PVU_EX_1400","（株）メディセオ北関東支社","メディセオ北関東支社","メディセオ北関東","ＭＣ北関東","ﾒﾃﾞｲｾｵ ｷﾀｶﾝﾄｳ ｼｼﾔ","MCｷﾀｶﾝﾄｳ","310-0836","08201","茨城県水戸市元吉田町","0000-00-0000","","1","3","","1","105","005","20091001","","20090917","28026"
"47001","04/15/2024 00:00:00","12/31/9999 00:00:00","0","itg41755","04/15/2024 13:09:33","PVU_EX_1400","itg41755","04/15/2024 13:09:33","PVU_EX_1400","（株）スズケン沖縄薬品","（株）スズケン沖縄薬品","スズケン沖縄薬品","Ｓ沖縄薬品","KK ｽｽﾞｹﾝ ｵｷﾅﾜ","ｽｽﾞｹﾝ ｵｷﾅﾜ","901-1105","47350","沖縄県島尻郡南風原町新川４３６－１","098-835-6363","098-835-6767","1","3","","1","510","140","19000101","","19000101","23049"
"40022","04/15/2024 00:00:00","12/31/9999 00:00:00","0","itg41755","04/15/2024 13:12:38","PVU_EX_1400","itg41755","04/15/2024 13:12:38","PVU_EX_1400","（株）アステム福岡営業部","（株）アステム福岡営業部","アステム福岡営業部","ＡＳ福岡","KK ｱｽﾃﾑﾌｸｵｶｴｲｷﾞﾖｳﾌﾞ","ASﾌｸｵｶ","812-0041","40132","福岡県福岡市博多区吉塚６丁目１５－１１","092-626-8460","092-612-2500","1","3","","1","020","150","19000101","","19000101","44001"
"40002","04/15/2024 00:00:00","12/31/9999 00:00:00","0","itg41755","04/15/2024 13:15:50","PVU_EX_1400","itg41755","04/15/2024 13:15:50","PVU_EX_1400","（株）アトル福岡病院営業部","（株）アトル福岡病院営業部","アトル福岡病院","アトル福病","KK ｱﾄﾙ ﾌｸｵｶﾋﾞﾖｳｲﾝ","ｱﾄﾙﾌｸｵｶﾋﾞﾖ","812-0897","40132","福岡県福岡市博多区半道橋２丁目２　－５１","","","1","3","","1","","","20221001","","20221006","28026"
"09015","04/15/2024 00:00:00","12/31/9999 00:00:00","0","itg43581","04/15/2024 13:16:01","PVU_EX_1400","itg43581","04/15/2024 13:16:01","PVU_EX_1400","アルフレッサ（株）栃木","アルフレッサ（株）栃木","アルフレッサ栃木","ＡＦ栃木","ｱﾙﾌﾚﾂｻ ﾄﾁｷﾞ","AF ﾄﾁｷﾞ","320-0851","09201","栃木県宇都宮市鶴田町１３１０　－２","0000-00-0000","","1","3","","5","101","","19000101","","19000101","13149"
"34041","04/15/2024 00:00:00","12/31/9999 00:00:00","0","itg41755","04/15/2024 13:18:49","PVU_EX_1400","itg41755","04/15/2024 13:18:49","PVU_EX_1400","（株）セイエル","（株）セイエル","セイエル","セイエル","KK ｾｲｴﾙ","ｾｲｴﾙ","733-0833","34104","広島県広島市西区商工センター５丁目１－１","082-278-1912","082-277-9482","1","1","","1","012","030","20100101","","20091202","13013"
"34040","04/15/2024 00:00:00","12/31/9999 00:00:00","0","itg41755","04/15/2024 13:19:21","PVU_EX_1400","itg41755","04/15/2024 13:19:21","PVU_EX_1400","（株）アステム広島営業部","（株）アステム広島営業部","アステム広島営業部","ＡＳ広島","ｱｽﾃﾑ ﾋﾛｼﾏ ｴｲｷﾞﾖｳﾌﾞ","ｱｽﾃﾑ ﾋﾛｼﾏ","731-3167","34105","広島県広島市安佐南区大塚西６丁目６　－７　－１３","0000-00-0000","","1","3","","1","020","040","20081001","","20080918","44001"
"13149","04/15/2024 00:00:00","09/30/2025 00:00:00","0","itg43581","04/15/2024 13:20:55","PVU_EX_1400","itg43581","04/15/2024 13:20:55","PVU_EX_1400","アルフレッサ（株）","アルフレッサ（株）","アルフレッサ（株）","アルフレッ","ｱﾙﾌﾚﾂｻ KK","ｱﾙﾌﾚﾂｻ KK","101-0053","13101","東京都千代田区神田美土代町７　住友不動産神田ビル１４階","0000-00-0000","","1","1","","","202","","20041001","","20040902","13149"
"28037","04/15/2024 00:00:00","12/31/9999 00:00:00","0","itg41755","04/15/2024 13:21:15","PVU_EX_1400","itg41755","04/15/2024 13:21:15","PVU_EX_1400","東邦薬品（株）兵庫営業部","東邦薬品（株）兵庫営業部","東邦薬品兵庫","東邦兵庫","ﾄｳﾎｳ KKﾋﾖｳｺﾞ","ﾄｳﾎｳﾋﾖｳｺﾞ","663-8132","28204","兵庫県西宮市東鳴尾町１丁目６－２０","0798-44-0411","","1","3","","1","384","007","20170401","","20170510","13013"
"13160","04/15/2024 00:00:00","09/30/2025 00:00:00","0","itg43581","04/15/2024 13:21:25","PVU_EX_1400","itg43581","04/15/2024 13:21:25","PVU_EX_1400","（株）メディセオ","（株）メディセオ","（株）メディセオ","ＭＣ","ﾒﾃﾞｲｾｵ","ﾒﾃﾞｲｾｵ","135-0031","13108","東京都江東区佐賀２丁目","0000-00-0000","","1","3","","1","201","","20091001","","20090917","28026"
"28036","04/15/2024 00:00:00","12/31/9999 00:00:00","0","itg41755","04/15/2024 13:21:46","PVU_EX_1400","itg41755","04/15/2024 13:21:46","PVU_EX_1400","（株）メディセオ兵庫統括営業部","メディセオ兵庫統括営業部","メディセオ兵庫統括","ＭＣ兵庫","ﾒﾃﾞｲｾｵ ﾋﾖｳｺﾞ ﾄｳｶﾂ","MCﾋﾖｳｺﾞ","650-0003","28110","兵庫県神戸市中央区山本通２丁目","0000-00-0000","","1","3","","1","381","006","20091001","","20090917","28026"
"26023","04/03/2025 00:00:00","12/31/9999 00:00:00","0","itg45886","04/03/2025 09:01:09","PVU_EX_1400","itg45886","04/03/2025 09:01:09","PVU_EX_1400","（株）メディセオ京都統括営業部","メディセオ京都統括営業部","メディセオ京都統括","ＭＣ京都","ﾒﾃﾞｲｾｵ ｷﾖｳﾄ ﾄｳｶﾂ","MCｷﾖｳﾄ","604-8436","26104","京都府京都市中京区西ノ京下合町","0000-00-0000","","1","3","","1","397","013","20091001","","20090917","28026"
"26024","10/01/2025 00:00:00","12/31/9999 00:00:00","0","itg39895","09/16/2025 14:19:22","PVU_EX_1400","itg39895","09/16/2025 14:19:22","PVU_EX_1400","東邦薬品（株）京都営業部","東邦薬品（株）京都営業部","東邦薬品京都","東邦京都","ﾄｳﾎｳ KK ｷﾖｳﾄ","ﾄｳﾎｳｷﾖｳﾄ","612-8412","26109","京都府京都市伏見区竹田中川原町　３７７","075-646-1211","","1","3","","1","398","014","20170401","","20170510","13013"
"05016","04/01/2026 00:00:00","12/31/9999 00:00:00","0","itg37786","02/16/2026 16:11:55","PVU_EX_1400","itg37786","02/16/2026 16:11:55","PVU_EX_1400","東北アルフレッサ（株）秋田営業部","東北アルフレッサ（株）秋田","東北アルフレッサ秋田","東北Ａ秋田","ﾄｳﾎｸｱﾙﾌﾚﾂｻ ｱｷﾀ","ﾄｳﾎｸAFｱｷﾀ","010-0061","05201","秋田県秋田市卸町３丁目４　－３","0000-00-0000","","1","3","","5","304","050","20081001","","20080918","13149"
"04046","04/01/2026 00:00:00","12/31/9999 00:00:00","0","itg37786","02/16/2026 16:16:11","PVU_EX_1400","itg37786","02/16/2026 16:16:11","PVU_EX_1400","東北アルフレッサ（株）宮城営業部","東北アルフレッサ（株）宮城","東北アルフレッサ宮城","東北Ａ宮城","ﾄｳﾎｸｱﾙﾌﾚﾂｻ ﾐﾔｷﾞ","ﾄｳﾎｸAFﾐﾔｷﾞ","983-0828","04102","宮城県仙台市宮城野区岩切分台２丁目１１－２","0000-00-0000","","1","3","","5","303","020","20081001","","20080918","13149"
"08504","04/01/2026 00:00:00","12/31/9999 00:00:00","0","itg37786","02/16/2026 16:49:30","PVU_EX_1400","itg37786","02/16/2026 16:49:30","PVU_EX_1400","アルフレッサ（株）北関東・甲信越営業本部","アルフレッサ北関東甲信越","アルフ北関東甲信越","北関東甲信","ｱﾙﾌﾚﾂｻ ｷﾀｶﾝﾄｳｺｳｼﾝｴﾂ","ｷﾀｶﾝﾄｳｺｳｼﾝ","370-0071","10202","群馬県高崎市小八木町３０９","0000-00-0000","","1","3","","5","201","","19000101","","19000101","13149"
"22024","04/01/2026 00:00:00","12/31/9999 00:00:00","0","itg37786","02/17/2026 16:30:25","PVU_EX_1400","itg37786","02/17/2026 16:30:25","PVU_EX_1400","アルフレッサ（株）東海営業本部","アルフレッサ東海","アルフレッサ東海","ＡＦ東海","ｱﾙﾌﾚﾂｻ ﾄｳｶｲ","AF ﾄｳｶｲ","462-0844","23103","愛知県名古屋市北区清水４丁目１４－１８　（黒川ビル）","0000-00-0000","","1","3","","5","205","","19981001","","19980925","13149"
"27004","04/01/2026 00:00:00","12/31/9999 00:00:00","0","itg37786","02/17/2026 16:32:40","PVU_EX_1400","itg37786","02/17/2026 16:32:40","PVU_EX_1400","アルフレッサ（株）関西営業本部","アルフレッサ関西","アルフレッサ関西","ＡＦ関西","ｱﾙﾌﾚﾂｻ ｶﾝｻｲ","AF ｶﾝｻｲ","531-0063","27127","大阪府大阪市北区長柄東２丁目９－４６","0000-00-0000","","1","3","","5","361","001","19000101","","19000101","13149"
"13149","04/01/2026 00:00:00","12/31/9999 00:00:00","0","itg37786","02/17/2026 16:38:08","PVU_EX_1400","itg37786","02/17/2026 16:38:08","PVU_EX_1400","アルフレッサ（株）医薬営業統括本部","アルフレッサ医薬営業","アルフレッサ医薬営業","ＡＦ医薬営","ｱﾙﾌﾚﾂｻ ｲﾔｸｴｲｷﾞｮｳ","AF ｲﾔｸ","101-0053","13101","東京都千代田区神田美土代町７　住友不動産神田ビル１４階","0000-00-0000","","1","1","","","202","","20041001","","20040902","13149"
"14027","02/18/2026 00:00:00","03/31/2026 00:00:00","0","itg37786","02/18/2026 11:16:13","PVU_EX_1400","itg37786","02/18/2026 11:16:13","PVU_EX_1400","アルフレッサ（株）神奈川","アルフレッサ（株）神奈川","アルフレッサ神奈川","ＡＦ神奈川","ｱﾙﾌﾚﾂｻ ｶﾅｶﾞﾜ","AF ｶﾅｶﾞﾜ","221-0832","14102","神奈川県横浜市神奈川区桐畑８－３","0000-00-0000","","1","1","","5","218","","19000101","","19000101","13149"
"14027","04/01/2026 00:00:00","12/31/9999 00:00:00","0","itg37786","02/18/2026 11:22:02","PVU_EX_1400","itg37786","02/18/2026 11:22:02","PVU_EX_1400","アルフレッサ（株）メディカル営業本部","アルフレッサメディカル","メディカル営業本部","メディ営本","ｱﾙﾌﾚﾂｻ ﾒﾃﾞｨｶﾙｴｲｷﾞｮｳ","AFﾒﾃﾞｨｶﾙ","101-0053","13101","東京都千代田区神田美土代町７　住友不動産神田ビル１４階","0000-00-0000","","1","1","","5","218","","19000101","","19000101","13149"
"35001","04/01/2026 00:00:00","12/31/9999 00:00:00","0","itg37786","02/18/2026 11:33:14","PVU_EX_1400","itg37786","02/18/2026 11:33:14","PVU_EX_1400","ティーエスアルフレッサ山口","ティーエスアルフレッサ山口","ＴＳアルフレッサ山口","ＴＳ山口","ﾃｨｰｴｽｱﾙﾌﾚﾂｻ ﾔﾏｸﾞﾁ","TSｱﾙﾌﾔﾏｸﾞﾁ","755-0152","35202","山口県宇部市あすとぴあ３丁目４－１５","","","1","3","","","","","","","20260401","13149"
"32001","04/01/2026 00:00:00","12/31/9999 00:00:00","0","itg37786","02/18/2026 16:25:49","PVU_EX_1400","itg37786","02/18/2026 16:25:49","PVU_EX_1400","ティーエスアルフレッサ山陰","ティーエスアルフレッサ山陰","ＴＳアルフレッサ山陰","ＴＳ山陰","ﾃｨｰｴｽｱﾙﾌﾚﾂｻ ｻﾝｲﾝ","TSｱﾙﾌ ｻﾝｲﾝ","690-0021","32201","島根県松江市矢田町２１８－２","","","1","3","","","","","","","20260401","13149"
"33001","04/01/2026 00:00:00","12/31/9999 00:00:00","0","itg37786","02/19/2026 11:55:58","PVU_EX_1400","itg37786","02/19/2026 11:55:58","PVU_EX_1400","ティーエスアルフレッサ岡山","ティーエスアルフレッサ岡山","ＴＳアルフレッサ岡山","ＴＳ岡山","ﾃｨｰｴｽｱﾙﾌﾚﾂｻ ｵｶﾔﾏ","TSｱﾙﾌ ｵｶﾔﾏ","700-0923","33101","岡山県岡山市北区大元駅前９－１８","","","1","3","","","","","","","20260401","13149"
"40083","04/01/2026 00:00:00","12/31/9999 00:00:00","0","itg37786","02/19/2026 13:25:17","PVU_EX_1400","itg37786","02/19/2026 13:25:17","PVU_EX_1400","アルフレッサ（株）九州営業本部","アルフレッサ九州","アルフレッサ九州","ＡＦ九州","ｱﾙﾌﾚﾂｻ ｷｭｳｼｭｳ","AFｷｭｳｼｭｳ","812-0041","40132","福岡県福岡市博多区吉塚４丁目１１－３２","092-626-9011","092-626-9019","1","3","","1","950","160","20080101","","20080317","13149"
"37001","04/01/2026 00:00:00","12/31/9999 00:00:00","0","itg37786","02/19/2026 14:28:27","PVU_EX_1400","itg36186","03/12/2026 15:40:45","PVU_EX_1400","四国アルフレッサ（株）","四国アルフレッサ（株）","四国アルフレッサ","四国ＡＦ","ｼｺｸｱﾙﾌﾚﾂｻ KK","ｼｺｸAF","760-0050","37201","香川県高松市亀井町４－２","087-832-0100","087-832-0050","1","3","","1","001","042","19000101","","19000101","13149"
"38001","04/01/2026 00:00:00","12/31/9999 00:00:00","0","itg37786","02/19/2026 14:34:02","PVU_EX_1400","itg37786","02/19/2026 14:34:02","PVU_EX_1400","四国アルフレッサ（株）愛媛・徳島統括部","四国アルフレッサ愛媛・徳島","四国ＡＦ愛媛・徳島","四ＡＦ愛徳","ｼｺｸｱﾙﾌﾚﾂｻ ｴﾋﾒ･ﾄｸｼﾏ","ｼｺｸAF ｴ･ﾄｸ","799-3105","38210","愛媛県伊予市下三谷１－６","","","1","3","","","","","","","20260401","13149"
"17001","04/01/2026 00:00:00","12/31/9999 00:00:00","0","itg37786","02/19/2026 16:04:48","PVU_EX_1400","itg36186","03/12/2026 15:42:36","PVU_EX_1400","明祥（株）","明祥（株）","明祥","明祥","ﾒｲｼﾖｳ KK","ﾒｲｼﾖｳ","920-0332","17201","石川県金沢市無量寺町ハ１","0762-66-4141","0762-66-4111","1","3","","5","022","005","19000101","","19000101","17001"
"13161","04/01/2026 00:00:00","12/31/9999 00:00:00","0","itg37786","02/20/2026 14:45:01","PVU_EX_1400","itg37786","02/20/2026 14:45:01","PVU_EX_1400","（株）メディセオメディカル営業本部","メディセオメディカル営本部","メディカル営業本部","ＭＣメディ","ﾒﾃﾞｲｾｵ ﾒﾃﾞｨｶﾙｴｲｷﾞｮｳ","MCﾒﾃﾞｨｶﾙ","101-0021","13101","東京都千代田区外神田３丁目","0000-00-0000","","1","3","","","","","20091001","","20090917","28026"
"27074","04/01/2026 00:00:00","12/31/9999 00:00:00","0","itg37786","02/24/2026 14:20:14","PVU_EX_1400","itg37786","02/24/2026 14:20:14","PVU_EX_1400","（株）メディセオ大阪・紀和統括営業部","メディセオ大阪紀和統括営業","メディセオ大阪紀和","ＭＣ大紀","ﾒﾃﾞｲｾｵ ｵｵｻｶｷﾜ ﾄｳｶﾂ","MCｵｵｻｶｷﾜ","531-0071","27127","大阪府大阪市北区中津６丁目","0000-00-0000","","1","3","","1","364","006","20091001","","20100928","28026"
"42003","04/01/2026 00:00:00","12/31/9999 00:00:00","0","itg37786","02/24/2026 14:38:19","PVU_EX_1400","itg19647","03/12/2026 16:40:00","PVU_EX_1400","東七（株）ＴＳ営業本部","東七（株）ＴＳ営業本部","東七ＴＳ営業本部","東七","ﾄｳｼﾁｴｲｷﾞｮｳﾎﾝﾌﾞ","ﾄｳｼﾁｴｲｷﾞｮｳ","857-0134","42202","長崎県佐世保市瀬戸越４丁目１３１８－１","","","1","3","","","","","","","20260401","28026"
"40001","04/01/2026 00:00:00","12/31/9999 00:00:00","0","itg37786","02/25/2026 13:29:44","PVU_EX_1400","itg37786","02/25/2026 13:29:44","PVU_EX_1400","（株）アトル福岡統括営業部","（株）アトル福岡統括営業部","アトル福岡統括営業部","アトル福岡","ｱﾄﾙﾌｸｵｶﾄｳｶﾂｴｲｷﾞｮｳﾌﾞ","ｱﾄﾙﾌｸｵｶ","813-0018","40131","福岡県福岡市東区香椎浜ふ頭２丁目５－１","092-451-8772","092-451-8839","1","3","","1","030","151","19000101","","19000101","28026"
"18002","04/01/2026 00:00:00","12/31/9999 00:00:00","0","itg36186","03/02/2026 16:39:04","PVU_EX_1400","itg36186","03/05/2026 10:07:58","PVU_EX_1400","明祥　ＥＡ　福井営業部","明祥　ＥＡ　福井営業部","明祥ＥＡ福井営業部","明祥Ｅ福井","ﾒｲｼﾖｳEAﾌｸｲｴｲｷﾞﾖｳﾌﾞ","ﾒｲｼﾖｳEﾌｸｲ","910-0823","18201","福井県福井市重立町２８－４５","","","1","3","","","","","","","20260401",""
"13004","04/01/2026 00:00:00","12/31/9999 00:00:00","0","itg36186","03/03/2026 10:12:45","PVU_EX_1400","itg36186","03/03/2026 10:12:45","PVU_EX_1400","アルフレッサ（株）共同仕入部","アルフレッサ共同仕入部","アルフレッサ共同仕","ＡＦ共同仕","ｱﾙﾌﾚﾂｻ ｷﾖｳﾄﾞｳｼｲﾚ","AF ｷﾖｳﾄﾞｳｼ","101-0047","13101","東京都千代田区内神田１丁目１２－１　アルフレッサ神田ビル３階","","","1","1","","","","","","","20260401","13149"
"17024","04/01/2026 00:00:00","12/31/9999 00:00:00","0","itg36186","03/05/2026 10:05:14","PVU_EX_1400","itg36186","03/05/2026 10:05:14","PVU_EX_1400","明祥　ＥＡ　石川営業部","明祥　ＥＡ　石川営業部","明祥ＥＡ石川営業部","明祥Ｅ石川","ﾒｲｼﾖｳEAｲｼｶﾜｴｲｷﾞﾖｳﾌﾞ","ﾒｲｼﾖｳEｲｼｶﾜ","920-0332","17201","石川県金沢市無量寺町ハ１","0762-66-4141","0762-66-4111","1","3","","5","022","005","20110501","","20110510",""
"07002","04/01/2026 00:00:00","12/31/9999 00:00:00","0","itg36186","03/12/2026 15:47:37","PVU_EX_1400","itg19647","03/12/2026 16:31:46","PVU_EX_1400","東北アルフレッサ（株）本社","東北アルフレッサ（株）本社","東北アルフレッサ本社","東北Ａ本社","ﾄｳﾎｸｱﾙﾌﾚﾂｻ ﾎﾝｼｬ","ﾄｳﾎｸAﾎﾝｼｬ","963-0547","07203","福島県郡山市喜久田町卸１丁目１２５－１３","","","1","3","","","","","","","20260401","13149"
"29016","10/01/2025 00:00:00","12/31/9999 00:00:00","0","itg39895","09/16/2025 14:21:09","PVU_EX_1400","itg39895","09/16/2025 14:21:09","PVU_EX_1400","東邦薬品（株）奈良営業部","東邦薬品（株）奈良営業部","東邦薬品奈良","東邦奈良","ﾄｳﾎｳ KK ﾅﾗ","ﾄｳﾎｳﾅﾗ","630-8445","29201","奈良県奈良市池田町２１０－４","0742-61-2600","","1","3","","1","372","016","20170401","","20170510","13013"
"30018","10/01/2025 00:00:00","12/31/9999 00:00:00","0","itg39895","09/16/2025 14:21:50","PVU_EX_1400","itg39895","09/16/2025 14:21:50","PVU_EX_1400","東邦薬品（株）和歌山営業部","東邦薬品（株）和歌山営業部","東邦薬品和歌山","東邦和歌山","ﾄｳﾎｳ KK ﾜｶﾔﾏ","ﾄｳﾎｳﾜｶﾔﾏ","649-6322","30201","和歌山県和歌山市和佐関戸５１３－１","073-465-4590","","1","3","","1","373","017","20170401","","20170510","13013"
"13180","10/01/2025 00:00:00","12/31/9999 00:00:00","0","itg46273","09/16/2025 14:26:22","PVU_EX_1400","itg46273","09/16/2025 14:26:22","PVU_EX_1400","（株）メディセオ南東京統括営業部","メディセオ南東京統括営業部","メディセオ南東京統括","ＭＣ南東京","ﾒﾃﾞｲｾｵﾐﾅﾐﾄｳｷﾖｳ","ﾒﾃﾞｲｾｵﾐﾅﾐﾄ","213-0022","14134","神奈川県川崎市高津区千年１２００－１","044-740-8089","","1","3","","1","202","","20130701","20190415","20130627","28026"
"38010","10/01/2025 00:00:00","12/31/9999 00:00:00","0","itg39895","09/16/2025 15:11:49","PVU_EX_1400","itg39895","09/16/2025 15:11:49","PVU_EX_1400","（株）アスティス","（株）アスティス","アスティス","アスティス","KK ｱｽﾃｲｽ","KK ｱｽﾃｲｽ","792-0893","38205","愛媛県新居浜市多喜浜　６７－１７３","0897-46-2500","0897-46-0350","1","3","","1","004","045","20000401","","19911127","23049"
"43023","10/01/2025 00:00:00","12/31/9999 00:00:00","0","itg39895","09/16/2025 15:17:22","PVU_EX_1400","itg39895","09/16/2025 15:17:22","PVU_EX_1400","（株）翔薬熊本営業部","（株）翔薬熊本営業部","翔薬熊本営業部","翔薬熊本","KK ｼﾖｳﾔｸ ｸﾏﾓﾄ","ｼﾖｳﾔｸ ｸﾏﾓﾄ","862-0962","43104","熊本県熊本市南区田迎２丁目１２－２８","096-370-3411","096-370-3412","1","3","","1","650","153","20070101","","20061219","40004"
"46007","10/01/2025 00:00:00","12/31/9999 00:00:00","0","itg46273","09/16/2025 15:28:14","PVU_EX_1400","itg46273","09/16/2025 15:28:14","PVU_EX_1400","（株）アステム鹿児島営業部","（株）アステム鹿児島営業部","アステム鹿児島営業部","ＡＳ鹿児島","KK ｱｽﾃﾑｶｺﾞｼﾏｴｲｷﾞﾖｳﾌﾞ","ｱｽﾃﾑｶｺﾞｼﾏ","890-0073","46201","鹿児島県鹿児島市宇宿２丁目４－７","099-260-2671","099-260-2825","1","1","","1","920","150","19000101","","19000101","44001"
"06015","04/01/2026 00:00:00","12/31/9999 00:00:00","0","itg37786","02/16/2026 16:31:57","PVU_EX_1400","itg37786","02/16/2026 16:31:57","PVU_EX_1400","東北アルフレッサ（株）山形営業部","東北アルフレッサ（株）山形","東北アルフレッサ山形","東北Ａ山形","ﾄｳﾎｸｱﾙﾌﾚﾂｻ ﾔﾏｶﾞﾀ","ﾄｳﾎｸAﾔﾏｶﾞﾀ","990-2251","06201","山形県山形市立谷川２丁目４８５　－１４","0000-00-0000","","1","3","","5","305","030","20081001","","20080918","13149"
"47007","04/01/2026 00:00:00","12/31/9999 00:00:00","0","itg37786","02/19/2026 14:42:23","PVU_EX_1400","itg36186","03/12/2026 15:44:05","PVU_EX_1400","（株）琉薬","（株）琉薬","（株）琉薬","琉薬","ﾘﾕｳﾔｸ","ﾘﾕｳﾔｸ","901-2131","47208","沖縄県浦添市牧港５丁目６－５","098-878-3111","098-878-1199","1","3","","","530","142","20080101","","20080317","13149"
"18001","04/01/2026 00:00:00","12/31/9999 00:00:00","0","itg37786","02/19/2026 16:13:28","PVU_EX_1400","itg37786","02/19/2026 16:13:28","PVU_EX_1400","明祥（株）福井営業部","明祥（株）福井営業部","明祥福井営業部","明祥福井","ﾒｲｼｮｳ ﾌｸｲｴｲｷﾞｮｳﾌﾞ","ﾒｲｼｮｳ ﾌｸｲ","910-0823","18201","福井県福井市重立町２８－４５","","","1","3","","","","","","","20260401","17001"
"16003","04/01/2026 00:00:00","12/31/9999 00:00:00","0","itg37786","02/19/2026 16:24:14","PVU_EX_1400","itg37786","02/19/2026 16:24:14","PVU_EX_1400","明祥（株）富山営業部","明祥（株）富山営業部","明祥富山営業部","明祥富山","ﾒｲｼｮｳ ﾄﾔﾏｴｲｷﾞｮｳﾌﾞ","ﾒｲｼｮｳ ﾄﾔﾏ","930-0996","16201","富山県富山市新庄本町１丁目４　１０号","","","1","3","","","","","","","20260401","17001"
"37002","04/01/2026 00:00:00","12/31/9999 00:00:00","0","itg36186","03/12/2026 15:52:56","PVU_EX_1400","itg19647","03/12/2026 16:35:24","PVU_EX_1400","四国アルフレッサ（株）香川・高知統括部","四国アルフレッサ香川・高知","四国ＡＦ香川・高知","四ＡＦ香高","ｼｺｸｱﾙﾌﾚﾂｻ ｶｶﾞﾜ･ｺｳﾁ","ｼｺｸAF ｶ･ｺｳ","769-0103","37201","香川県高松市国分寺町福家甲１２５５－１０","","","1","3","","","","","","","20260401","13149"
"29015","10/01/2025 00:00:00","12/31/9999 00:00:00","0","itg39895","09/16/2025 14:38:20","PVU_EX_1400","itg39895","09/16/2025 14:38:20","PVU_EX_1400","アルフレッサ（株）紀和","アルフレッサ（株）紀和","アルフレッサ紀和","ＡＦ紀和","ｱﾙﾌﾚﾂｻ ｷﾜ","AF ｷﾜ","630-8444","29201","奈良県奈良市今市町　６０－１","0000-00-0000","","1","3","","5","362","002","20100401","","20100310","13149"
"43003","10/01/2025 00:00:00","12/31/9999 00:00:00","0","itg46273","09/16/2025 15:23:55","PVU_EX_1400","itg46273","09/16/2025 15:23:55","PVU_EX_1400","（株）アステム熊本営業部","（株）アステム熊本営業部","アステム熊本営業部","ＡＳ熊本","KK ｱｽﾃﾑ ｸﾏﾓﾄｴｲｷﾞﾖｳﾌﾞ","ｱｽﾃﾑ ｸﾏﾓﾄ","860-0831","43101","熊本県熊本市中央区八王寺町３３－５７","096-378-9111","096-379-1148","1","1","","1","610","150","19000101","","19000101","44001"
"30008","10/01/2025 00:00:00","12/31/9999 00:00:00","0","itg39895","09/16/2025 14:38:56","PVU_EX_1400","itg39895","09/16/2025 14:38:56","PVU_EX_1400","アルフレッサ和歌山","アルフレッサ和歌山","アルフレッサ和歌山","ＡＦ和歌山","ｱﾙﾌﾚﾂｻ ﾜｶﾔﾏ","AF ﾜｶﾔﾏ","641-0011","30201","和歌山県和歌山市三葛　字坂口５２９","0000-00-0000","","1","3","","","363","003","19000101","","19000101","13149"
"27073","10/01/2025 00:00:00","12/31/9999 00:00:00","0","itg46273","09/16/2025 15:06:33","PVU_EX_1400","itg46273","09/16/2025 15:06:33","PVU_EX_1400","メディセオ大阪・紀和統括","メディセオ大阪・紀和統括","メディセオ大阪・紀和","ＭＣ大・紀","ﾒﾃﾞｲｾｵ ｵｵｻｶ･ｷﾜ ﾄｳｶﾂ","MCｵｵｻｶ･ｷﾜ","531-0071","27127","大阪府大阪市北区中津６丁目","0000-00-0000","","1","3","","1","364","006","20091001","","20090917","28026"
"13017","04/01/2026 00:00:00","12/31/9999 00:00:00","0","itg37786","02/16/2026 16:52:46","PVU_EX_1400","itg37786","02/16/2026 16:52:46","PVU_EX_1400","アルフレッサ（株）東京営業本部","アルフレッサ東京","アルフレッサ東京","ＡＦ東京","ｱﾙﾌﾚﾂｻ ﾄｳｷｮｳ","AF ﾄｳｷﾖｳ","112-0005","13105","東京都文京区水道１丁目６　１３号","0000-00-0000","","1","1","","5","202","","19000101","","19000101","13149"
"14027","02/17/2026 00:00:00","02/17/2026 00:00:00","0","itg37786","02/17/2026 16:54:44","PVU_EX_1400","itg37786","02/17/2026 16:54:44","PVU_EX_1400","アルフレッサ（株）メディカル営業本部","アルフレッサメディカル","メディカル営業本部","メディ営本","ｱﾙﾌﾚﾂｻ ﾒﾃﾞｨｶﾙｴｲｷﾞｮｳ","AFﾒﾃﾞｨｶﾙ","101-0053","13101","東京都千代田区神田美土代町７　住友不動産神田ビル１４階","0000-00-0000","","1","1","","5","218","","19000101","","19000101","13149"
"47005","04/01/2026 00:00:00","12/31/9999 00:00:00","0","itg36186","03/12/2026 15:57:32","PVU_EX_1400","itg19647","03/12/2026 16:38:37","PVU_EX_1400","（株）琉薬沖縄第一営業部","（株）琉薬沖縄第一営業部","琉薬沖縄第一営業部","琉薬沖縄１","ﾘｭｳﾔｸｵｷﾅﾜﾀﾞｲ1ｴｲｷﾞｮｳ","ﾘｭｳﾔｸｵｷﾅﾜ1","901-2131","47208","沖縄県浦添市牧港５丁目６－５","","","1","3","","","","","","","20260401","13149"
"22002","10/01/2025 00:00:00","12/31/9999 00:00:00","0","itg39895","09/16/2025 15:05:38","PVU_EX_1400","itg39895","09/16/2025 15:05:38","PVU_EX_1400","（株）スズケン静岡営業部","（株）スズケン静岡営業部","スズケン静岡営業部","Ｓ・静岡","KK ｽｽﾞｹﾝ ｼｽﾞｵｶｴｲｷﾞﾖｳ","ｽｽﾞｹﾝｼｽﾞｵｶ","422-8008","22102","静岡県静岡市駿河区栗原　１９３－１","0000-00-0000","","1","3","","1","401","014","19000101","","19000101","23049"
"40005","10/01/2025 00:00:00","12/31/9999 00:00:00","0","itg46273","09/16/2025 15:16:54","PVU_EX_1400","itg46273","09/16/2025 15:16:54","PVU_EX_1400","（株）アステム北九州営業部","（株）アステム北九州営業部","アステム北九州営業部","ＡＳ北九州","KK ｱｽﾃﾑ ｷﾀｷﾕｳｼﾕｳ","ASｷﾀｷﾕｳｼﾕｳ","800-0221","40107","福岡県北九州市小倉南区下曽根新町１３－１","093-471-1981","093-417-1862","1","3","","1","120","150","19000101","","19000101","44001"
"34010","04/01/2026 00:00:00","12/31/9999 00:00:00","0","itg37786","02/18/2026 16:09:40","PVU_EX_1400","itg36186","03/12/2026 15:38:12","PVU_EX_1400","ティーエスアルフレッサ（株）","ティーエスアルフレッサ（株","ＴＳアルフレッサ","ＴＳアルフ","ﾃｲ-ｴｽｱﾙﾌﾚﾂｻ","ﾃｲ-ｴｽｱﾙﾌ","733-0833","34104","広島県広島市西区商工センター１丁目２－１９","082-501-0222","082-276-3010","1","3","","1","016","038","19000101","","19000101","13149"
"47003","04/01/2026 00:00:00","12/31/9999 00:00:00","0","itg37786","02/19/2026 14:47:47","PVU_EX_1400","itg37786","02/19/2026 14:47:47","PVU_EX_1400","（株）琉薬沖縄第二営業部","（株）琉薬沖縄第二営業部","琉薬沖縄第二営業部","琉薬沖縄２","ﾘｭｳﾔｸｵｷﾅﾜﾀﾞｲ2ｴｲｷﾞｮｳ","ﾘｭｳﾔｸｵｷﾅﾜ2","906-0013","47214","沖縄県宮古島市平良下里８８３　－１","","","1","3","","","","","","","20260401","13149"
"15002","10/16/2024 00:00:00","12/31/9999 00:00:00","0","itg04213","10/16/2024 11:42:35","PVU_EX_1400","itg04213","10/16/2024 11:42:35","PVU_EX_1400","（株）バイタルネット新潟","（株）バイタルネット新潟","バイタルネット新潟","ＶＮ新潟","KK ﾊﾞｲﾀﾙﾈﾂﾄ ﾆｲｶﾞﾀ","ﾊﾞｲﾀﾙﾈﾂﾄﾆｲ","950-2027","15107","新潟県新潟市西区小新大通　３７９９－１","025-234-1111","","1","3","","1","332","030","20010101","","20010101","04041"
"15012","10/16/2024 00:00:00","12/31/9999 00:00:00","0","itg04213","10/16/2024 11:43:25","PVU_EX_1400","itg04213","10/16/2024 11:43:25","PVU_EX_1400","（株）スズケン新潟営業部","（株）スズケン新潟営業部","スズケン新潟営業部","Ｓ・新潟","KK ｽｽﾞｹﾝ ﾆｲｶﾞﾀｴｲｷﾞﾖｳ","ｽｽﾞｹﾝﾆｲｶﾞﾀ","950-2031","15107","新潟県新潟市西区流通センター２丁目２－５","0000-00-0000","","1","1","","1","331","","19000101","","19000101","23049"
"02018","04/16/2025 00:00:00","12/31/9999 00:00:00","0","itg04283","04/16/2025 13:59:00","PVU_EX_1400","itg04283","04/16/2025 13:59:00","PVU_EX_1400","（株）バイタルネット青森","（株）バイタルネット青森","バイタルネット青森","ＶＮ青森","(ｶﾌﾞ)ﾊﾞｲﾀﾙﾈﾂﾄ ｱｵﾓﾘ","VNｱｵﾓﾘ","038-0000","02201","青森県青森市","0000-00-0000","","1","3","","5","111","001","20010101","","19990610","04041"
"03019","04/16/2025 00:00:00","12/31/9999 00:00:00","0","itg04283","04/16/2025 14:01:31","PVU_EX_1400","itg04283","04/16/2025 14:01:31","PVU_EX_1400","（株）バイタルネット岩手","（株）バイタルネット岩手","バイタルネット岩手","ＶＮ岩手","(ｶﾌﾞ)ﾊﾞｲﾀﾙﾈﾂﾄ ｲﾜﾃ","VNｲﾜﾃ","020-0000","03201","岩手県盛岡市","0000-00-0000","","1","3","","5","112","001","20010101","","20010101","04041"
"03028","04/16/2025 00:00:00","12/31/9999 00:00:00","0","itg04283","04/16/2025 14:03:18","PVU_EX_1400","itg04283","04/16/2025 14:03:18","PVU_EX_1400","東邦薬品（株）岩手営業部","東邦薬品（株）岩手営業部","東邦薬品岩手営業部","東邦岩手","ﾄｳﾎｳ ｲﾜﾃ ｴｲｷﾞﾖｳﾌﾞ","ﾄｳﾎｳ ｲﾜﾃ","020-0891","03322","岩手県紫波郡矢巾町流通センター南３丁目４－１２","0000-00-0000","","1","3","","1","153","002","20101001","","20100907","13013"
"05007","04/16/2025 00:00:00","12/31/9999 00:00:00","0","itg04283","04/16/2025 14:06:51","PVU_EX_1400","itg04283","04/16/2025 14:06:51","PVU_EX_1400","（株）バイタルネット秋田","（株）バイタルネット秋田","バイタルネット秋田","ＶＮ秋田","(ｶﾌﾞ)ﾊﾞｲﾀﾙﾈﾂﾄ ｱｷﾀ","VNｱｷﾀ","010-0000","05201","秋田県秋田市","0000-00-0000","","1","3","","5","114","001","20010101","","19990610","04041"
"05018","04/16/2025 00:00:00","12/31/9999 00:00:00","0","itg04283","04/16/2025 14:08:39","PVU_EX_1400","itg04283","04/16/2025 14:08:39","PVU_EX_1400","東邦薬品（株）秋田営業部","東邦薬品（株）秋田営業部","東邦薬品秋田営業部","東邦秋田","ﾄｳﾎｳ ｱｷﾀ ｴｲｷﾞﾖｳﾌﾞ","ﾄｳﾎｳ ｱｷﾀ","010-0941","05201","秋田県秋田市川尻町大川反２３３－１３０","0000-00-0000","","1","3","","1","152","010","20101001","","20100907","13013"
"07005","04/16/2025 00:00:00","03/31/2026 00:00:00","0","itg04283","04/16/2025 14:09:26","PVU_EX_1400","itg04283","04/16/2025 14:09:26","PVU_EX_1400","東北アルフレッサ（株）福島","東北アルフレッサ（株）福島","東北アルフレッサ福島","東北Ａ福島","ﾄｳﾎｸｱﾙﾌﾚﾂｻ ﾌｸｼﾏ","ﾄｳﾎｸAﾌｸｼﾏ","963-0547","07203","福島県郡山市喜久田町卸１丁目１２５－１３","0000-00-0000","","1","3","","5","306","017","19000101","","20230418","13149"
"14027","04/16/2025 00:00:00","02/16/2026 00:00:00","0","itg04283","04/16/2025 14:14:08","PVU_EX_1400","itg04283","04/16/2025 14:14:08","PVU_EX_1400","アルフレッサ（株）神奈川","アルフレッサ（株）神奈川","アルフレッサ神奈川","ＡＦ神奈川","ｱﾙﾌﾚﾂｻ ｶﾅｶﾞﾜ","AF ｶﾅｶﾞﾜ","221-0832","14102","神奈川県横浜市神奈川区桐畑８－３","0000-00-0000","","1","1","","5","218","","19000101","","19000101","13149"
"14056","04/16/2025 00:00:00","12/31/9999 00:00:00","0","itg04283","04/16/2025 14:15:22","PVU_EX_1400","itg04283","04/16/2025 14:15:22","PVU_EX_1400","（株）メディセオ神奈川統括営業部","メディセオ神奈川統括営業部","メディセオ神奈川統括","ＭＣ神奈川","ﾒﾃﾞｲｾｵ ｶﾅｶﾞﾜ ﾄｳｶﾂ","MCｶﾅｶﾞﾜ","231-0034","14104","神奈川県横浜市中区三吉町","0000-00-0000","","1","3","","1","215","","20091001","","20100928","28026"
"28008","04/16/2025 00:00:00","12/31/9999 00:00:00","0","itg04283","04/16/2025 14:36:07","PVU_EX_1400","itg04283","04/16/2025 14:36:07","PVU_EX_1400","アルフレッサ（株）兵庫","アルフレッサ（株）兵庫","アルフレッサ兵庫","ＡＦ兵庫","ｱﾙﾌﾚﾂｻ ﾋﾖｳｺﾞ","AF ﾋﾖｳｺﾞ","658-0027","28101","兵庫県神戸市東灘区青木３丁目１　－４０","0000-00-0000","","1","3","","5","380","004","19000101","","19000101","13149"
"34003","04/16/2025 00:00:00","12/31/9999 00:00:00","0","itg04283","04/16/2025 14:38:15","PVU_EX_1400","itg04283","04/16/2025 14:38:15","PVU_EX_1400","（株）サンキ","（株）サンキ","サンキ","サンキ","KK ｻﾝｷ","ｻﾝｷ","733-0832","34104","広島県広島市西区草津港３丁目３－３３","082-501-0800","082-501-0824","1","3","","5","013","033","19000101","","19000101","23049"
"41007","04/16/2025 00:00:00","09/30/2025 00:00:00","0","itg04283","04/16/2025 14:44:44","PVU_EX_1400","itg04283","04/16/2025 14:44:44","PVU_EX_1400","（株）宮崎温仙堂商店佐賀支店","（株）宮崎温仙堂商店佐賀","宮崎温仙堂佐賀支店","温仙堂佐賀","KK ﾐﾔｻﾞｷ ｵﾝｾﾝﾄﾞｳ ｻｶﾞ","ｵﾝｾﾝﾄﾞｳ ｻｶ","849-0912","41201","佐賀県佐賀市兵庫町瓦町１１０４","0000-00-0000","","1","3","","1","340","501","19000101","","19000101","42002"
"42002","04/16/2025 00:00:00","09/30/2025 00:00:00","0","itg04283","04/16/2025 14:45:51","PVU_EX_1400","itg04283","04/16/2025 14:45:51","PVU_EX_1400","（株）宮崎温仙堂商店","（株）宮崎温仙堂商店","宮崎温仙堂","宮崎温仙堂","KK ﾐﾔｻﾞｷ ｵﾝｾﾝﾄﾞｳ","ｵﾝｾﾝﾄﾞｳ","854-0014","42204","長崎県諫早市東小路町２－２８","0957-22-3350","","1","3","","1","420","500","19000101","","19000101","42002"
"45012","04/16/2025 00:00:00","12/31/9999 00:00:00","0","itg04283","04/16/2025 14:48:45","PVU_EX_1400","itg04283","04/16/2025 14:48:45","PVU_EX_1400","（株）翔薬宮崎営業部","（株）翔薬宮崎営業部","翔薬宮崎営業部","翔薬宮崎","KK ｼﾖｳﾔｸ ﾐﾔｻﾞｷ","ｼﾖｳﾔｸﾐﾔｻﾞｷ","880-0951","45201","宮崎県宮崎市大塚町流合５０７８－２","0000-00-0000","","1","3","","1","825","152","20001001","","20000913","40004"
"27041","09/12/2025 00:00:00","12/24/2025 00:00:00","0","itg45886","09/12/2025 10:28:03","PVU_EX_1400","itg45886","09/12/2025 10:28:03","PVU_EX_1400","（株）ケーエスケー","ケーエスケー","ケーエスケー","ＫＳＫ","ｹ-ｴｽｹ-","ｹ-ｴｽｹ-","540-0029","27128","大阪府大阪市中央区本町橋１－２０","06-6946-1352","06-6941-5400","1","3","","","","","","","20241101","27042"
"13079","09/12/2025 00:00:00","12/31/9999 00:00:00","0","itg46273","09/12/2025 11:18:48","PVU_EX_1400","itg46273","09/12/2025 11:18:48","PVU_EX_1400","（株）バイタルケーエスケー・ホールディングス","バイタルケーエスケーＨＤ","バイタルケーエスケー","ＶＮＫＳＫ","ﾊﾞｲﾀﾙｹｰｴｽｹｰHD","ﾊﾞｲﾀﾙｹｰｴｽ","154-0016","13112","東京都世田谷区弦巻１丁目１－１２","03-5433-4511","","1","3","","","","","","","20250912","04041"
"13013","10/01/2025 00:00:00","12/31/9999 00:00:00","0","itg46273","09/12/2025 11:32:41","PVU_EX_1400","itg46273","09/12/2025 11:32:41","PVU_EX_1400","東邦薬品（株）東京営業部","東邦薬品（株）東京営業部","東邦薬品東京営業部","東邦東京","ﾄｳﾎｳ ﾔｸﾋﾝ KK ﾄｳｷﾖｳ","ﾄｳﾎｳﾄｳｷﾖｳ","155-0032","13112","東京都世田谷区代沢４丁目４３－１１","0000-00-0000","","1","1","","1","206","024","19000101","","19000101","13013"
"13149","10/01/2025 00:00:00","03/31/2026 00:00:00","0","itg46273","09/12/2025 11:37:02","PVU_EX_1400","itg46273","09/12/2025 11:37:02","PVU_EX_1400","アルフレッサ（株）特販","アルフレッサ（株）特販","アルフレッサ特販","ＡＦ特販","ｱﾙﾌﾚﾂｻ ﾄｸﾊﾝ","AF ﾄｸﾊﾝ","101-0053","13101","東京都千代田区神田美土代町７　住友不動産神田ビル１４階","0000-00-0000","","1","1","","","202","","20041001","","20040902","13149"
"23049","10/01/2025 00:00:00","12/31/9999 00:00:00","0","itg46273","09/12/2025 11:39:30","PVU_EX_1400","itg46273","09/12/2025 11:39:30","PVU_EX_1400","（株）スズケンその他","（株）スズケンその他","スズケンその他","Ｓ・その他","KK ｽｽﾞｹﾝ ｿﾉﾀ","ｽｽﾞｹﾝ ｿﾉﾀ","461-0015","23102","愛知県名古屋市東区東片端町１　ビジネスサポート仕入課","052-950-6304","","1","3","","","001","026","19980401","","19980325","23049"
"13160","10/01/2025 00:00:00","12/31/9999 00:00:00","0","itg46273","09/12/2025 11:44:59","PVU_EX_1400","itg46273","09/12/2025 11:44:59","PVU_EX_1400","（株）メディセオ東京統括営業部","メディセオ東京統括営業部","メディセオ東京統括","ＭＣ東京","ﾒﾃﾞｲｾｵ ﾄｳｷﾖｳ ﾄｳｶﾂ","MCﾄｳｷﾖｳ","135-0031","13108","東京都江東区佐賀２丁目","0000-00-0000","","1","3","","1","201","","20091001","","20090917","28026"
"04041","10/01/2025 00:00:00","12/31/9999 00:00:00","0","itg39895","09/16/2025 13:46:20","PVU_EX_1400","itg39895","09/16/2025 13:46:20","PVU_EX_1400","（株）バイタルネット","（株）バイタルネット","（株）バイタルネット","バイタルＮ","ﾊﾞｲﾀﾙﾈﾂﾄKK","ﾊﾞｲﾀﾙﾈﾂﾄKK","980-0805","04101","宮城県仙台市青葉区大手町１－１","0000-00-0000","","1","3","","","001","001","20010101","","20001214","04041"
"30016","10/01/2025 00:00:00","12/31/9999 00:00:00","0","itg39895","09/16/2025 13:54:59","PVU_EX_1400","itg39895","09/16/2025 13:54:59","PVU_EX_1400","（株）ケーエスケー紀和","（株）ケーエスケー紀和","ケーエスケー紀和","ＫＳＫ紀和","ｹ-ｴｽｹ- ｷﾜ","ｹ-ｴｽｹ- ｷﾜ","641-0036","30201","和歌山県和歌山市西浜","0000-00-0000","","1","3","","1","369","009","20090401","","20090327","27042"
"12037","10/01/2025 00:00:00","12/31/9999 00:00:00","0","itg46273","09/16/2025 13:57:05","PVU_EX_1400","itg46273","09/16/2025 13:57:05","PVU_EX_1400","（株）メディセオ千葉統括営業部","メディセオ千葉統括営業部","メディセオ千葉統括","ＭＣ千葉","ﾒﾃﾞｲｾｵ ﾁﾊﾞ ﾄｳｶﾂ","MCﾁﾊﾞ","260-0025","12101","千葉県千葉市中央区問屋町","0000-00-0000","","1","3","","1","207","","20091001","","20090917","28026"
"17001","10/01/2025 00:00:00","03/31/2026 00:00:00","0","itg39895","09/16/2025 14:01:28","PVU_EX_1400","itg39895","09/16/2025 14:01:28","PVU_EX_1400","明祥（株）","明祥（株）","明祥","明祥","ﾒｲｼﾖｳ KK","ﾒｲｼﾖｳ","920-0332","17201","石川県金沢市無量寺町ハ１","0762-66-4141","0762-66-4111","1","3","","5","022","005","19000101","","19000101","17001"
"17024","10/01/2025 00:00:00","03/31/2026 00:00:00","0","itg39895","09/16/2025 14:02:12","PVU_EX_1400","itg39895","09/16/2025 14:02:12","PVU_EX_1400","明祥　ＰＦＩＺＥＲ","明祥　ＰＦＩＺＥＲ","明祥　ＰＦＩＺＥＲ","明祥　フア","ﾒｲｼﾖｳ ﾌｱｲｻﾞ-","ﾒｲｼﾖｳ ﾌｱｲｻ","920-0332","17201","石川県金沢市無量寺町ハ１","0762-66-4141","0762-66-4111","1","3","","5","022","005","20110501","","20110510",""
"02003","10/01/2025 00:00:00","12/31/9999 00:00:00","0","itg39895","09/16/2025 14:03:20","PVU_EX_1400","itg39895","09/16/2025 14:03:20","PVU_EX_1400","（株）ショウエ－","（株）ショウエ－","ショウエ－","ショウエ－","KK ｼﾖｳｴ-","ｼﾖｳｴ-","030-0841","02201","青森県青森市奥野１丁目６－２","0000-00-0000","","1","3","","1","401","043","19000101","","19000101","13013"
"11008","10/01/2025 00:00:00","12/31/9999 00:00:00","0","itg39895","09/16/2025 14:12:09","PVU_EX_1400","itg39895","09/16/2025 14:12:09","PVU_EX_1400","東邦薬品（株）埼玉営業部","東邦薬品（株）埼玉営業部","東邦薬品埼玉営業部","東邦埼玉","ﾄｳﾎｳ ﾔｸﾋﾝ KK ｻｲﾀﾏ","ﾄｳﾎｳ ｻｲﾀﾏ","336-0936","11109","埼玉県さいたま市緑区太田窪１丁目３－８","0000-00-0000","","1","1","","1","226","","19000101","","19000101","13013"
"47004","04/01/2026 00:00:00","12/31/9999 00:00:00","0","itg37786","02/19/2026 14:51:39","PVU_EX_1400","itg37786","02/19/2026 14:51:39","PVU_EX_1400","（株）琉薬沖縄病院部","（株）琉薬沖縄病院部","琉薬沖縄病院部","琉薬沖縄病","ﾘｭｳﾔｸｵｷﾅﾜﾋﾞｮｳｲﾝﾌﾞ","ｵｷﾅﾜﾋﾞｮｳｲﾝ","901-2131","47208","沖縄県浦添市牧港５丁目６－５","","","1","3","","","","","","","20260401","13149"
"13162","04/01/2026 00:00:00","12/31/9999 00:00:00","0","itg37786","02/20/2026 14:55:02","PVU_EX_1400","itg37786","02/20/2026 14:55:02","PVU_EX_1400","メディセオ首都圏グループ営業部","メディセオ首都圏Ｇ営業部","メディセオ首都圏Ｇ","ＭＣ首都圏","ﾒﾃﾞｲｾｵ ｼﾕﾄｹﾝｸﾞﾙ-ﾌﾟ","MCｼﾕﾄｹﾝ","101-0021","13101","東京都千代田区外神田３丁目３－３　－６","0000-00-0000","","1","3","","1","","","20091001","","20091001","28026"
"34001","04/01/2026 00:00:00","12/31/9999 00:00:00","0","itg37786","02/24/2026 14:28:17","PVU_EX_1400","itg37786","02/24/2026 14:28:17","PVU_EX_1400","（株）エバルス","（株）エバルスＥＶ営業本部","エバルスＥＶ営業本部","エバルス","ｴﾊﾞﾙｽｴｲｷﾞｮｳﾎﾝﾌﾞ","ｴﾊﾞﾙｽｴｲ","730-0022","34101","広島県広島市中区銀山町３－１　ひろしまハイビル２１　８Ｆ","","","1","3","","","","","","","20260401","28026"
"42001","04/01/2026 00:00:00","12/31/9999 00:00:00","0","itg37786","02/24/2026 15:04:43","PVU_EX_1400","itg36186","03/12/2026 15:28:46","PVU_EX_1400","東七（株）","東七（株）","東七（株）","東七","ﾄｳｼﾁ","ﾄｳｼﾁ","857-0134","42202","長崎県佐世保市瀬戸越４丁目１３１８－１","0956-41-0777","","1","3","","","460","145","19000101","","19000101","28026"
"40006","04/01/2026 00:00:00","12/31/9999 00:00:00","0","itg37786","02/25/2026 13:44:39","PVU_EX_1400","itg37786","02/25/2026 13:44:39","PVU_EX_1400","（株）アトル南九州統括営業部","（株）アトル南九州統括営業","アトル南九州統括","アトル南九","ｱﾄﾙﾐﾅﾐｷｭｳｼｭｳﾄｳｶﾂ","ｱﾄﾙﾐﾅﾐｷｭｳｼ","813-0018","40131","福岡県福岡市東区香椎浜ふ頭２丁目５－１","","","1","3","","","","","","","20260401","28026"
"16006","04/01/2026 00:00:00","12/31/9999 00:00:00","0","itg36186","03/02/2026 16:47:35","PVU_EX_1400","itg36186","03/05/2026 10:10:59","PVU_EX_1400","明祥　ＥＡ　富山営業部","明祥　ＥＡ　富山営業部","明祥ＥＡ富山営業部","明祥Ｅ富山","ﾒｲｼﾖｳEAﾄﾔﾏｴｲｷﾞﾖｳﾌﾞ","ﾒｲｼﾖｳEﾄﾔﾏ","930-0996","16201","富山県富山市新庄本町１丁目４　１０号","","","1","3","","","","","","","20260401",""
"34002","04/01/2026 00:00:00","12/31/9999 00:00:00","0","itg36186","03/12/2026 15:50:18","PVU_EX_1400","itg19647","03/12/2026 16:33:39","PVU_EX_1400","ティーエスアルフレッサ広島","ティーエスアルフレッサ広島","ＴＳアルフレッサ広島","ＴＳ広島","ﾃｨｰｴｽｱﾙﾌﾚﾂｻ ﾋﾛｼﾏ","TSｱﾙﾌ ﾋﾛｼﾏ","733-0833","34104","広島県広島市西区商工センター１丁目２－１９","","","1","3","","","","","","","20260401","13149"
"20022","04/01/2026 00:00:00","12/31/9999 00:00:00","0","itg37786","02/19/2026 16:44:05","PVU_EX_1400","itg37786","02/19/2026 16:44:05","PVU_EX_1400","（株）メディセオ甲信越統括営業部","メディセオ甲信越統括営業部","メディセオ甲信越","ＭＣ甲信越","ﾒﾃﾞｲｾｵ ｺｳｼﾝｴﾂ ﾄｳｶﾂ","MCｺｳｼﾝｴﾂ","399-0033","20202","長野県松本市笹賀　大字笹賀７６００－５５","0000-00-0000","","1","3","","1","327","007","20091001","","20090917","28026"
"17002","04/01/2026 00:00:00","12/31/9999 00:00:00","0","itg36186","03/12/2026 15:55:12","PVU_EX_1400","itg19647","03/12/2026 16:37:07","PVU_EX_1400","明祥（株）石川営業部","明祥（株）石川営業部","明祥石川営業部","明祥石川","ﾒｲｼｮｳ ｲｼｶﾜｴｲｷﾞｮｳﾌﾞ","ﾒｲｼｮｳ ｲｼｶﾜ","920-0332","17201","石川県金沢市無量寺町ハ１","","","1","3","","","","","","","20260401","17001"
