"corporation_cd","region_cd","start_date","end_date","locale_id","region_cd_name","remark","delete_flag","create_user_cd","create_date","record_user_cd","record_date"
"1000","0100","01/01/1970 00:00:00","03/31/2018 00:00:00","ja","薬粧品","","0","eisai_init","11/06/2017 00:00:00","ecl07857","12/01/2017 00:00:00"
"1000","0100","04/01/2018 00:00:00","12/31/2999 00:00:00","ja","薬粧品","","0","ecl07857","12/01/2017 00:00:00","ecl07857","12/01/2017 00:00:00"
"1000","0101","01/01/1970 00:00:00","03/31/2018 00:00:00","ja","薬粧品１","","0","eisai_init","11/06/2017 00:00:00","ecl07857","12/01/2017 00:00:00"
"1000","0101","04/01/2018 00:00:00","12/31/2999 00:00:00","ja","薬粧品１","","0","ecl07857","12/01/2017 00:00:00","ecl07857","12/01/2017 00:00:00"
"1000","0102","01/01/1970 00:00:00","03/31/2018 00:00:00","ja","薬粧品２","","0","eisai_init","11/06/2017 00:00:00","ecl07857","12/01/2017 00:00:00"
"1000","0102","04/01/2018 00:00:00","12/31/2999 00:00:00","ja","薬粧品２","","0","ecl07857","12/01/2017 00:00:00","ecl07857","12/01/2017 00:00:00"
"1000","0103","01/01/1970 00:00:00","03/31/2018 00:00:00","ja","薬粧品３","","0","eisai_init","11/06/2017 00:00:00","ecl07857","12/01/2017 00:00:00"
"1000","0103","04/01/2018 00:00:00","12/31/2999 00:00:00","ja","薬粧品３","","0","ecl07857","12/01/2017 00:00:00","ecl07857","12/01/2017 00:00:00"
"1000","0104","01/01/1970 00:00:00","03/31/2018 00:00:00","ja","薬粧品４","","0","eisai_init","11/06/2017 00:00:00","ecl07857","12/01/2017 00:00:00"
"1000","0104","04/01/2018 00:00:00","12/31/2999 00:00:00","ja","薬粧品４","","0","ecl07857","12/01/2017 00:00:00","ecl07857","12/01/2017 00:00:00"
"1000","0105","01/01/1970 00:00:00","03/31/2018 00:00:00","ja","薬粧品５","","0","eisai_init","11/06/2017 00:00:00","ecl07857","12/01/2017 00:00:00"
"1000","0105","04/01/2018 00:00:00","12/31/2999 00:00:00","ja","薬粧品５","","0","ecl07857","12/01/2017 00:00:00","ecl07857","12/01/2017 00:00:00"
"1000","0106","01/01/1970 00:00:00","03/31/2018 00:00:00","ja","薬粧品６","","0","eisai_init","11/06/2017 00:00:00","ecl07857","12/01/2017 00:00:00"
"1000","0106","04/01/2018 00:00:00","12/31/2999 00:00:00","ja","薬粧品６","","0","ecl07857","12/01/2017 00:00:00","ecl07857","12/01/2017 00:00:00"
"1000","0107","01/01/1970 00:00:00","03/31/2018 00:00:00","ja","薬粧品７","","0","eisai_init","11/06/2017 00:00:00","ecl07857","12/01/2017 00:00:00"
"1000","0107","04/01/2018 00:00:00","12/31/2999 00:00:00","ja","薬粧品７","","0","ecl07857","12/01/2017 00:00:00","ecl07857","12/01/2017 00:00:00"
"1000","0108","01/01/1970 00:00:00","03/31/2018 00:00:00","ja","薬粧品８","","0","eisai_init","11/06/2017 00:00:00","ecl07857","12/01/2017 00:00:00"
"1000","0108","04/01/2018 00:00:00","12/31/2999 00:00:00","ja","薬粧品８","","0","ecl07857","12/01/2017 00:00:00","ecl07857","12/01/2017 00:00:00"
"1000","0109","01/01/1970 00:00:00","03/31/2018 00:00:00","ja","薬粧品９","","0","eisai_init","11/06/2017 00:00:00","ecl07857","12/01/2017 00:00:00"
"1000","0109","04/01/2018 00:00:00","12/31/2999 00:00:00","ja","薬粧品９","","0","ecl07857","12/01/2017 00:00:00","ecl07857","12/01/2017 00:00:00"
"1000","0110","04/01/2018 00:00:00","12/31/2999 00:00:00","ja","薬粧品１０","","0","ecl07857","12/12/2017 00:00:00","ecl07857","12/12/2017 00:00:00"
"1000","0111","01/01/1970 00:00:00","03/31/2018 00:00:00","ja","薬粧品１１","","0","eisai_init","11/06/2017 00:00:00","ecl07857","12/01/2017 00:00:00"
"1000","0111","04/01/2018 00:00:00","12/31/2999 00:00:00","ja","薬粧品１１","","0","ecl07857","12/01/2017 00:00:00","ecl07857","12/01/2017 00:00:00"
"1000","0112","01/01/1970 00:00:00","03/31/2018 00:00:00","ja","薬粧品１２","","0","eisai_init","11/06/2017 00:00:00","ecl07857","12/01/2017 00:00:00"
"1000","0112","04/01/2018 00:00:00","12/31/2999 00:00:00","ja","薬粧品１２","","0","ecl07857","12/01/2017 00:00:00","ecl07857","12/01/2017 00:00:00"
"1000","0113","01/01/1970 00:00:00","03/31/2018 00:00:00","ja","薬粧品１３","","0","eisai_init","11/06/2017 00:00:00","ecl07857","12/01/2017 00:00:00"
"1000","0113","04/01/2018 00:00:00","12/31/2999 00:00:00","ja","薬粧品１３","","0","ecl07857","12/01/2017 00:00:00","ecl07857","12/01/2017 00:00:00"
"1000","0114","01/01/1970 00:00:00","03/31/2018 00:00:00","ja","薬粧品１４","","0","eisai_init","11/06/2017 00:00:00","ecl07857","12/01/2017 00:00:00"
"1000","0114","04/01/2018 00:00:00","12/31/2999 00:00:00","ja","薬粧品１４","","0","ecl07857","12/01/2017 00:00:00","ecl07857","12/01/2017 00:00:00"
"1000","0115","01/01/1970 00:00:00","03/31/2018 00:00:00","ja","薬粧品１５","","0","eisai_init","11/06/2017 00:00:00","ecl07857","12/01/2017 00:00:00"
"1000","0115","04/01/2018 00:00:00","12/31/2999 00:00:00","ja","薬粧品１５","","0","ecl07857","12/01/2017 00:00:00","ecl07857","12/01/2017 00:00:00"
"1000","0116","01/01/1970 00:00:00","03/31/2018 00:00:00","ja","薬粧品１６","","0","eisai_init","11/06/2017 00:00:00","ecl07857","12/01/2017 00:00:00"
"1000","0116","04/01/2018 00:00:00","12/31/2999 00:00:00","ja","薬粧品１６","","0","ecl07857","12/01/2017 00:00:00","ecl07857","12/01/2017 00:00:00"
"1000","0117","01/01/1970 00:00:00","03/31/2018 00:00:00","ja","薬粧品１７","","0","eisai_init","11/06/2017 00:00:00","ecl07857","12/01/2017 00:00:00"
"1000","0117","04/01/2018 00:00:00","12/31/2999 00:00:00","ja","薬粧品１７","","0","ecl07857","12/01/2017 00:00:00","ecl07857","12/01/2017 00:00:00"
"1000","0118","01/01/1970 00:00:00","03/31/2018 00:00:00","ja","薬粧品１８","","0","eisai_init","11/06/2017 00:00:00","ecl07857","12/01/2017 00:00:00"
"1000","0118","04/01/2018 00:00:00","12/31/2999 00:00:00","ja","薬粧品１８","","0","ecl07857","12/01/2017 00:00:00","ecl07857","12/01/2017 00:00:00"
"1000","0119","01/01/1970 00:00:00","03/31/2018 00:00:00","ja","薬粧品１９","","0","eisai_init","11/06/2017 00:00:00","ecl07857","12/01/2017 00:00:00"
"1000","0119","04/01/2018 00:00:00","12/31/2999 00:00:00","ja","薬粧品１９","","0","ecl07857","12/01/2017 00:00:00","ecl07857","12/01/2017 00:00:00"
"1000","0120","04/01/2018 00:00:00","12/31/2999 00:00:00","ja","薬粧品２０","","0","ecl07857","12/12/2017 00:00:00","ecl07857","12/12/2017 00:00:00"
"1000","0121","01/01/1970 00:00:00","03/31/2018 00:00:00","ja","薬粧品２１","","0","eisai_init","11/06/2017 00:00:00","ecl07857","12/01/2017 00:00:00"
"1000","0121","04/01/2018 00:00:00","12/31/2999 00:00:00","ja","薬粧品２１","","0","ecl07857","12/01/2017 00:00:00","ecl07857","12/01/2017 00:00:00"
"1000","0122","01/01/1970 00:00:00","03/31/2018 00:00:00","ja","薬粧品２２","","0","eisai_init","11/06/2017 00:00:00","ecl07857","12/01/2017 00:00:00"
"1000","0122","04/01/2018 00:00:00","12/31/2999 00:00:00","ja","薬粧品２２","","0","ecl07857","12/01/2017 00:00:00","ecl07857","12/01/2017 00:00:00"
"1000","0123","01/01/1970 00:00:00","03/31/2018 00:00:00","ja","薬粧品２３","","0","eisai_init","11/06/2017 00:00:00","ecl07857","12/01/2017 00:00:00"
"1000","0123","04/01/2018 00:00:00","12/31/2999 00:00:00","ja","薬粧品２３","","0","ecl07857","12/01/2017 00:00:00","ecl07857","12/01/2017 00:00:00"
"1000","0124","01/01/1970 00:00:00","03/31/2018 00:00:00","ja","薬粧品２４","","0","eisai_init","11/06/2017 00:00:00","ecl07857","12/01/2017 00:00:00"
"1000","0124","04/01/2018 00:00:00","12/31/2999 00:00:00","ja","薬粧品２４","","0","ecl07857","12/01/2017 00:00:00","ecl07857","12/01/2017 00:00:00"
"1000","0125","01/01/1970 00:00:00","03/31/2018 00:00:00","ja","薬粧品２５","","0","eisai_init","11/06/2017 00:00:00","ecl07857","12/01/2017 00:00:00"
"1000","0125","04/01/2018 00:00:00","12/31/2999 00:00:00","ja","薬粧品２５","","0","ecl07857","12/01/2017 00:00:00","ecl07857","12/01/2017 00:00:00"
"1000","0126","01/01/1970 00:00:00","03/31/2018 00:00:00","ja","薬粧品２６","","0","eisai_init","11/06/2017 00:00:00","ecl07857","12/01/2017 00:00:00"
"1000","0126","04/01/2018 00:00:00","12/31/2999 00:00:00","ja","薬粧品２６","","0","ecl07857","12/01/2017 00:00:00","ecl07857","12/01/2017 00:00:00"
"1000","0127","01/01/1970 00:00:00","03/31/2018 00:00:00","ja","薬粧品２７","","0","eisai_init","11/06/2017 00:00:00","ecl07857","12/01/2017 00:00:00"
"1000","0127","04/01/2018 00:00:00","12/31/2999 00:00:00","ja","薬粧品２７","","0","ecl07857","12/01/2017 00:00:00","ecl07857","12/01/2017 00:00:00"
"1000","0128","01/01/1970 00:00:00","03/31/2018 00:00:00","ja","薬粧品２８","","0","eisai_init","11/06/2017 00:00:00","ecl07857","12/01/2017 00:00:00"
"1000","0128","04/01/2018 00:00:00","12/31/2999 00:00:00","ja","薬粧品２８","","0","ecl07857","12/01/2017 00:00:00","ecl07857","12/01/2017 00:00:00"
"1000","0129","01/01/1970 00:00:00","03/31/2018 00:00:00","ja","薬粧品２９","","0","eisai_init","11/06/2017 00:00:00","ecl07857","12/01/2017 00:00:00"
"1000","0129","04/01/2018 00:00:00","12/31/2999 00:00:00","ja","薬粧品２９","","0","ecl07857","12/01/2017 00:00:00","ecl07857","12/01/2017 00:00:00"
"1000","0130","01/01/1970 00:00:00","03/31/2018 00:00:00","ja","薬粧品３０","","0","eisai_init","11/06/2017 00:00:00","ecl07857","12/01/2017 00:00:00"
"1000","0130","04/01/2018 00:00:00","12/31/2999 00:00:00","ja","薬粧品３０","","0","ecl07857","12/01/2017 00:00:00","ecl07857","12/01/2017 00:00:00"
"1000","0131","01/01/1970 00:00:00","03/31/2018 00:00:00","ja","薬粧品３１","","0","eisai_init","11/06/2017 00:00:00","ecl07857","12/01/2017 00:00:00"
"1000","0131","04/01/2018 00:00:00","12/31/2999 00:00:00","ja","薬粧品３１","","0","ecl07857","12/01/2017 00:00:00","ecl07857","12/01/2017 00:00:00"
"1000","0132","01/01/1970 00:00:00","03/31/2018 00:00:00","ja","薬粧品３２","","0","eisai_init","11/06/2017 00:00:00","ecl07857","12/01/2017 00:00:00"
"1000","0132","04/01/2018 00:00:00","12/31/2999 00:00:00","ja","薬粧品３２","","0","ecl07857","12/01/2017 00:00:00","ecl07857","12/01/2017 00:00:00"
"1000","0133","01/01/1970 00:00:00","03/31/2018 00:00:00","ja","薬粧品３３","","0","eisai_init","11/06/2017 00:00:00","ecl07857","12/01/2017 00:00:00"
"1000","0133","04/01/2018 00:00:00","12/31/2999 00:00:00","ja","薬粧品３３","","0","ecl07857","12/01/2017 00:00:00","ecl07857","12/01/2017 00:00:00"
"1000","0134","01/01/1970 00:00:00","03/31/2018 00:00:00","ja","薬粧品３４","","0","eisai_init","11/06/2017 00:00:00","ecl07857","12/01/2017 00:00:00"
"1000","0134","04/01/2018 00:00:00","12/31/2999 00:00:00","ja","薬粧品３４","","0","ecl07857","12/01/2017 00:00:00","ecl07857","12/01/2017 00:00:00"
"1000","0135","01/01/1970 00:00:00","03/31/2018 00:00:00","ja","薬粧品３５","","0","eisai_init","11/06/2017 00:00:00","ecl07857","12/01/2017 00:00:00"
"1000","0135","04/01/2018 00:00:00","12/31/2999 00:00:00","ja","薬粧品３５","","0","ecl07857","12/01/2017 00:00:00","ecl07857","12/01/2017 00:00:00"
"1000","0136","01/01/1970 00:00:00","03/31/2018 00:00:00","ja","薬粧品３６","","0","eisai_init","11/06/2017 00:00:00","ecl07857","12/01/2017 00:00:00"
"1000","0136","04/01/2018 00:00:00","12/31/2999 00:00:00","ja","薬粧品３６","","0","ecl07857","12/01/2017 00:00:00","ecl07857","12/01/2017 00:00:00"
"1000","0137","01/01/1970 00:00:00","03/31/2018 00:00:00","ja","薬粧品３７","","0","eisai_init","11/06/2017 00:00:00","ecl07857","12/01/2017 00:00:00"
"1000","0137","04/01/2018 00:00:00","12/31/2999 00:00:00","ja","薬粧品３７","","0","ecl07857","12/01/2017 00:00:00","ecl07857","12/01/2017 00:00:00"
"1000","0138","01/01/1970 00:00:00","03/31/2018 00:00:00","ja","薬粧品３８","","0","eisai_init","11/06/2017 00:00:00","ecl07857","12/01/2017 00:00:00"
"1000","0138","04/01/2018 00:00:00","12/31/2999 00:00:00","ja","薬粧品３８","","0","ecl07857","12/01/2017 00:00:00","ecl07857","12/01/2017 00:00:00"
"1000","0139","01/01/1970 00:00:00","03/31/2018 00:00:00","ja","薬粧品３９","","0","eisai_init","11/06/2017 00:00:00","ecl07857","12/01/2017 00:00:00"
"1000","0139","04/01/2018 00:00:00","12/31/2999 00:00:00","ja","薬粧品３９","","0","ecl07857","12/01/2017 00:00:00","ecl07857","12/01/2017 00:00:00"
"1000","0140","01/01/1970 00:00:00","03/31/2018 00:00:00","ja","薬粧品４０","","0","eisai_init","11/06/2017 00:00:00","ecl07857","12/01/2017 00:00:00"
"1000","0140","04/01/2018 00:00:00","12/31/2999 00:00:00","ja","薬粧品４０","","0","ecl07857","12/01/2017 00:00:00","ecl07857","12/01/2017 00:00:00"
"1000","0141","01/01/1970 00:00:00","03/31/2018 00:00:00","ja","薬粧品４１","","0","eisai_init","11/06/2017 00:00:00","ecl07857","12/01/2017 00:00:00"
"1000","0141","04/01/2018 00:00:00","12/31/2999 00:00:00","ja","薬粧品４１","","0","ecl07857","12/01/2017 00:00:00","ecl07857","12/01/2017 00:00:00"
"1000","0142","01/01/1970 00:00:00","03/31/2018 00:00:00","ja","薬粧品４２","","0","eisai_init","11/06/2017 00:00:00","ecl07857","12/01/2017 00:00:00"
"1000","0142","04/01/2018 00:00:00","12/31/2999 00:00:00","ja","薬粧品４２","","0","ecl07857","12/01/2017 00:00:00","ecl07857","12/01/2017 00:00:00"
"1000","0143","01/01/1970 00:00:00","03/31/2018 00:00:00","ja","薬粧品４３","","0","eisai_init","11/06/2017 00:00:00","ecl07857","12/01/2017 00:00:00"
"1000","0143","04/01/2018 00:00:00","12/31/2999 00:00:00","ja","薬粧品４３","","0","ecl07857","12/01/2017 00:00:00","ecl07857","12/01/2017 00:00:00"
"1000","0144","01/01/1970 00:00:00","03/31/2018 00:00:00","ja","薬粧品４４","","0","eisai_init","11/06/2017 00:00:00","ecl07857","12/01/2017 00:00:00"
"1000","0144","04/01/2018 00:00:00","12/31/2999 00:00:00","ja","薬粧品４４","","0","ecl07857","12/01/2017 00:00:00","ecl07857","12/01/2017 00:00:00"
"1000","0145","01/01/1970 00:00:00","03/31/2018 00:00:00","ja","薬粧品４５","","0","eisai_init","11/06/2017 00:00:00","ecl07857","12/01/2017 00:00:00"
"1000","0145","04/01/2018 00:00:00","12/31/2999 00:00:00","ja","薬粧品４５","","0","ecl07857","12/01/2017 00:00:00","ecl07857","12/01/2017 00:00:00"
"1000","0146","01/01/1970 00:00:00","03/31/2018 00:00:00","ja","薬粧品４６","","0","eisai_init","11/06/2017 00:00:00","ecl07857","12/01/2017 00:00:00"
"1000","0146","04/01/2018 00:00:00","12/31/2999 00:00:00","ja","薬粧品４６","","0","ecl07857","12/01/2017 00:00:00","ecl07857","12/01/2017 00:00:00"
"1000","0147","01/01/1970 00:00:00","03/31/2018 00:00:00","ja","薬粧品４７","","0","eisai_init","11/06/2017 00:00:00","ecl07857","12/01/2017 00:00:00"
"1000","0147","04/01/2018 00:00:00","12/31/2999 00:00:00","ja","薬粧品４７","","0","ecl07857","12/01/2017 00:00:00","ecl07857","12/01/2017 00:00:00"
"1000","0148","01/01/1970 00:00:00","03/31/2018 00:00:00","ja","薬粧品４８","","0","eisai_init","11/06/2017 00:00:00","ecl07857","12/01/2017 00:00:00"
"1000","0148","04/01/2018 00:00:00","12/31/2999 00:00:00","ja","薬粧品４８","","0","ecl07857","12/01/2017 00:00:00","ecl07857","12/01/2017 00:00:00"
"1000","0149","01/01/1970 00:00:00","03/31/2018 00:00:00","ja","薬粧品４９","","0","eisai_init","11/06/2017 00:00:00","ecl07857","12/01/2017 00:00:00"
"1000","0149","04/01/2018 00:00:00","12/31/2999 00:00:00","ja","薬粧品４９","","0","ecl07857","12/01/2017 00:00:00","ecl07857","12/01/2017 00:00:00"
"1000","0150","01/01/1970 00:00:00","03/31/2018 00:00:00","ja","薬粧品５０","","0","eisai_init","11/06/2017 00:00:00","ecl07857","12/01/2017 00:00:00"
"1000","0150","04/01/2018 00:00:00","12/31/2999 00:00:00","ja","薬粧品５０","","0","ecl07857","12/01/2017 00:00:00","ecl07857","12/01/2017 00:00:00"
"1000","0151","01/01/1970 00:00:00","03/31/2018 00:00:00","ja","薬粧品５１","","0","eisai_init","11/06/2017 00:00:00","ecl07857","12/01/2017 00:00:00"
"1000","0151","04/01/2018 00:00:00","12/31/2999 00:00:00","ja","薬粧品５１","","0","ecl07857","12/01/2017 00:00:00","ecl07857","12/01/2017 00:00:00"
"1000","0152","01/01/1970 00:00:00","03/31/2018 00:00:00","ja","薬粧品５２","","0","eisai_init","11/06/2017 00:00:00","ecl07857","12/01/2017 00:00:00"
"1000","0152","04/01/2018 00:00:00","12/31/2999 00:00:00","ja","薬粧品５２","","0","ecl07857","12/01/2017 00:00:00","ecl07857","12/01/2017 00:00:00"
"1000","0153","01/01/1970 00:00:00","03/31/2018 00:00:00","ja","薬粧品５３","","0","eisai_init","11/06/2017 00:00:00","ecl07857","12/01/2017 00:00:00"
"1000","0153","04/01/2018 00:00:00","12/31/2999 00:00:00","ja","薬粧品５３","","0","ecl07857","12/01/2017 00:00:00","ecl07857","12/01/2017 00:00:00"
"1000","0154","01/01/1970 00:00:00","03/31/2018 00:00:00","ja","薬粧品５４","","0","eisai_init","11/06/2017 00:00:00","ecl07857","12/01/2017 00:00:00"
"1000","0154","04/01/2018 00:00:00","12/31/2999 00:00:00","ja","薬粧品５４","","0","ecl07857","12/01/2017 00:00:00","ecl07857","12/01/2017 00:00:00"
"1000","0155","01/01/1970 00:00:00","03/31/2018 00:00:00","ja","薬粧品５５","","0","eisai_init","11/06/2017 00:00:00","ecl07857","12/01/2017 00:00:00"
"1000","0155","04/01/2018 00:00:00","12/31/2999 00:00:00","ja","薬粧品５５","","0","ecl07857","12/01/2017 00:00:00","ecl07857","12/01/2017 00:00:00"
"1000","0156","01/01/1970 00:00:00","03/31/2018 00:00:00","ja","薬粧品５６","","0","eisai_init","11/06/2017 00:00:00","ecl07857","12/01/2017 00:00:00"
"1000","0156","04/01/2018 00:00:00","12/31/2999 00:00:00","ja","薬粧品５６","","0","ecl07857","12/01/2017 00:00:00","ecl07857","12/01/2017 00:00:00"
"1000","0157","01/01/1970 00:00:00","03/31/2018 00:00:00","ja","薬粧品５７","","0","eisai_init","11/06/2017 00:00:00","ecl07857","12/01/2017 00:00:00"
"1000","0157","04/01/2018 00:00:00","12/31/2999 00:00:00","ja","薬粧品５７","","0","ecl07857","12/01/2017 00:00:00","ecl07857","12/01/2017 00:00:00"
"1000","0158","01/01/1970 00:00:00","03/31/2018 00:00:00","ja","薬粧品５８","","0","eisai_init","11/06/2017 00:00:00","ecl07857","12/01/2017 00:00:00"
"1000","0158","04/01/2018 00:00:00","12/31/2999 00:00:00","ja","薬粧品５８","","0","ecl07857","12/01/2017 00:00:00","ecl07857","12/01/2017 00:00:00"
"1000","0159","01/01/1970 00:00:00","03/31/2018 00:00:00","ja","薬粧品５９","","0","eisai_init","11/06/2017 00:00:00","ecl07857","12/01/2017 00:00:00"
"1000","0159","04/01/2018 00:00:00","12/31/2999 00:00:00","ja","薬粧品５９","","0","ecl07857","12/01/2017 00:00:00","ecl07857","12/01/2017 00:00:00"
"1000","0160","01/01/1970 00:00:00","03/31/2018 00:00:00","ja","薬粧品６０","","0","eisai_init","11/06/2017 00:00:00","ecl07857","12/01/2017 00:00:00"
"1000","0160","04/01/2018 00:00:00","12/31/2999 00:00:00","ja","薬粧品６０","","0","ecl07857","12/01/2017 00:00:00","ecl07857","12/01/2017 00:00:00"
"1000","0161","01/01/1970 00:00:00","03/31/2018 00:00:00","ja","薬粧品６１","","0","eisai_init","11/06/2017 00:00:00","ecl07857","12/01/2017 00:00:00"
"1000","0161","04/01/2018 00:00:00","12/31/2999 00:00:00","ja","薬粧品６１","","0","ecl07857","12/01/2017 00:00:00","ecl07857","12/01/2017 00:00:00"
"1000","0162","01/01/1970 00:00:00","03/31/2018 00:00:00","ja","薬粧品６２","","0","eisai_init","11/06/2017 00:00:00","ecl07857","12/01/2017 00:00:00"
"1000","0162","04/01/2018 00:00:00","12/31/2999 00:00:00","ja","薬粧品６２","","0","ecl07857","12/01/2017 00:00:00","ecl07857","12/01/2017 00:00:00"
"1000","0163","01/01/1970 00:00:00","03/31/2018 00:00:00","ja","薬粧品６３","","0","eisai_init","11/06/2017 00:00:00","ecl07857","12/01/2017 00:00:00"
"1000","0163","04/01/2018 00:00:00","12/31/2999 00:00:00","ja","薬粧品６３","","0","ecl07857","12/01/2017 00:00:00","ecl07857","12/01/2017 00:00:00"
"1000","0164","01/01/1970 00:00:00","03/31/2018 00:00:00","ja","薬粧品６４","","0","eisai_init","11/06/2017 00:00:00","ecl07857","12/01/2017 00:00:00"
"1000","0164","04/01/2018 00:00:00","12/31/2999 00:00:00","ja","薬粧品６４","","0","ecl07857","12/01/2017 00:00:00","ecl07857","12/01/2017 00:00:00"
"1000","0165","01/01/1970 00:00:00","03/31/2018 00:00:00","ja","薬粧品６５","","0","eisai_init","11/06/2017 00:00:00","ecl07857","12/01/2017 00:00:00"
"1000","0165","04/01/2018 00:00:00","12/31/2999 00:00:00","ja","薬粧品６５","","0","ecl07857","12/01/2017 00:00:00","ecl07857","12/01/2017 00:00:00"
"1000","0166","01/01/1970 00:00:00","03/31/2018 00:00:00","ja","薬粧品６６","","0","eisai_init","11/06/2017 00:00:00","ecl07857","12/01/2017 00:00:00"
"1000","0166","04/01/2018 00:00:00","12/31/2999 00:00:00","ja","薬粧品６６","","0","ecl07857","12/01/2017 00:00:00","ecl07857","12/01/2017 00:00:00"
"1000","0167","01/01/1970 00:00:00","03/31/2018 00:00:00","ja","薬粧品６７","","0","eisai_init","11/06/2017 00:00:00","ecl07857","12/01/2017 00:00:00"
"1000","0167","04/01/2018 00:00:00","12/31/2999 00:00:00","ja","薬粧品６７","","0","ecl07857","12/01/2017 00:00:00","ecl07857","12/01/2017 00:00:00"
"1000","0168","01/01/1970 00:00:00","03/31/2018 00:00:00","ja","薬粧品６８","","0","eisai_init","11/06/2017 00:00:00","ecl07857","12/01/2017 00:00:00"
"1000","0168","04/01/2018 00:00:00","12/31/2999 00:00:00","ja","薬粧品６８","","0","ecl07857","12/01/2017 00:00:00","ecl07857","12/01/2017 00:00:00"
"1000","0169","01/01/1970 00:00:00","03/31/2018 00:00:00","ja","薬粧品６９","","0","eisai_init","11/06/2017 00:00:00","ecl07857","12/01/2017 00:00:00"
"1000","0169","04/01/2018 00:00:00","12/31/2999 00:00:00","ja","薬粧品６９","","0","ecl07857","12/01/2017 00:00:00","ecl07857","12/01/2017 00:00:00"
"1000","0170","01/01/1970 00:00:00","03/31/2018 00:00:00","ja","薬粧品７０","","0","eisai_init","11/06/2017 00:00:00","ecl07857","12/01/2017 00:00:00"
"1000","0170","04/01/2018 00:00:00","12/31/2999 00:00:00","ja","薬粧品７０","","0","ecl07857","12/01/2017 00:00:00","ecl07857","12/01/2017 00:00:00"
"1000","0171","01/01/1970 00:00:00","03/31/2018 00:00:00","ja","薬粧品７１","","0","eisai_init","11/06/2017 00:00:00","ecl07857","12/01/2017 00:00:00"
"1000","0171","04/01/2018 00:00:00","12/31/2999 00:00:00","ja","薬粧品７１","","0","ecl07857","12/01/2017 00:00:00","ecl07857","12/01/2017 00:00:00"
"1000","0172","01/01/1970 00:00:00","03/31/2018 00:00:00","ja","薬粧品７２","","0","eisai_init","11/06/2017 00:00:00","ecl07857","12/01/2017 00:00:00"
"1000","0172","04/01/2018 00:00:00","12/31/2999 00:00:00","ja","薬粧品７２","","0","ecl07857","12/01/2017 00:00:00","ecl07857","12/01/2017 00:00:00"
"1000","0173","01/01/1970 00:00:00","03/31/2018 00:00:00","ja","薬粧品７３","","0","eisai_init","11/06/2017 00:00:00","ecl07857","12/01/2017 00:00:00"
"1000","0173","04/01/2018 00:00:00","12/31/2999 00:00:00","ja","薬粧品７３","","0","ecl07857","12/01/2017 00:00:00","ecl07857","12/01/2017 00:00:00"
"1000","0174","01/01/1970 00:00:00","03/31/2018 00:00:00","ja","薬粧品７４","","0","eisai_init","11/06/2017 00:00:00","ecl07857","12/01/2017 00:00:00"
"1000","0174","04/01/2018 00:00:00","12/31/2999 00:00:00","ja","薬粧品７４","","0","ecl07857","12/01/2017 00:00:00","ecl07857","12/01/2017 00:00:00"
"1000","0175","01/01/1970 00:00:00","03/31/2018 00:00:00","ja","薬粧品７５","","0","eisai_init","11/06/2017 00:00:00","ecl07857","12/01/2017 00:00:00"
"1000","0175","04/01/2018 00:00:00","12/31/2999 00:00:00","ja","薬粧品７５","","0","ecl07857","12/01/2017 00:00:00","ecl07857","12/01/2017 00:00:00"
"1000","0176","01/01/1970 00:00:00","03/31/2018 00:00:00","ja","薬粧品７６","","0","eisai_init","11/06/2017 00:00:00","ecl07857","12/01/2017 00:00:00"
"1000","0176","04/01/2018 00:00:00","12/31/2999 00:00:00","ja","薬粧品７６","","0","ecl07857","12/01/2017 00:00:00","ecl07857","12/01/2017 00:00:00"
"1000","0177","01/01/1970 00:00:00","03/31/2018 00:00:00","ja","薬粧品７７","","0","eisai_init","11/06/2017 00:00:00","ecl07857","12/01/2017 00:00:00"
"1000","0177","04/01/2018 00:00:00","12/31/2999 00:00:00","ja","薬粧品７７","","0","ecl07857","12/01/2017 00:00:00","ecl07857","12/01/2017 00:00:00"
"1000","0178","01/01/1970 00:00:00","03/31/2018 00:00:00","ja","薬粧品７８","","0","eisai_init","11/06/2017 00:00:00","ecl07857","12/01/2017 00:00:00"
"1000","0178","04/01/2018 00:00:00","12/31/2999 00:00:00","ja","薬粧品７８","","0","ecl07857","12/01/2017 00:00:00","ecl07857","12/01/2017 00:00:00"
"1000","0179","01/01/1970 00:00:00","03/31/2018 00:00:00","ja","薬粧品７９","","0","eisai_init","11/06/2017 00:00:00","ecl07857","12/01/2017 00:00:00"
"1000","0179","04/01/2018 00:00:00","12/31/2999 00:00:00","ja","薬粧品７９","","0","ecl07857","12/01/2017 00:00:00","ecl07857","12/01/2017 00:00:00"
"1000","0180","01/01/1970 00:00:00","03/31/2018 00:00:00","ja","薬粧品８０","","0","eisai_init","11/06/2017 00:00:00","ecl07857","12/01/2017 00:00:00"
"1000","0180","04/01/2018 00:00:00","12/31/2999 00:00:00","ja","薬粧品８０","","0","ecl07857","12/01/2017 00:00:00","ecl07857","12/01/2017 00:00:00"
"1000","0181","01/01/1970 00:00:00","03/31/2018 00:00:00","ja","薬粧品８１","","0","eisai_init","11/06/2017 00:00:00","ecl07857","12/01/2017 00:00:00"
"1000","0181","04/01/2018 00:00:00","12/31/2999 00:00:00","ja","薬粧品８１","","0","ecl07857","12/01/2017 00:00:00","ecl07857","12/01/2017 00:00:00"
"1000","0182","01/01/1970 00:00:00","03/31/2018 00:00:00","ja","薬粧品８２","","0","eisai_init","11/06/2017 00:00:00","ecl07857","12/01/2017 00:00:00"
"1000","0182","04/01/2018 00:00:00","12/31/2999 00:00:00","ja","薬粧品８２","","0","ecl07857","12/01/2017 00:00:00","ecl07857","12/01/2017 00:00:00"
"1000","0183","01/01/1970 00:00:00","03/31/2018 00:00:00","ja","薬粧品８３","","0","eisai_init","11/06/2017 00:00:00","ecl07857","12/01/2017 00:00:00"
"1000","0183","04/01/2018 00:00:00","12/31/2999 00:00:00","ja","薬粧品８３","","0","ecl07857","12/01/2017 00:00:00","ecl07857","12/01/2017 00:00:00"
"1000","0184","01/01/1970 00:00:00","03/31/2018 00:00:00","ja","薬粧品８４","","0","eisai_init","11/06/2017 00:00:00","ecl07857","12/01/2017 00:00:00"
"1000","0184","04/01/2018 00:00:00","12/31/2999 00:00:00","ja","薬粧品８４","","0","ecl07857","12/01/2017 00:00:00","ecl07857","12/01/2017 00:00:00"
"1000","0185","01/01/1970 00:00:00","03/31/2018 00:00:00","ja","薬粧品８５","","0","eisai_init","11/06/2017 00:00:00","ecl07857","12/01/2017 00:00:00"
"1000","0185","04/01/2018 00:00:00","12/31/2999 00:00:00","ja","薬粧品８５","","0","ecl07857","12/01/2017 00:00:00","ecl07857","12/01/2017 00:00:00"
"1000","0186","01/01/1970 00:00:00","03/31/2018 00:00:00","ja","薬粧品８６","","0","eisai_init","11/06/2017 00:00:00","ecl07857","12/01/2017 00:00:00"
"1000","0186","04/01/2018 00:00:00","12/31/2999 00:00:00","ja","薬粧品８６","","0","ecl07857","12/01/2017 00:00:00","ecl07857","12/01/2017 00:00:00"
"1000","0187","01/01/1970 00:00:00","03/31/2018 00:00:00","ja","薬粧品８７","","0","eisai_init","11/06/2017 00:00:00","ecl07857","12/01/2017 00:00:00"
"1000","0187","04/01/2018 00:00:00","12/31/2999 00:00:00","ja","薬粧品８７","","0","ecl07857","12/01/2017 00:00:00","ecl07857","12/01/2017 00:00:00"
"1000","0188","01/01/1970 00:00:00","03/31/2018 00:00:00","ja","薬粧品８８","","0","eisai_init","11/06/2017 00:00:00","ecl07857","12/01/2017 00:00:00"
"1000","0188","04/01/2018 00:00:00","12/31/2999 00:00:00","ja","薬粧品８８","","0","ecl07857","12/01/2017 00:00:00","ecl07857","12/01/2017 00:00:00"
"1000","0189","01/01/1970 00:00:00","03/31/2018 00:00:00","ja","薬粧品８９","","0","eisai_init","11/06/2017 00:00:00","ecl07857","12/01/2017 00:00:00"
"1000","0189","04/01/2018 00:00:00","12/31/2999 00:00:00","ja","薬粧品８９","","0","ecl07857","12/01/2017 00:00:00","ecl07857","12/01/2017 00:00:00"
"1000","0190","01/01/1970 00:00:00","03/31/2018 00:00:00","ja","薬粧品９０","","0","eisai_init","11/06/2017 00:00:00","ecl07857","12/01/2017 00:00:00"
"1000","0190","04/01/2018 00:00:00","12/31/2999 00:00:00","ja","薬粧品９０","","0","ecl07857","12/01/2017 00:00:00","ecl07857","12/01/2017 00:00:00"
"1000","0191","01/01/1970 00:00:00","03/31/2018 00:00:00","ja","薬粧品９１","","0","eisai_init","11/06/2017 00:00:00","ecl07857","12/01/2017 00:00:00"
"1000","0191","04/01/2018 00:00:00","12/31/2999 00:00:00","ja","薬粧品９１","","0","ecl07857","12/01/2017 00:00:00","ecl07857","12/01/2017 00:00:00"
"1000","0192","01/01/1970 00:00:00","03/31/2018 00:00:00","ja","薬粧品９２","","0","eisai_init","11/06/2017 00:00:00","ecl07857","12/01/2017 00:00:00"
"1000","0192","04/01/2018 00:00:00","12/31/2999 00:00:00","ja","薬粧品９２","","0","ecl07857","12/01/2017 00:00:00","ecl07857","12/01/2017 00:00:00"
"1000","0193","01/01/1970 00:00:00","03/31/2018 00:00:00","ja","薬粧品９３","","0","eisai_init","11/06/2017 00:00:00","ecl07857","12/01/2017 00:00:00"
"1000","0193","04/01/2018 00:00:00","12/31/2999 00:00:00","ja","薬粧品９３","","0","ecl07857","12/01/2017 00:00:00","ecl07857","12/01/2017 00:00:00"
"1000","0194","01/01/1970 00:00:00","03/31/2018 00:00:00","ja","薬粧品９４","","0","eisai_init","11/06/2017 00:00:00","ecl07857","12/01/2017 00:00:00"
"1000","0194","04/01/2018 00:00:00","12/31/2999 00:00:00","ja","薬粧品９４","","0","ecl07857","12/01/2017 00:00:00","ecl07857","12/01/2017 00:00:00"
"1000","0195","01/01/1970 00:00:00","03/31/2018 00:00:00","ja","その他","","0","eisai_init","11/06/2017 00:00:00","ecl07857","12/01/2017 00:00:00"
"1000","0195","04/01/2018 00:00:00","12/31/2999 00:00:00","ja","その他","","0","ecl07857","12/01/2017 00:00:00","ecl07857","12/01/2017 00:00:00"
"1000","0196","01/01/1970 00:00:00","03/31/2018 00:00:00","ja","薬粧品９６","","0","eisai_init","11/06/2017 00:00:00","ecl07857","12/01/2017 00:00:00"
"1000","0196","04/01/2018 00:00:00","12/31/2999 00:00:00","ja","薬粧品９６","","0","ecl07857","12/01/2017 00:00:00","ecl07857","12/01/2017 00:00:00"
"1000","0197","01/01/1970 00:00:00","03/31/2018 00:00:00","ja","薬値引","","0","eisai_init","11/06/2017 00:00:00","ecl07857","12/01/2017 00:00:00"
"1000","0197","04/01/2018 00:00:00","12/31/2999 00:00:00","ja","薬値引","","0","ecl07857","12/01/2017 00:00:00","ecl07857","12/01/2017 00:00:00"
"1000","0198","01/01/1970 00:00:00","03/31/2018 00:00:00","ja","粧値引","","0","eisai_init","11/06/2017 00:00:00","ecl07857","12/01/2017 00:00:00"
"1000","0198","04/01/2018 00:00:00","12/31/2999 00:00:00","ja","粧値引","","0","ecl07857","12/01/2017 00:00:00","ecl07857","12/01/2017 00:00:00"
"1000","0199","01/01/1970 00:00:00","03/31/2018 00:00:00","ja","薬粧品９９","","0","eisai_init","11/06/2017 00:00:00","ecl07857","12/01/2017 00:00:00"
"1000","0199","04/01/2018 00:00:00","12/31/2999 00:00:00","ja","薬粧品９９","","0","ecl07857","12/01/2017 00:00:00","ecl07857","12/01/2017 00:00:00"
"1000","0200","01/01/1970 00:00:00","03/31/2018 00:00:00","ja","医家品","","0","eisai_init","11/06/2017 00:00:00","ecl07857","12/01/2017 00:00:00"
"1000","0200","04/01/2018 00:00:00","12/31/2999 00:00:00","ja","医家品","","0","ecl07857","12/01/2017 00:00:00","ecl07857","12/01/2017 00:00:00"
"1000","0201","01/01/1970 00:00:00","03/31/2018 00:00:00","ja","医家品　空き","","0","eisai_init","11/06/2017 00:00:00","ecl07857","12/01/2017 00:00:00"
"1000","0201","04/01/2018 00:00:00","03/31/2021 00:00:00","ja","医家品　ＦＹＣ","","0","ecl07857","12/01/2017 00:00:00","ecl91526","12/02/2020 00:00:00"
"1000","0201","04/01/2021 00:00:00","03/31/2022 00:00:00","ja","医家品　ＤＶＧ","","0","ecl91526","12/02/2020 00:00:00","ecl97916","11/30/2021 00:00:00"
"1000","0201","04/01/2022 00:00:00","03/31/2023 00:00:00","ja","医家品　ＡＤＵ","","0","ecl97916","11/30/2021 00:00:00","ecl97916","12/01/2022 00:00:00"
"1000","0201","04/01/2023 00:00:00","12/31/2999 00:00:00","ja","医家品　ＬＥＱ","","0","ecl97916","12/01/2022 00:00:00","ecl97916","12/01/2022 00:00:00"
"1000","0202","08/01/2022 00:00:00","03/31/2023 00:00:00","ja","医家品　ＬＥＱ","","0","ecl97916","08/25/2022 00:00:00","ecl97916","12/01/2022 00:00:00"
"1000","0202","04/01/2023 00:00:00","12/31/2999 00:00:00","ja","医家品　空き","","0","ecl97916","12/01/2022 00:00:00","ecl97490","09/20/2023 00:00:00"
"1000","0203","01/01/1970 00:00:00","03/31/2018 00:00:00","ja","医家品　ＦＹＣ","","0","eisai_init","11/06/2017 00:00:00","ecl07857","12/01/2017 00:00:00"
"1000","0203","04/01/2018 00:00:00","03/31/2020 00:00:00","ja","医家品　ＬＹＲ","","0","ecl07857","12/01/2017 00:00:00","ecl05958","12/03/2019 00:00:00"
"1000","0203","04/01/2020 00:00:00","03/31/2021 00:00:00","ja","医家品　ＤＶＧ","","0","ecl05958","12/03/2019 00:00:00","ecl91526","12/02/2020 00:00:00"
"1000","0203","04/01/2021 00:00:00","03/31/2022 00:00:00","ja","医家品　ＦＹＣ","","0","ecl91526","12/02/2020 00:00:00","ecl97916","11/30/2021 00:00:00"
"1000","0203","04/01/2022 00:00:00","12/31/2999 00:00:00","ja","医家品　ＤＶＧ","","0","ecl97916","11/30/2021 00:00:00","ecl97916","11/30/2021 00:00:00"
"1000","0205","01/01/1970 00:00:00","03/31/2018 00:00:00","ja","医家品　ＬＵＮ","","0","eisai_init","11/06/2017 00:00:00","ecl07857","12/01/2017 00:00:00"
"1000","0205","04/01/2018 00:00:00","03/31/2020 00:00:00","ja","医家品　ＨＵＲ","","0","ecl07857","12/01/2017 00:00:00","ecl05958","12/03/2019 00:00:00"
"1000","0205","04/01/2020 00:00:00","03/31/2022 00:00:00","ja","医家品　ＥＱＦ","","0","ecl05958","12/03/2019 00:00:00","ecl97916","11/30/2021 00:00:00"
"1000","0205","04/01/2022 00:00:00","03/31/2026 00:00:00","ja","医家品　ＦＹＣ","","0","ecl97916","11/30/2021 00:00:00","ecl11619","10/14/2025 00:00:00"
"1000","0205","04/01/2026 00:00:00","12/31/2999 00:00:00","ja","医家品　ＥＱＦ","","0","ecl11619","10/14/2025 00:00:00","ecl11619","10/14/2025 00:00:00"
"1000","0207","01/01/1970 00:00:00","03/31/2018 00:00:00","ja","医家品　ＬＹＲ","","0","eisai_init","11/06/2017 00:00:00","ecl07857","12/01/2017 00:00:00"
"1000","0207","04/01/2018 00:00:00","03/31/2019 00:00:00","ja","医家品　ＣＲＭ－Ｇ","","0","ecl07857","12/03/2018 00:00:00","ips00017","12/01/2017 00:00:00"
"1000","0207","04/01/2019 00:00:00","03/31/2020 00:00:00","ja","医家品　ＬＵＮ","","0","ips00017","12/03/2018 00:00:00","ecl05958","12/03/2019 00:00:00"
"1000","0207","04/01/2020 00:00:00","03/31/2021 00:00:00","ja","医家品　ＣＲＭ","","0","ecl05958","12/03/2019 00:00:00","ecl91526","12/02/2020 00:00:00"
"1000","0207","04/01/2021 00:00:00","03/31/2022 00:00:00","ja","医家品　ＪＹＳ","","0","ecl91526","12/02/2020 00:00:00","ecl97916","11/30/2021 00:00:00"
"1000","0207","04/01/2022 00:00:00","03/31/2024 00:00:00","ja","医家品　ＥＱＦ","","0","ecl97916","11/30/2021 00:00:00","ecl97490","09/15/2023 00:00:00"
"1000","0207","04/01/2024 00:00:00","03/31/2026 00:00:00","ja","医家品　ＥＱＦ","","0","ecl97916","02/05/2024 00:00:00","ecl11619","10/14/2025 00:00:00"
"1000","0207","04/01/2026 00:00:00","12/31/2999 00:00:00","ja","医家品　ＦＹＣ","","0","ecl11619","10/14/2025 00:00:00","ecl11619","10/14/2025 00:00:00"
"1000","0209","01/01/1970 00:00:00","03/31/2018 00:00:00","ja","医家品　ＨＵＲ","","0","eisai_init","11/06/2017 00:00:00","ecl07857","12/01/2017 00:00:00"
"1000","0209","04/01/2018 00:00:00","03/31/2019 00:00:00","ja","医家品　ＦＯＳ","","0","ecl07857","12/03/2018 00:00:00","ips00017","12/01/2017 00:00:00"
"1000","0209","04/01/2019 00:00:00","03/31/2020 00:00:00","ja","医家品　ＣＲＭ－Ｇ","","0","ips00017","12/03/2018 00:00:00","ecl05958","12/03/2019 00:00:00"
"1000","0209","04/01/2020 00:00:00","03/31/2021 00:00:00","ja","医家品　ＬＵＮ","","0","ecl05958","12/03/2019 00:00:00","ecl91526","12/02/2020 00:00:00"
"1000","0209","04/01/2021 00:00:00","03/31/2022 00:00:00","ja","医家品　ＡＤＵ","","0","ecl91526","12/02/2020 00:00:00","ecl97916","11/30/2021 00:00:00"
"1000","0209","04/01/2022 00:00:00","12/31/2999 00:00:00","ja","医家品　空き","","0","ecl97916","11/30/2021 00:00:00","ecl97490","09/20/2023 00:00:00"
"1000","0210","01/01/1970 00:00:00","03/31/2018 00:00:00","ja","医家品　空き","","0","eisai_init","11/06/2017 00:00:00","ecl07857","12/01/2017 00:00:00"
"1000","0211","01/01/1970 00:00:00","03/31/2018 00:00:00","ja","医家品　ＣＲＭ","","0","eisai_init","11/06/2017 00:00:00","ecl07857","12/01/2017 00:00:00"
"1000","0211","04/01/2018 00:00:00","03/31/2019 00:00:00","ja","医家品　ＩＮＯ","","0","ecl07857","12/03/2018 00:00:00","ips00017","12/01/2017 00:00:00"
"1000","0211","04/01/2019 00:00:00","03/31/2020 00:00:00","ja","医家品　ＮＬＩ","","0","ips00017","12/03/2018 00:00:00","ecl05958","12/03/2019 00:00:00"
"1000","0211","04/01/2020 00:00:00","03/31/2021 00:00:00","ja","医家品　ＬＹＲ","","0","ecl05958","12/03/2019 00:00:00","ecl91526","12/02/2020 00:00:00"
"1000","0211","04/01/2021 00:00:00","03/31/2022 00:00:00","ja","医家品　ＨＵＲ","","0","ecl91526","12/02/2020 00:00:00","ecl97916","11/30/2021 00:00:00"
"1000","0211","04/01/2022 00:00:00","03/31/2026 00:00:00","ja","医家品　ＮＬＩ","","0","ecl97916","11/30/2021 00:00:00","ecl11619","10/14/2025 00:00:00"
"1000","0211","04/01/2026 00:00:00","12/31/2999 00:00:00","ja","医家品　空き","","0","ecl11619","10/15/2025 00:00:00","ecl11619","10/15/2025 00:00:00"
"1000","0213","01/01/1970 00:00:00","03/31/2018 00:00:00","ja","医家品　ＦＯＳ","","0","eisai_init","11/06/2017 00:00:00","ecl07857","12/01/2017 00:00:00"
"1000","0213","04/01/2018 00:00:00","03/31/2019 00:00:00","ja","医家品　ＮＢ","","0","ecl07857","12/03/2018 00:00:00","ips00017","12/01/2017 00:00:00"
"1000","0213","04/01/2019 00:00:00","03/31/2020 00:00:00","ja","医家品　ＦＯＳ","","0","ips00017","12/03/2018 00:00:00","ecl05958","12/03/2019 00:00:00"
"1000","0213","04/01/2020 00:00:00","03/31/2021 00:00:00","ja","医家品　ＨＵＲ","","0","ecl05958","12/03/2019 00:00:00","ecl91526","12/02/2020 00:00:00"
"1000","0213","04/01/2021 00:00:00","03/31/2022 00:00:00","ja","医家品　ＬＹＲ","","0","ecl91526","12/02/2020 00:00:00","ecl97916","11/30/2021 00:00:00"
"1000","0213","04/01/2022 00:00:00","03/31/2024 00:00:00","ja","医家品　ＴＥＣ","","0","ecl97916","11/30/2021 00:00:00","ecl97490","09/15/2023 00:00:00"
"1000","0213","04/01/2024 00:00:00","12/31/2999 00:00:00","ja","医家品　提携品他","","0","ecl97916","11/30/2021 00:00:00","ecl98821","03/08/2024 00:00:00"
"1000","0215","01/01/1970 00:00:00","03/31/2018 00:00:00","ja","医家品　ＩＮＯ","","0","eisai_init","11/06/2017 00:00:00","ecl07857","12/01/2017 00:00:00"
"1000","0215","04/01/2018 00:00:00","03/31/2019 00:00:00","ja","医家品　ＧＬＩ","","0","ecl07857","12/03/2018 00:00:00","ips00017","12/01/2017 00:00:00"
"1000","0215","04/01/2019 00:00:00","03/31/2020 00:00:00","ja","医家品　ＩＮＯ","","0","ips00017","12/03/2018 00:00:00","ecl05958","12/03/2019 00:00:00"
"1000","0215","04/01/2020 00:00:00","03/31/2022 00:00:00","ja","医家品　ＮＬＩ","","0","ecl05958","12/03/2019 00:00:00","ecl97916","11/30/2021 00:00:00"
"1000","0215","04/01/2022 00:00:00","03/31/2024 00:00:00","ja","医家品　ＡＶＸ","","0","ecl97916","11/30/2021 00:00:00","ecl97490","09/15/2023 00:00:00"
"1000","0215","04/01/2024 00:00:00","12/31/2999 00:00:00","ja","医家品　空き","","0","ecl97916","11/30/2021 00:00:00","ecl97490","09/20/2023 00:00:00"
"1000","0217","01/01/1970 00:00:00","03/31/2018 00:00:00","ja","医家品　ＭＡＸ","","0","eisai_init","11/06/2017 00:00:00","ecl07857","12/01/2017 00:00:00"
"1000","0217","04/01/2018 00:00:00","03/31/2019 00:00:00","ja","医家品　ＴＥＣ","","0","ecl07857","12/03/2018 00:00:00","ips00017","12/01/2017 00:00:00"
"1000","0217","04/01/2019 00:00:00","03/31/2020 00:00:00","ja","医家品　ＧＬＩ","","0","ips00017","12/03/2018 00:00:00","ecl05958","12/03/2019 00:00:00"
"1000","0217","04/01/2020 00:00:00","03/31/2022 00:00:00","ja","医家品　ＴＥＣ","","0","ecl05958","12/03/2019 00:00:00","ecl97916","11/30/2021 00:00:00"
"1000","0217","04/01/2022 00:00:00","03/31/2024 00:00:00","ja","医家品　ＴＹＳ","","0","ecl97916","11/30/2021 00:00:00","ecl97490","09/15/2023 00:00:00"
"1000","0217","04/01/2024 00:00:00","12/31/2999 00:00:00","ja","医家品　空き","","0","ecl97916","11/30/2021 00:00:00","ecl97490","09/20/2023 00:00:00"
"1000","0219","01/01/1970 00:00:00","03/31/2018 00:00:00","ja","医家品　ＮＢ","","0","eisai_init","11/06/2017 00:00:00","ecl07857","12/01/2017 00:00:00"
"1000","0219","04/01/2018 00:00:00","03/31/2019 00:00:00","ja","医家品　ＡＶＸ","","0","ecl07857","12/03/2018 00:00:00","ips00017","12/01/2017 00:00:00"
"1000","0219","04/01/2019 00:00:00","03/31/2020 00:00:00","ja","医家品　ＴＥＣ","","0","ips00017","12/03/2018 00:00:00","ecl05958","12/03/2019 00:00:00"
"1000","0219","04/01/2020 00:00:00","03/31/2022 00:00:00","ja","医家品　ＡＶＸ","","0","ecl05958","12/03/2019 00:00:00","ecl97916","11/30/2021 00:00:00"
"1000","0219","04/01/2022 00:00:00","12/31/2999 00:00:00","ja","医家品　空き","","0","ecl97916","11/30/2021 00:00:00","ecl97490","09/20/2023 00:00:00"
"1000","0221","01/01/1970 00:00:00","03/31/2018 00:00:00","ja","医家品　ＧＬＩ","","0","eisai_init","11/06/2017 00:00:00","ecl07857","12/01/2017 00:00:00"
"1000","0221","04/01/2018 00:00:00","03/31/2019 00:00:00","ja","医家品　ＴＹＳ","","0","ecl07857","12/03/2018 00:00:00","ips00017","12/01/2017 00:00:00"
"1000","0221","04/01/2019 00:00:00","03/31/2020 00:00:00","ja","医家品　ＡＶＸ","","0","ips00017","12/03/2018 00:00:00","ecl05958","12/03/2019 00:00:00"
"1000","0221","04/01/2020 00:00:00","03/31/2022 00:00:00","ja","医家品　ＴＹＳ","","0","ecl05958","12/03/2019 00:00:00","ecl97916","11/30/2021 00:00:00"
"1000","0221","04/01/2022 00:00:00","03/31/2023 00:00:00","ja","医家品　ＬＹＲ","","0","ecl97916","11/30/2021 00:00:00","ecl97916","12/01/2022 00:00:00"
"1000","0221","04/01/2023 00:00:00","03/31/2024 00:00:00","ja","医家品　空き","","0","ecl97916","12/01/2022 00:00:00","ecl97490","09/15/2023 00:00:00"
"1000","0221","04/01/2024 00:00:00","12/31/2999 00:00:00","ja","医家品　ＥＱＦ","","0","ecl97916","12/01/2022 00:00:00","ecl97490","09/15/2023 00:00:00"
"1000","0222","01/01/1970 00:00:00","03/31/2018 00:00:00","ja","医家品　ＣｏＰｒｏ","","0","eisai_init","11/06/2017 00:00:00","ecl07857","12/01/2017 00:00:00"
"1000","0222","04/01/2026 00:00:00","12/31/2999 00:00:00","ja","医家品　ＦＹＣ","","0","ecl11370","01/27/2026 00:00:00","ecl11370","01/27/2026 00:00:00"
"1000","0223","01/01/1970 00:00:00","03/31/2018 00:00:00","ja","医家品　ＡＲＴ","","0","eisai_init","11/06/2017 00:00:00","ecl07857","12/01/2017 00:00:00"
"1000","0223","04/01/2018 00:00:00","03/31/2019 00:00:00","ja","医家品　ＮＬＩ","","0","ecl07857","12/03/2018 00:00:00","ips00017","12/01/2017 00:00:00"
"1000","0223","04/01/2019 00:00:00","03/31/2020 00:00:00","ja","医家品　ＴＹＳ","","0","ips00017","12/03/2018 00:00:00","ecl05958","12/03/2019 00:00:00"
"1000","0223","04/01/2020 00:00:00","03/31/2021 00:00:00","ja","医家品　ＪＹＳ","","0","ecl05958","12/03/2019 00:00:00","ecl91526","12/02/2020 00:00:00"
"1000","0223","04/01/2021 00:00:00","03/31/2022 00:00:00","ja","医家品　空き","","0","ecl91526","12/02/2020 00:00:00","ecl97916","11/30/2021 00:00:00"
"1000","0223","04/01/2022 00:00:00","12/31/2999 00:00:00","ja","医家品　ＬＵＮ","","0","ecl97916","11/30/2021 00:00:00","ecl97916","11/30/2021 00:00:00"
"1000","0225","01/01/1970 00:00:00","03/31/2018 00:00:00","ja","医家品　ＩＯＭ","","0","eisai_init","11/06/2017 00:00:00","ecl07857","12/01/2017 00:00:00"
"1000","0225","10/01/2018 00:00:00","03/31/2020 00:00:00","ja","医家品　ＥＱＦ","","0","ecl05958","10/05/2018 00:00:00","ecl05958","12/03/2019 00:00:00"
"1000","0225","04/01/2020 00:00:00","03/31/2022 00:00:00","ja","医家品　空き","","0","ecl05958","12/03/2019 00:00:00","ecl97916","11/30/2021 00:00:00"
"1000","0225","04/01/2022 00:00:00","12/31/2999 00:00:00","ja","医家品　ＡＲＴ","","0","ecl97916","11/30/2021 00:00:00","ecl97916","11/30/2021 00:00:00"
"1000","0227","01/01/1970 00:00:00","03/31/2018 00:00:00","ja","医家品　ＰＲＯ","","0","eisai_init","11/06/2017 00:00:00","ecl07857","12/01/2017 00:00:00"
"1000","0227","03/01/2019 00:00:00","03/31/2020 00:00:00","ja","医家品　ＤＶＧ","","0","ecl05958","03/05/2019 00:00:00","ecl05958","12/03/2019 00:00:00"
"1000","0227","04/01/2020 00:00:00","03/31/2022 00:00:00","ja","医家品　空き","","0","ecl05958","12/03/2019 00:00:00","ecl97916","11/30/2021 00:00:00"
"1000","0227","04/01/2022 00:00:00","12/31/2999 00:00:00","ja","医家品　ＭＢＬ","","0","ecl97916","11/30/2021 00:00:00","ecl97916","11/30/2021 00:00:00"
"1000","0229","01/01/1970 00:00:00","03/31/2018 00:00:00","ja","医家品　ＳＩＬ－Ｇ","","0","eisai_init","11/06/2017 00:00:00","ecl07857","12/01/2017 00:00:00"
"1000","0229","04/01/2018 00:00:00","03/31/2022 00:00:00","ja","医家品　空き","","0","ecl97916","11/30/2021 00:00:00","ecl97916","11/30/2021 00:00:00"
"1000","0229","04/01/2022 00:00:00","03/31/2024 00:00:00","ja","医家品　ＩＯＭ","","0","ecl97916","11/30/2021 00:00:00","ecl97490","09/15/2023 00:00:00"
"1000","0229","04/01/2024 00:00:00","12/31/2999 00:00:00","ja","医家品　ＲＢＭ","","0","ecl97916","02/05/2024 00:00:00","ecl97490","02/05/2024 00:00:00"
"1000","0231","01/01/1970 00:00:00","03/31/2018 00:00:00","ja","医家品　ＡＣＬ","","0","eisai_init","11/06/2017 00:00:00","ecl07857","12/01/2017 00:00:00"
"1000","0231","04/01/2018 00:00:00","03/31/2019 00:00:00","ja","医家品　ＬＵＮ","","0","ecl07857","12/03/2018 00:00:00","ips00017","12/01/2017 00:00:00"
"1000","0231","04/01/2019 00:00:00","03/31/2020 00:00:00","ja","医家品　空き","","0","ips00017","12/03/2018 00:00:00","ecl05958","12/03/2019 00:00:00"
"1000","0231","04/01/2020 00:00:00","03/31/2021 00:00:00","ja","医家品　ＦＯＳ","","0","ecl05958","12/03/2019 00:00:00","ecl91526","12/02/2020 00:00:00"
"1000","0231","04/01/2021 00:00:00","03/31/2022 00:00:00","ja","医家品　ＣＲＭ","","0","ecl91526","12/02/2020 00:00:00","ecl97916","11/30/2021 00:00:00"
"1000","0231","04/01/2022 00:00:00","03/31/2024 00:00:00","ja","医家品　ＰＲＯ","","0","ecl97916","11/30/2021 00:00:00","ecl97490","09/15/2023 00:00:00"
"1000","0231","04/01/2024 00:00:00","12/31/2999 00:00:00","ja","医家品　値引他","","0","ecl97916","11/30/2021 00:00:00","ecl98821","03/08/2024 00:00:00"
"1000","0233","01/01/1970 00:00:00","03/31/2018 00:00:00","ja","医家品　ＤＣＢ","","0","eisai_init","11/06/2017 00:00:00","ecl07857","12/01/2017 00:00:00"
"1000","0233","04/01/2018 00:00:00","03/31/2020 00:00:00","ja","医家品　ＡＲＴ","","0","ecl07857","12/01/2017 00:00:00","ecl05958","12/03/2019 00:00:00"
"1000","0233","04/01/2020 00:00:00","03/31/2021 00:00:00","ja","医家品　ＩＮＯ","","0","ecl05958","12/03/2019 00:00:00","ecl91526","12/02/2020 00:00:00"
"1000","0233","04/01/2021 00:00:00","03/31/2022 00:00:00","ja","医家品　ＬＵＮ","","0","ecl91526","12/02/2020 00:00:00","ecl97916","11/30/2021 00:00:00"
"1000","0233","04/01/2022 00:00:00","03/31/2024 00:00:00","ja","医家品　ＡＣＬ","","0","ecl97916","11/30/2021 00:00:00","ecl97490","09/15/2023 00:00:00"
"1000","0233","04/01/2024 00:00:00","12/31/2999 00:00:00","ja","医家品　ＡＣＬ","","0","ecl97916","02/05/2024 00:00:00","ecl97490","02/05/2024 00:00:00"
"1000","0235","01/01/1970 00:00:00","03/31/2018 00:00:00","ja","医家品　空き","","0","eisai_init","11/06/2017 00:00:00","ecl07857","12/01/2017 00:00:00"
"1000","0235","04/01/2018 00:00:00","03/31/2020 00:00:00","ja","医家品　ＩＯＭ","","0","ecl07857","12/01/2017 00:00:00","ecl05958","12/03/2019 00:00:00"
"1000","0235","04/01/2020 00:00:00","03/31/2021 00:00:00","ja","医家品　ＧＬＩ","","0","ecl05958","12/03/2019 00:00:00","ecl91526","12/02/2020 00:00:00"
"1000","0235","04/01/2021 00:00:00","03/31/2022 00:00:00","ja","医家品　ＡＲＴ","","0","ecl91526","12/02/2020 00:00:00","ecl97916","11/30/2021 00:00:00"
"1000","0235","04/01/2022 00:00:00","03/31/2026 00:00:00","ja","医家品　ＷＦ","","0","ecl97916","11/30/2021 00:00:00","ecl11619","10/14/2025 00:00:00"
"1000","0235","04/01/2026 00:00:00","12/31/2999 00:00:00","ja","医家品　空き","","0","ecl11619","10/15/2025 00:00:00","ecl11619","10/15/2025 00:00:00"
"1000","0237","01/01/1970 00:00:00","03/31/2018 00:00:00","ja","医家品　ＭＢＬ","","0","eisai_init","11/06/2017 00:00:00","ecl07857","12/01/2017 00:00:00"
"1000","0237","04/01/2018 00:00:00","03/31/2020 00:00:00","ja","医家品　ＰＲＯ","","0","ecl07857","12/01/2017 00:00:00","ecl05958","12/03/2019 00:00:00"
"1000","0237","04/01/2020 00:00:00","03/31/2021 00:00:00","ja","医家品　ＡＲＴ","","0","ecl05958","12/03/2019 00:00:00","ecl91526","12/02/2020 00:00:00"
"1000","0237","04/01/2021 00:00:00","03/31/2022 00:00:00","ja","医家品　ＭＢＬ","","0","ecl91526","12/02/2020 00:00:00","ecl97916","11/30/2021 00:00:00"
"1000","0237","04/01/2022 00:00:00","12/31/2999 00:00:00","ja","医家品　ＩＮＯ","","0","ecl97916","11/30/2021 00:00:00","ecl97916","12/01/2021 00:00:00"
"1000","0239","01/01/1970 00:00:00","03/31/2018 00:00:00","ja","医家品　ＭＹＯ","","0","eisai_init","11/06/2017 00:00:00","ecl07857","12/01/2017 00:00:00"
"1000","0239","04/01/2018 00:00:00","03/31/2019 00:00:00","ja","医家品　ＳＩＬ－Ｇ","","0","ecl07857","12/03/2018 00:00:00","ips00017","12/01/2017 00:00:00"
"1000","0239","04/01/2019 00:00:00","03/31/2020 00:00:00","ja","医家品　ＡＣＬ","","0","ips00017","12/03/2018 00:00:00","ecl05958","12/03/2019 00:00:00"
"1000","0239","04/01/2020 00:00:00","03/31/2022 00:00:00","ja","医家品　ＩＯＭ","","0","ecl05958","12/03/2019 00:00:00","ecl979164","11/30/2021 00:00:00"
"1000","0239","04/01/2022 00:00:00","12/31/2999 00:00:00","ja","医家品　ＧＬＩ","","0","ecl979164","11/30/2021 00:00:00","ecl979164","11/30/2021 00:00:00"
"1000","0241","01/01/1970 00:00:00","03/31/2018 00:00:00","ja","医家品　ＷＦ","","0","eisai_init","11/06/2017 00:00:00","ecl07857","12/01/2017 00:00:00"
"1000","0241","04/01/2018 00:00:00","03/31/2019 00:00:00","ja","医家品　空き","","1","eisai_init","12/03/2018 00:00:00","ips00017","12/01/2017 00:00:00"
"1000","0241","04/01/2019 00:00:00","03/31/2020 00:00:00","ja","医家品　ＭＡＸ","","0","ips00017","12/03/2018 00:00:00","ecl05958","12/03/2019 00:00:00"
"1000","0241","04/01/2020 00:00:00","03/31/2022 00:00:00","ja","医家品　ＰＲＯ","","0","ecl05958","12/03/2019 00:00:00","ecl979164","11/30/2021 00:00:00"
"1000","0241","04/01/2022 00:00:00","03/31/2024 00:00:00","ja","医家品　ＮＢ","","0","ecl979164","11/30/2021 00:00:00","ecl97490","09/15/2023 00:00:00"
"1000","0241","04/01/2024 00:00:00","03/31/2026 00:00:00","ja","医家品　基盤品他","","0","ecl979164","11/30/2021 00:00:00","ecl11370","12/17/2025 00:00:00"
"1000","0241","04/01/2026 00:00:00","12/31/2999 00:00:00","ja","医家品　基盤（中止）","","0","ecl11370","12/17/2025 00:00:00","ecl11370","12/17/2025 00:00:00"
"1000","0243","01/01/1970 00:00:00","03/31/2018 00:00:00","ja","医家品　ＴＭＢ","","0","eisai_init","11/06/2017 00:00:00","ecl07857","12/01/2017 00:00:00"
"1000","0243","04/01/2018 00:00:00","03/31/2019 00:00:00","ja","医家品　ＡＣＬ","","0","ecl07857","12/03/2018 00:00:00","ips00017","12/01/2017 00:00:00"
"1000","0243","04/01/2019 00:00:00","03/31/2020 00:00:00","ja","医家品　ＤＣＢ","","0","ips00017","12/03/2018 00:00:00","ecl05958","12/03/2019 00:00:00"
"1000","0243","04/01/2020 00:00:00","03/31/2022 00:00:00","ja","医家品　ＡＣＬ","","0","ecl05958","12/03/2019 00:00:00","ecl97916","11/30/2021 00:00:00"
"1000","0243","04/01/2022 00:00:00","12/31/2999 00:00:00","ja","医家品　ＦＯＳ","","0","ecl97916","11/30/2021 00:00:00","ecl97916","12/06/2021 00:00:00"
"1000","0244","04/01/2022 00:00:00","12/31/2999 00:00:00","ja","医家品　ＤＣＢ","","0","ecl97916","12/06/2021 00:00:00","ecl97916","12/06/2021 00:00:00"
"1000","0245","01/01/1970 00:00:00","03/31/2018 00:00:00","ja","医家品　空き","","0","eisai_init","11/06/2017 00:00:00","ecl07857","12/01/2017 00:00:00"
"1000","0245","04/01/2018 00:00:00","03/31/2019 00:00:00","ja","医家品　ＭＡＸ","","0","ecl07857","12/03/2018 00:00:00","ips00017","12/01/2017 00:00:00"
"1000","0245","04/01/2019 00:00:00","03/31/2021 00:00:00","ja","医家品　ＭＢＬ","","0","ips00017","12/03/2018 00:00:00","ecl91526","12/02/2020 00:00:00"
"1000","0245","04/01/2021 00:00:00","03/31/2022 00:00:00","ja","医家品　ＷＦ","","0","ecl91526","12/02/2020 00:00:00","ecl97916","11/30/2021 00:00:00"
"1000","0245","04/01/2022 00:00:00","03/31/2026 00:00:00","ja","医家品　安定品","","0","ecl97916","11/30/2021 00:00:00","ecl60089","12/08/2025 00:00:00"
"1000","0245","04/01/2026 00:00:00","12/31/2999 00:00:00","ja","医家品　安定品Ｂ","","0","ecl60089","12/08/2025 00:00:00","ecl60089","12/08/2025 00:00:00"
"1000","0246","07/01/2024 00:00:00","12/31/2999 00:00:00","ja","医家品安定品ＭＡＸ２","","0","ecl98821","07/01/2024 00:00:00","ecl98821","07/02/2024 00:00:00"
"1000","0247","01/01/1970 00:00:00","03/31/2018 00:00:00","ja","医家品　安定品","","0","eisai_init","11/06/2017 00:00:00","ecl07857","12/01/2017 00:00:00"
"1000","0247","04/01/2018 00:00:00","03/31/2019 00:00:00","ja","医家品　ＤＣＢ","","0","ecl07857","12/03/2018 00:00:00","ips00017","12/01/2017 00:00:00"
"1000","0247","04/01/2019 00:00:00","03/31/2021 00:00:00","ja","医家品　ＷＦ","","0","ips00017","12/03/2018 00:00:00","ecl91526","12/02/2020 00:00:00"
"1000","0247","04/01/2021 00:00:00","03/31/2022 00:00:00","ja","医家品　ＦＯＳ","","0","ecl91526","12/02/2020 00:00:00","ecl97916","11/30/2021 00:00:00"
"1000","0247","04/01/2022 00:00:00","12/31/2999 00:00:00","ja","医家品　安定（１円他）","","0","ecl97916","11/30/2021 00:00:00","ecl97916","12/03/2021 00:00:00"
"1000","0248","04/01/2026 00:00:00","12/31/2999 00:00:00","ja","医家品　安定品Ｒ","","0","ecl60089","12/08/2025 00:00:00","ecl60089","12/08/2025 00:00:00"
"1000","0249","01/01/1970 00:00:00","03/31/2018 00:00:00","ja","医家品　安定（１円他）","","0","eisai_init","11/06/2017 00:00:00","ecl07857","12/01/2017 00:00:00"
"1000","0249","04/01/2018 00:00:00","03/31/2019 00:00:00","ja","医家品　ＭＢＬ","","0","ecl07857","12/03/2018 00:00:00","ips00017","12/01/2017 00:00:00"
"1000","0249","04/01/2019 00:00:00","03/31/2020 00:00:00","ja","医家品　ＴＭＢ","","0","ips00017","12/03/2018 00:00:00","ecl05958","12/03/2019 00:00:00"
"1000","0249","04/01/2020 00:00:00","03/31/2021 00:00:00","ja","医家品　ＮＢ","","0","ecl05958","12/03/2019 00:00:00","ecl91526","12/02/2020 00:00:00"
"1000","0249","04/01/2021 00:00:00","03/31/2022 00:00:00","ja","医家品　ＩＮＯ","","0","ecl91526","12/02/2020 00:00:00","ecl97916","11/30/2021 00:00:00"
"1000","0249","04/01/2022 00:00:00","12/31/2999 00:00:00","ja","医家品　安定（中止）","","0","ecl97916","11/30/2021 00:00:00","ecl97916","12/03/2021 00:00:00"
"1000","0251","01/01/1970 00:00:00","03/31/2018 00:00:00","ja","医家品　安定（中止）","","0","eisai_init","11/06/2017 00:00:00","ecl07857","12/01/2017 00:00:00"
"1000","0251","04/01/2018 00:00:00","03/31/2019 00:00:00","ja","医家品　ＭＹＯ","","0","ecl07857","12/03/2018 00:00:00","ips00017","12/01/2017 00:00:00"
"1000","0251","04/01/2019 00:00:00","03/31/2020 00:00:00","ja","医家品　ＮＢ","","0","ips00017","12/03/2018 00:00:00","ecl05958","12/03/2019 00:00:00"
"1000","0251","04/01/2020 00:00:00","03/31/2021 00:00:00","ja","医家品　ＳＩＬ","","0","ecl05958","12/03/2019 00:00:00","ecl91526","12/02/2020 00:00:00"
"1000","0251","04/01/2021 00:00:00","03/31/2022 00:00:00","ja","医家品　ＧＬＩ","","0","ecl91526","12/02/2020 00:00:00","ecl97916","11/30/2021 00:00:00"
"1000","0251","04/01/2022 00:00:00","12/31/2999 00:00:00","ja","医家品　ＬＥＮ","","0","ecl97916","11/30/2021 00:00:00","ecl97916","11/30/2021 00:00:00"
"1000","0252","09/01/2022 00:00:00","12/31/2999 00:00:00","ja","医家品　ＴＡＳ","","0","ecl97916","09/15/2022 00:00:00","ecl97916","09/15/2022 00:00:00"
"1000","0253","01/01/1970 00:00:00","03/31/2018 00:00:00","ja","医家品　空き","","0","eisai_init","11/06/2017 00:00:00","ecl07857","12/01/2017 00:00:00"
"1000","0253","04/01/2018 00:00:00","03/31/2019 00:00:00","ja","医家品　ＷＦ","","0","ecl07857","12/03/2018 00:00:00","ips00017","12/01/2017 00:00:00"
"1000","0253","04/01/2019 00:00:00","03/31/2020 00:00:00","ja","医家品　ＳＩＬ－Ｇ","","0","ips00017","12/03/2018 00:00:00","ecl05958","12/03/2019 00:00:00"
"1000","0253","04/01/2020 00:00:00","03/31/2021 00:00:00","ja","医家品　ＤＣＢ","","0","ecl05958","12/03/2019 00:00:00","ecl91526","12/02/2020 00:00:00"
"1000","0253","04/01/2021 00:00:00","03/31/2022 00:00:00","ja","医家品　ＮＢ","","0","ecl91526","12/02/2020 00:00:00","ecl97916","11/30/2021 00:00:00"
"1000","0253","04/01/2022 00:00:00","12/31/2999 00:00:00","ja","医家品　ＨＡＬ","","0","ecl97916","11/30/2021 00:00:00","ecl97916","11/30/2021 00:00:00"
"1000","0255","01/01/1970 00:00:00","03/31/2018 00:00:00","ja","医家品　ＥＡ品","","0","eisai_init","11/06/2017 00:00:00","ecl07857","12/01/2017 00:00:00"
"1000","0255","04/01/2018 00:00:00","03/31/2019 00:00:00","ja","医家品　ＴＭＢ","","0","ecl07857","12/03/2018 00:00:00","ips00017","12/01/2017 00:00:00"
"1000","0255","04/01/2019 00:00:00","03/31/2021 00:00:00","ja","医家品　空き","","0","ips00017","12/03/2018 00:00:00","ecl91526","12/02/2020 00:00:00"
"1000","0255","04/01/2021 00:00:00","03/31/2022 00:00:00","ja","医家品　ＤＣＢ","","0","ecl91526","12/02/2020 00:00:00","ecl97916","11/30/2021 00:00:00"
"1000","0255","04/01/2022 00:00:00","12/31/2999 00:00:00","ja","医家品　ＲＥＭ","","0","ecl97916","11/30/2021 00:00:00","ecl97916","11/30/2021 00:00:00"
"1000","0256","01/01/1970 00:00:00","03/31/2018 00:00:00","ja","医家品　ＥＡ品（ＡＪＩ品）","","0","eisai_init","11/06/2017 00:00:00","ecl07857","12/01/2017 00:00:00"
"1000","0256","04/01/2020 00:00:00","03/31/2024 00:00:00","ja","医家品　空き","","0","ecl05958","12/03/2019 00:00:00","ecl98821","03/08/2024 00:00:00"
"1000","0256","04/01/2024 00:00:00","03/31/2026 00:00:00","ja","医家品　ＯＮＣ他","","0"," ecl98821","03/08/2024 00:00:00","ecl11370","03/08/2024 00:00:00"
"1000","0256","04/01/2026 00:00:00","12/31/2999 00:00:00","ja","医家品　ＯＮＣ（中止）","","0"," ecl11370","12/17/2025 00:00:00","ecl11370","12/17/2025 00:00:00"
"1000","0257","01/01/1970 00:00:00","03/31/2018 00:00:00","ja","医家品　販促","","0","eisai_init","11/06/2017 00:00:00","ecl07857","12/01/2017 00:00:00"
"1000","0257","04/01/2020 00:00:00","03/31/2022 00:00:00","ja","医家品　空き","","0","ecl05958","12/03/2019 00:00:00","ecl97916","11/30/2021 00:00:00"
"1000","0257","04/01/2022 00:00:00","12/31/2999 00:00:00","ja","医家品　ＴＡＺ","","0","ecl97916","11/30/2021 00:00:00","ecl97916","11/30/2021 00:00:00"
"1000","0258","01/01/1970 00:00:00","03/31/2018 00:00:00","ja","医家品　プレイス","","0","eisai_init","11/06/2017 00:00:00","ecl07857","12/01/2017 00:00:00"
"1000","0258","04/01/2020 00:00:00","12/31/2999 00:00:00","ja","医家品　空き","","0","ecl05958","12/03/2019 00:00:00","ecl97490","09/20/2023 00:00:00"
"1000","0259","01/01/1970 00:00:00","03/31/2018 00:00:00","ja","医家品　ダイレクト値引","","0","eisai_init","11/06/2017 00:00:00","ecl07857","12/01/2017 00:00:00"
"1000","0259","04/01/2018 00:00:00","03/31/2020 00:00:00","ja","医家品　安定品","","0","ecl07857","12/01/2017 00:00:00","ecl05958","12/03/2019 00:00:00"
"1000","0259","04/01/2020 00:00:00","03/31/2022 00:00:00","ja","医家品　空き","","0","ecl05958","12/03/2019 00:00:00","ecl97916","12/06/2021 00:00:00"
"1000","0259","04/01/2022 00:00:00","03/31/2024 00:00:00","ja","医家品　ＴＲＡ","","0","ecl97916","12/06/2021 00:00:00","ecl97490","09/15/2023 00:00:00"
"1000","0259","04/01/2024 00:00:00","12/31/2999 00:00:00","ja","医家品　ＴＡＳ","","0","ecl97916","02/05/2024 00:00:00","ecl97916","02/05/2024 00:00:00"
"1000","0260","01/01/1970 00:00:00","03/31/2018 00:00:00","ja","医家品　ＥＥ表示","","0","eisai_init","11/06/2017 00:00:00","ecl07857","12/01/2017 00:00:00"
"1000","0260","04/01/2020 00:00:00","03/31/2022 00:00:00","ja","医家品　空き","","0","ecl05958","12/03/2019 00:00:00","ecl97916","12/06/2021 00:00:00"
"1000","0260","04/01/2022 00:00:00","12/31/2999 00:00:00","ja","医家品　ＴＲＡ２","","0","ecl97916","12/06/2021 00:00:00","ecl97916","12/06/2021 00:00:00"
"1000","0261","01/01/1970 00:00:00","03/31/2018 00:00:00","ja","医家品　ＥＥ他","","0","eisai_init","11/06/2017 00:00:00","ecl07857","12/01/2017 00:00:00"
"1000","0261","04/01/2018 00:00:00","03/31/2020 00:00:00","ja","医家品　安定（１円他）","","0","ecl07857","12/01/2017 00:00:00","ecl05958","12/03/2019 00:00:00"
"1000","0261","04/01/2020 00:00:00","03/31/2022 00:00:00","ja","医家品　安定品","","0","ecl05958","12/03/2019 00:00:00","ecl97916","11/30/2021 00:00:00"
"1000","0261","04/01/2022 00:00:00","12/31/2999 00:00:00","ja","医家品　ＪＹＳ","","0","ecl97916","11/30/2021 00:00:00","ecl97916","11/30/2021 00:00:00"
"1000","0262","01/01/1970 00:00:00","03/31/2018 00:00:00","ja","医家品　ＥＥ他","","0","eisai_init","11/06/2017 00:00:00","ecl07857","12/01/2017 00:00:00"
"1000","0262","04/01/2018 00:00:00","12/31/2999 00:00:00","ja","医家品　空き","","0","ecl07857","11/30/2021 00:00:00","ecl97490","09/20/2023 00:00:00"
"1000","0263","04/01/2018 00:00:00","03/31/2020 00:00:00","ja","医家品　安定（中止）","","0","ecl07857","12/01/2017 00:00:00","ecl05958","12/03/2019 00:00:00"
"1000","0263","04/01/2020 00:00:00","03/31/2022 00:00:00","ja","医家品　安定（１円他）","","0","ecl05958","12/03/2019 00:00:00","ecl979164","11/30/2021 00:00:00"
"1000","0263","04/01/2022 00:00:00","03/31/2023 00:00:00","ja","医家品　ＭＴＸ","","0","ecl979164","11/30/2021 00:00:00","ecl979164","12/01/2022 00:00:00"
"1000","0263","04/01/2023 00:00:00","12/31/2999 00:00:00","ja","医家品　ＭＴＪ","","0","ecl979164","12/01/2022 00:00:00","ecl979164","12/01/2022 00:00:00"
"1000","0264","04/01/2018 00:00:00","03/31/2019 00:00:00","ja","医家品　ＯＮＣ新創品","","0","ecl07857","12/03/2018 00:00:00","ips00017","12/12/2017 00:00:00"
"1000","0264","04/01/2019 00:00:00","12/31/2999 00:00:00","ja","医家品　空き","","0","ips00017","12/03/2018 00:00:00","ecl97490","09/20/2023 00:00:00"
"1000","0265","01/01/1970 00:00:00","03/31/2018 00:00:00","ja","医家品　ＯＮＣ","","0","eisai_init","11/06/2017 00:00:00","ecl07857","12/01/2017 00:00:00"
"1000","0265","04/01/2018 00:00:00","03/31/2019 00:00:00","ja","医家品　空き","","1","eisai_init","12/03/2018 00:00:00","ips00017","12/01/2017 00:00:00"
"1000","0265","04/01/2019 00:00:00","03/31/2020 00:00:00","ja","医家品　ＨＡＬ","","0","ips00017","12/03/2018 00:00:00","ecl05958","12/03/2019 00:00:00"
"1000","0265","04/01/2020 00:00:00","03/31/2022 00:00:00","ja","医家品　安定（中止）","","0","ecl05958","12/03/2019 00:00:00","ecl97916","11/30/2021 00:00:00"
"1000","0265","04/01/2022 00:00:00","03/31/2024 00:00:00","ja","医家品　ＨＵＲ","","0","ecl97916","11/30/2021 00:00:00","ecl97490","09/15/2023 00:00:00"
"1000","0265","04/01/2024 00:00:00","12/31/2999 00:00:00","ja","医家品　空き","","0","ecl97916","11/30/2021 00:00:00","ecl97490","09/20/2023 00:00:00"
"1000","0266","01/01/1970 00:00:00","03/31/2018 00:00:00","ja","医家品　ＨＡＬ","","0","eisai_init","11/06/2017 00:00:00","ecl07857","12/01/2017 00:00:00"
"1000","0266","04/01/2018 00:00:00","03/31/2023 00:00:00","ja","医家品　空き","","0","ecl97916","11/30/2021 00:00:00","ecl97916","02/03/2023 00:00:00"
"1000","0266","04/01/2023 00:00:00","12/31/2999 00:00:00","ja","医家品　ＨＵＲ２","","0","ecl97916","02/03/2023 00:00:00","ecl97916","02/03/2023 00:00:00"
"1000","0267","01/01/1970 00:00:00","03/31/2018 00:00:00","ja","医家品　ＬＥＮ","","0","eisai_init","11/06/2017 00:00:00","ecl07857","12/01/2017 00:00:00"
"1000","0267","04/01/2018 00:00:00","03/31/2019 00:00:00","ja","医家品　空き","","1","eisai_init","12/03/2018 00:00:00","ips00017","12/01/2017 00:00:00"
"1000","0267","04/01/2019 00:00:00","03/31/2020 00:00:00","ja","医家品　ＬＥＮ","","0","ips00017","12/03/2018 00:00:00","ecl05958","12/03/2019 00:00:00"
"1000","0267","04/01/2020 00:00:00","03/31/2021 00:00:00","ja","医家品　ＨＡＬ","","0","ecl05958","12/03/2019 00:00:00","ecl91526","12/02/2020 00:00:00"
"1000","0267","04/01/2021 00:00:00","03/31/2022 00:00:00","ja","医家品　ＬＥＮ","","0","ecl91526","12/02/2020 00:00:00","ecl97916","11/30/2021 00:00:00"
"1000","0267","04/01/2022 00:00:00","03/31/2024 00:00:00","ja","医家品　ＣＲＭ－Ｇ","","0","ecl97916","11/30/2021 00:00:00","ecl98821","02/02/2024 00:00:00"
"1000","0267","04/01/2024 00:00:00","12/31/2999 00:00:00","ja","医家品　ＣＲＭ","","0","ecl98821","02/02/2024 00:00:00","ecl98821","02/02/2024 00:00:00"
"1000","0268","01/01/1970 00:00:00","03/31/2018 00:00:00","ja","医家品　ＴＲＡ","","0","eisai_init","11/06/2017 00:00:00","ecl07857","12/01/2017 00:00:00"
"1000","0268","04/01/2018 00:00:00","03/31/2024 00:00:00","ja","医家品　空き","","0","eisai_init","12/03/2018 00:00:00","ecl98821","03/08/2024 00:00:00"
"1000","0268","04/01/2024 00:00:00","03/31/2026 00:00:00","ja","医家品　ＩＭ品他","","0","ecl98821","03/08/2024 00:00:00","ecl11370","12/17/2025 00:00:00"
"1000","0268","04/01/2026 00:00:00","12/31/2999 00:00:00","ja","医家品　ＩＭ（中止）","","0","ecl11370","12/17/2025 00:00:00","ecl11370","12/17/2025 00:00:00"
"1000","0269","01/01/1970 00:00:00","03/31/2018 00:00:00","ja","医家品　プレイス　Ｏ","","0","eisai_init","11/06/2017 00:00:00","ecl07857","12/01/2017 00:00:00"
"1000","0269","04/01/2018 00:00:00","03/31/2019 00:00:00","ja","医家品　空き","","1","eisai_init","12/03/2018 00:00:00","ips00017","12/01/2017 00:00:00"
"1000","0269","04/01/2019 00:00:00","03/31/2020 00:00:00","ja","医家品　ＴＲＡ","","0","ips00017","12/03/2018 00:00:00","ecl05958","12/03/2019 00:00:00"
"1000","0269","04/01/2020 00:00:00","03/31/2021 00:00:00","ja","医家品　ＬＥＮ","","0","ecl05958","12/03/2019 00:00:00","ecl91526","12/02/2020 00:00:00"
"1000","0269","04/01/2021 00:00:00","03/31/2022 00:00:00","ja","医家品　ＨＡＬ","","0","ecl91526","12/02/2020 00:00:00","ecl997916","11/30/2021 00:00:00"
"1000","0269","04/01/2022 00:00:00","12/31/2999 00:00:00","ja","医家品　空き","","0","ecl997916","11/30/2021 00:00:00","ecl97490","09/20/2023 00:00:00"
"1000","0271","01/01/1970 00:00:00","03/31/2020 00:00:00","ja","医家品　空き","","0","eisai_init","11/06/2017 00:00:00","ecl05958","12/03/2019 00:00:00"
"1000","0271","04/01/2020 00:00:00","03/31/2021 00:00:00","ja","医家品　ＴＲＡ","","0","ecl05958","12/03/2019 00:00:00","ecl91526","12/02/2020 00:00:00"
"1000","0271","04/01/2021 00:00:00","03/31/2022 00:00:00","ja","医家品　ＲＥＭ","","0","ecl91526","12/02/2020 00:00:00","ecl97916","11/30/2021 00:00:00"
"1000","0271","04/01/2022 00:00:00","12/31/2999 00:00:00","ja","医家品　空き","","0","ecl97916","11/30/2021 00:00:00","ecl97490","09/20/2023 00:00:00"
"1000","0273","01/01/1970 00:00:00","03/31/2018 00:00:00","ja","医家品　ＤＯＣＩ","","0","eisai_init","11/06/2017 00:00:00","ecl07857","12/01/2017 00:00:00"
"1000","0273","04/01/2018 00:00:00","03/31/2019 00:00:00","ja","医家品　Ｐ値引","","0","ecl07857","12/03/2018 00:00:00","ips00017","12/01/2017 00:00:00"
"1000","0273","04/01/2019 00:00:00","03/31/2020 00:00:00","ja","医家品　品目値引","","0","ips00017","12/03/2018 00:00:00","ecl05958","12/03/2019 00:00:00"
"1000","0273","04/01/2020 00:00:00","03/31/2021 00:00:00","ja","医家品　ＲＥＭ","","0","ecl05958","12/03/2019 00:00:00","ecl91526","12/02/2020 00:00:00"
"1000","0273","04/01/2021 00:00:00","03/31/2022 00:00:00","ja","医家品　ＴＡＺ","","0","ecl91526","12/02/2020 00:00:00","ecl97916","11/30/2021 00:00:00"
"1000","0273","04/01/2022 00:00:00","12/31/2999 00:00:00","ja","医家品　空き","","0","ecl97916","11/30/2021 00:00:00","ecl97490","09/20/2023 00:00:00"
"1000","0274","04/01/2018 00:00:00","03/31/2019 00:00:00","ja","医家品　品目値引","","0","ecl07857","12/03/2018 00:00:00","ips00017","12/06/2017 00:00:00"
"1000","0274","04/01/2019 00:00:00","12/31/2999 00:00:00","ja","医家品　空き","","0","ips00017","12/03/2018 00:00:00","ecl97490","09/20/2023 00:00:00"
"1000","0275","01/01/1970 00:00:00","03/31/2018 00:00:00","ja","医家品　ＥＥ品Ｏ他","","0","eisai_init","11/06/2017 00:00:00","ecl07857","12/01/2017 00:00:00"
"1000","0275","04/01/2018 00:00:00","03/31/2020 00:00:00","ja","医家品　販促値引","","0","ecl07857","12/01/2017 00:00:00","ecl05958","12/03/2019 00:00:00"
"1000","0275","04/01/2020 00:00:00","05/31/2020 00:00:00","ja","医家品　空き","","0","ecl05958","12/03/2019 00:00:00","ecl91526","06/02/2020 00:00:00"
"1000","0275","06/01/2020 00:00:00","03/31/2021 00:00:00","ja","医家品　ＴＡＺ","","0","ecl91526","06/02/2020 00:00:00","ecl91526","12/02/2020 00:00:00"
"1000","0275","04/01/2021 00:00:00","03/31/2022 00:00:00","ja","医家品　ＴＲＡ","","0","ecl91526","12/02/2020 00:00:00","ecl97916","11/30/2021 00:00:00"
"1000","0275","04/01/2022 00:00:00","12/31/2999 00:00:00","ja","医家品　空き","","0","ecl97916","11/30/2021 00:00:00","ecl97490","09/20/2023 00:00:00"
"1000","0276","11/01/2020 00:00:00","03/31/2021 00:00:00","ja","医家品　ＴＲＡ２","","0","ecl91526","11/06/2020 00:00:00","ecl91526","12/02/2020 00:00:00"
"1000","0276","04/01/2021 00:00:00","03/31/2022 00:00:00","ja","医家品　ＴＲＡ２","","0","ecl91526","12/02/2020 00:00:00","ecl97916","11/30/2021 00:00:00"
"1000","0276","04/01/2022 00:00:00","12/31/2999 00:00:00","ja","医家品　空き","","0","ecl97916","11/30/2021 00:00:00","ecl97490","09/20/2023 00:00:00"
"1000","0277","01/01/1970 00:00:00","03/31/2018 00:00:00","ja","医家品　空き","","0","eisai_init","11/06/2017 00:00:00","ecl07857","12/01/2017 00:00:00"
"1000","0277","04/01/2018 00:00:00","03/31/2020 00:00:00","ja","医家品　ダイレクト値引","","0","ecl07857","12/01/2017 00:00:00","ecl05958","12/03/2019 00:00:00"
"1000","0277","04/01/2020 00:00:00","12/31/2999 00:00:00","ja","医家品　品目値引","","0","ecl05958","12/03/2019 00:00:00","ecl05958","12/03/2019 00:00:00"
"1000","0278","01/01/2019 00:00:00","03/31/2020 00:00:00","ja","医家品剤形値引","","0","ecl91526","01/15/2019 00:00:00","ecl05958","12/03/2019 00:00:00"
"1000","0278","04/01/2020 00:00:00","12/31/2999 00:00:00","ja","医家品　空き","","0","ecl05958","12/03/2019 00:00:00","ecl97490","09/15/2023 00:00:00"
"1000","0279","01/01/1970 00:00:00","03/31/2018 00:00:00","ja","医家品　空き","","0","eisai_init","11/06/2017 00:00:00","ecl07857","12/01/2017 00:00:00"
"1000","0279","04/01/2018 00:00:00","03/31/2019 00:00:00","ja","医家品　ＥＡ品（表示）","","1","ecl07857","12/03/2018 00:00:00","ips00017","12/01/2017 00:00:00"
"1000","0279","04/01/2019 00:00:00","03/31/2020 00:00:00","ja","医家品　ＧＯＦ","","0","ips00017","12/03/2018 00:00:00","ecl05958","12/03/2019 00:00:00"
"1000","0279","04/01/2020 00:00:00","12/31/2999 00:00:00","ja","医家品　販促値引","","0","ecl05958","12/03/2019 00:00:00","ecl05958","12/03/2019 00:00:00"
"1000","0281","01/01/1970 00:00:00","03/31/2018 00:00:00","ja","医家品　空き","","0","eisai_init","11/06/2017 00:00:00","ecl07857","12/01/2017 00:00:00"
"1000","0281","04/01/2018 00:00:00","03/31/2019 00:00:00","ja","医家品　ＥＡ品他（Ｅ）","","0","ecl07857","12/03/2018 00:00:00","ips00017","12/01/2017 00:00:00"
"1000","0281","04/01/2019 00:00:00","03/31/2020 00:00:00","ja","医家品　ＭＶＣ","","0","ips00017","12/03/2018 00:00:00","ecl05958","12/03/2019 00:00:00"
"1000","0281","04/01/2020 00:00:00","12/31/2999 00:00:00","ja","医家品　ダイレクト値引","","0","ecl05958","12/03/2019 00:00:00","ecl05958","12/03/2019 00:00:00"
"1000","0282","04/01/2020 00:00:00","03/31/2021 00:00:00","ja","医家品　ＺＡＩＮ","","0","ecl91526","12/06/2019 00:00:00","ecl91526","12/02/2020 00:00:00"
"1000","0282","04/01/2021 00:00:00","03/31/2022 00:00:00","ja","医家品　空き","","0","ecl91526","12/02/2020 00:00:00","ecl97916","12/06/2021 00:00:00"
"1000","0282","04/01/2022 00:00:00","12/31/2999 00:00:00","ja","医家品　ＺＡＩＮ","","0","ecl97916","12/06/2021 00:00:00","ecl97916","12/06/2021 00:00:00"
"1000","0283","01/01/1970 00:00:00","03/31/2018 00:00:00","ja","医家品　空き","","0","eisai_init","11/06/2017 00:00:00","ecl07857","12/01/2017 00:00:00"
"1000","0283","04/01/2018 00:00:00","03/31/2020 00:00:00","ja","医家品　ＥＡ品（ＡＪＩ品）","","0","ecl07857","12/01/2017 00:00:00","ecl05958","12/03/2019 00:00:00"
"1000","0283","04/01/2020 00:00:00","12/31/2999 00:00:00","ja","医家品　ＧＯＦ","","0","ecl05958","12/03/2019 00:00:00","ecl05958","12/03/2019 00:00:00"
"1000","0285","01/01/1970 00:00:00","03/31/2018 00:00:00","ja","医家品　空き","","0","eisai_init","11/06/2017 00:00:00","ecl07857","12/01/2017 00:00:00"
"1000","0285","04/01/2018 00:00:00","03/31/2019 00:00:00","ja","医家品　ＥＥ（表示）地域","","0","ecl07857","12/03/2018 00:00:00","ips00017","12/01/2017 00:00:00"
"1000","0285","04/01/2019 00:00:00","03/31/2020 00:00:00","ja","医家品　ＤＯＣＩ","","0","ips00017","12/03/2018 00:00:00","ecl05958","12/03/2019 00:00:00"
"1000","0285","04/01/2020 00:00:00","12/31/2999 00:00:00","ja","医家品　ＭＶＣ","","0","ecl05958","12/03/2019 00:00:00","ecl05958","12/03/2019 00:00:00"
"1000","0287","01/01/1970 00:00:00","03/31/2018 00:00:00","ja","医家品　空き","","0","eisai_init","11/06/2017 00:00:00","ecl07857","12/01/2017 00:00:00"
"1000","0287","04/01/2018 00:00:00","03/31/2019 00:00:00","ja","医家品　ＥＥ地他","","0","ecl07857","12/03/2018 00:00:00","ips00017","12/01/2017 00:00:00"
"1000","0287","04/01/2019 00:00:00","03/31/2020 00:00:00","ja","医家品　ＥＮＴＰ","","0","ips00017","12/03/2018 00:00:00","ecl05958","12/03/2019 00:00:00"
"1000","0287","04/01/2020 00:00:00","12/31/2999 00:00:00","ja","医家品　ＥＡ品（ＡＪＩ品）","","0","ecl05958","12/03/2019 00:00:00","ecl05958","12/03/2019 00:00:00"
"1000","0288","04/01/2019 00:00:00","03/31/2020 00:00:00","ja","医家品　ＣＡＰＰ","","0","ecl05958","04/18/2019 00:00:00","ecl05958","12/03/2019 00:00:00"
"1000","0288","04/01/2020 00:00:00","12/31/2999 00:00:00","ja","医家品　空き","","0","ecl05958","12/03/2019 00:00:00","ecl97490","09/20/2023 00:00:00"
"1000","0289","01/01/1970 00:00:00","03/31/2018 00:00:00","ja","医家品　空き","","0","eisai_init","11/06/2017 00:00:00","ecl07857","12/01/2017 00:00:00"
"1000","0289","04/01/2018 00:00:00","03/31/2019 00:00:00","ja","医家品　ＥＥ（表示）ＯＮＣ","","0","ecl07857","12/03/2018 00:00:00","ips00017","12/01/2017 00:00:00"
"1000","0289","04/01/2019 00:00:00","03/31/2020 00:00:00","ja","医家品　ＧＥＦＰ","","0","ips00017","12/03/2018 00:00:00","ecl05958","12/03/2019 00:00:00"
"1000","0289","04/01/2020 00:00:00","12/31/2999 00:00:00","ja","医家品　ＧＥ提携","","0","ecl05958","12/03/2019 00:00:00","ecl05958","12/03/2019 00:00:00"
"1000","0290","01/01/1970 00:00:00","03/31/2018 00:00:00","ja","Ｄ値引","","0","eisai_init","11/06/2017 00:00:00","ecl07857","12/01/2017 00:00:00"
"1000","0290","04/01/2018 00:00:00","10/30/2022 00:00:00","ja","医家品　空き","","0","eisai_init","12/03/2018 00:00:00","ecl97916","11/28/2022 00:00:00"
"1000","0290","11/01/2022 00:00:00","12/31/2999 00:00:00","ja","医家品　ＩＷＡＲＩ","","0","ecl97916","11/28/2022 00:00:00","ecl97916","11/28/2022 00:00:00"
"1000","0291","04/01/2018 00:00:00","03/31/2019 00:00:00","ja","医家品　ＥＥ（ＯＮＣ）他","","0","ecl07857","12/03/2018 00:00:00","ips00017","12/01/2017 00:00:00"
"1000","0291","04/01/2019 00:00:00","12/31/2023 00:00:00","ja","医家品　空き","","0","ecl91526","12/07/2018 00:00:00","ecl98821","01/25/2024 00:00:00"
"1000","0291","01/01/2024 00:00:00","12/31/2999 00:00:00","ja","医家品　ＬＷＡＲＩ","","0","ecl98821","09/21/2023 00:00:00","ecl98821","01/25/2024 00:00:00"
"1000","0293","04/01/2019 00:00:00","03/31/2020 00:00:00","ja","医家品　ＥＥ","","0","ecl91526","12/07/2018 00:00:00","ecl05958","12/03/2019 00:00:00"
"1000","0293","04/01/2020 00:00:00","12/31/2023 00:00:00","ja","医家品　空き","","0","ecl05958","12/03/2019 00:00:00","ecl98821","01/25/2024 00:00:00"
"1000","0293","01/01/2024 00:00:00","12/31/2999 00:00:00","ja","医家品　ＰＲＯ値引","","0","ecl98821","09/25/2023 00:00:00","ecl98821","01/25/2024 00:00:00"
"1000","0294","04/01/2019 00:00:00","03/31/2020 00:00:00","ja","医家品　ＥＥ２","","0","ecl91526","12/07/2018 00:00:00","ecl05958","12/03/2019 00:00:00"
"1000","0294","04/01/2020 00:00:00","12/31/2023 00:00:00","ja","医家品　空き","","0","ecl05958","12/03/2019 00:00:00","ecl98821","01/25/2024 00:00:00"
"1000","0294","01/01/2024 00:00:00","12/31/2999 00:00:00","ja","医家品　ＩＯＭ値引","","0","ecl98821","01/25/2024 00:00:00","ecl98821","01/25/2024 00:00:00"
"1000","0296","04/01/2020 00:00:00","12/31/2999 00:00:00","ja","医家品　ＥＥ","","0","ecl05958","12/03/2019 00:00:00","ecl05958","12/03/2019 00:00:00"
"1000","0297","04/01/2020 00:00:00","12/31/2999 00:00:00","ja","医家品　ＥＥ２","","0","ecl05958","12/03/2019 00:00:00","ecl05958","12/03/2019 00:00:00"
"1000","0298","04/01/2024 00:00:00","12/31/2999 00:00:00","ja","医家品　その他","","0","ecl98821","02/29/2024 00:00:00","ecl98821","02/29/2024 00:00:00"
"1000","0300","01/01/1970 00:00:00","03/31/2018 00:00:00","ja","診断薬","","0","eisai_init","11/06/2017 00:00:00","ecl07857","12/01/2017 00:00:00"
"1000","0300","04/01/2018 00:00:00","12/31/2999 00:00:00","ja","診断薬","","0","ecl07857","12/01/2017 00:00:00","ecl07857","12/01/2017 00:00:00"
"1000","0301","01/01/1970 00:00:00","03/31/2018 00:00:00","ja","診断薬　ＰＶＫ－Ｇ","","0","eisai_init","11/06/2017 00:00:00","ecl07857","12/01/2017 00:00:00"
"1000","0301","04/01/2018 00:00:00","12/31/2999 00:00:00","ja","診断薬　ＰＶＫ－Ｇ","","0","ecl07857","12/01/2017 00:00:00","ecl07857","12/01/2017 00:00:00"
"1000","0302","01/01/1970 00:00:00","03/31/2018 00:00:00","ja","診断薬　ＫＬ６－Ｇ","","0","eisai_init","11/06/2017 00:00:00","ecl07857","12/01/2017 00:00:00"
"1000","0302","04/01/2018 00:00:00","12/31/2999 00:00:00","ja","診断薬　ＫＬ６－Ｇ","","0","ecl07857","12/01/2017 00:00:00","ecl07857","12/01/2017 00:00:00"
"1000","0303","01/01/1970 00:00:00","03/31/2018 00:00:00","ja","診断薬　ＣＯＧＧ","","0","eisai_init","11/06/2017 00:00:00","ecl07857","12/01/2017 00:00:00"
"1000","0303","04/01/2018 00:00:00","12/31/2999 00:00:00","ja","診断薬　ＣＯＧＧ","","0","ecl07857","12/01/2017 00:00:00","ecl07857","12/01/2017 00:00:00"
"1000","0304","01/01/1970 00:00:00","03/31/2018 00:00:00","ja","診断薬　ＩＮＦＬＧ","","0","eisai_init","11/06/2017 00:00:00","ecl07857","12/01/2017 00:00:00"
"1000","0304","04/01/2018 00:00:00","12/31/2999 00:00:00","ja","診断薬　ＩＮＦＬＧ","","0","ecl07857","12/01/2017 00:00:00","ecl07857","12/01/2017 00:00:00"
"1000","0305","01/01/1970 00:00:00","03/31/2018 00:00:00","ja","診断薬　ＰＲＣＧ","","0","eisai_init","11/06/2017 00:00:00","ecl07857","12/01/2017 00:00:00"
"1000","0305","04/01/2018 00:00:00","12/31/2999 00:00:00","ja","診断薬　ＰＲＣＧ","","0","ecl07857","12/01/2017 00:00:00","ecl07857","12/01/2017 00:00:00"
"1000","0306","01/01/1970 00:00:00","03/31/2018 00:00:00","ja","診断薬　安定品","","0","eisai_init","11/06/2017 00:00:00","ecl07857","12/01/2017 00:00:00"
"1000","0306","04/01/2018 00:00:00","12/31/2999 00:00:00","ja","診断薬　安定品","","0","ecl07857","12/01/2017 00:00:00","ecl07857","12/01/2017 00:00:00"
"1000","0307","01/01/1970 00:00:00","03/31/2018 00:00:00","ja","診断薬８","","0","eisai_init","11/06/2017 00:00:00","ecl07857","12/01/2017 00:00:00"
"1000","0307","04/01/2018 00:00:00","12/31/2999 00:00:00","ja","診断薬８","","0","ecl07857","12/01/2017 00:00:00","ecl07857","12/01/2017 00:00:00"
"1000","0308","01/01/1970 00:00:00","03/31/2018 00:00:00","ja","診断薬　値引品","","0","eisai_init","11/06/2017 00:00:00","ecl07857","12/01/2017 00:00:00"
"1000","0308","04/01/2018 00:00:00","12/31/2999 00:00:00","ja","診断薬　値引品","","0","ecl07857","12/01/2017 00:00:00","ecl07857","12/01/2017 00:00:00"
"1000","0309","01/01/1970 00:00:00","03/31/2018 00:00:00","ja","診断薬９","","0","eisai_init","11/06/2017 00:00:00","ecl07857","12/01/2017 00:00:00"
"1000","0309","04/01/2018 00:00:00","12/31/2999 00:00:00","ja","診断薬　ＭＭＰ３","","0","ecl07857","12/01/2017 00:00:00","ips00000","03/22/2018 00:00:00"
"1000","0310","01/01/1970 00:00:00","03/31/2018 00:00:00","ja","診断薬１０","","0","eisai_init","11/06/2017 00:00:00","ecl07857","12/01/2017 00:00:00"
"1000","0310","04/01/2018 00:00:00","12/31/2999 00:00:00","ja","診断薬　ＩＬ２Ｒ","","0","ecl07857","12/01/2017 00:00:00","ips00000","03/22/2018 00:00:00"
"1000","0311","01/01/1970 00:00:00","03/31/2018 00:00:00","ja","診断薬１１","","0","eisai_init","11/06/2017 00:00:00","ecl07857","12/01/2017 00:00:00"
"1000","0311","04/01/2018 00:00:00","12/31/2999 00:00:00","ja","診断薬１１","","0","ecl07857","12/01/2017 00:00:00","ecl07857","12/01/2017 00:00:00"
"1000","0312","01/01/1970 00:00:00","03/31/2018 00:00:00","ja","診断薬１２","","0","eisai_init","11/06/2017 00:00:00","ecl07857","12/01/2017 00:00:00"
"1000","0312","04/01/2018 00:00:00","12/31/2999 00:00:00","ja","診断薬１２","","0","ecl07857","12/01/2017 00:00:00","ecl07857","12/01/2017 00:00:00"
"1000","0313","01/01/1970 00:00:00","03/31/2018 00:00:00","ja","診断薬１３","","0","eisai_init","11/06/2017 00:00:00","ecl07857","12/01/2017 00:00:00"
"1000","0313","04/01/2018 00:00:00","12/31/2999 00:00:00","ja","診断薬１３","","0","ecl07857","12/01/2017 00:00:00","ecl07857","12/01/2017 00:00:00"
"1000","0314","01/01/1970 00:00:00","03/31/2018 00:00:00","ja","診断薬１４","","0","eisai_init","11/06/2017 00:00:00","ecl07857","12/01/2017 00:00:00"
"1000","0314","04/01/2018 00:00:00","12/31/2999 00:00:00","ja","診断薬１４","","0","ecl07857","12/01/2017 00:00:00","ecl07857","12/01/2017 00:00:00"
"1000","0315","01/01/1970 00:00:00","03/31/2018 00:00:00","ja","診断薬１５","","0","eisai_init","11/06/2017 00:00:00","ecl07857","12/01/2017 00:00:00"
"1000","0315","04/01/2018 00:00:00","12/31/2999 00:00:00","ja","診断薬１５","","0","ecl07857","12/01/2017 00:00:00","ecl07857","12/01/2017 00:00:00"
"1000","0316","01/01/1970 00:00:00","03/31/2018 00:00:00","ja","診断薬１６","","0","eisai_init","11/06/2017 00:00:00","ecl07857","12/01/2017 00:00:00"
"1000","0316","04/01/2018 00:00:00","12/31/2999 00:00:00","ja","診断薬１６","","0","ecl07857","12/01/2017 00:00:00","ecl07857","12/01/2017 00:00:00"
"1000","0317","01/01/1970 00:00:00","03/31/2018 00:00:00","ja","診断薬１７","","0","eisai_init","11/06/2017 00:00:00","ecl07857","12/01/2017 00:00:00"
"1000","0317","04/01/2018 00:00:00","12/31/2999 00:00:00","ja","診断薬１７","","0","ecl07857","12/01/2017 00:00:00","ecl07857","12/01/2017 00:00:00"
"1000","0318","01/01/1970 00:00:00","03/31/2018 00:00:00","ja","診断薬１８","","0","eisai_init","11/06/2017 00:00:00","ecl07857","12/01/2017 00:00:00"
"1000","0318","04/01/2018 00:00:00","12/31/2999 00:00:00","ja","診断薬１８","","0","ecl07857","12/01/2017 00:00:00","ecl07857","12/01/2017 00:00:00"
"1000","0319","01/01/1970 00:00:00","03/31/2018 00:00:00","ja","診断薬１９","","0","eisai_init","11/06/2017 00:00:00","ecl07857","12/01/2017 00:00:00"
"1000","0319","04/01/2018 00:00:00","12/31/2999 00:00:00","ja","診断薬１９","","0","ecl07857","12/01/2017 00:00:00","ecl07857","12/01/2017 00:00:00"
"1000","0320","01/01/1970 00:00:00","03/31/2018 00:00:00","ja","診断薬２０","","0","eisai_init","11/06/2017 00:00:00","ecl07857","12/01/2017 00:00:00"
"1000","0320","04/01/2018 00:00:00","12/31/2999 00:00:00","ja","診断薬２０","","0","ecl07857","12/01/2017 00:00:00","ecl07857","12/01/2017 00:00:00"
"1000","0321","01/01/1970 00:00:00","03/31/2018 00:00:00","ja","診断薬２１","","0","eisai_init","11/06/2017 00:00:00","ecl07857","12/01/2017 00:00:00"
"1000","0321","04/01/2018 00:00:00","12/31/2999 00:00:00","ja","診断薬２１","","0","ecl07857","12/01/2017 00:00:00","ecl07857","12/01/2017 00:00:00"
"1000","0322","01/01/1970 00:00:00","03/31/2018 00:00:00","ja","診断薬２２","","0","eisai_init","11/06/2017 00:00:00","ecl07857","12/01/2017 00:00:00"
"1000","0322","04/01/2018 00:00:00","12/31/2999 00:00:00","ja","診断薬２２","","0","ecl07857","12/01/2017 00:00:00","ecl07857","12/01/2017 00:00:00"
"1000","0323","01/01/1970 00:00:00","03/31/2018 00:00:00","ja","診断薬２３","","0","eisai_init","11/06/2017 00:00:00","ecl07857","12/01/2017 00:00:00"
"1000","0323","04/01/2018 00:00:00","12/31/2999 00:00:00","ja","診断薬２３","","0","ecl07857","12/01/2017 00:00:00","ecl07857","12/01/2017 00:00:00"
"1000","0324","01/01/1970 00:00:00","03/31/2018 00:00:00","ja","診断薬２４","","0","eisai_init","11/06/2017 00:00:00","ecl07857","12/01/2017 00:00:00"
"1000","0324","04/01/2018 00:00:00","12/31/2999 00:00:00","ja","診断薬２４","","0","ecl07857","12/01/2017 00:00:00","ecl07857","12/01/2017 00:00:00"
"1000","0325","01/01/1970 00:00:00","03/31/2018 00:00:00","ja","診断薬２５","","0","eisai_init","11/06/2017 00:00:00","ecl07857","12/01/2017 00:00:00"
"1000","0325","04/01/2018 00:00:00","12/31/2999 00:00:00","ja","診断薬２５","","0","ecl07857","12/01/2017 00:00:00","ecl07857","12/01/2017 00:00:00"
"1000","0326","01/01/1970 00:00:00","03/31/2018 00:00:00","ja","診断薬２６","","0","eisai_init","11/06/2017 00:00:00","ecl07857","12/01/2017 00:00:00"
"1000","0326","04/01/2018 00:00:00","12/31/2999 00:00:00","ja","診断薬２６","","0","ecl07857","12/01/2017 00:00:00","ecl07857","12/01/2017 00:00:00"
"1000","0327","01/01/1970 00:00:00","03/31/2018 00:00:00","ja","診断薬２７","","0","eisai_init","11/06/2017 00:00:00","ecl07857","12/01/2017 00:00:00"
"1000","0327","04/01/2018 00:00:00","12/31/2999 00:00:00","ja","診断薬２７","","0","ecl07857","12/01/2017 00:00:00","ecl07857","12/01/2017 00:00:00"
"1000","0328","01/01/1970 00:00:00","03/31/2018 00:00:00","ja","診断薬２８","","0","eisai_init","11/06/2017 00:00:00","ecl07857","12/01/2017 00:00:00"
"1000","0328","04/01/2018 00:00:00","12/31/2999 00:00:00","ja","診断薬２８","","0","ecl07857","12/01/2017 00:00:00","ecl07857","12/01/2017 00:00:00"
"1000","0329","01/01/1970 00:00:00","03/31/2018 00:00:00","ja","診断薬２９","","0","eisai_init","11/06/2017 00:00:00","ecl07857","12/01/2017 00:00:00"
"1000","0329","04/01/2018 00:00:00","12/31/2999 00:00:00","ja","診断薬２９","","0","ecl07857","12/01/2017 00:00:00","ecl07857","12/01/2017 00:00:00"
"1000","0330","01/01/1970 00:00:00","03/31/2018 00:00:00","ja","診断薬３０","","0","eisai_init","11/06/2017 00:00:00","ecl07857","12/01/2017 00:00:00"
"1000","0330","04/01/2018 00:00:00","12/31/2999 00:00:00","ja","診断薬３０","","0","ecl07857","12/01/2017 00:00:00","ecl07857","12/01/2017 00:00:00"
"1000","0331","01/01/1970 00:00:00","03/31/2018 00:00:00","ja","診断薬３１","","0","eisai_init","11/06/2017 00:00:00","ecl07857","12/01/2017 00:00:00"
"1000","0331","04/01/2018 00:00:00","12/31/2999 00:00:00","ja","診断薬３１","","0","ecl07857","12/01/2017 00:00:00","ecl07857","12/01/2017 00:00:00"
"1000","0340","01/01/1970 00:00:00","03/31/2018 00:00:00","ja","診断薬４０","","0","eisai_init","11/06/2017 00:00:00","ecl07857","12/01/2017 00:00:00"
"1000","0340","04/01/2018 00:00:00","12/31/2999 00:00:00","ja","診断薬４０","","0","ecl07857","12/01/2017 00:00:00","ecl07857","12/01/2017 00:00:00"
"1000","0390","01/01/1970 00:00:00","03/31/2018 00:00:00","ja","診断薬６","","0","eisai_init","11/06/2017 00:00:00","ecl07857","12/01/2017 00:00:00"
"1000","0390","04/01/2018 00:00:00","12/31/2999 00:00:00","ja","診断薬６","","0","ecl07857","12/01/2017 00:00:00","ecl07857","12/01/2017 00:00:00"
"1000","0392","01/01/1970 00:00:00","03/31/2018 00:00:00","ja","診断薬７","","0","eisai_init","11/06/2017 00:00:00","ecl07857","12/01/2017 00:00:00"
"1000","0392","04/01/2018 00:00:00","12/31/2999 00:00:00","ja","診断薬７","","0","ecl07857","12/01/2017 00:00:00","ecl07857","12/01/2017 00:00:00"
"1000","0399","01/01/1970 00:00:00","03/31/2018 00:00:00","ja","診断薬７","","0","eisai_init","11/06/2017 00:00:00","ecl07857","12/01/2017 00:00:00"
"1000","0399","04/01/2018 00:00:00","12/31/2999 00:00:00","ja","診断薬７","","0","ecl07857","12/01/2017 00:00:00","ecl07857","12/01/2017 00:00:00"
"1000","0400","01/01/1970 00:00:00","03/31/2018 00:00:00","ja","食品化学","","0","eisai_init","11/06/2017 00:00:00","ecl07857","12/01/2017 00:00:00"
"1000","0400","04/01/2018 00:00:00","12/31/2999 00:00:00","ja","食品化学","","0","ecl07857","12/01/2017 00:00:00","ecl07857","12/01/2017 00:00:00"
"1000","0401","01/01/1970 00:00:00","03/31/2018 00:00:00","ja","受託　食添・食材","","0","eisai_init","11/06/2017 00:00:00","ecl07857","12/01/2017 00:00:00"
"1000","0401","04/01/2018 00:00:00","12/31/2999 00:00:00","ja","受託　食添・食材","","0","ecl07857","12/01/2017 00:00:00","ecl07857","12/01/2017 00:00:00"
"1000","0402","01/01/1970 00:00:00","03/31/2018 00:00:00","ja","食品化学　天然Ｅ","","0","eisai_init","11/06/2017 00:00:00","ecl07857","12/01/2017 00:00:00"
"1000","0402","04/01/2018 00:00:00","12/31/2999 00:00:00","ja","食品化学　天然Ｅ","","0","ecl07857","12/01/2017 00:00:00","ecl07857","12/01/2017 00:00:00"
"1000","0403","01/01/1970 00:00:00","03/31/2018 00:00:00","ja","受託　化学品","","0","eisai_init","11/06/2017 00:00:00","ecl07857","12/01/2017 00:00:00"
"1000","0403","04/01/2018 00:00:00","12/31/2999 00:00:00","ja","受託　化学品","","0","ecl07857","12/01/2017 00:00:00","ecl07857","12/01/2017 00:00:00"
"1000","0404","01/01/1970 00:00:00","03/31/2018 00:00:00","ja","食品化学　機能性食品","","0","eisai_init","11/06/2017 00:00:00","ecl07857","12/01/2017 00:00:00"
"1000","0404","04/01/2018 00:00:00","12/31/2999 00:00:00","ja","食品化学　機能性食品","","0","ecl07857","12/01/2017 00:00:00","ecl07857","12/01/2017 00:00:00"
"1000","0405","01/01/1970 00:00:00","03/31/2018 00:00:00","ja","食品化学　その他","","0","eisai_init","11/06/2017 00:00:00","ecl07857","12/01/2017 00:00:00"
"1000","0405","04/01/2018 00:00:00","12/31/2999 00:00:00","ja","食品化学　その他","","0","ecl07857","12/01/2017 00:00:00","ecl07857","12/01/2017 00:00:00"
"1000","0406","01/01/1970 00:00:00","03/31/2018 00:00:00","ja","ＡＰＩ－Ｓ","","0","eisai_init","11/06/2017 00:00:00","ecl07857","12/01/2017 00:00:00"
"1000","0406","04/01/2018 00:00:00","12/31/2999 00:00:00","ja","ＡＰＩ－Ｓ","","0","ecl07857","12/01/2017 00:00:00","ecl07857","12/01/2017 00:00:00"
"1000","0410","01/01/1970 00:00:00","03/31/2018 00:00:00","ja","受託ＳＦＬ","","0","eisai_init","11/06/2017 00:00:00","ecl07857","12/01/2017 00:00:00"
"1000","0410","04/01/2018 00:00:00","12/31/2999 00:00:00","ja","受託ＳＦＬ","","0","ecl07857","12/01/2017 00:00:00","ecl07857","12/01/2017 00:00:00"
"1000","0411","01/01/1970 00:00:00","03/31/2018 00:00:00","ja","受託Ｍｅｉｊｉ","","0","eisai_init","11/06/2017 00:00:00","ecl07857","12/01/2017 00:00:00"
"1000","0411","04/01/2018 00:00:00","12/31/2999 00:00:00","ja","受託Ｍｅｉｊｉ","","0","ecl07857","12/01/2017 00:00:00","ecl07857","12/01/2017 00:00:00"
"1000","0413","04/01/2024 00:00:00","12/31/2999 00:00:00","ja","ＡＰＩ－ＥＩＬ","","0","ecl97223","10/16/2024 00:00:00","ecl97223","10/16/2024 00:00:00"
"1000","0414","04/01/2024 00:00:00","12/31/2999 00:00:00","ja","ＡＰＩ－ＥＣＬ","","0","ecl97223","10/16/2024 00:00:00","ecl97223","10/16/2024 00:00:00"
"1000","0415","04/01/2024 00:00:00","12/31/2999 00:00:00","ja","ＡＰＩ－Ｍｅｄｉａｔｅｄ","","0","ecl97223","10/16/2024 00:00:00","ecl97223","10/16/2024 00:00:00"
"1000","0480","01/01/1970 00:00:00","03/31/2018 00:00:00","ja","受託輸出","","0","eisai_init","11/06/2017 00:00:00","ecl07857","12/01/2017 00:00:00"
"1000","0480","04/01/2018 00:00:00","12/31/2999 00:00:00","ja","受託輸出","","0","ecl07857","12/01/2017 00:00:00","ecl07857","12/01/2017 00:00:00"
"1000","0485","01/01/1970 00:00:00","03/31/2018 00:00:00","ja","その他","","0","eisai_init","11/06/2017 00:00:00","ecl07857","12/01/2017 00:00:00"
"1000","0485","04/01/2018 00:00:00","12/31/2999 00:00:00","ja","その他","","0","ecl07857","12/01/2017 00:00:00","ecl07857","12/01/2017 00:00:00"
"1000","0499","01/01/1970 00:00:00","03/31/2018 00:00:00","ja","食品化学　値引","","0","eisai_init","11/06/2017 00:00:00","ecl07857","12/01/2017 00:00:00"
"1000","0499","04/01/2018 00:00:00","12/31/2999 00:00:00","ja","食品化学　値引","","0","ecl07857","12/01/2017 00:00:00","ecl07857","12/01/2017 00:00:00"
"1000","0601","01/01/1970 00:00:00","03/31/2018 00:00:00","ja","受託薬ＯＥＭ","","0","eisai_init","11/06/2017 00:00:00","ecl07857","12/01/2017 00:00:00"
"1000","0601","04/01/2018 00:00:00","12/31/2999 00:00:00","ja","受託薬ＯＥＭ","","0","ecl07857","12/01/2017 00:00:00","ecl07857","12/01/2017 00:00:00"
"1000","0603","01/01/1970 00:00:00","03/31/2018 00:00:00","ja","ＥＡ品","","0","eisai_init","11/06/2017 00:00:00","ecl07857","12/01/2017 00:00:00"
"1000","0603","04/01/2018 00:00:00","12/31/2999 00:00:00","ja","ＥＡ品","","0","ecl07857","12/01/2017 00:00:00","ecl07857","12/01/2017 00:00:00"
"1000","0604","04/01/2024 00:00:00","12/31/2999 00:00:00","ja","海ＯＥＭ","","0","ecl97223","10/16/2024 00:00:00","ecl97223","10/16/2024 00:00:00"
"1000","0605","01/01/1970 00:00:00","03/31/2018 00:00:00","ja","医ＯＥＭ","","0","eisai_init","11/06/2017 00:00:00","ecl07857","12/01/2017 00:00:00"
"1000","0605","04/01/2018 00:00:00","12/31/2999 00:00:00","ja","医ＯＥＭ","","0","ecl07857","12/01/2017 00:00:00","ecl07857","12/01/2017 00:00:00"
"1000","0803","01/01/1970 00:00:00","03/31/2018 00:00:00","ja","取扱品","","0","eisai_init","11/06/2017 00:00:00","ecl07857","12/01/2017 00:00:00"
"1000","0803","04/01/2018 00:00:00","12/31/2999 00:00:00","ja","取扱品","","0","ecl07857","12/01/2017 00:00:00","ecl07857","12/01/2017 00:00:00"
"1000","0880","01/01/1970 00:00:00","03/31/2018 00:00:00","ja","輸出","","0","eisai_init","11/06/2017 00:00:00","ecl07857","12/01/2017 00:00:00"
"1000","0880","04/01/2018 00:00:00","12/31/2999 00:00:00","ja","輸出","","0","ecl07857","12/01/2017 00:00:00","ecl07857","12/01/2017 00:00:00"
"1000","1001","01/01/1970 00:00:00","03/31/2018 00:00:00","ja","認Ｓ　他社機械","","0","eisai_init","11/06/2017 00:00:00","ecl07857","12/01/2017 00:00:00"
"1000","1001","04/01/2018 00:00:00","03/31/2020 00:00:00","ja","ＨＳ品","","0","ecl07857","12/01/2017 00:00:00","ecl91526","12/05/2019 00:00:00"
"1000","1001","04/01/2020 00:00:00","12/31/2999 00:00:00","ja","ＨＳ品０１","","0","ecl91526","12/05/2019 00:00:00","ecl91526","01/01/3000 00:00:00"
"1000","1002","01/01/1970 00:00:00","03/31/2018 00:00:00","ja","認Ｓ　空き","","0","eisai_init","11/06/2017 00:00:00","ecl07857","12/01/2017 00:00:00"
"1000","1002","04/01/2018 00:00:00","12/31/2999 00:00:00","ja","ＨＳ　空き","","0","eisai_init","12/03/2018 00:00:00","ips00017","12/01/2017 00:00:00"
"1000","1005","04/01/2020 00:00:00","12/31/2999 00:00:00","ja","ＨＳ品０５","","0","ecl91526","12/05/2019 00:00:00","ecl91526","12/05/2019 00:00:00"
"1000","1010","01/01/1970 00:00:00","03/31/2018 00:00:00","ja","認Ｓ　空き","","0","eisai_init","11/06/2017 00:00:00","ecl07857","12/01/2017 00:00:00"
"1000","1010","04/01/2018 00:00:00","03/31/2020 00:00:00","ja","ＨＳ　空き","","0","eisai_init","12/03/2018 00:00:00","ecl91526","12/05/2019 00:00:00"
"1000","1010","04/01/2020 00:00:00","12/31/2999 00:00:00","ja","ＨＳ品１０","","0","ecl91526","12/05/2019 00:00:00","ecl91526","12/05/2019 00:00:00"
"1000","1015","04/01/2020 00:00:00","12/31/2999 00:00:00","ja","ＨＳ品１５","","0","ecl05958","12/05/2019 00:00:00","ecl05958","12/05/2019 00:00:00"
"1000","1020","04/01/2020 00:00:00","12/31/2999 00:00:00","ja","ＨＳ品２０","","0","ecl05958","12/05/2019 00:00:00","ecl05958","12/05/2019 00:00:00"
"1000","1025","04/01/2020 00:00:00","12/31/2999 00:00:00","ja","ＨＳ品２５","","0","ecl05958","12/05/2019 00:00:00","ecl05958","12/05/2019 00:00:00"
"1000","1030","04/01/2020 00:00:00","12/31/2999 00:00:00","ja","ＨＳ品３０","","0","ecl05958","12/05/2019 00:00:00","ecl05958","12/05/2019 00:00:00"
"1000","1035","04/01/2020 00:00:00","12/31/2999 00:00:00","ja","ＨＳ品３５","","0","ecl05958","12/05/2019 00:00:00","ecl05958","12/05/2019 00:00:00"
"1000","1050","01/01/1970 00:00:00","03/31/2018 00:00:00","ja","認Ｓ　値引","","0","eisai_init","11/06/2017 00:00:00","ecl07857","12/01/2017 00:00:00"
"1000","1050","04/01/2018 00:00:00","12/31/2999 00:00:00","ja","ＨＳ　値引品","","0","ecl07857","12/01/2017 00:00:00","ecl07857","12/01/2017 00:00:00"
"1000","1060","10/01/2020 00:00:00","12/31/2999 00:00:00","ja","ＮＯＵ－Ｐ","","0","ecl91526","10/06/2020 00:00:00","ecl91526","10/06/2020 00:00:00"
"1000","1080","01/01/1970 00:00:00","03/31/2018 00:00:00","ja","認Ｓ　空き","","0","eisai_init","11/06/2017 00:00:00","ecl07857","12/01/2017 00:00:00"
"1000","1080","04/01/2018 00:00:00","12/31/2999 00:00:00","ja","ＨＳ　空き","","0","eisai_init","12/03/2018 00:00:00","ips00017","12/01/2017 00:00:00"
"1000","1099","01/01/1970 00:00:00","03/31/2018 00:00:00","ja","認Ｓ　空き","","0","eisai_init","11/06/2017 00:00:00","ecl07857","12/01/2017 00:00:00"
"1000","1099","04/01/2018 00:00:00","12/31/2999 00:00:00","ja","ＨＳ　空き","","0","eisai_init","12/03/2018 00:00:00","ips00017","12/01/2017 00:00:00"
"1000","1101","09/01/2018 00:00:00","12/31/2999 00:00:00","ja","日医工品","","0","ecl05958","09/01/2018 00:00:00","ecl05958","09/10/2018 00:00:00"
"1000","1150","09/01/2018 00:00:00","12/31/2999 00:00:00","ja","日医工品　値引","","0","ecl05958","09/10/2018 00:00:00","ecl05958","09/10/2018 00:00:00"
"1000","1300","01/01/1970 00:00:00","03/31/2018 00:00:00","ja","新事業推進","","0","eisai_init","11/06/2017 00:00:00","ecl07857","12/01/2017 00:00:00"
"1000","1300","04/01/2018 00:00:00","12/31/2999 00:00:00","ja","新事業推進","","0","ecl07857","12/01/2017 00:00:00","ecl07857","12/01/2017 00:00:00"
"1000","1304","01/01/1970 00:00:00","03/31/2018 00:00:00","ja","新事業推進機能性食品","","0","eisai_init","11/06/2017 00:00:00","ecl07857","12/01/2017 00:00:00"
"1000","1304","04/01/2018 00:00:00","12/31/2999 00:00:00","ja","新事業推進機能性食品","","0","ecl07857","12/01/2017 00:00:00","ecl07857","12/01/2017 00:00:00"
"1000","1380","01/01/1970 00:00:00","03/31/2018 00:00:00","ja","欧米輸出","","0","eisai_init","11/06/2017 00:00:00","ecl07857","12/01/2017 00:00:00"
"1000","1380","04/01/2018 00:00:00","12/31/2999 00:00:00","ja","欧米輸出","","0","ecl07857","12/01/2017 00:00:00","ecl07857","12/01/2017 00:00:00"
"1000","8801","01/01/1970 00:00:00","03/31/2018 00:00:00","ja","その他","","0","eisai_init","11/06/2017 00:00:00","ecl07857","12/01/2017 00:00:00"
"1000","8801","04/01/2018 00:00:00","12/31/2999 00:00:00","ja","その他","","0","ecl07857","12/01/2017 00:00:00","ecl07857","12/01/2017 00:00:00"
"1030","0201","01/01/1970 00:00:00","12/31/2999 00:00:00","ja","中枢神経","","0","eisai_init","03/16/2018 00:00:00","eisai_init","03/16/2018 00:00:00"
"1030","0202","01/01/1970 00:00:00","12/31/2999 00:00:00","ja","循環器","","0","eisai_init","03/16/2018 00:00:00","eisai_init","03/16/2018 00:00:00"
"1030","0203","01/01/1970 00:00:00","12/31/2999 00:00:00","ja","呼吸器","","0","eisai_init","03/16/2018 00:00:00","eisai_init","03/16/2018 00:00:00"
"1030","0204","01/01/1970 00:00:00","12/31/2999 00:00:00","ja","化学療法","","0","eisai_init","03/16/2018 00:00:00","eisai_init","03/16/2018 00:00:00"
"1030","0205","01/01/1970 00:00:00","12/31/2999 00:00:00","ja","消化器","","0","eisai_init","03/16/2018 00:00:00","eisai_init","03/16/2018 00:00:00"
"1030","0206","01/01/1970 00:00:00","12/31/2999 00:00:00","ja","泌尿生殖器","","0","eisai_init","03/16/2018 00:00:00","eisai_init","03/16/2018 00:00:00"
"1030","0207","01/01/1970 00:00:00","12/31/2999 00:00:00","ja","解熱鎮痛","","0","eisai_init","03/16/2018 00:00:00","eisai_init","03/16/2018 00:00:00"
"1030","0208","01/01/1970 00:00:00","12/31/2999 00:00:00","ja","その他の代謝性","","0","eisai_init","03/16/2018 00:00:00","eisai_init","03/16/2018 00:00:00"
"1030","0209","01/01/1970 00:00:00","12/31/2999 00:00:00","ja","アレルギー","","0","eisai_init","03/16/2018 00:00:00","eisai_init","03/16/2018 00:00:00"
"1030","0210","01/01/1970 00:00:00","12/31/2999 00:00:00","ja","抗生物質","","0","eisai_init","03/16/2018 00:00:00","eisai_init","03/16/2018 00:00:00"
"1030","0211","01/01/1970 00:00:00","12/31/2999 00:00:00","ja","ビタミン","","0","eisai_init","03/16/2018 00:00:00","eisai_init","03/16/2018 00:00:00"
"1030","0212","01/01/1970 00:00:00","12/31/2999 00:00:00","ja","ホルモン療法","","0","eisai_init","03/16/2018 00:00:00","eisai_init","03/16/2018 00:00:00"
"1030","0213","01/01/1970 00:00:00","12/31/2999 00:00:00","ja","抗悪性腫瘍","","0","eisai_init","03/16/2018 00:00:00","eisai_init","03/16/2018 00:00:00"
"1030","0214","01/01/1970 00:00:00","12/31/2999 00:00:00","ja","血液","","0","eisai_init","03/16/2018 00:00:00","eisai_init","03/16/2018 00:00:00"
"1030","0215","01/01/1970 00:00:00","12/31/2999 00:00:00","ja","骨","","0","eisai_init","03/16/2018 00:00:00","eisai_init","03/16/2018 00:00:00"
"1030","0299","01/01/1970 00:00:00","12/31/2999 00:00:00","ja","その他","","0","eisai_init","03/16/2018 00:00:00","eisai_init","03/16/2018 00:00:00"
"1140","0200","02/01/2019 00:00:00","12/31/2999 00:00:00","ja","品目グロス","","0","ips00017","02/14/2019 00:00:00","ips00017","02/14/2019 00:00:00"
"1140","0201","01/01/1970 00:00:00","03/31/2022 00:00:00","ja","重点品　ＰＲＴ","","0","eisai_init","03/16/2018 00:00:00","ecl97916","03/14/2022 00:00:00"
"1140","0201","04/01/2022 00:00:00","12/31/2999 00:00:00","ja","重点品　ＪＹＳ","","0","ecl97916","03/14/2022 00:00:00","ecl97916","03/14/2022 00:00:00"
"1140","0203","01/01/1970 00:00:00","03/31/2022 00:00:00","ja","重点品　ＲＡＢ","","0","eisai_init","03/16/2018 00:00:00","ecl97916","03/14/2022 00:00:00"
"1140","0203","04/01/2022 00:00:00","12/31/2999 00:00:00","ja","重点品　ＣＲＧ","","0","ecl97916","03/14/2022 00:00:00","ecl97916","03/14/2022 00:00:00"
"1140","0205","01/01/1970 00:00:00","03/31/2022 00:00:00","ja","重点品　ＥＤ","","0","eisai_init","03/16/2018 00:00:00","ecl97916","03/14/2022 00:00:00"
"1140","0205","04/01/2022 00:00:00","03/31/2023 00:00:00","ja","重点品　ＨＵＲ","","0","ecl97916","03/14/2022 00:00:00","ecl98821","02/17/2023 00:00:00"
"1140","0205","04/01/2023 00:00:00","12/31/2999 00:00:00","ja","重点品　ＲＥＣ","","0","ecl98821","02/17/2023 00:00:00","ecl98821","02/17/2023 00:00:00"
"1140","0207","01/01/1970 00:00:00","03/31/2022 00:00:00","ja","重点品　ＬＩＶ","","0","eisai_init","03/16/2018 00:00:00","ecl97916","03/14/2022 00:00:00"
"1140","0207","04/01/2022 00:00:00","03/31/2023 00:00:00","ja","重点品　ＲＥＣ","","0","ecl97916","03/14/2022 00:00:00","ecl98821","02/17/2023 00:00:00"
"1140","0207","04/01/2023 00:00:00","03/31/2024 00:00:00","ja","重点品　ＨＵＲ","","0","ecl98821","02/17/2023 00:00:00","ecl98821","02/20/2024 00:00:00"
"1140","0207","04/01/2024 00:00:00","03/31/2025 00:00:00","ja","重点品　ＥＤ","","0","ecl98821","02/20/2024 00:00:00","ecl60089","03/11/2025 00:00:00"
"1140","0207","04/01/2025 00:00:00","12/31/2999 00:00:00","ja","空","","0","ecl60089","03/11/2025 00:00:00","ecl60089","03/11/2025 00:00:00"
"1140","0209","01/01/1970 00:00:00","03/31/2022 00:00:00","ja","重点品　ＭＯＶ","","0","eisai_init","03/16/2018 00:00:00","ecl97916","03/14/2022 00:00:00"
"1140","0209","04/01/2022 00:00:00","03/31/2023 00:00:00","ja","空","","0","ecl97916","03/14/2022 00:00:00","ecl98821","02/17/2023 00:00:00"
"1140","0211","04/01/2022 00:00:00","03/31/2023 00:00:00","ja","重点品　ＥＤ","","0","ecl97916","03/14/2022 00:00:00","ecl98821","02/17/2023 00:00:00"
"1140","0219","01/01/1970 00:00:00","03/31/2022 00:00:00","ja","重点品　計","","0","eisai_init","03/16/2018 00:00:00","ecl97916","03/14/2022 00:00:00"
"1140","0219","04/01/2022 00:00:00","12/31/2999 00:00:00","ja","ＩＢＤ重点　計","","0","ecl97916","03/14/2022 00:00:00","ecl97916","03/14/2022 00:00:00"
"1140","0221","01/01/1970 00:00:00","03/31/2022 00:00:00","ja","新製品　ＲＥＣ","","0","eisai_init","03/16/2018 00:00:00","ecl97916","03/14/2022 00:00:00"
"1140","0221","04/01/2022 00:00:00","03/31/2023 00:00:00","ja","空","","0","ecl97916","03/14/2022 00:00:00","ecl98821","02/17/2023 00:00:00"
"1140","0223","01/01/1970 00:00:00","03/31/2022 00:00:00","ja","新製品　ＧＯＦ","","0","eisai_init","03/16/2018 00:00:00","ecl97916","03/15/2022 00:00:00"
"1140","0223","04/01/2022 00:00:00","12/31/2999 00:00:00","ja","重点品　ＧＯＦ","","0","ecl97916","03/15/2022 00:00:00","ecl97916","03/15/2022 00:00:00"
"1140","0225","01/01/1970 00:00:00","03/31/2022 00:00:00","ja","新製品　ＭＶＣ","","0","eisai_init","03/16/2018 00:00:00","ecl97916","03/14/2022 00:00:00"
"1140","0225","04/01/2022 00:00:00","12/31/2999 00:00:00","ja","重点品　ＭＶＣ","","0","ecl97916","03/14/2022 00:00:00","ecl97916","03/14/2022 00:00:00"
"1140","0227","04/01/2022 00:00:00","12/31/2999 00:00:00","ja","重点品　ＭＶＣＨＤ","","0","ecl97916","03/14/2022 00:00:00","ecl97916","03/14/2022 00:00:00"
"1140","0229","04/01/2022 00:00:00","03/31/2023 00:00:00","ja","重点品　ＰＲＴ","","0","ecl97916","03/14/2022 00:00:00","ecl98821","02/17/2023 00:00:00"
"1140","0229","04/01/2023 00:00:00","12/31/2999 00:00:00","ja","重点品　ＭＯＶ","","0","ecl98821","02/17/2023 00:00:00","ecl98821","02/17/2023 00:00:00"
"1140","0231","04/01/2022 00:00:00","03/31/2023 00:00:00","ja","重点品　ＭＯＶ","","0","ecl97916","03/14/2022 00:00:00","ecl98821","02/17/2023 00:00:00"
"1140","0233","04/01/2022 00:00:00","03/31/2023 00:00:00","ja","重点品　ＬＩＶ","","0","ecl97916","03/14/2022 00:00:00","ecl98821","02/17/2023 00:00:00"
"1140","0237","01/01/1970 00:00:00","03/31/2022 00:00:00","ja","新製品　計","","0","eisai_init","03/16/2018 00:00:00","ecl97916","03/14/2022 00:00:00"
"1140","0237","04/01/2022 00:00:00","03/31/2023 00:00:00","ja","消化管重点　計","","0","ecl97916","03/14/2022 00:00:00","ecl98821","02/17/2023 00:00:00"
"1140","0237","04/01/2023 00:00:00","12/31/2999 00:00:00","ja","消化管重点　計","","0","ecl98821","02/17/2023 00:00:00","ecl98821","02/17/2023 00:00:00"
"1140","0238","04/01/2022 00:00:00","03/31/2024 00:00:00","ja","重点品　計","","0","ecl97916","03/14/2022 00:00:00","ecl98821","02/20/2024 00:00:00"
"1140","0238","04/01/2024 00:00:00","12/31/2999 00:00:00","ja","空","","0","ecl98821","02/20/2024 00:00:00","ecl98821","02/20/2024 00:00:00"
"1140","0239","01/01/1970 00:00:00","03/31/2022 00:00:00","ja","重点＆新製品計","","0","eisai_init","03/16/2018 00:00:00","ecl97916","03/14/2022 00:00:00"
"1140","0239","04/01/2022 00:00:00","03/31/2023 00:00:00","ja","育成品　ＲＡＢ","","0","ecl97916","03/14/2022 00:00:00","ecl98821","02/17/2023 00:00:00"
"1140","0241","01/01/1970 00:00:00","03/31/2023 00:00:00","ja","育成品　ＧＬＧＮ","","0","eisai_init","03/16/2018 00:00:00","ecl98821","02/17/2023 00:00:00"
"1140","0241","04/01/2023 00:00:00","03/31/2024 00:00:00","ja","基盤品　ＥＤ","","0","ecl98821","02/17/2023 00:00:00","ecl98821","02/20/2024 00:00:00"
"1140","0241","04/01/2024 00:00:00","03/31/2025 00:00:00","ja","空","","0","ecl98821","02/20/2024 00:00:00","ecl60089","03/11/2025 00:00:00"
"1140","0241","04/01/2025 00:00:00","12/31/2999 00:00:00","ja","基盤品　ＥＤ","","0","ecl60089","03/11/2025 00:00:00","ecl60089","03/11/2025 00:00:00"
"1140","0243","01/01/1970 00:00:00","03/31/2023 00:00:00","ja","育成品　ＳＬＸ","","0","eisai_init","03/16/2018 00:00:00","ecl98821","02/17/2023 00:00:00"
"1140","0243","04/01/2023 00:00:00","12/31/2999 00:00:00","ja","基盤品　ＬＩＶ","","0","ecl98821","02/17/2023 00:00:00","ecl98821","02/17/2023 00:00:00"
"1140","0245","01/01/1970 00:00:00","03/31/2023 00:00:00","ja","育成品　ＮＦＣ","","0","eisai_init","03/16/2018 00:00:00","ecl98821","02/17/2023 00:00:00"
"1140","0245","04/01/2023 00:00:00","12/31/2999 00:00:00","ja","基盤品　ＰＲＴ","","0","ecl98821","02/17/2023 00:00:00","ecl98821","02/17/2023 00:00:00"
"1140","0247","01/01/1970 00:00:00","03/31/2023 00:00:00","ja","育成品　ＭＡＺ","","0","eisai_init","03/16/2018 00:00:00","ecl98821","02/17/2023 00:00:00"
"1140","0249","01/01/1970 00:00:00","03/31/2023 00:00:00","ja","育成品　ＳＭＣ","","0","eisai_init","03/16/2018 00:00:00","ecl98821","02/17/2023 00:00:00"
"1140","0251","01/01/1970 00:00:00","03/31/2023 00:00:00","ja","育成品　ＧＬＴ","","0","eisai_init","03/16/2018 00:00:00","ecl98821","02/17/2023 00:00:00"
"1140","0257","04/01/2023 00:00:00","12/31/2999 00:00:00","ja","基盤品　計","","0","ecl98821","02/17/2023 00:00:00","ecl98821","02/17/2023 00:00:00"
"1140","0258","04/01/2026 00:00:00","12/31/2999 00:00:00","ja","統合品　ＭＶＣ","","0","ecl97223","02/24/2026 00:00:00","ecl97223","02/24/2026 00:00:00"
"1140","0259","01/01/1970 00:00:00","03/31/2023 00:00:00","ja","育成品　計","","0","eisai_init","03/16/2018 00:00:00","ecl98821","02/17/2023 00:00:00"
"1140","0259","04/01/2026 00:00:00","12/31/2999 00:00:00","ja","統合品　ＭＶＣＨＤ","","0","ecl97223","02/24/2026 00:00:00","ecl97223","02/24/2026 00:00:00"
"1140","0260","04/01/2026 00:00:00","12/31/2999 00:00:00","ja","統合品　計","","0","ecl97223","02/24/2026 00:00:00","ecl97223","02/24/2026 00:00:00"
"1140","0261","01/01/1970 00:00:00","12/31/2999 00:00:00","ja","一般品","","0","eisai_init","03/16/2018 00:00:00","eisai_init","03/16/2018 00:00:00"
"1140","0267","11/01/2020 00:00:00","12/31/2999 00:00:00","ja","一般品　計","","0","eisai_init","11/22/2020 00:00:00","eisai_init","11/22/2020 00:00:00"
"1140","0268","01/01/1970 00:00:00","03/31/2022 00:00:00","ja","一般品　計","","0","eisai_init","03/16/2018 00:00:00","ecl97916","03/14/2022 00:00:00"
"1140","0268","04/01/2022 00:00:00","03/31/2023 00:00:00","ja","空","","0","ecl97916","03/14/2022 00:00:00","ecl98821","02/17/2023 00:00:00"
"1140","0268","04/01/2025 00:00:00","12/31/2999 00:00:00","ja","代理店統計　表示","","0","ecl60089","03/11/2025 00:00:00","ecl60089","03/11/2025 00:00:00"
"1140","0269","01/01/1970 00:00:00","01/31/2019 00:00:00","ja","品目グロス","","0","eisai_init","03/16/2018 00:00:00","ips00017","02/14/2019 00:00:00"
"1140","0269","02/01/2019 00:00:00","03/31/2022 00:00:00","ja","品目グロス","","1","ips00017","02/14/2019 00:00:00","ecl97916","03/14/2022 00:00:00"
"1140","0269","04/01/2022 00:00:00","03/31/2023 00:00:00","ja","その他　ＩＴＣ","","0","ecl97916","03/14/2022 00:00:00","ecl98821","02/17/2023 00:00:00"
"1140","0269","04/01/2023 00:00:00","12/31/2999 00:00:00","ja","その他　表示","","0","ecl98821","02/17/2023 00:00:00","ecl98821","02/17/2023 00:00:00"
"1140","0271","01/01/1970 00:00:00","03/31/2023 00:00:00","ja","コ・プロ","","0","eisai_init","03/16/2018 00:00:00","ecl98821","02/17/2023 00:00:00"
"1140","0282","11/01/2020 00:00:00","12/31/2999 00:00:00","ja","メーカー","","0","eisai_init","11/22/2020 00:00:00","eisai_init","11/22/2020 00:00:00"
"1140","0284","11/01/2020 00:00:00","12/31/2999 00:00:00","ja","輸出","","0","eisai_init","11/22/2020 00:00:00","eisai_init","11/22/2020 00:00:00"
"1140","0288","11/01/2020 00:00:00","12/31/2999 00:00:00","ja","架空","","0","eisai_init","11/22/2020 00:00:00","eisai_init","11/22/2020 00:00:00"
"1140","0290","01/01/1970 00:00:00","03/31/2022 00:00:00","ja","その他","","0","eisai_init","03/16/2018 00:00:00","ecl97916","03/14/2022 00:00:00"
"1140","0290","04/01/2022 00:00:00","03/31/2023 00:00:00","ja","その他　ＬＮＴ","","0","ecl97916","03/14/2022 00:00:00","ecl98821","02/17/2023 00:00:00"
"1140","0290","04/01/2023 00:00:00","12/31/2999 00:00:00","ja","その他　非表示","","0","ecl98821","02/17/2023 00:00:00","ecl98821","02/17/2023 00:00:00"
